Elapsed [s],T1 [C],T2 [C],T3 [C],T4 [C]
0.0,-8.6,999.0,-7.2,-5.3
10.041775,-8.8,999.0,-7.3,-5.4
20.065498,-8.8,999.0,-7.4,-5.4
30.08978,-8.8,999.0,-7.5,-5.5
40.131779,-8.9,999.0,-7.7,-5.6
50.154413,-8.9,999.0,-7.8,-5.6
60.192031,-8.9,999.0,-7.9,-5.7
70.237829,-9.0,999.0,-8.0,-5.9
80.27477,-9.1,999.0,-8.1,-5.9
90.316367,-9.1,999.0,-8.2,-6.0
100.376427,-9.2,999.0,-8.3,-6.2
110.418078,-9.2,999.0,-8.4,-6.2
120.443015,-9.2,999.0,-8.5,-6.4
130.449973,-9.4,999.0,-8.8,-6.4
140.488874,-9.3,999.0,-8.7,-6.6
150.517531,-9.5,999.0,-9.0,-6.7
160.618525,-9.5,999.0,-9.1,-6.9
170.656561,-9.8,999.0,-9.2,-7.0
180.77629,-9.6,999.0,-9.3,-7.1
191.187047,-9.7,999.0,-9.4,-7.3
201.203827,-10.0,999.0,-9.5,-7.4
211.241741,-9.9,999.0,-9.6,-7.6
221.282723,-9.9,999.0,-9.7,-7.7
231.291161,-10.2,999.0,-9.8,-7.8
241.315008,-10.3,999.0,-9.9,-8.0
251.355486,-10.3,999.0,-9.9,-8.0
261.364208,-10.4,999.0,-10.0,-8.2
271.396047,-10.4,999.0,-10.1,-8.4
281.415014,-10.4,999.0,-10.2,-8.5
291.420882,-10.5,999.0,-10.2,-8.6
301.45722,-10.5,999.0,-10.3,-8.8
311.488014,-10.6,999.0,-10.3,-9.1
321.507564,-10.6,999.0,-10.4,-9.1
331.547215,-10.7,999.0,-10.5,-9.1
341.600692,-10.7,999.0,-10.5,-9.4
351.640616,-10.8,999.0,-10.5,-9.5
361.680393,-10.8,999.0,-10.7,-9.6
371.704678,-10.8,999.0,-10.8,-9.7
381.727634,-10.8,999.0,-10.8,-9.8
391.766353,-10.9,999.0,-10.8,-9.9
401.773607,-10.9,999.0,-10.9,-10.0
411.800093,-11.0,999.0,-10.9,-10.1
421.836953,-11.0,999.0,-10.9,-10.1
431.847505,-11.0,999.0,-11.1,-10.3
441.885858,-11.1,999.0,-11.1,-10.3
451.910648,-11.0,999.0,-11.1,-10.4
461.960927,-11.1,999.0,-11.2,-10.5
472.021126,-11.1,999.0,-11.2,-10.6
482.075138,-11.2,999.0,-11.2,-10.7
492.127814,-11.1,999.0,-11.3,-10.8
502.155947,-11.2,999.0,-11.3,-10.9
512.181128,-11.2,999.0,-11.4,-10.9
522.186835,-11.2,999.0,-11.4,-11.0
532.227842,-11.3,999.0,-11.5,-11.0
542.260093,-11.3,999.0,-11.5,-11.1
552.28757,-11.3,999.0,-11.6,-11.2
562.31796,-11.3,999.0,-11.6,-11.2
572.320839,-11.4,999.0,-11.6,-11.3
582.365018,-11.5,999.0,-11.6,-11.4
592.419693,-11.5,999.0,-11.7,-11.4
602.432571,-11.5,999.0,-11.7,-11.5
612.453558,-11.5,999.0,-11.8,-11.6
622.47857,-11.5,999.0,-11.8,-11.5
632.516336,-11.6,999.0,-11.9,-11.6
642.552987,-11.6,999.0,-11.9,-11.7
652.568793,-11.6,999.0,-11.9,-11.8
662.606471,-11.6,999.0,-12.0,-11.8
672.611627,-11.7,999.0,-12.0,-11.9
682.651452,-11.7,999.0,-12.0,-11.9
692.660378,-11.7,999.0,-12.0,-11.9
702.728671,-11.7,999.0,-12.1,-12.1
712.754118,-11.8,999.0,-12.1,-12.1
722.765246,-11.9,999.0,-12.1,-12.1
732.802523,-11.8,999.0,-12.2,-12.1
742.847719,-11.8,999.0,-12.2,-12.2
752.872197,-11.8,999.0,-12.2,-12.2
762.889137,-11.9,999.0,-12.2,-12.3
772.91504,-11.9,999.0,-12.2,-12.4
782.961115,-11.9,999.0,-12.3,-12.4
793.017462,-12.0,999.0,-12.3,-12.4
803.043731,-12.0,999.0,-12.3,-12.4
813.080326,-12.0,999.0,-12.4,-12.5
823.101882,-12.0,999.0,-12.4,-12.5
833.140953,-12.0,999.0,-12.5,-12.6
843.163986,-12.1,999.0,-12.5,-12.6
853.198292,-12.1,999.0,-12.5,-12.6
863.24744,-12.1,999.0,-12.5,-12.7
873.268917,-12.2,999.0,-12.5,-12.7
883.323266,-12.2,999.0,-12.6,-12.7
893.337404,-12.2,999.0,-12.6,-12.8
903.377168,-12.2,999.0,-12.6,-12.8
913.385055,-12.2,999.0,-12.6,-12.9
923.410374,-12.2,999.0,-12.6,-12.9
933.447735,-12.2,999.0,-12.6,-12.9
943.47357,-12.3,999.0,-12.7,-13.0
953.502096,-12.3,999.0,-12.7,-13.0
963.55521,-12.2,999.0,-12.7,-13.0
973.56057,-12.3,999.0,-12.8,-13.0
983.614634,-12.3,999.0,-13.0,-13.0
993.639146,-12.3,999.0,-12.8,-13.3
1003.68503,-12.4,999.0,-12.8,-13.2
1013.70435,-12.3,999.0,-12.8,-13.2
1023.747662,-12.3,999.0,-13.1,-13.1
1033.756587,-12.4,999.0,-12.9,-13.2
1043.773287,-12.4,999.0,-12.9,-13.4
1053.803363,-12.5,999.0,-12.9,-13.5
1063.805395,-12.5,999.0,-12.9,-13.5
1073.843691,-12.5,999.0,-12.9,-13.5
1083.873909,-12.5,999.0,-13.1,-13.6
1093.876925,-12.5,999.0,-13.2,-13.5
1103.918134,-12.5,999.0,-13.2,-13.7
1113.946606,-12.5,999.0,-13.2,-13.6
1123.957336,-12.5,999.0,-13.0,-13.4
1133.963378,-12.5,999.0,-13.3,-13.6
1144.016568,-12.5,999.0,-13.3,-13.7
1154.025131,-12.6,999.0,-13.3,-13.7
1164.049782,-12.6,999.0,-13.2,-13.7
1174.090408,-12.6,999.0,-13.3,-13.7
1184.11959,-12.6,999.0,-13.3,-13.8
1194.122044,-12.6,999.0,-13.3,-13.8
1204.180905,-12.6,999.0,-13.4,-13.8
1214.188588,-12.6,999.0,-13.3,-13.8
1224.206114,-12.6,999.0,-13.4,-13.8
1234.24922,-12.6,999.0,-13.4,-13.9
1244.257175,-12.7,999.0,-13.4,-13.9
1254.276115,-12.7,999.0,-13.4,-13.9
1264.305631,-12.7,999.0,-13.4,-13.9
1274.320439,-12.8,999.0,-13.4,-13.9
1284.352145,-12.7,999.0,-13.5,-13.9
1294.378119,-12.7,999.0,-13.5,-13.9
1304.407645,-12.7,999.0,-13.5,-14.1
1314.425054,-12.8,999.0,-13.5,-14.0
1324.449044,-12.7,999.0,-13.5,-14.0
1334.481371,-12.8,999.0,-13.5,-14.0
1344.522637,-12.8,999.0,-13.5,-14.1
1354.529607,-12.8,999.0,-13.5,-14.1
1364.587216,-12.8,999.0,-13.5,-14.1
1374.623889,-12.8,999.0,-13.5,-14.1
1384.662475,-12.8,999.0,-13.6,-14.1
1394.705019,-12.8,999.0,-13.6,-14.1
1404.733349,-12.8,999.0,-13.6,-14.1
1414.765527,-12.8,999.0,-13.6,-14.2
1424.789478,-12.8,999.0,-13.6,-14.2
1434.821598,-12.8,999.0,-13.6,-14.2
1444.842993,-12.8,999.0,-13.7,-14.2
1454.897505,-12.8,999.0,-13.7,-14.2
1464.90581,-12.8,999.0,-13.7,-14.2
1474.931038,-12.9,999.0,-13.7,-14.2
1484.971246,-12.9,999.0,-13.7,-14.2
1494.985629,-12.9,999.0,-13.7,-14.2
1505.003478,-13.0,999.0,-13.7,-14.3
1515.054351,-13.0,999.0,-13.7,-14.3
1525.073932,-12.9,999.0,-13.7,-14.2
1535.0934,-13.0,999.0,-13.7,-14.3
1545.120665,-13.0,999.0,-13.7,-14.3
1555.160233,-13.0,999.0,-13.8,-14.4
1565.166818,-13.0,999.0,-13.7,-14.4
1575.190616,-13.0,999.0,-13.7,-14.4
1585.230471,-13.0,999.0,-13.8,-14.4
1595.256771,-13.0,999.0,-13.8,-14.4
1605.265413,-13.0,999.0,-13.9,-14.4
1615.306126,-13.1,999.0,-13.8,-14.4
1625.366555,-13.1,999.0,-13.9,-14.4
1635.387349,-13.0,999.0,-13.9,-14.4
1645.417475,-13.0,999.0,-13.8,-14.4
1655.466266,-13.1,999.0,-13.9,-14.4
1665.489318,-13.1,999.0,-13.8,-14.5
1675.528623,-13.1,999.0,-13.9,-14.5
1685.534416,-13.1,999.0,-13.9,-14.6
1695.559053,-13.1,999.0,-13.9,-14.5
1705.599299,-13.1,999.0,-13.9,-14.5
1715.620554,-13.1,999.0,-13.9,-14.5
1725.649755,-13.1,999.0,-13.9,-14.5
1735.682474,-13.1,999.0,-13.9,-14.5
1745.700402,-13.1,999.0,-13.9,-14.6
1755.73267,-13.1,999.0,-13.9,-14.6
1765.75704,-13.1,999.0,-14.0,-14.6
1775.763075,-13.1,999.0,-14.0,-14.6
1785.795975,-13.1,999.0,-13.9,-14.6
1795.837899,-13.1,999.0,-14.0,-14.6
1805.884127,-13.2,999.0,-14.0,-14.6
1815.922479,-13.1,999.0,-14.0,-14.6
1825.946414,-13.1,999.0,-14.0,-14.6
1835.968924,-13.1,999.0,-14.0,-14.5
1846.007163,-13.2,999.0,-14.0,-14.5
1856.014307,-13.2,999.0,-14.0,-14.5
1866.051829,-13.2,999.0,-14.0,-14.5
1876.067933,-13.2,999.0,-14.0,-14.5
1886.083948,-13.2,999.0,-14.0,-14.6
1896.123749,-13.2,999.0,-14.0,-14.5
1906.154884,-13.2,999.0,-14.1,-14.5
1916.177578,-13.3,999.0,-14.0,-14.5
1926.203151,-13.2,999.0,-14.0,-14.5
1936.242478,-13.2,999.0,-14.1,-14.6
1946.249759,-13.2,999.0,-14.0,-14.5
1956.2673,-13.2,999.0,-14.0,-14.5
1966.272438,-13.3,999.0,-14.1,-14.6
1976.303311,-13.3,999.0,-14.0,-14.5
1986.35758,-13.2,999.0,-14.0,-14.5
1996.387169,-13.3,999.0,-14.1,-14.5
2006.430831,-13.2,999.0,-14.1,-14.6
2016.436364,-13.3,999.0,-14.1,-14.5
2026.475639,-13.3,999.0,-14.1,-14.5
2036.517099,-13.2,999.0,-14.1,-14.5
2046.540702,-13.3,999.0,-14.1,-14.5
2056.57018,-13.3,999.0,-14.1,-14.5
2066.599894,-13.3,999.0,-14.1,-14.5
2076.624589,-13.3,999.0,-14.1,-14.5
2086.663817,-13.4,999.0,-14.1,-14.5
2096.673159,-13.3,999.0,-14.1,-14.5
2106.678869,-13.4,999.0,-14.1,-14.5
2116.721944,-13.4,999.0,-14.2,-14.5
2126.741178,-13.4,999.0,-14.2,-14.5
2136.776927,-13.4,999.0,-14.2,-14.5
2146.801796,-13.3,999.0,-14.2,-14.5
2156.855614,-13.4,999.0,-14.1,-14.5
2166.878647,-13.4,999.0,-14.1,-14.5
2176.90195,-13.4,999.0,-14.1,-14.5
2186.940416,-13.4,999.0,-14.2,-14.5
2196.984235,-13.4,999.0,-14.2,-14.5
2207.006843,-13.4,999.0,-14.1,-14.5
2217.046538,-13.4,999.0,-14.1,-14.5
2227.087679,-13.4,999.0,-14.2,-14.5
2237.09529,-13.4,999.0,-14.1,-14.5
2247.135813,-13.4,999.0,-14.2,-14.5
2257.164321,-13.4,999.0,-14.1,-14.5
2267.186446,-13.4,999.0,-14.2,-14.5
2277.209264,-13.4,999.0,-14.1,-14.5
2287.228838,-13.4,999.0,-14.2,-14.5
2297.236017,-13.4,999.0,-14.2,-14.5
2307.290242,-13.4,999.0,-14.2,-14.5
2317.3144,-13.4,999.0,-14.2,-14.5
2327.35041,-13.4,999.0,-14.2,-14.5
2337.379769,-13.4,999.0,-14.2,-14.5
2347.402555,-13.4,999.0,-14.2,-14.5
2357.427056,-13.4,999.0,-14.2,-14.5
2367.47091,-13.4,999.0,-14.2,-14.5
2377.484642,-13.4,999.0,-14.2,-14.5
2387.527232,-13.5,999.0,-14.2,-14.5
2397.550193,-13.4,999.0,-14.2,-14.5
2407.603719,-13.5,999.0,-14.2,-14.5
2417.627099,-13.5,999.0,-14.2,-14.5
2427.646427,-13.4,999.0,-14.2,-14.5
2437.661572,-13.5,999.0,-14.2,-14.5
2447.700119,-13.5,999.0,-14.2,-14.5
2457.707807,-13.4,999.0,-14.2,-14.5
2467.733754,-13.5,999.0,-14.2,-14.6
2477.775372,-13.5,999.0,-14.2,-14.6
2487.793331,-13.4,999.0,-14.2,-14.6
2497.825995,-13.5,999.0,-14.2,-14.6
2507.86509,-13.5,999.0,-14.2,-14.5
2517.884879,-13.5,999.0,-14.2,-14.6
2527.924557,-13.5,999.0,-14.2,-14.6
2537.979421,-13.4,999.0,-14.2,-14.6
2548.024482,-13.5,999.0,-14.3,-14.6
2558.034592,-13.5,999.0,-14.2,-14.6
2568.073659,-13.5,999.0,-14.3,-14.6
2578.11254,-13.5,999.0,-14.3,-14.6
2588.142818,-13.5,999.0,-14.3,-14.6
2598.169529,-13.5,999.0,-14.2,-14.6
2608.178034,-13.5,999.0,-14.3,-14.6
2618.217505,-13.5,999.0,-14.2,-14.6
2628.241142,-13.5,999.0,-14.3,-14.6
2638.261596,-13.5,999.0,-14.2,-14.6
2648.307548,-13.5,999.0,-14.2,-14.6
2658.344673,-13.5,999.0,-14.3,-14.6
2668.353347,-13.5,999.0,-14.3,-14.6
2678.407547,-13.5,999.0,-14.3,-14.6
2688.439343,-13.6,999.0,-14.3,-14.6
2698.440613,-13.5,999.0,-14.3,-14.6
2708.478824,-13.6,999.0,-14.3,-14.7
2718.507828,-13.5,999.0,-14.3,-14.6
2728.510246,-13.5,999.0,-14.3,-14.6
2738.551934,-13.6,999.0,-14.3,-14.7
2748.595659,-13.5,999.0,-14.3,-14.7
2758.64481,-13.6,999.0,-14.3,-14.7
2768.682409,-13.5,999.0,-14.4,-14.7
2778.719598,-13.6,999.0,-14.3,-14.7
2788.764878,-13.6,999.0,-14.4,-14.7
2798.789287,-13.6,999.0,-14.3,-14.7
2808.836526,-13.6,999.0,-14.3,-14.7
2818.862075,-13.6,999.0,-14.4,-14.7
2828.885763,-13.6,999.0,-14.4,-14.7
2838.927436,-13.6,999.0,-14.4,-14.7
2848.968437,-13.6,999.0,-14.3,-14.8
2858.993523,-13.6,999.0,-14.4,-14.7
2869.019036,-13.6,999.0,-14.3,-14.7
2879.045876,-13.6,999.0,-14.4,-14.7
2889.089243,-13.6,999.0,-14.4,-14.7
2899.089749,-13.6,999.0,-14.4,-14.7
2909.145198,-13.6,999.0,-14.4,-14.7
2919.164059,-13.6,999.0,-14.4,-14.8
2929.216373,-13.6,999.0,-14.4,-14.8
2939.239747,-13.6,999.0,-14.4,-14.8
2949.27891,-13.6,999.0,-14.4,-14.8
2959.319511,-13.6,999.0,-14.4,-14.8
2969.327501,-13.7,999.0,-14.4,-14.7
2979.366392,-13.7,999.0,-14.4,-14.8
2989.392171,-13.7,999.0,-14.4,-14.8
2999.417004,-13.6,999.0,-14.4,-14.8
3009.441341,-13.7,999.0,-14.4,-14.8
3019.480255,-13.7,999.0,-14.4,-14.8
3029.489422,-13.6,999.0,-14.4,-14.8
3039.513748,-13.6,999.0,-14.4,-14.8
3049.55662,-13.7,999.0,-14.5,-14.8
3059.581944,-13.7,999.0,-14.4,-14.8
3069.590542,-13.6,999.0,-14.4,-14.8
3079.627726,-13.7,999.0,-14.5,-14.9
3089.651644,-13.7,999.0,-14.4,-14.9
3099.675183,-13.7,999.0,-14.4,-14.8
3109.71396,-13.7,999.0,-14.4,-14.8
3119.722625,-13.7,999.0,-14.4,-14.8
3129.746579,-13.7,999.0,-14.5,-14.8
3139.785056,-13.7,999.0,-14.4,-14.8
3149.810158,-13.7,999.0,-14.4,-14.9
3159.83163,-13.7,999.0,-14.4,-14.8
3169.876047,-13.7,999.0,-14.4,-14.9
3179.902171,-13.7,999.0,-14.4,-14.9
3189.946365,-13.7,999.0,-14.4,-14.9
3199.96469,-13.7,999.0,-14.5,-14.9
3209.98728,-13.7,999.0,-14.5,-14.9
3220.008475,-13.7,999.0,-14.5,-14.9
3230.067742,-13.7,999.0,-14.4,-14.9
3240.093091,-13.7,999.0,-14.5,-14.9
3250.116545,-13.7,999.0,-14.4,-14.9
3260.171313,-13.7,999.0,-14.5,-14.9
3270.191121,-13.7,999.0,-14.5,-15.0
3280.219473,-13.7,999.0,-14.4,-14.9
3290.247697,-13.7,999.0,-14.5,-15.0
3300.298693,-13.7,999.0,-14.5,-15.0
3310.319445,-13.7,999.0,-14.5,-15.0
3320.358938,-13.7,999.0,-14.5,-15.0
3330.368324,-13.7,999.0,-14.5,-15.0
3340.392599,-13.8,999.0,-14.5,-15.0
3350.432995,-13.7,999.0,-14.5,-15.0
3360.440976,-13.7,999.0,-14.5,-15.1
3370.49004,-13.8,999.0,-14.5,-15.1
3380.543707,-13.8,999.0,-14.5,-15.1
3390.583357,-13.8,999.0,-14.5,-15.1
3400.60625,-13.9,999.0,-14.6,-15.1
3410.61707,-13.9,999.0,-14.6,-15.1
3420.65539,-13.9,999.0,-14.7,-15.2
3430.698065,-14.0,999.0,-14.7,-15.2
3440.718411,-14.0,999.0,-14.8,-15.2
3450.776765,-14.0,999.0,-14.8,-15.2
3460.838159,-14.1,999.0,-14.8,-15.3
3470.872739,-14.1,999.0,-14.9,-15.4
3480.906782,-14.1,999.0,-14.8,-15.4
3490.933158,-14.2,999.0,-14.9,-15.4
3500.945106,-14.2,999.0,-15.0,-15.4
3510.970705,-14.5,999.0,-15.0,-15.5
3521.012746,-14.3,999.0,-15.0,-15.5
3531.015711,-14.5,999.0,-15.1,-15.6
3541.055194,-14.6,999.0,-15.1,-15.6
3551.094594,-14.6,999.0,-15.1,-15.7
3561.103318,-14.7,999.0,-15.2,-15.7
3571.13362,-14.8,999.0,-15.3,-15.7
3581.186813,-14.8,999.0,-15.3,-15.8
3591.202597,-14.9,999.0,-15.4,-15.9
3601.225497,-15.0,999.0,-15.4,-15.9
3611.234644,-15.0,999.0,-15.5,-16.0
3621.259611,-15.1,999.0,-15.5,-16.0
3631.299766,-15.1,999.0,-15.6,-16.1
3641.323384,-15.2,999.0,-15.6,-16.1
3651.332186,-15.2,999.0,-15.7,-16.1
3661.369314,-15.3,999.0,-15.7,-16.2
3671.396488,-15.3,999.0,-15.8,-16.2
3681.414808,-15.5,999.0,-15.9,-16.3
3691.429143,-15.5,999.0,-16.0,-16.4
3701.490372,-15.6,999.0,-16.0,-16.4
3711.520788,-15.6,999.0,-16.0,-16.5
3721.548579,-15.6,999.0,-16.1,-16.5
3731.600395,-15.8,999.0,-16.1,-16.5
3741.639013,-15.8,999.0,-16.2,-16.7
3751.662477,-15.9,999.0,-16.3,-16.7
3761.704295,-15.9,999.0,-16.3,-16.8
3771.758848,-16.0,999.0,-16.4,-16.8
3781.783147,-16.1,999.0,-16.4,-16.9
3791.811054,-16.1,999.0,-16.5,-17.0
3801.828399,-16.3,999.0,-16.5,-17.0
3811.856467,-16.3,999.0,-16.6,-17.1
3821.878075,-16.4,999.0,-16.7,-17.1
3831.903351,-16.4,999.0,-16.7,-17.2
3841.946899,-16.4,999.0,-16.8,-17.2
3851.981424,-16.5,999.0,-16.9,-17.3
3861.99817,-16.7,999.0,-17.0,-17.4
3872.007859,-16.7,999.0,-17.2,-17.4
3882.034745,-16.7,999.0,-17.2,-17.5
3892.089319,-16.8,999.0,-17.1,-17.7
3902.113721,-16.9,999.0,-17.4,-17.8
3912.1534,-16.9,999.0,-17.3,-17.8
3922.208784,-17.0,999.0,-17.5,-17.9
3932.234846,-17.1,999.0,-17.6,-18.0
3942.27035,-17.1,999.0,-17.7,-18.1
3952.298569,-17.3,999.0,-17.7,-18.2
3962.324268,-17.3,999.0,-17.8,-18.2
3972.352863,-17.4,999.0,-17.9,-18.3
3982.371861,-17.4,999.0,-18.0,-18.3
3992.403504,-17.5,999.0,-18.0,-18.4
4002.432357,-17.6,999.0,-18.1,-18.5
4012.470499,-17.6,999.0,-18.1,-18.6
4022.502306,-17.7,999.0,-18.2,-18.5
4032.504116,-17.8,999.0,-18.3,-18.3
4042.542334,-17.8,999.0,-18.3,-18.3
4052.584388,-17.9,999.0,-18.3,-18.2
4062.616599,-18.0,999.0,-18.4,-18.2
4072.647295,-18.1,999.0,-18.5,-18.1
4082.673905,-18.2,999.0,-18.5,-18.2
4092.724539,-18.2,999.0,-18.6,-18.1
4102.753901,-18.5,999.0,-18.6,-18.1
4112.782538,-18.5,999.0,-18.7,-18.1
4122.797708,-18.6,999.0,-18.8,-18.1
4132.826665,-18.6,999.0,-18.9,-18.1
4142.865553,-18.7,999.0,-18.9,-18.1
4152.871848,-18.6,999.0,-19.0,-18.1
4162.916865,-18.9,999.0,-19.1,-18.2
4172.956755,-18.9,999.0,-19.1,-18.2
4182.96265,-19.0,999.0,-19.1,-18.2
4192.986218,-19.1,999.0,-19.2,-18.3
4203.025293,-19.2,999.0,-19.3,-18.3
4213.058087,-19.3,999.0,-19.3,-18.3
4223.080986,-19.3,999.0,-19.4,-18.3
4233.10165,-19.4,999.0,-19.4,-18.3
4243.128188,-19.5,999.0,-19.5,-18.4
4253.132848,-19.5,999.0,-19.6,-18.5
4263.170037,-19.6,999.0,-19.7,-18.5
4273.201195,-19.7,999.0,-19.7,-18.5
4283.204461,-19.7,999.0,-19.7,-18.5
4293.242262,-19.8,999.0,-19.8,-18.5
4303.272924,-19.8,999.0,-19.7,-18.4
4313.296412,-19.9,999.0,-19.7,-18.4
4323.315079,-20.0,999.0,-19.5,-18.3
4333.335787,-20.0,999.0,-19.4,-18.3
4343.381568,-20.1,999.0,-19.4,-18.3
4353.41933,-20.2,999.0,-19.4,-18.3
4363.463019,-20.3,999.0,-19.3,-18.3
4373.478352,-20.3,999.0,-19.4,-18.3
4383.516205,-20.3,999.0,-19.3,-18.3
4393.526516,-20.5,999.0,-19.3,-18.3
4403.550291,-20.6,999.0,-19.3,-18.3
4413.589591,-20.6,999.0,-19.3,-18.3
4423.615041,-20.7,999.0,-19.3,-18.3
4433.638853,-20.7,999.0,-19.3,-18.3
4443.677466,-20.7,999.0,-19.3,-18.3
4453.702984,-20.8,999.0,-19.3,-18.4
4463.720528,-20.8,999.0,-19.3,-18.3
4473.739091,-20.8,999.0,-19.4,-18.4
4483.770867,-20.9,999.0,-19.4,-18.4
4493.795303,-20.9,999.0,-19.4,-18.5
4503.82005,-20.9,999.0,-19.4,-18.5
4513.82867,-20.9,999.0,-19.5,-18.5
4523.866793,-20.9,999.0,-19.5,-18.6
4533.8917,-20.9,999.0,-19.5,-18.6
4543.897646,-21.0,999.0,-19.6,-18.7
4553.937096,-21.1,999.0,-19.7,-18.7
4563.982503,-21.2,999.0,-19.7,-18.8
4573.984908,-21.2,999.0,-19.7,-18.8
4584.019675,-21.2,999.0,-19.7,-18.8
4594.054627,-21.2,999.0,-19.8,-18.9
4604.080328,-21.3,999.0,-19.8,-18.9
4614.082324,-21.3,999.0,-19.9,-19.0
4624.128471,-21.5,999.0,-19.9,-19.1
4634.169272,-21.5,999.0,-20.0,-19.1
4644.195638,-21.5,999.0,-20.0,-19.2
4654.203724,-21.5,999.0,-20.1,-19.2
4664.228418,-21.6,999.0,-20.1,-19.3
4674.253374,-21.7,999.0,-20.2,-19.4
4684.254845,-21.8,999.0,-20.2,-19.5
4694.285552,-21.8,999.0,-20.3,-19.5
4704.311155,-21.8,999.0,-20.3,-19.5
4714.340568,-21.9,999.0,-20.5,-19.6
4724.370962,-22.0,999.0,-20.5,-19.7
4734.41046,-22.1,999.0,-20.6,-19.8
4744.433518,-22.1,999.0,-20.6,-19.8
4754.484335,-22.1,999.0,-20.7,-19.9
4764.512616,-22.2,999.0,-20.8,-20.0
4774.518746,-22.3,999.0,-20.8,-20.1
4784.57568,-22.4,999.0,-20.8,-20.1
4794.581508,-22.4,999.0,-20.9,-20.3
4804.62199,-22.5,999.0,-21.0,-20.3
4814.676452,-22.6,999.0,-21.1,-20.4
4824.706524,-22.7,999.0,-21.1,-20.5
4834.727893,-22.7,999.0,-21.2,-20.6
4844.755774,-23.0,999.0,-21.3,-20.7
4854.796893,-23.0,999.0,-21.4,-20.7
4864.817853,-23.1,999.0,-21.4,-21.0
4874.841348,-23.1,999.0,-21.6,-21.0
4884.883948,-23.2,999.0,-21.8,-21.1
4894.907322,-23.3,999.0,-21.9,-21.3
4904.918144,-23.3,999.0,-22.0,-21.3
4914.947479,-23.4,999.0,-22.0,-21.4
4924.982884,-23.5,999.0,-22.1,-21.4
4935.006069,-23.6,999.0,-22.1,-21.5
4945.045863,-23.6,999.0,-22.2,-21.5
4955.085578,-23.7,999.0,-22.3,-21.6
4965.115412,-23.8,999.0,-22.3,-21.6
4975.130934,-23.8,999.0,-22.4,-21.7
4985.161372,-24.0,999.0,-22.5,-21.9
4995.204129,-24.0,999.0,-22.6,-21.9
5005.242382,-24.0,999.0,-22.7,-21.9
5015.248916,-24.1,999.0,-22.7,-22.2
5025.285664,-24.2,999.0,-22.8,-22.0
5035.294757,-24.3,999.0,-22.9,-22.3
5045.33267,-24.4,999.0,-23.0,-22.3
5055.35778,-24.4,999.0,-23.0,-22.4
5065.365733,-24.4,999.0,-23.1,-22.5
5075.391241,-24.4,999.0,-23.3,-22.6
5085.445428,-24.5,999.0,-23.3,-22.6
5095.472997,-24.6,999.0,-23.4,-22.8
5105.493522,-24.7,999.0,-23.5,-22.8
5115.512881,-24.7,999.0,-23.7,-22.9
5125.551246,-24.8,999.0,-23.7,-23.0
5135.572611,-24.8,999.0,-23.8,-23.0
5145.597719,-24.8,999.0,-23.9,-23.2
5155.637704,-24.9,999.0,-24.0,-23.3
5165.658364,-25.0,999.0,-24.0,-23.3
5175.704203,-25.1,999.0,-24.2,-23.4
5185.75749,-25.2,999.0,-24.3,-23.5
5195.780269,-25.3,999.0,-24.3,-23.7
5205.798661,-25.3,999.0,-24.4,-23.7
5215.828536,-25.4,999.0,-24.6,-23.8
5225.886477,-25.5,999.0,-24.6,-23.7
5235.903925,-25.6,999.0,-24.6,-23.5
5245.929578,-25.6,999.0,-24.6,-23.4
5255.935255,-25.6,999.0,-24.6,-23.3
5265.974823,-25.8,999.0,-24.6,-23.2
5276.001817,-25.9,999.0,-24.6,-23.1
5286.007647,-25.9,999.0,-24.7,-23.1
5296.046543,-26.0,999.0,-24.7,-23.1
5306.068662,-26.1,999.0,-24.7,-23.0
5316.093495,-26.2,999.0,-24.6,-23.0
5326.147745,-26.2,999.0,-24.7,-23.0
5336.155276,-26.4,999.0,-24.6,-23.0
5346.171718,-26.4,999.0,-24.7,-23.0
5356.205302,-26.5,999.0,-24.6,-23.0
5366.241293,-26.6,999.0,-24.6,-23.0
5376.264692,-26.7,999.0,-24.5,-23.1
5386.305649,-26.8,999.0,-24.4,-23.1
5396.312828,-26.8,999.0,-24.4,-23.1
5406.337963,-26.9,999.0,-24.3,-23.1
5416.376574,-27.0,999.0,-24.3,-23.1
5426.423623,-27.3,999.0,-24.3,-23.2
5436.424794,-27.4,999.0,-24.3,-23.2
5446.462447,-27.5,999.0,-24.3,-23.3
5456.492773,-27.5,999.0,-24.2,-23.3
5466.512325,-27.6,999.0,-24.3,-23.4
5476.539322,-27.7,999.0,-24.3,-23.4
5486.562486,-27.8,999.0,-24.3,-23.5
5496.586391,-27.9,999.0,-24.3,-23.5
5506.640537,-28.1,999.0,-24.3,-23.7
5516.664238,-28.1,999.0,-24.3,-23.7
5526.673696,-28.1,999.0,-24.4,-23.8
5536.711819,-28.3,999.0,-24.4,-23.9
5546.735551,-28.4,999.0,-24.5,-24.0
5556.741623,-28.5,999.0,-24.5,-24.0
5566.781117,-28.5,999.0,-24.6,-24.2
5576.78594,-28.5,999.0,-24.6,-24.2
5586.824708,-28.7,999.0,-24.6,-24.3
5596.839975,-28.7,999.0,-24.7,-24.4
5606.857474,-28.9,999.0,-24.8,-24.4
5616.896774,-28.9,999.0,-24.9,-24.5
5626.90294,-29.0,999.0,-25.0,-24.6
5636.913323,-29.1,999.0,-25.0,-24.6
5646.950597,-29.2,999.0,-25.0,-24.8
5656.972313,-29.3,999.0,-25.1,-24.8
5667.010332,-29.3,999.0,-25.3,-24.9
5677.036171,-29.4,999.0,-25.3,-25.0
5687.04195,-29.5,999.0,-25.4,-25.0
5697.081762,-29.6,999.0,-25.5,-25.1
5707.119439,-29.7,999.0,-25.6,-25.3
5717.240548,-29.7,999.0,-25.8,-25.3
5727.278991,-29.9,999.0,-26.0,-25.4
5737.295693,-30.0,999.0,-26.1,-25.6
5747.321733,-30.0,999.0,-26.2,-25.6
5757.330341,-30.1,999.0,-26.3,-25.7
5767.340198,-30.2,999.0,-26.4,-25.8
5777.362803,-30.3,999.0,-26.5,-26.0
5787.385374,-30.4,999.0,-26.6,-26.1
5797.411126,-30.5,999.0,-26.7,-26.4
5807.436017,-30.5,999.0,-26.9,-26.6
5817.489464,-30.6,999.0,-27.0,-26.7
5827.496259,-30.7,999.0,-27.1,-26.8
5837.520773,-30.8,999.0,-27.3,-27.0
5847.55132,-30.9,999.0,-27.4,-27.1
5857.568109,-31.0,999.0,-27.6,-27.3
5867.607899,-31.1,999.0,-27.7,-27.4
5877.632168,-31.1,999.0,-27.9,-27.5
5887.637875,-31.3,999.0,-28.0,-27.7
5897.680211,-31.3,999.0,-28.1,-27.8
5907.68377,-31.4,999.0,-28.3,-28.0
5917.722155,-31.4,999.0,-28.5,-28.1
5927.743659,-31.8,999.0,-28.6,-28.3
5937.750708,-31.7,999.0,-28.8,-28.4
5947.791343,-32.0,999.0,-29.0,-28.6
5957.81903,-32.1,999.0,-29.1,-28.7
5967.852076,-32.2,999.0,-29.2,-28.9
5977.877015,-32.3,999.0,-29.4,-29.0
5987.882408,-32.4,999.0,-29.6,-29.2
5997.900295,-32.4,999.0,-29.8,-29.4
6007.927885,-32.6,999.0,-29.9,-29.5
6017.93792,-32.6,999.0,-30.2,-29.6
6027.975477,-32.6,999.0,-30.4,-29.7
6037.998359,-32.7,999.0,-30.6,-29.9
6048.037873,-32.8,999.0,-30.8,-30.1
6058.079487,-32.9,999.0,-30.9,-30.3
6068.101278,-33.0,999.0,-31.0,-30.4
6078.135537,-33.1,999.0,-31.2,-30.7
6088.168867,-33.2,999.0,-31.3,-30.9
6098.184969,-33.2,999.0,-31.5,-31.0
6108.223105,-33.4,999.0,-31.6,-31.1
6118.230215,-33.4,999.0,-31.8,-31.2
6128.244187,-33.4,999.0,-31.9,-31.4
6138.27613,-33.6,999.0,-32.1,-31.5
6148.300436,-33.6,999.0,-32.2,-31.7
6158.325183,-33.7,999.0,-32.3,-31.8
6168.369913,-33.8,999.0,-32.4,-32.0
6178.391668,-33.9,999.0,-32.6,-32.1
6188.413737,-34.0,999.0,-32.7,-32.2
6198.452631,-34.0,999.0,-33.0,-32.4
6208.460907,-34.2,999.0,-33.0,-32.5
6218.496942,-34.2,999.0,-33.1,-32.7
6228.519041,-34.3,999.0,-33.3,-32.8
6238.527198,-34.4,999.0,-33.4,-32.9
6248.5662,-34.4,999.0,-33.5,-33.0
6258.574191,-34.6,999.0,-33.7,-33.2
6268.627228,-34.6,999.0,-33.7,-33.3
6278.666546,-34.7,999.0,-33.9,-33.4
6288.67475,-34.8,999.0,-34.0,-33.6
6298.698204,-34.9,999.0,-34.1,-33.7
6308.724747,-35.0,999.0,-34.2,-33.8
6318.736745,-35.0,999.0,-34.3,-33.9
6328.759046,-35.1,999.0,-34.7,-34.0
6338.797562,-35.2,999.0,-34.5,-34.2
6348.817778,-35.2,999.0,-34.9,-34.2
6358.843139,-35.3,999.0,-35.0,-34.4
6368.897789,-35.4,999.0,-35.0,-34.5
6378.90469,-35.4,999.0,-35.1,-34.7
6388.927539,-35.5,999.0,-35.2,-34.8
6398.934276,-35.5,999.0,-35.4,-35.0
6408.985034,-35.6,999.0,-35.4,-35.2
6419.012227,-35.7,999.0,-35.5,-35.3
6429.033073,-35.7,999.0,-35.6,-35.4
6439.099399,-35.8,999.0,-35.7,-35.5
6449.152179,-35.8,999.0,-35.8,-35.6
6459.18155,-36.1,999.0,-35.8,-35.7
6469.213636,-35.9,999.0,-35.9,-35.7
6479.254419,-35.9,999.0,-36.0,-35.9
6489.278488,-35.9,999.0,-36.1,-36.0
6499.287934,-36.3,999.0,-36.1,-36.1
6509.315238,-36.3,999.0,-36.1,-36.2
6519.355235,-36.1,999.0,-36.2,-36.2
6529.361075,-36.3,999.0,-36.3,-36.3
6539.385191,-36.4,999.0,-36.4,-36.4
6549.442546,-36.3,999.0,-36.4,-36.4
6559.465333,-36.4,999.0,-36.5,-36.5
6569.51209,-36.5,999.0,-36.5,-36.6
6579.551266,-36.5,999.0,-36.5,-36.6
6589.575793,-36.5,999.0,-36.5,-36.8
6599.594517,-36.6,999.0,-36.6,-36.9
6609.630465,-36.6,999.0,-36.7,-36.9
6619.637675,-36.6,999.0,-36.8,-36.9
6629.675496,-36.7,999.0,-36.8,-36.9
6639.699125,-36.6,999.0,-36.8,-37.0
6649.727143,-36.7,999.0,-36.8,-37.1
6659.748618,-36.7,999.0,-36.8,-37.1
6669.784103,-36.7,999.0,-36.9,-37.2
6679.811569,-36.7,999.0,-36.9,-37.2
6689.850329,-36.7,999.0,-37.0,-37.3
6699.873518,-36.7,999.0,-37.0,-37.4
6709.892664,-36.7,999.0,-37.0,-37.4
6719.937889,-36.8,999.0,-37.1,-37.5
6729.958667,-36.8,999.0,-37.1,-37.5
6739.985279,-36.8,999.0,-37.2,-37.6
6750.01021,-36.8,999.0,-37.1,-37.6
6760.052144,-36.9,999.0,-37.2,-37.6
6770.053282,-36.8,999.0,-37.2,-37.6
6780.110411,-36.8,999.0,-37.2,-37.7
6790.140705,-36.8,999.0,-37.2,-37.7
6800.163051,-36.9,999.0,-37.2,-37.8
6810.181111,-36.9,999.0,-37.3,-37.8
6820.211538,-36.9,999.0,-37.4,-37.8
6830.216647,-37.0,999.0,-37.4,-37.9
6840.255406,-36.9,999.0,-37.4,-37.9
6850.293421,-37.0,999.0,-37.4,-37.9
6860.337865,-36.9,999.0,-37.4,-37.9
6870.346025,-37.0,999.0,-37.4,-38.0
6880.386274,-36.9,999.0,-37.5,-38.0
6890.410586,-36.9,999.0,-37.5,-38.1
6900.415793,-36.9,999.0,-37.5,-38.1
6910.453093,-36.9,999.0,-37.5,-38.1
6920.479218,-36.9,999.0,-37.5,-38.1
6930.488386,-37.0,999.0,-37.5,-38.2
6940.544731,-37.0,999.0,-37.5,-38.2
6950.549351,-37.0,999.0,-37.6,-38.2
6960.583752,-37.0,999.0,-37.5,-38.2
6970.62432,-37.0,999.0,-37.5,-38.2
6980.63749,-37.0,999.0,-37.6,-38.3
6990.676936,-37.1,999.0,-37.7,-38.2
7000.730126,-37.0,999.0,-37.7,-38.3
7010.758737,-37.1,999.0,-37.7,-38.3
7020.780435,-37.1,999.0,-37.7,-38.4
7030.833409,-37.1,999.0,-37.7,-38.4
7040.840373,-37.0,999.0,-37.7,-38.4
7050.880675,-37.0,999.0,-37.8,-38.5
7060.886365,-37.0,999.0,-37.8,-38.4
7070.911784,-37.1,999.0,-37.8,-38.5
7080.952324,-37.1,999.0,-37.8,-38.5
7090.981357,-37.1,999.0,-37.8,-38.5
7100.996775,-37.1,999.0,-37.8,-38.5
7111.038106,-37.1,999.0,-37.8,-38.6
7121.043144,-37.1,999.0,-37.8,-38.6
7131.068975,-37.2,999.0,-37.9,-38.6
7141.123889,-37.2,999.0,-37.8,-38.6
7151.148019,-37.1,999.0,-37.8,-38.6
7161.155585,-37.1,999.0,-37.9,-38.6
7171.194679,-37.2,999.0,-37.9,-38.6
7181.201224,-37.2,999.0,-37.9,-38.6
7191.239274,-37.2,999.0,-37.9,-38.7
7201.262238,-37.2,999.0,-37.9,-38.7
7211.297963,-37.2,999.0,-38.0,-38.7
7221.32686,-37.2,999.0,-38.0,-38.7
7231.371061,-37.2,999.0,-37.9,-38.7
7241.373549,-37.3,999.0,-38.0,-38.7
7251.41032,-37.3,999.0,-38.0,-38.7
7261.439198,-37.3,999.0,-37.9,-38.8
7271.460353,-37.3,999.0,-38.0,-38.7
7281.481332,-37.3,999.0,-38.0,-38.8
7291.48383,-37.3,999.0,-38.0,-38.8
7301.526638,-37.3,999.0,-38.0,-38.9
7311.56699,-37.3,999.0,-38.0,-38.9
7321.590568,-37.3,999.0,-38.1,-38.9
7331.629554,-37.3,999.0,-38.0,-38.9
7341.659836,-37.3,999.0,-38.0,-38.9
7351.680711,-37.4,999.0,-38.1,-38.9
7361.688646,-37.3,999.0,-38.0,-39.1
7371.726338,-37.3,999.0,-38.0,-38.9
7381.742661,-37.3,999.0,-38.1,-38.9
7391.77219,-37.4,999.0,-38.1,-38.9
7401.797565,-37.3,999.0,-38.1,-38.9
7411.838657,-37.4,999.0,-38.1,-39.0
7421.864384,-37.4,999.0,-38.1,-39.0
7431.901626,-37.4,999.0,-38.1,-39.0
7441.94367,-37.4,999.0,-38.1,-38.9
7451.976206,-37.5,999.0,-38.1,-39.0
7461.996416,-37.4,999.0,-38.1,-39.0
7472.037228,-37.4,999.0,-38.1,-39.2
7482.062316,-37.4,999.0,-38.2,-39.2
7492.08615,-37.4,999.0,-38.1,-39.0
7502.109426,-37.5,999.0,-38.2,-39.0
7512.149219,-37.4,999.0,-38.2,-39.1
7522.170157,-37.5,999.0,-38.2,-39.0
7532.20718,-37.5,999.0,-38.2,-39.1
7542.249823,-37.5,999.0,-38.2,-39.1
7552.276615,-37.4,999.0,-38.2,-39.0
7562.309117,-37.5,999.0,-38.2,-39.1
7572.33684,-37.5,999.0,-38.2,-39.1
7582.381938,-37.5,999.0,-38.2,-39.3
7592.427922,-37.5,999.0,-38.2,-39.1
7602.493897,-37.5,999.0,-38.2,-39.1
7612.513492,-37.5,999.0,-38.2,-39.3
7622.569997,-37.5,999.0,-38.2,-39.1
7632.597145,-37.5,999.0,-38.2,-39.4
7642.640433,-37.5,999.0,-38.2,-39.1
7652.651619,-37.5,999.0,-38.2,-39.1
7662.668025,-37.5,999.0,-38.2,-39.1
7672.728138,-37.5,999.0,-38.3,-39.1
7682.768274,-37.5,999.0,-38.3,-39.2
7692.82117,-37.5,999.0,-38.3,-39.2
7702.825576,-37.5,999.0,-38.3,-39.2
7712.863578,-37.5,999.0,-38.3,-39.2
7722.886297,-37.5,999.0,-38.3,-39.2
7732.911017,-37.5,999.0,-38.2,-39.4
7742.941009,-37.6,999.0,-38.3,-39.4
7752.987682,-37.5,999.0,-38.3,-39.2
7763.040793,-37.6,999.0,-38.3,-39.2
7773.058029,-37.6,999.0,-38.3,-39.4
7783.098398,-37.5,999.0,-38.3,-39.2
7793.122704,-37.6,999.0,-38.3,-39.3
7803.132489,-37.6,999.0,-38.4,-39.4
7813.1554,-37.6,999.0,-38.4,-39.2
7823.227805,-37.5,999.0,-38.4,-39.2
7833.249561,-37.6,999.0,-38.3,-39.3
7843.296143,-37.6,999.0,-38.4,-39.2
7853.320548,-37.5,999.0,-38.4,-39.5
7863.34424,-37.6,999.0,-38.4,-39.5
7873.399422,-37.6,999.0,-38.4,-39.5
7883.424594,-37.6,999.0,-38.4,-39.5
7893.458062,-37.6,999.0,-38.4,-39.3
7903.508054,-37.6,999.0,-38.4,-39.5
7913.540448,-37.6,999.0,-38.4,-39.3
7923.582529,-37.6,999.0,-38.4,-39.5
7933.608722,-37.6,999.0,-38.5,-39.5
7943.638356,-37.6,999.0,-38.4,-39.5
7953.656404,-37.6,999.0,-38.5,-39.5
7963.700927,-37.6,999.0,-38.4,-39.5
7973.709391,-37.7,999.0,-38.4,-39.5
7983.746375,-37.6,999.0,-38.5,-39.6
7993.786683,-37.6,999.0,-38.5,-39.5
8003.831309,-37.7,999.0,-38.4,-39.6
8013.850964,-37.6,999.0,-38.5,-39.6
8023.889924,-37.7,999.0,-38.5,-39.6
8033.930829,-37.7,999.0,-38.5,-39.5
8043.957901,-37.6,999.0,-38.5,-39.6
8053.994899,-37.7,999.0,-38.5,-39.6
8064.027188,-37.7,999.0,-38.5,-39.6
8074.064571,-37.7,999.0,-38.5,-39.5
8084.074094,-37.7,999.0,-38.5,-39.6
8094.091175,-37.7,999.0,-38.5,-39.6
8104.098128,-37.7,999.0,-38.5,-39.4
8114.122726,-37.7,999.0,-38.5,-39.6
8124.16262,-37.7,999.0,-38.5,-39.6
8134.193133,-37.7,999.0,-38.5,-39.6
8144.217237,-37.7,999.0,-38.5,-39.6
8154.24292,-37.7,999.0,-38.5,-39.6
8164.295309,-37.7,999.0,-38.5,-39.6
8174.3279,-37.7,999.0,-38.5,-39.6
8184.345131,-37.7,999.0,-38.5,-39.6
8194.397775,-37.7,999.0,-38.5,-39.6
8204.40646,-37.7,999.0,-38.5,-39.6
8214.438884,-37.8,999.0,-38.5,-39.6
8224.464336,-37.7,999.0,-38.5,-39.6
8234.473361,-37.7,999.0,-38.5,-39.6
8244.511639,-37.8,999.0,-38.6,-39.6
8254.518599,-37.7,999.0,-38.5,-39.4
8264.57245,-37.7,999.0,-38.5,-39.6
8274.595353,-37.8,999.0,-38.5,-39.6
8284.620626,-37.8,999.0,-38.6,-39.6
8294.656469,-37.8,999.0,-38.6,-39.6
8304.70465,-37.7,999.0,-38.6,-39.7
8314.743283,-37.7,999.0,-38.5,-39.6
8324.749971,-37.8,999.0,-38.6,-39.6
8334.789142,-37.8,999.0,-38.6,-39.6
8344.81413,-37.8,999.0,-38.6,-39.7
8354.821148,-37.8,999.0,-38.5,-39.6
8364.861878,-37.8,999.0,-38.6,-39.6
8374.900581,-37.8,999.0,-38.6,-39.7
8384.9259,-37.8,999.0,-38.6,-39.6
8394.964193,-37.8,999.0,-38.6,-39.7
8404.984955,-37.8,999.0,-38.6,-39.6
8415.017929,-37.8,999.0,-38.6,-39.7
8425.038096,-37.8,999.0,-38.6,-39.6
8435.081738,-37.8,999.0,-38.6,-39.7
8445.108828,-37.8,999.0,-38.6,-39.7
8455.134277,-37.8,999.0,-38.6,-39.7
8465.15163,-37.8,999.0,-38.6,-39.7
8475.172395,-37.8,999.0,-38.6,-39.7
8485.210392,-37.8,999.0,-38.6,-39.7
8495.252703,-37.8,999.0,-38.6,-39.7
8505.261097,-37.8,999.0,-38.6,-39.7
8515.298018,-37.8,999.0,-38.6,-39.7
8525.321937,-37.8,999.0,-38.6,-39.8
8535.331147,-37.8,999.0,-38.6,-39.7
8545.360388,-37.9,999.0,-38.6,-39.7
8555.403753,-37.8,999.0,-38.6,-39.7
8565.458871,-37.8,999.0,-38.6,-39.7
8575.503441,-37.8,999.0,-38.6,-39.8
8585.509967,-37.8,999.0,-38.6,-39.7
8595.518745,-37.9,999.0,-38.6,-39.7
8605.558717,-37.9,999.0,-38.6,-39.7
8615.563413,-37.8,999.0,-38.7,-39.7
8625.602058,-37.8,999.0,-38.6,-39.7
8635.626027,-37.9,999.0,-38.6,-39.8
8645.636531,-37.9,999.0,-38.6,-39.8
8655.645706,-37.9,999.0,-38.6,-39.7
8665.67857,-37.9,999.0,-38.6,-39.8
8675.715442,-37.8,999.0,-38.6,-39.7
8685.731045,-37.9,999.0,-38.6,-39.7
8695.770505,-37.9,999.0,-38.7,-39.7
8705.802661,-37.8,999.0,-38.9,-39.7
8715.817739,-37.8,999.0,-38.6,-39.7
8725.872812,-37.9,999.0,-38.7,-39.7
8735.898764,-37.9,999.0,-38.6,-39.7
8745.924287,-37.9,999.0,-38.6,-39.7
8755.963433,-37.9,999.0,-38.7,-39.7
8765.994399,-37.9,999.0,-38.6,-39.7
8776.049864,-37.9,999.0,-38.6,-39.8
8786.104166,-37.9,999.0,-38.7,-39.7
8796.142833,-37.9,999.0,-38.7,-39.8
8806.16497,-37.9,999.0,-38.6,-39.7
8816.198612,-37.9,999.0,-38.6,-39.8
8826.230636,-37.9,999.0,-38.6,-39.7
8836.255647,-37.9,999.0,-38.7,-39.8
8846.279661,-37.9,999.0,-38.7,-39.8
8856.303726,-37.9,999.0,-38.7,-39.8
8866.344205,-37.9,999.0,-38.6,-39.7
8876.35306,-37.9,999.0,-38.7,-39.8
8886.36965,-37.9,999.0,-38.7,-39.7
8896.401433,-37.9,999.0,-38.7,-39.8
8906.403449,-37.9,999.0,-38.9,-39.7
8916.443519,-37.9,999.0,-38.7,-39.7
8926.472658,-37.9,999.0,-38.6,-39.8
8936.496708,-37.9,999.0,-38.9,-39.8
8946.503641,-37.9,999.0,-38.7,-39.8
8956.543457,-38.0,999.0,-38.6,-39.8
8966.569115,-37.9,999.0,-38.6,-39.7
8976.592685,-37.9,999.0,-38.9,-39.8
8986.616596,-37.9,999.0,-38.7,-39.8
8996.641247,-37.9,999.0,-38.7,-39.9
9006.642247,-37.9,999.0,-38.7,-39.8
9016.683269,-38.0,999.0,-38.9,-39.8
9026.711284,-37.9,999.0,-38.7,-39.9
9036.739477,-38.0,999.0,-38.7,-39.8
9046.762161,-38.0,999.0,-38.7,-39.8
9056.814567,-37.9,999.0,-38.7,-39.9
9066.84718,-38.0,999.0,-38.7,-39.9
9076.866483,-38.0,999.0,-38.7,-39.9
9086.903213,-38.0,999.0,-38.7,-39.9
9096.94202,-38.0,999.0,-38.7,-39.9
9106.967366,-38.0,999.0,-38.7,-39.8
9117.016776,-38.0,999.0,-38.7,-39.9
9127.052684,-38.0,999.0,-38.7,-39.9
9137.077505,-38.0,999.0,-38.7,-39.8
9147.101492,-38.0,999.0,-38.7,-39.9
9157.138249,-38.0,999.0,-38.7,-39.9
9167.162304,-38.0,999.0,-38.7,-39.9
9177.185023,-38.0,999.0,-38.7,-39.9
9187.213464,-38.0,999.0,-39.0,-39.9
9197.240947,-38.0,999.0,-38.7,-39.9
9207.268642,-38.0,999.0,-38.7,-39.9
9217.28981,-38.0,999.0,-38.7,-39.9
9227.327929,-38.0,999.0,-38.7,-39.9
9237.352376,-38.0,999.0,-38.7,-39.9
9247.361695,-38.0,999.0,-38.9,-39.9
9257.397137,-38.0,999.0,-39.0,-39.9
9267.420057,-38.0,999.0,-38.8,-39.9
9277.445399,-38.0,999.0,-38.8,-39.9
9287.487259,-38.0,999.0,-38.7,-39.9
9297.529694,-38.0,999.0,-38.8,-39.9
9307.559186,-38.0,999.0,-38.7,-39.9
9317.604794,-38.0,999.0,-38.8,-39.9
9327.649879,-38.0,999.0,-39.0,-39.9
9337.668598,-38.0,999.0,-39.0,-39.9
9347.708073,-38.0,999.0,-38.8,-39.9
9357.74709,-38.1,999.0,-39.0,-39.9
9367.755381,-38.0,999.0,-39.0,-39.9
9377.786921,-38.0,999.0,-38.8,-39.9
9387.799937,-38.0,999.0,-38.8,-39.9
9397.839145,-38.0,999.0,-39.0,-39.9
9407.878439,-38.1,999.0,-39.0,-39.9
9417.885904,-38.1,999.0,-38.8,-39.9
9427.926864,-38.0,999.0,-39.0,-39.9
9437.955393,-38.1,999.0,-39.0,-39.9
9448.012794,-38.0,999.0,-39.0,-39.9
9458.073646,-38.1,999.0,-39.0,-39.9
9468.104719,-38.0,999.0,-39.0,-39.9
9478.149933,-38.1,999.0,-39.0,-39.9
9488.16537,-38.1,999.0,-38.8,-39.9
9498.205324,-38.1,999.0,-39.0,-39.9
9508.234,-38.1,999.0,-38.8,-39.9
9518.274484,-38.1,999.0,-38.8,-40.0
9528.296354,-38.0,999.0,-38.8,-39.9
9538.336319,-38.1,999.0,-38.7,-40.0
9548.352496,-38.1,999.0,-38.8,-39.9
9558.381529,-38.1,999.0,-39.0,-39.9
9568.405237,-38.1,999.0,-38.8,-39.9
9578.413566,-38.0,999.0,-38.8,-39.9
9588.438142,-38.0,999.0,-38.9,-39.9
9598.481595,-38.1,999.0,-38.8,-39.9
9608.526064,-38.1,999.0,-39.0,-40.0
9618.54036,-38.0,999.0,-39.0,-40.0
9628.579298,-38.1,999.0,-39.0,-40.0
9638.587253,-38.1,999.0,-38.8,-40.0
9648.611833,-38.1,999.0,-38.9,-39.9
9658.650883,-38.1,999.0,-39.0,-40.0
9668.659176,-38.1,999.0,-39.0,-39.9
9678.697398,-38.1,999.0,-39.0,-39.9
9688.721952,-38.0,999.0,-38.8,-40.0
9698.745443,-38.1,999.0,-38.8,-39.9
9708.770557,-38.1,999.0,-39.0,-40.0
9718.80573,-38.1,999.0,-38.8,-40.0
9728.814497,-38.2,999.0,-39.0,-40.0
9738.867724,-38.1,999.0,-39.0,-39.9
9748.876398,-38.1,999.0,-38.9,-39.9
9758.901808,-38.1,999.0,-39.0,-40.0
9768.940773,-38.1,999.0,-38.9,-40.0
9778.987447,-38.1,999.0,-38.9,-40.0
9788.994456,-38.1,999.0,-38.8,-39.9
9799.011843,-38.1,999.0,-38.8,-40.0
9809.039128,-38.2,999.0,-38.8,-39.9
9819.068838,-38.1,999.0,-39.0,-39.9
9829.108085,-38.1,999.0,-39.0,-40.0
9839.132701,-38.2,999.0,-38.9,-40.0
9849.174975,-38.1,999.0,-38.9,-39.9
9859.236198,-38.1,999.0,-38.9,-40.0
9869.250407,-38.1,999.0,-38.9,-40.0
9879.29214,-38.1,999.0,-38.9,-40.0
9889.31661,-38.1,999.0,-38.9,-40.0
9899.338828,-38.1,999.0,-38.9,-40.0
9909.354891,-38.2,999.0,-39.1,-40.0
9919.384999,-38.1,999.0,-38.9,-40.0
9929.435043,-38.2,999.0,-39.1,-40.0
9939.43678,-38.1,999.0,-38.9,-40.0
9949.479771,-38.1,999.0,-39.1,-40.0
9959.482817,-38.2,999.0,-39.1,-40.0
9969.522302,-38.2,999.0,-38.9,-40.0
9979.566876,-38.2,999.0,-39.1,-40.0
9989.604656,-38.2,999.0,-38.9,-40.0
9999.616045,-38.2,999.0,-38.9,-40.0
10009.641274,-38.2,999.0,-39.1,-40.0
10019.671688,-38.1,999.0,-38.9,-40.0
10029.702682,-38.2,999.0,-38.9,-40.0
10039.740824,-38.2,999.0,-39.1,-40.0
10049.775153,-38.2,999.0,-38.9,-40.0
10059.812624,-38.2,999.0,-38.9,-40.0
10069.839378,-38.1,999.0,-38.9,-40.0
10079.885077,-38.1,999.0,-38.9,-40.0
10089.90929,-38.2,999.0,-39.1,-40.0
10099.947316,-38.2,999.0,-38.9,-40.0
10109.968885,-38.2,999.0,-38.9,-40.0
10120.018741,-38.2,999.0,-38.9,-40.0
10130.02295,-38.1,999.0,-38.9,-40.1
10140.065393,-38.2,999.0,-38.9,-40.0
10150.121067,-38.2,999.0,-39.1,-40.1
10160.127299,-38.2,999.0,-39.1,-40.0
10170.171787,-38.2,999.0,-38.9,-40.0
10180.209683,-38.2,999.0,-39.1,-40.0
10190.240322,-38.1,999.0,-39.1,-40.1
10200.261543,-38.3,999.0,-38.9,-40.0
10210.284716,-38.2,999.0,-39.1,-40.0
10220.321584,-38.2,999.0,-39.1,-40.1
10230.355942,-38.2,999.0,-38.9,-40.0
10240.400786,-38.2,999.0,-38.9,-40.0
10250.416057,-38.2,999.0,-38.9,-40.0
10260.459113,-38.2,999.0,-39.1,-40.1
10270.478566,-38.2,999.0,-38.9,-40.0
10280.540768,-38.2,999.0,-39.1,-40.0
10290.565629,-38.2,999.0,-39.1,-40.1
10300.604918,-38.3,999.0,-39.1,-40.1
10310.63023,-38.2,999.0,-39.1,-40.0
10320.638638,-38.3,999.0,-39.1,-40.0
10330.676587,-38.2,999.0,-38.9,-40.0
10340.702117,-38.3,999.0,-38.9,-40.0
10350.725123,-38.2,999.0,-39.1,-40.0
10360.74156,-38.2,999.0,-39.2,-40.0
10370.777921,-38.3,999.0,-39.1,-40.1
10380.781486,-38.2,999.0,-38.9,-40.0
10390.82092,-38.3,999.0,-39.1,-40.0
10400.86067,-38.3,999.0,-39.1,-40.0
10410.892846,-38.3,999.0,-39.2,-40.0
10420.924799,-38.3,999.0,-39.2,-40.1
10430.979268,-38.3,999.0,-38.9,-40.1
10441.027022,-38.2,999.0,-39.1,-40.1
10451.057951,-38.3,999.0,-39.2,-40.0
10461.079206,-38.3,999.0,-38.9,-40.1
10471.120138,-38.3,999.0,-38.9,-40.0
10481.153283,-38.3,999.0,-39.2,-40.1
10491.16649,-38.3,999.0,-39.1,-40.1
10501.192501,-38.2,999.0,-38.9,-40.1
10511.234749,-38.3,999.0,-39.1,-40.1
10521.290813,-38.3,999.0,-39.1,-40.1
10531.312379,-38.3,999.0,-39.1,-40.0
10541.350932,-38.2,999.0,-39.1,-40.1
10551.368801,-38.3,999.0,-39.1,-40.1
10561.406331,-38.3,999.0,-39.1,-40.1
10571.432166,-38.3,999.0,-38.9,-40.0
10581.453965,-38.3,999.0,-39.2,-40.1
10591.50841,-38.2,999.0,-38.9,-40.0
10601.517492,-38.2,999.0,-39.1,-40.1
10611.564468,-38.2,999.0,-38.9,-40.0
10621.587744,-38.3,999.0,-39.1,-40.1
10631.617416,-38.3,999.0,-39.1,-40.1
10641.679727,-38.3,999.0,-38.9,-40.1
10651.719786,-38.3,999.0,-39.1,-40.0
10661.756999,-38.3,999.0,-38.9,-40.0
10671.797576,-38.3,999.0,-39.1,-40.0
10681.836877,-38.3,999.0,-38.9,-40.1
10691.881963,-38.3,999.0,-39.2,-40.1
10701.91454,-38.3,999.0,-38.9,-40.1
10711.953156,-38.3,999.0,-38.9,-40.1
10721.981312,-38.3,999.0,-39.2,-40.1
10731.990018,-38.3,999.0,-39.2,-40.1
10742.012384,-38.3,999.0,-39.2,-40.1
10752.05606,-38.3,999.0,-38.9,-40.1
10762.059029,-38.3,999.0,-38.9,-40.0
10772.097153,-38.3,999.0,-39.0,-40.1
10782.12102,-38.3,999.0,-39.2,-40.0
10792.15363,-38.3,999.0,-39.2,-40.1
10802.158448,-38.3,999.0,-39.2,-40.1
10812.198019,-38.3,999.0,-38.9,-40.0
10822.239358,-38.3,999.0,-39.2,-40.1
10832.241054,-38.3,999.0,-39.2,-40.1
10842.280856,-38.3,999.0,-39.2,-40.1
10852.310882,-38.3,999.0,-39.1,-40.1
10862.312749,-38.3,999.0,-39.2,-40.1
10872.36007,-38.3,999.0,-39.1,-40.1
10882.382988,-38.3,999.0,-39.2,-40.1
10892.407081,-38.3,999.0,-39.2,-40.1
10902.430222,-38.3,999.0,-39.2,-40.1
10912.470856,-38.3,999.0,-39.1,-40.1
10922.484235,-38.3,999.0,-39.2,-40.1
10932.523698,-38.3,999.0,-39.2,-40.1
10942.543833,-38.3,999.0,-39.2,-40.1
10952.582598,-38.3,999.0,-39.2,-40.1
10962.623371,-38.3,999.0,-39.1,-40.1
10972.660608,-38.3,999.0,-39.2,-40.1
10982.684363,-38.3,999.0,-39.2,-40.1
10992.691182,-38.3,999.0,-39.2,-40.1
11002.762448,-38.3,999.0,-39.2,-40.1
11012.769573,-38.3,999.0,-39.2,-40.1
11022.792085,-38.3,999.0,-39.3,-40.1
11032.836529,-38.3,999.0,-39.2,-40.1
11042.875248,-38.3,999.0,-39.2,-40.1
11052.900701,-38.3,999.0,-39.2,-40.1
11062.937097,-38.3,999.0,-39.3,-40.1
11072.967188,-38.3,999.0,-39.2,-40.1
11082.988498,-38.3,999.0,-39.2,-40.1
11092.995269,-38.3,999.0,-39.2,-40.1
11103.047181,-38.3,999.0,-39.2,-40.1
11113.082324,-38.3,999.0,-39.0,-40.1
11123.109794,-38.3,999.0,-39.2,-40.1
11133.124895,-38.3,999.0,-39.2,-40.1
11143.140052,-38.3,999.0,-38.9,-40.1
11153.180676,-38.3,999.0,-39.2,-40.1
11163.204298,-38.3,999.0,-39.2,-40.1
11173.231614,-38.3,999.0,-39.2,-40.1
11183.266437,-38.3,999.0,-39.2,-40.1
11193.315471,-38.3,999.0,-39.2,-40.1
11203.344078,-38.3,999.0,-39.2,-40.1
11213.38189,-38.3,999.0,-39.2,-40.1
11223.405377,-38.3,999.0,-39.3,-40.1
11233.445713,-38.3,999.0,-39.3,-40.1
11243.469336,-38.3,999.0,-39.2,-40.1
11253.478386,-38.3,999.0,-39.2,-40.1
11263.534058,-38.3,999.0,-39.2,-40.1
11273.55757,-38.3,999.0,-39.2,-40.1
11283.598636,-38.3,999.0,-39.0,-40.1
11293.636294,-38.3,999.0,-39.0,-40.1
11303.661575,-38.3,999.0,-39.2,-40.1
11313.6924,-38.3,999.0,-39.3,-40.1
11323.731389,-38.3,999.0,-39.3,-40.1
11333.766691,-38.3,999.0,-39.2,-40.1
11343.798172,-38.3,999.0,-39.2,-40.1
11353.819858,-38.3,999.0,-39.3,-40.1
11363.829145,-38.3,999.0,-39.0,-40.1
11373.883515,-38.3,999.0,-39.2,-40.1
11383.906622,-38.3,999.0,-39.3,-40.1
11393.918192,-38.3,999.0,-39.2,-40.1
11403.952106,-38.3,999.0,-39.2,-40.1
11413.990723,-38.3,999.0,-39.2,-40.1
11424.028895,-38.3,999.0,-39.2,-40.1
11434.053272,-38.4,999.0,-39.2,-40.1
11444.058838,-38.4,999.0,-39.3,-40.1
11454.096685,-38.3,999.0,-39.2,-40.1
11464.114855,-38.3,999.0,-39.2,-40.1
11474.129076,-38.3,999.0,-39.2,-40.1
11484.167701,-38.4,999.0,-39.3,-40.1
11494.213975,-38.3,999.0,-39.3,-40.1
11504.239167,-38.3,999.0,-39.3,-40.1
11514.256314,-38.3,999.0,-39.3,-40.2
11524.287696,-38.3,999.0,-39.2,-40.1
11534.289836,-38.3,999.0,-39.0,-40.1
11544.334156,-38.3,999.0,-39.2,-40.1
11554.359616,-38.4,999.0,-39.2,-40.1
11564.415253,-38.4,999.0,-39.3,-40.1
11574.425063,-38.3,999.0,-39.3,-40.1
11584.462024,-38.3,999.0,-39.3,-40.1
11594.490911,-38.3,999.0,-39.2,-40.1
11604.52894,-38.4,999.0,-39.3,-40.1
11614.562061,-38.3,999.0,-39.3,-40.1
11624.569259,-38.4,999.0,-39.3,-40.2
11634.610489,-38.4,999.0,-39.3,-40.1
11644.645217,-38.3,999.0,-39.3,-40.1
11654.667707,-38.3,999.0,-39.3,-40.1
11664.708391,-38.4,999.0,-39.3,-40.2
11674.752973,-38.3,999.0,-39.3,-40.1
11684.760714,-38.4,999.0,-39.3,-40.1
11694.784547,-38.3,999.0,-39.2,-40.1
11704.838268,-38.4,999.0,-39.3,-40.1
11714.844485,-38.4,999.0,-39.3,-40.1
11724.883752,-38.4,999.0,-39.3,-40.2
11734.907611,-38.3,999.0,-39.3,-40.2
11744.931546,-38.3,999.0,-39.3,-40.1
11754.955993,-38.4,999.0,-39.3,-40.2
11764.993525,-38.4,999.0,-39.3,-40.1
11775.021094,-38.4,999.0,-39.3,-40.1
11785.045482,-38.4,999.0,-39.3,-40.2
11795.08297,-38.4,999.0,-39.3,-40.1
11805.125739,-38.4,999.0,-39.3,-40.1
11815.200873,-38.4,999.0,-39.3,-40.1
11825.225182,-38.3,999.0,-39.3,-40.2
11835.265256,-38.4,999.0,-39.3,-40.1
11845.288147,-38.3,999.0,-39.3,-40.1
11855.323537,-38.4,999.0,-39.3,-40.1
11865.353605,-38.4,999.0,-39.3,-40.2
11875.374186,-38.4,999.0,-39.3,-40.2
11885.398549,-38.4,999.0,-39.2,-40.2
11895.414355,-38.3,999.0,-39.3,-40.1
11905.450961,-38.3,999.0,-39.3,-40.2
11915.453509,-38.4,999.0,-39.3,-40.1
11925.508095,-38.4,999.0,-39.3,-40.2
11935.528988,-38.3,999.0,-39.3,-40.2
11945.569106,-38.4,999.0,-39.3,-40.2
11955.592685,-38.4,999.0,-39.2,-40.2
11965.620977,-38.4,999.0,-39.3,-40.2
11975.642827,-38.4,999.0,-39.3,-40.1
11985.700701,-38.4,999.0,-39.3,-40.2
11995.745293,-38.4,999.0,-39.3,-40.1
12005.790885,-38.4,999.0,-39.3,-40.2
12015.808258,-38.4,999.0,-39.3,-40.1
12025.864241,-38.4,999.0,-39.3,-40.2
12035.892832,-38.4,999.0,-39.3,-40.1
12045.937842,-38.4,999.0,-39.3,-40.2
12055.982846,-38.3,999.0,-39.3,-40.2
12066.014062,-38.4,999.0,-39.3,-40.2
12076.035583,-38.4,999.0,-39.3,-40.2
12086.068395,-38.4,999.0,-39.3,-40.2
12096.115494,-38.4,999.0,-39.3,-40.2
12106.16138,-38.4,999.0,-39.3,-40.3
12116.199733,-38.4,999.0,-39.3,-40.1
12126.258941,-38.4,999.0,-39.3,-40.2
12136.286511,-38.4,999.0,-39.3,-40.2
12146.326111,-38.4,999.0,-39.3,-40.2
12156.364632,-38.4,999.0,-39.3,-40.2
12166.382662,-38.4,999.0,-39.3,-40.1
12176.427715,-38.4,999.0,-39.3,-40.1
12186.450291,-38.3,999.0,-39.3,-40.2
12196.474946,-38.4,999.0,-39.3,-40.2
12206.511804,-38.5,999.0,-39.3,-40.2
12216.535136,-38.4,999.0,-39.3,-40.2
12226.54164,-38.4,999.0,-39.3,-40.2
12236.581356,-38.4,999.0,-39.3,-40.2
12246.605129,-38.4,999.0,-39.3,-40.2
12256.65809,-38.4,999.0,-39.3,-40.2
12266.688425,-38.4,999.0,-39.3,-40.2
12276.714049,-38.4,999.0,-39.3,-40.2
12286.736371,-38.4,999.0,-39.3,-40.2
12296.768358,-38.4,999.0,-39.3,-40.2
12306.78347,-38.4,999.0,-39.3,-40.2
12316.796245,-38.4,999.0,-39.3,-40.2
12326.824977,-38.4,999.0,-39.3,-40.2
12336.832026,-38.4,999.0,-39.3,-40.2
12346.868283,-38.4,999.0,-39.3,-40.1
12356.895075,-38.4,999.0,-39.3,-40.2
12366.925563,-38.4,999.0,-39.3,-40.1
12376.948514,-38.4,999.0,-39.3,-40.2
12387.003888,-38.4,999.0,-39.3,-40.2
12397.028514,-38.4,999.0,-39.1,-40.2
12407.033349,-38.4,999.0,-39.3,-40.2
12417.098757,-38.4,999.0,-39.3,-40.2
12427.135954,-38.4,999.0,-39.3,-40.2
12437.151607,-38.4,999.0,-39.3,-40.2
12447.190712,-38.4,999.0,-39.3,-40.2
12457.195904,-38.4,999.0,-39.3,-40.2
12467.234604,-38.4,999.0,-39.3,-40.2
12477.27872,-38.4,999.0,-39.3,-40.2
12487.280915,-38.3,999.0,-39.3,-40.2
12497.317508,-38.5,999.0,-39.3,-40.2
12507.325567,-38.4,999.0,-39.3,-40.2
12517.364282,-38.3,999.0,-39.3,-40.2
12527.378857,-38.4,999.0,-39.3,-40.2
12537.422169,-38.4,999.0,-39.3,-40.2
12547.44573,-38.4,999.0,-39.3,-40.2
12557.48488,-38.4,999.0,-39.3,-40.2
12567.533179,-38.4,999.0,-39.3,-40.2
12577.563282,-38.4,999.0,-39.3,-40.2
12587.598649,-38.4,999.0,-39.3,-40.2
12597.625025,-38.4,999.0,-39.3,-40.2
12607.663895,-38.5,999.0,-39.3,-40.2
12617.698315,-38.4,999.0,-39.3,-40.2
12627.725859,-38.4,999.0,-39.3,-40.2
12637.770971,-38.4,999.0,-39.3,-40.2
12647.793979,-38.4,999.0,-39.3,-40.2
12657.850313,-38.4,999.0,-39.3,-40.2
12667.873093,-38.4,999.0,-39.3,-40.2
12677.883857,-38.4,999.0,-39.3,-40.2
12687.921263,-38.4,999.0,-39.3,-40.2
12697.98174,-38.4,999.0,-39.3,-40.3
12708.019949,-38.4,999.0,-39.3,-40.2
12718.042774,-38.5,999.0,-39.3,-40.2
12728.06572,-38.4,999.0,-39.3,-40.2
12738.0878,-38.4,999.0,-39.3,-40.2
12748.138819,-38.4,999.0,-39.3,-40.2
12758.166175,-38.4,999.0,-39.3,-40.2
12768.212628,-38.5,999.0,-39.3,-40.2
12778.245421,-38.4,999.0,-39.3,-40.2
12788.269773,-38.4,999.0,-39.3,-40.2
12798.293491,-38.4,999.0,-39.3,-40.2
12808.333288,-38.5,999.0,-39.3,-40.2
12818.357339,-38.4,999.0,-39.3,-40.2
12828.405468,-38.5,999.0,-39.3,-40.2
12838.458794,-38.4,999.0,-39.3,-40.2
12848.513185,-38.5,999.0,-39.3,-40.2
12858.553853,-38.4,999.0,-39.3,-40.2
12868.561774,-38.4,999.0,-39.3,-40.2
12878.600339,-38.4,999.0,-39.3,-40.2
12888.623954,-38.4,999.0,-39.3,-40.2
12898.631612,-38.4,999.0,-39.3,-40.2
12908.657256,-38.5,999.0,-39.3,-40.2
12918.697487,-38.5,999.0,-39.3,-40.2
12928.742602,-38.4,999.0,-39.3,-40.2
12938.76567,-38.4,999.0,-39.3,-40.3
12948.806198,-38.4,999.0,-39.3,-40.2
12958.845121,-38.5,999.0,-39.3,-40.2
12968.86883,-38.4,999.0,-39.3,-40.2
12978.905363,-38.4,999.0,-39.3,-40.2
12988.950388,-38.5,999.0,-39.3,-40.2
12998.982348,-38.4,999.0,-39.3,-40.2
13009.033683,-38.4,999.0,-39.3,-40.2
13019.058178,-38.4,999.0,-39.3,-40.3
13029.11187,-38.5,999.0,-39.3,-40.2
13039.118912,-38.5,999.0,-39.3,-40.2
13049.142949,-38.5,999.0,-39.3,-40.2
13059.182361,-38.5,999.0,-39.3,-40.2
13069.222071,-38.5,999.0,-39.3,-40.3
13079.260173,-38.5,999.0,-39.3,-40.3
13089.285284,-38.5,999.0,-39.3,-40.3
13099.320085,-38.5,999.0,-39.3,-40.2
13109.35004,-38.5,999.0,-39.3,-40.2
13119.370419,-38.4,999.0,-39.3,-40.2
13129.373647,-38.5,999.0,-39.3,-40.2
13139.412413,-38.5,999.0,-39.3,-40.2
13149.414897,-38.5,999.0,-39.3,-40.2
13159.457677,-38.5,999.0,-39.3,-40.3
13169.481313,-38.5,999.0,-39.3,-40.2
13179.48892,-38.5,999.0,-39.3,-40.2
13189.527394,-38.5,999.0,-39.3,-40.2
13199.550965,-38.5,999.0,-39.3,-40.2
13209.559367,-38.5,999.0,-39.3,-40.2
13219.598309,-38.5,999.0,-39.3,-40.2
13229.613528,-38.5,999.0,-39.3,-40.2
13239.628499,-38.5,999.0,-39.4,-40.2
13249.68108,-38.5,999.0,-39.3,-40.2
13259.688537,-38.4,999.0,-39.3,-40.2
13269.716661,-38.5,999.0,-39.3,-40.2
13279.732647,-38.5,999.0,-39.3,-40.2
13289.767148,-38.5,999.0,-39.3,-40.3
13299.7827,-38.5,999.0,-39.3,-40.2
13309.825699,-38.5,999.0,-39.3,-40.3
13319.857183,-38.5,999.0,-39.3,-40.2
13329.858577,-38.5,999.0,-39.3,-40.2
13339.896789,-38.5,999.0,-39.3,-40.2
13349.912655,-38.5,999.0,-39.3,-40.2
13359.949064,-38.5,999.0,-39.3,-40.3
13369.972341,-38.5,999.0,-39.3,-40.2
13379.999699,-38.5,999.0,-39.3,-40.2
13390.036503,-38.5,999.0,-39.4,-40.2
13400.073623,-38.5,999.0,-39.3,-40.2
13410.102027,-38.5,999.0,-39.3,-40.3
13420.12762,-38.5,999.0,-39.4,-40.2
13430.158607,-38.5,999.0,-39.3,-40.2
13440.180646,-38.5,999.0,-39.3,-40.2
13450.220796,-38.4,999.0,-39.3,-40.1
13460.258736,-38.3,999.0,-39.2,-40.0
13470.289707,-38.3,999.0,-39.1,-40.0
13480.30199,-38.3,999.0,-38.8,-39.9
13490.33449,-38.2,999.0,-38.9,-39.9
13500.349991,-38.1,999.0,-38.6,-39.7
13510.399896,-37.9,999.0,-38.5,-39.6
13520.415847,-37.7,999.0,-38.3,-39.6
13530.461489,-37.6,999.0,-38.2,-39.4
13540.476929,-37.5,999.0,-38.0,-39.3
13550.493618,-37.2,999.0,-37.9,-38.9
13560.516564,-37.1,999.0,-37.6,-38.7
13570.537496,-36.8,999.0,-37.5,-38.5
13580.576012,-36.7,999.0,-37.2,-38.4
13590.5819,-36.4,999.0,-37.0,-38.2
13600.613451,-36.1,999.0,-36.8,-38.1
13610.665039,-35.8,999.0,-36.5,-37.8
13620.682176,-35.5,999.0,-36.1,-37.6
13630.728581,-35.3,999.0,-35.9,-37.4
13640.773284,-35.0,999.0,-35.5,-37.1
13650.81407,-34.7,999.0,-35.1,-36.9
13660.857557,-34.4,999.0,-34.6,-36.5
13670.864546,-34.0,999.0,-34.2,-36.2
13680.904568,-33.8,999.0,-33.9,-36.0
13690.942999,-33.4,999.0,-33.5,-35.6
13700.961353,-33.0,999.0,-33.2,-35.4
13711.006548,-32.7,999.0,-32.8,-34.8
13721.057329,-32.3,999.0,-32.5,-34.5
13731.084412,-31.8,999.0,-32.3,-34.2
13741.108728,-31.2,999.0,-32.1,-33.9
13751.150045,-30.8,999.0,-31.9,-33.7
13761.169687,-30.5,999.0,-31.6,-33.4
13771.241222,-30.1,999.0,-31.3,-33.1
13781.277151,-29.7,999.0,-30.9,-32.9
13791.317124,-29.3,999.0,-30.6,-32.6
13801.356225,-28.9,999.0,-30.0,-32.4
13811.363494,-28.5,999.0,-29.7,-32.1
13821.388453,-28.0,999.0,-29.4,-31.8
13831.431967,-27.7,999.0,-29.0,-31.5
13841.45577,-27.2,999.0,-28.6,-31.3
13851.458895,-26.7,999.0,-28.3,-31.1
13861.497572,-26.3,999.0,-28.0,-31.1
13871.520943,-25.9,999.0,-27.7,-30.8
13881.555041,-25.6,999.0,-27.4,-30.4
13891.602562,-25.2,999.0,-27.1,-30.1
13901.612386,-24.9,999.0,-26.8,-30.0
13911.615061,-24.6,999.0,-26.5,-29.7
13921.658308,-24.4,999.0,-26.3,-29.5
13931.683902,-24.1,999.0,-26.0,-29.3
13941.715948,-24.0,999.0,-25.5,-29.0
13951.741214,-23.7,999.0,-25.3,-28.7
13961.763845,-23.4,999.0,-25.0,-28.4
13971.802451,-22.6,999.0,-24.5,-28.0
13981.831912,-21.9,999.0,-23.9,-27.3
13991.863524,-21.8,999.0,-23.1,-25.8
14001.903414,-21.9,999.0,-22.8,-24.8
14011.921433,-22.4,999.0,-23.1,-24.6
14021.955379,-23.2,999.0,-23.6,-24.8
14032.008626,-24.0,999.0,-24.3,-25.3
14042.052659,-24.8,999.0,-25.1,-26.4
14052.090787,-25.7,999.0,-26.3,-27.3
14062.101484,-26.6,999.0,-27.3,-28.3
14072.126967,-27.7,999.0,-28.3,-29.5
14082.168027,-28.5,999.0,-29.3,-30.7
14092.175722,-29.4,999.0,-30.4,-31.9
14102.197895,-30.0,999.0,-31.1,-32.7
14112.23552,-30.7,999.0,-31.6,-33.3
14122.259743,-31.3,999.0,-31.9,-33.9
14132.297237,-32.0,999.0,-32.1,-34.4
14142.333131,-32.5,999.0,-32.3,-34.7
14152.382902,-32.9,999.0,-32.5,-35.3
14162.416832,-33.2,999.0,-32.6,-35.6
14172.444132,-33.5,999.0,-32.8,-35.9
14182.481275,-33.8,999.0,-32.9,-36.1
14192.505301,-34.0,999.0,-33.0,-36.4
14202.542131,-34.3,999.0,-33.1,-36.6
14212.568672,-34.5,999.0,-33.3,-36.9
14222.595432,-34.6,999.0,-33.4,-37.0
14232.629608,-34.8,999.0,-33.5,-37.1
14242.637793,-34.9,999.0,-33.6,-37.2
14252.676263,-35.0,999.0,-33.7,-37.3
14262.698677,-35.1,999.0,-33.7,-37.4
14272.750898,-35.2,999.0,-33.8,-37.5
14282.779706,-35.3,999.0,-33.9,-37.6
14292.815745,-35.4,999.0,-33.9,-37.6
14302.841316,-35.4,999.0,-34.0,-37.6
14312.882225,-35.4,999.0,-34.0,-37.7
14322.894686,-35.5,999.0,-34.1,-37.6
14332.913517,-35.5,999.0,-34.1,-37.7
14342.951597,-35.5,999.0,-34.2,-37.7
14352.976442,-35.5,999.0,-34.2,-37.8
14362.983744,-35.6,999.0,-34.2,-37.8
14373.022864,-35.6,999.0,-34.2,-37.7
14383.052865,-35.6,999.0,-34.2,-37.7
14393.072684,-35.6,999.0,-34.2,-37.7
14403.098043,-35.6,999.0,-34.2,-37.7
14413.13861,-35.6,999.0,-34.2,-37.7
14423.144363,-35.6,999.0,-34.2,-37.7
14433.181116,-35.6,999.0,-34.3,-37.6
14443.204819,-35.5,999.0,-34.2,-37.6
14453.226828,-35.4,999.0,-34.1,-37.6
14463.265334,-35.3,999.0,-34.0,-37.5
14473.272543,-35.2,999.0,-33.9,-37.3
14483.32712,-35.0,999.0,-33.8,-37.1
14493.349751,-34.9,999.0,-33.7,-37.1
14503.392193,-34.8,999.0,-33.6,-37.0
14513.418264,-34.7,999.0,-33.6,-36.9
14523.464541,-34.6,999.0,-33.5,-36.7
14533.517957,-34.5,999.0,-33.3,-36.7
14543.525425,-34.5,999.0,-33.3,-36.5
14553.561934,-34.3,999.0,-33.3,-36.5
14563.60765,-34.2,999.0,-33.1,-36.4
14573.645262,-34.2,999.0,-33.1,-36.3
14583.65193,-34.2,999.0,-33.1,-36.3
14593.693957,-34.1,999.0,-33.0,-36.2
14603.716864,-34.0,999.0,-33.0,-36.2
14613.745238,-34.0,999.0,-33.0,-36.0
14623.768419,-33.8,999.0,-32.9,-35.9
14633.841294,-33.8,999.0,-32.9,-35.9
14643.864061,-33.8,999.0,-32.9,-35.8
14653.905643,-33.7,999.0,-32.9,-35.7
14663.929079,-33.7,999.0,-32.8,-35.6
14673.969623,-33.6,999.0,-32.8,-35.6
14683.994525,-33.5,999.0,-32.8,-35.6
14694.024021,-33.5,999.0,-32.8,-35.5
14704.060416,-33.4,999.0,-32.8,-35.4
14714.097224,-33.4,999.0,-32.8,-35.3
14724.105487,-33.4,999.0,-32.7,-35.3
14734.144064,-33.3,999.0,-32.6,-35.3
14744.166898,-33.3,999.0,-32.4,-35.2
14754.19109,-33.2,999.0,-32.3,-35.1
14764.229087,-33.2,999.0,-32.2,-34.9
14774.268289,-33.1,999.0,-32.1,-35.0
14784.323365,-33.1,999.0,-32.0,-34.8
14794.354496,-33.1,999.0,-32.0,-34.7
14804.394711,-33.0,999.0,-31.9,-34.9
14814.406896,-33.0,999.0,-31.9,-34.6
14824.439827,-33.0,999.0,-31.8,-34.6
14834.47151,-32.9,999.0,-31.7,-34.5
14844.502733,-32.8,999.0,-31.6,-34.5
14854.539749,-32.7,999.0,-31.6,-34.4
14864.544447,-32.7,999.0,-31.6,-34.3
14874.569768,-32.7,999.0,-31.5,-34.3
14884.606905,-32.6,999.0,-31.4,-34.2
14894.615425,-32.6,999.0,-31.3,-34.2
14904.651341,-32.6,999.0,-31.3,-34.2
14914.659498,-32.6,999.0,-31.3,-34.2
14924.668099,-32.5,999.0,-31.2,-34.1
14934.707855,-32.4,999.0,-31.2,-34.0
14944.744567,-32.4,999.0,-31.0,-34.0
14954.783136,-32.3,999.0,-31.0,-33.9
14964.809851,-32.4,999.0,-31.0,-33.8
14974.830289,-32.3,999.0,-30.9,-33.8
14984.869423,-32.2,999.0,-30.9,-33.8
14994.890289,-32.2,999.0,-30.8,-33.7
15004.914715,-32.2,999.0,-30.7,-33.7
15014.936481,-32.2,999.0,-30.6,-33.7
15024.943873,-32.2,999.0,-30.6,-33.6
15034.980369,-32.1,999.0,-30.6,-33.7
15045.004233,-32.1,999.0,-30.5,-33.5
15055.012678,-32.0,999.0,-30.5,-33.5
15065.049298,-32.0,999.0,-30.4,-33.4
15075.05564,-31.9,999.0,-30.1,-33.4
15085.094669,-31.9,999.0,-30.1,-33.4
15095.11728,-31.8,999.0,-30.2,-33.3
15105.138989,-31.8,999.0,-29.9,-33.3
15115.182975,-31.5,999.0,-29.9,-33.3
15125.207139,-31.5,999.0,-29.9,-33.3
15135.230214,-31.5,999.0,-29.7,-33.1
15145.253914,-31.4,999.0,-29.7,-33.1
15155.308061,-31.6,999.0,-29.7,-33.1
15165.311798,-31.4,999.0,-29.6,-33.1
15175.349986,-31.4,999.0,-29.5,-33.0
15185.378578,-31.3,999.0,-29.5,-33.0
15195.41263,-31.3,999.0,-29.4,-32.9
15205.45712,-31.3,999.0,-29.4,-32.9
15215.485889,-31.3,999.0,-29.4,-32.8
15225.530743,-31.2,999.0,-29.3,-32.8
15235.571723,-31.2,999.0,-29.2,-32.8
15245.592423,-31.1,999.0,-29.2,-32.8
15255.646608,-31.1,999.0,-29.2,-32.7
15265.669579,-31.1,999.0,-29.1,-32.7
15275.707795,-31.0,999.0,-29.1,-32.7
15285.732962,-31.0,999.0,-29.0,-32.7
15295.741278,-30.9,999.0,-28.9,-32.5
15305.779469,-30.9,999.0,-28.9,-32.5
15315.805215,-30.9,999.0,-28.8,-32.5
15325.836731,-30.9,999.0,-28.8,-32.5
15335.876292,-30.8,999.0,-28.8,-32.5
15345.909356,-30.8,999.0,-28.7,-32.3
15355.931066,-30.7,999.0,-28.6,-32.3
15365.953782,-30.7,999.0,-28.6,-32.3
15375.977268,-30.7,999.0,-28.5,-32.2
15386.01473,-30.7,999.0,-28.5,-32.2
15396.053189,-30.6,999.0,-28.4,-32.2
15406.079824,-30.6,999.0,-28.4,-32.1
15416.102374,-30.6,999.0,-28.3,-32.1
15426.134054,-30.5,999.0,-28.2,-32.1
15436.179629,-30.5,999.0,-28.2,-32.0
15446.204784,-30.5,999.0,-28.1,-32.0
15456.237665,-30.5,999.0,-28.1,-32.0
15466.287304,-30.4,999.0,-28.1,-31.9
15476.314308,-30.5,999.0,-28.0,-31.8
15486.315872,-30.6,999.0,-27.9,-31.8
15496.356092,-30.6,999.0,-27.9,-31.8
15506.401247,-30.7,999.0,-27.8,-31.8
15516.40989,-30.7,999.0,-27.8,-31.7
15526.425717,-30.7,999.0,-27.8,-31.7
15536.460319,-30.7,999.0,-27.7,-31.6
15546.513996,-30.7,999.0,-27.6,-31.6
15556.523489,-30.8,999.0,-27.6,-31.5
15566.56159,-30.8,999.0,-27.5,-31.5
15576.584444,-30.7,999.0,-27.5,-31.4
15586.602305,-30.8,999.0,-27.4,-31.4
15596.616542,-30.8,999.0,-27.4,-31.4
15606.653171,-30.8,999.0,-27.3,-31.4
15616.675483,-30.8,999.0,-27.2,-31.3
15626.709732,-30.8,999.0,-27.2,-31.4
15636.736773,-30.7,999.0,-27.2,-31.2
15646.773182,-30.6,999.0,-27.1,-31.2
15656.795538,-30.6,999.0,-27.1,-31.2
15666.820691,-30.6,999.0,-27.0,-31.1
15676.860915,-30.6,999.0,-27.0,-31.1
15686.88446,-30.6,999.0,-26.9,-31.1
15696.907031,-30.5,999.0,-26.8,-31.0
15706.992791,-30.5,999.0,-26.7,-31.0
15717.000848,-30.5,999.0,-26.7,-30.9
15727.036574,-30.5,999.0,-26.7,-30.9
15737.053833,-30.5,999.0,-26.7,-30.9
15747.069668,-30.5,999.0,-26.6,-30.9
15757.110337,-30.4,999.0,-26.5,-30.8
15767.115402,-30.4,999.0,-26.5,-30.5
15777.139744,-30.4,999.0,-26.4,-30.8
15787.147461,-30.4,999.0,-26.4,-30.5
15797.169441,-30.3,999.0,-26.3,-30.5
15807.238367,-30.2,999.0,-26.3,-30.6
15817.24265,-30.3,999.0,-26.2,-30.4
15827.272408,-30.2,999.0,-26.2,-30.4
15837.297794,-30.2,999.0,-26.1,-30.5
15847.333514,-30.2,999.0,-26.1,-30.3
15857.344709,-30.1,999.0,-26.0,-30.2
15867.368422,-30.1,999.0,-26.0,-30.2
15877.406563,-30.1,999.0,-25.7,-30.2
15887.414933,-30.1,999.0,-25.7,-30.1
15897.438806,-30.1,999.0,-25.7,-30.1
15907.492108,-30.0,999.0,-25.6,-30.1
15917.500156,-30.0,999.0,-25.5,-30.0
15927.549034,-29.9,999.0,-25.5,-30.0
15937.560288,-29.9,999.0,-25.4,-30.0
15947.567751,-29.9,999.0,-25.4,-29.9
15957.621777,-29.9,999.0,-25.3,-29.9
15967.638746,-29.9,999.0,-25.3,-29.9
15977.665216,-29.8,999.0,-25.3,-29.8
15987.694103,-29.8,999.0,-25.2,-29.7
15997.698499,-29.7,999.0,-25.2,-29.8
16007.759029,-29.7,999.0,-25.0,-29.7
16017.799431,-29.7,999.0,-25.0,-29.7
16027.822253,-29.7,999.0,-25.0,-29.6
16037.844197,-29.7,999.0,-25.0,-29.7
16047.883443,-29.6,999.0,-25.0,-29.5
16057.91029,-29.6,999.0,-24.9,-29.5
16067.93664,-29.6,999.0,-24.8,-29.5
16077.966358,-29.5,999.0,-24.7,-29.4
16087.977744,-29.4,999.0,-24.7,-29.5
16098.01151,-29.4,999.0,-24.7,-29.4
16108.040059,-29.4,999.0,-24.6,-29.4
16118.048618,-29.4,999.0,-24.6,-29.4
16128.085035,-29.3,999.0,-24.6,-29.3
16138.103601,-29.3,999.0,-24.5,-29.3
16148.149237,-29.2,999.0,-24.4,-29.3
16158.172296,-29.2,999.0,-24.4,-29.2
16168.20038,-29.2,999.0,-24.3,-29.2
16178.21806,-29.2,999.0,-24.3,-29.1
16188.256679,-29.1,999.0,-24.2,-29.1
16198.281788,-29.0,999.0,-24.2,-29.1
16208.291798,-29.0,999.0,-24.1,-29.1
16218.326109,-29.0,999.0,-24.1,-29.0
16228.332761,-28.9,999.0,-24.0,-29.0
16238.372672,-28.9,999.0,-24.0,-28.9
16248.410582,-28.9,999.0,-24.0,-28.9
16258.45542,-28.8,999.0,-24.0,-28.8
16268.465331,-28.8,999.0,-23.8,-28.8
16278.483231,-28.8,999.0,-23.8,-28.8
16288.512718,-28.7,999.0,-23.8,-28.7
16298.514397,-28.7,999.0,-23.7,-28.7
16308.55443,-28.7,999.0,-23.7,-28.7
16318.586002,-28.6,999.0,-23.6,-28.7
16328.588705,-28.6,999.0,-23.6,-28.7
16338.628035,-28.5,999.0,-23.6,-28.7
16348.67239,-28.5,999.0,-23.4,-28.5
16358.679369,-28.5,999.0,-23.4,-28.5
16368.700208,-28.5,999.0,-23.4,-28.4
16378.72347,-28.4,999.0,-23.4,-28.4
16388.747335,-28.4,999.0,-23.4,-28.4
16398.785518,-28.4,999.0,-23.3,-28.4
16408.792523,-28.3,999.0,-23.2,-28.4
16418.808924,-28.3,999.0,-23.1,-28.4
16428.816555,-28.3,999.0,-23.1,-28.4
16438.851953,-28.2,999.0,-23.0,-28.2
16448.881903,-28.2,999.0,-23.0,-28.2
16458.906896,-28.1,999.0,-22.9,-28.1
16468.923701,-28.1,999.0,-22.9,-28.2
16478.955325,-28.1,999.0,-22.8,-28.2
16488.980477,-28.1,999.0,-22.8,-28.1
16499.003902,-28.0,999.0,-22.8,-28.1
16509.027419,-28.0,999.0,-22.7,-28.0
16519.079788,-28.0,999.0,-22.7,-28.0
16529.101744,-27.9,999.0,-22.5,-28.0
16539.172827,-27.9,999.0,-22.5,-28.0
16549.197061,-27.9,999.0,-22.5,-28.0
16559.207418,-27.8,999.0,-22.5,-27.9
16569.232706,-27.8,999.0,-22.4,-27.9
16579.267952,-27.8,999.0,-22.4,-27.8
16589.292412,-27.8,999.0,-22.3,-27.8
16599.331435,-27.7,999.0,-22.3,-27.7
16609.353441,-27.6,999.0,-22.2,-27.7
16619.382202,-27.6,999.0,-22.2,-27.7
16629.39926,-27.6,999.0,-22.1,-27.7
16639.426108,-27.5,999.0,-22.1,-27.7
16649.443614,-27.6,999.0,-22.0,-27.6
16659.470799,-27.5,999.0,-22.0,-27.6
16669.476247,-27.5,999.0,-22.0,-27.6
16679.511845,-27.4,999.0,-22.0,-27.6
16689.531273,-27.4,999.0,-21.9,-27.5
16699.571664,-27.3,999.0,-21.9,-27.4
16709.595704,-27.1,999.0,-21.7,-27.4
16719.614061,-27.3,999.0,-21.7,-27.4
16729.642766,-27.1,999.0,-21.7,-27.4
16739.667103,-27.1,999.0,-21.6,-27.4
16749.670582,-27.2,999.0,-21.4,-27.3
16759.714074,-26.9,999.0,-21.5,-27.3
16769.737901,-26.9,999.0,-21.3,-27.2
16779.740968,-26.9,999.0,-21.2,-27.2
16789.785013,-26.8,999.0,-21.1,-27.1
16799.814588,-26.9,999.0,-21.1,-27.1
16809.849966,-26.8,999.0,-21.1,-27.1
16819.879386,-26.8,999.0,-21.0,-27.0
16829.90173,-26.7,999.0,-21.0,-27.0
16839.940602,-26.7,999.0,-21.0,-27.0
16849.96145,-26.6,999.0,-20.9,-27.0
16860.000666,-26.6,999.0,-20.8,-26.9
16870.038603,-26.6,999.0,-20.8,-26.9
16880.061337,-26.6,999.0,-20.8,-26.9
16890.100478,-26.5,999.0,-20.7,-26.8
16900.108494,-26.5,999.0,-20.7,-26.8
16910.162137,-26.5,999.0,-20.6,-26.7
16920.191714,-26.4,999.0,-20.6,-26.7
16930.216755,-26.4,999.0,-20.5,-26.7
16940.237887,-26.4,999.0,-20.5,-26.7
16950.276388,-26.4,999.0,-20.5,-26.6
16960.339656,-26.4,999.0,-20.4,-26.6
16970.384806,-26.3,999.0,-20.3,-26.5
16980.433639,-26.2,999.0,-20.3,-26.6
16990.490221,-26.3,999.0,-20.3,-26.5
17000.514255,-26.2,999.0,-20.2,-26.2
17010.543503,-26.2,999.0,-20.2,-26.2
17020.573387,-26.1,999.0,-20.2,-26.4
17030.615531,-26.1,999.0,-20.1,-26.4
17040.642113,-26.1,999.0,-20.0,-26.3
17050.665248,-26.0,999.0,-20.0,-26.1
17060.70376,-26.0,999.0,-20.0,-26.1
17070.709361,-26.0,999.0,-19.9,-26.2
17080.74994,-26.0,999.0,-19.9,-26.0
17090.771277,-26.0,999.0,-19.8,-26.0
17100.816895,-25.9,999.0,-19.8,-25.9
17110.852451,-25.9,999.0,-19.7,-25.9
17120.893106,-25.9,999.0,-19.7,-25.9
17130.900499,-25.8,999.0,-19.6,-25.9
17140.954284,-25.8,999.0,-19.7,-25.8
17150.984568,-25.8,999.0,-19.6,-25.7
17161.029578,-25.7,999.0,-19.5,-25.7
17171.051515,-25.7,999.0,-19.4,-25.7
17181.064314,-25.7,999.0,-19.4,-25.7
17191.084909,-25.6,999.0,-19.4,-25.6
17201.10802,-25.6,999.0,-19.3,-25.6
17211.132168,-25.5,999.0,-19.2,-25.5
17221.160744,-25.4,999.0,-19.1,-25.5
17231.186048,-25.3,999.0,-19.1,-25.5
17241.202175,-25.3,999.0,-19.0,-25.3
17251.254121,-25.2,999.0,-18.9,-25.3
17261.285623,-25.2,999.0,-18.8,-25.2
17271.29182,-25.2,999.0,-18.8,-25.1
17281.327238,-25.1,999.0,-18.7,-25.1
17291.356839,-25.1,999.0,-18.6,-25.1
17301.385465,-25.0,999.0,-18.5,-25.0
17311.409538,-25.0,999.0,-18.5,-25.0
17321.425397,-24.9,999.0,-18.4,-24.9
17331.432973,-24.9,999.0,-18.3,-24.9
17341.46449,-24.9,999.0,-18.3,-24.8
17351.498981,-24.8,999.0,-18.2,-24.7
17361.544037,-24.8,999.0,-18.2,-24.7
17371.576503,-24.8,999.0,-18.1,-24.7
17381.616514,-24.7,999.0,-18.1,-24.6
17391.641799,-24.7,999.0,-18.1,-24.6
17401.681683,-24.7,999.0,-18.0,-24.6
17411.720632,-24.5,999.0,-18.0,-24.5
17421.745693,-24.5,999.0,-17.8,-24.5
17431.752859,-24.5,999.0,-17.9,-24.5
17441.780232,-24.5,999.0,-17.7,-24.4
17451.817212,-24.5,999.0,-17.7,-24.4
17461.822045,-24.4,999.0,-17.7,-24.3
17471.861744,-24.4,999.0,-17.7,-24.3
17481.881869,-24.4,999.0,-17.6,-24.3
17491.935652,-24.4,999.0,-17.5,-24.3
17501.956879,-24.4,999.0,-17.5,-24.3
17511.973427,-24.4,999.0,-17.4,-24.2
17522.005216,-24.3,999.0,-17.2,-24.2
17532.021028,-24.3,999.0,-17.4,-24.1
17542.07412,-24.3,999.0,-17.4,-24.0
17552.094579,-24.3,999.0,-17.2,-24.0
17562.132651,-24.3,999.0,-17.1,-24.0
17572.141533,-24.2,999.0,-17.0,-24.0
17582.164491,-24.2,999.0,-17.0,-24.0
17592.201772,-24.2,999.0,-16.9,-24.0
17602.209955,-24.1,999.0,-16.9,-23.9
17612.249972,-24.2,999.0,-16.9,-23.9
17622.276366,-24.1,999.0,-16.8,-23.9
17632.307557,-24.1,999.0,-16.8,-23.9
17642.32292,-24.1,999.0,-16.8,-23.8
17652.363035,-24.0,999.0,-16.7,-23.7
17662.402403,-24.1,999.0,-16.7,-23.7
17672.439931,-24.0,999.0,-16.6,-23.7
17682.472622,-24.0,999.0,-16.6,-23.7
17692.512735,-24.0,999.0,-16.5,-23.7
17702.519958,-24.0,999.0,-16.5,-23.7
17712.536539,-24.0,999.0,-16.5,-23.7
17722.581111,-24.0,999.0,-16.5,-23.6
17732.603729,-23.9,999.0,-16.5,-23.5
17742.641646,-23.9,999.0,-16.4,-23.5
17752.663787,-23.9,999.0,-16.4,-23.5
17762.703925,-23.8,999.0,-16.3,-23.5
17772.738777,-23.8,999.0,-16.3,-23.5
17782.745088,-23.8,999.0,-16.2,-23.4
17792.7792,-23.8,999.0,-16.2,-23.4
17802.810902,-23.8,999.0,-16.2,-23.4
17812.816906,-23.8,999.0,-16.2,-23.4
17822.854713,-23.8,999.0,-16.1,-23.3
17832.855953,-23.7,999.0,-16.1,-23.3
17842.88473,-23.7,999.0,-16.0,-23.3
17852.926014,-23.7,999.0,-16.0,-23.3
17862.940685,-23.6,999.0,-16.0,-23.3
17872.967625,-23.6,999.0,-16.0,-23.1
17882.975198,-23.6,999.0,-16.0,-23.1
17892.99854,-23.6,999.0,-15.9,-23.1
17903.035299,-23.6,999.0,-15.9,-23.1
17913.045682,-23.6,999.0,-15.8,-23.1
17923.052741,-23.6,999.0,-15.8,-23.1
17933.105595,-23.5,999.0,-15.8,-23.1
17943.113027,-23.6,999.0,-15.7,-23.0
17953.139806,-23.5,999.0,-15.7,-23.0
17963.16713,-23.5,999.0,-15.7,-23.0
17973.19453,-23.5,999.0,-15.7,-23.0
17983.253541,-23.4,999.0,-15.6,-22.9
17993.269291,-23.4,999.0,-15.6,-22.9
18003.299508,-23.4,999.0,-15.6,-22.8
18013.327811,-23.4,999.0,-15.5,-22.8
18023.368334,-23.4,999.0,-15.4,-22.8
18033.37414,-23.4,999.0,-15.4,-22.8
18043.406967,-23.3,999.0,-15.5,-22.8
18053.435279,-23.3,999.0,-15.5,-22.7
18063.441527,-23.3,999.0,-15.4,-22.7
18073.479576,-23.3,999.0,-15.4,-22.7
18083.482049,-23.3,999.0,-15.3,-22.7
18093.516999,-23.3,999.0,-15.3,-22.6
18103.554542,-23.2,999.0,-15.3,-22.6
18113.590961,-23.2,999.0,-15.2,-22.6
18123.636233,-23.2,999.0,-15.2,-22.5
18133.688825,-23.2,999.0,-15.2,-22.5
18143.713373,-23.1,999.0,-15.1,-22.5
18153.719764,-23.2,999.0,-15.1,-22.4
18163.743132,-23.1,999.0,-15.1,-22.4
18173.78421,-23.2,999.0,-15.1,-22.4
18183.821499,-23.2,999.0,-15.1,-22.4
18193.861391,-23.1,999.0,-15.0,-22.4
18203.901371,-23.1,999.0,-15.0,-22.3
18213.961658,-23.1,999.0,-15.0,-22.3
18224.002601,-23.0,999.0,-15.0,-22.2
18234.05735,-23.0,999.0,-14.9,-22.1
18244.077848,-23.0,999.0,-14.9,-22.2
18254.129516,-23.0,999.0,-14.9,-22.2
18264.159984,-23.0,999.0,-14.8,-22.2
18274.192281,-23.0,999.0,-14.8,-22.1
18284.246663,-23.0,999.0,-14.8,-22.2
18294.253615,-23.0,999.0,-14.7,-22.2
18304.292321,-23.0,999.0,-14.7,-22.2
18314.317096,-23.0,999.0,-14.7,-21.9
18324.325765,-22.9,999.0,-14.7,-22.1
18334.36203,-22.6,999.0,-14.7,-22.1
18344.402235,-22.7,999.0,-14.6,-22.0
18354.441947,-22.6,999.0,-14.5,-21.8
18364.481442,-22.6,999.0,-14.5,-21.8
18374.507185,-22.6,999.0,-14.6,-21.8
18384.533195,-22.8,999.0,-14.5,-21.8
18394.588599,-22.6,999.0,-14.5,-21.7
18404.642883,-22.5,999.0,-14.5,-21.7
18414.674396,-22.5,999.0,-14.4,-21.9
18424.695308,-22.8,999.0,-14.4,-21.7
18434.719076,-22.6,999.0,-14.4,-21.7
18444.759716,-22.5,999.0,-14.3,-21.7
18454.781947,-22.5,999.0,-14.3,-21.6
18464.788764,-22.5,999.0,-14.3,-21.6
18474.813307,-22.5,999.0,-14.2,-21.6
18484.834807,-22.4,999.0,-14.3,-21.6
18494.858294,-22.4,999.0,-14.2,-21.5
18504.911564,-22.4,999.0,-14.2,-21.5
18514.95043,-22.4,999.0,-14.2,-21.5
18524.990859,-22.4,999.0,-14.2,-21.5
18535.006745,-22.4,999.0,-14.2,-21.5
18545.05656,-22.4,999.0,-14.1,-21.4
18555.092826,-22.4,999.0,-14.1,-21.4
18565.139143,-22.4,999.0,-14.1,-21.4
18575.146398,-22.3,999.0,-14.1,-21.4
18585.16476,-22.3,999.0,-14.0,-21.3
18595.189255,-22.2,999.0,-14.0,-21.3
18605.218676,-22.3,999.0,-14.0,-21.3
18615.274705,-22.3,999.0,-13.9,-21.3
18625.320866,-22.3,999.0,-13.9,-21.3
18635.350439,-22.3,999.0,-13.9,-21.3
18645.377119,-22.3,999.0,-13.9,-21.3
18655.388876,-22.2,999.0,-13.8,-21.2
18665.418601,-22.1,999.0,-13.8,-21.2
18675.48132,-22.2,999.0,-13.8,-21.2
18685.517675,-22.2,999.0,-13.7,-21.2
18695.53576,-22.1,999.0,-13.8,-21.1
18705.560882,-22.1,999.0,-13.7,-21.2
18715.604553,-22.1,999.0,-13.7,-21.0
18725.623459,-22.1,999.0,-13.7,-21.1
18735.66174,-22.1,999.0,-13.7,-21.0
18745.685451,-22.1,999.0,-13.7,-21.0
18755.70703,-22.1,999.0,-13.6,-21.0
18765.748547,-22.1,999.0,-13.6,-21.0
18775.774015,-22.1,999.0,-13.6,-21.0
18785.79694,-22.0,999.0,-13.5,-21.0
18795.835421,-22.0,999.0,-13.6,-20.9
18805.849468,-22.0,999.0,-13.5,-20.9
18815.86787,-22.0,999.0,-13.5,-20.9
18825.922217,-22.0,999.0,-13.4,-20.9
18835.924096,-21.9,999.0,-13.4,-20.9
18845.959354,-21.9,999.0,-13.4,-20.8
18855.964862,-21.9,999.0,-13.4,-20.9
18865.980263,-21.9,999.0,-13.4,-20.8
18876.017154,-21.9,999.0,-13.3,-20.8
18886.043033,-21.9,999.0,-13.3,-20.8
18896.050479,-21.9,999.0,-13.1,-20.7
18906.108774,-21.9,999.0,-13.3,-20.8
18916.152999,-21.8,999.0,-13.3,-20.7
18926.204643,-21.8,999.0,-13.2,-20.7
18936.215896,-21.8,999.0,-13.2,-20.7
18946.250575,-21.8,999.0,-13.0,-20.7
18956.273623,-21.8,999.0,-13.2,-20.7
18966.313039,-21.8,999.0,-13.1,-20.6
18976.329624,-21.8,999.0,-13.1,-20.6
18986.390459,-21.7,999.0,-12.9,-20.7
18996.435199,-21.8,999.0,-12.8,-20.6
19006.47382,-21.7,999.0,-12.8,-20.6
19016.481834,-21.7,999.0,-13.0,-20.5
19026.521794,-21.7,999.0,-13.0,-20.5
19036.546906,-21.7,999.0,-12.8,-20.5
19046.601609,-21.7,999.0,-13.0,-20.5
19056.624672,-21.6,999.0,-12.8,-20.4
19066.658148,-21.6,999.0,-12.9,-20.4
19076.693019,-21.6,999.0,-12.7,-20.4
19086.737086,-21.6,999.0,-12.7,-20.4
19096.765822,-21.6,999.0,-12.6,-20.4
19106.788451,-21.5,999.0,-12.6,-20.4
19116.796516,-21.5,999.0,-12.6,-20.4
19126.835549,-21.5,999.0,-12.5,-20.4
19136.880226,-21.5,999.0,-12.5,-20.3
19146.904515,-21.5,999.0,-12.5,-20.3
19156.912541,-21.5,999.0,-12.5,-20.2
19166.939123,-21.5,999.0,-12.5,-20.2
19176.991949,-21.5,999.0,-12.5,-20.2
19187.011065,-21.4,999.0,-12.5,-20.2
19197.054502,-21.5,999.0,-12.4,-20.2
19207.057787,-21.5,999.0,-12.4,-20.2
19217.096412,-21.4,999.0,-12.4,-20.2
19227.124468,-21.4,999.0,-12.4,-20.1
19237.150044,-21.4,999.0,-12.3,-20.1
19247.15773,-21.4,999.0,-12.4,-20.1
19257.205775,-21.4,999.0,-12.3,-20.1
19267.234644,-21.4,999.0,-12.2,-20.1
19277.2747,-21.3,999.0,-12.2,-20.1
19287.312861,-21.3,999.0,-12.2,-20.0
19297.341907,-21.4,999.0,-12.2,-20.0
19307.361279,-21.3,999.0,-12.2,-20.0
19317.399385,-21.3,999.0,-12.2,-19.9
19327.401215,-21.3,999.0,-12.2,-20.0
19337.438293,-21.3,999.0,-12.2,-19.9
19347.45806,-21.3,999.0,-12.1,-20.0
19357.512136,-21.2,999.0,-12.1,-19.9
19367.534259,-21.2,999.0,-12.0,-19.8
19377.574074,-21.2,999.0,-12.0,-19.8
19387.596582,-21.2,999.0,-12.0,-19.8
19397.604068,-21.2,999.0,-12.0,-19.8
19407.662181,-21.2,999.0,-12.0,-19.8
19417.679517,-21.2,999.0,-12.0,-19.8
19427.719259,-21.2,999.0,-12.0,-19.8
19437.763028,-21.2,999.0,-11.9,-19.8
19447.76598,-21.2,999.0,-11.8,-19.7
19457.793155,-21.2,999.0,-11.8,-19.7
19467.834491,-21.2,999.0,-11.8,-19.7
19477.837701,-21.2,999.0,-11.8,-19.7
19487.863578,-21.1,999.0,-11.8,-19.7
19497.905483,-21.1,999.0,-11.8,-19.7
19507.907309,-21.2,999.0,-11.8,-19.7
19517.93999,-21.1,999.0,-11.7,-19.6
19527.975042,-21.1,999.0,-11.7,-19.6
19537.999796,-21.1,999.0,-11.7,-19.6
19548.021424,-21.1,999.0,-11.7,-19.5
19558.048337,-21.1,999.0,-11.7,-19.5
19568.120012,-21.0,999.0,-11.7,-19.5
19578.144824,-21.1,999.0,-11.7,-19.5
19588.197573,-21.0,999.0,-11.6,-19.5
19598.214226,-21.1,999.0,-11.6,-19.5
19608.25578,-21.0,999.0,-11.6,-19.5
19618.291116,-21.1,999.0,-11.5,-19.4
19628.345372,-21.0,999.0,-11.6,-19.5
19638.383688,-21.0,999.0,-11.5,-19.5
19648.422354,-21.0,999.0,-11.5,-19.5
19658.461822,-21.0,999.0,-11.5,-19.4
19668.466994,-21.0,999.0,-11.4,-19.4
19678.518812,-21.0,999.0,-11.4,-19.4
19688.526848,-20.9,999.0,-11.4,-19.3
19698.570293,-20.9,999.0,-11.4,-19.4
19708.608533,-20.9,999.0,-11.4,-19.3
19718.616962,-20.9,999.0,-11.4,-19.3
19728.640134,-20.9,999.0,-11.3,-19.3
19738.677748,-20.9,999.0,-11.4,-19.3
19748.708133,-20.9,999.0,-11.3,-19.3
19758.723973,-20.9,999.0,-11.3,-19.2
19768.765251,-20.9,999.0,-11.2,-19.2
19778.788619,-20.9,999.0,-11.2,-19.2
19788.795396,-20.9,999.0,-11.2,-19.2
19798.81877,-20.8,999.0,-11.2,-19.2
19808.828245,-20.9,999.0,-11.1,-19.2
19818.850602,-20.9,999.0,-11.1,-19.2
19828.890265,-20.8,999.0,-11.1,-19.1
19838.928621,-20.8,999.0,-11.1,-19.1
19848.953848,-20.7,999.0,-11.1,-19.1
19858.990306,-20.8,999.0,-11.1,-19.1
19869.022131,-20.8,999.0,-11.1,-19.0
19879.037072,-20.8,999.0,-11.1,-19.1
19889.075621,-20.7,999.0,-11.0,-19.1
19899.101979,-20.7,999.0,-11.0,-19.1
19909.123186,-20.7,999.0,-11.0,-19.0
19919.161296,-20.7,999.0,-10.9,-19.0
19929.185179,-20.7,999.0,-10.9,-19.0
19939.228105,-20.7,999.0,-10.9,-19.0
19949.282044,-20.7,999.0,-10.9,-18.9
19959.306799,-20.6,999.0,-10.9,-18.9
19969.33077,-20.7,999.0,-10.9,-18.9
19979.400599,-20.7,999.0,-10.8,-18.9
19989.448397,-20.6,999.0,-10.8,-18.9
19999.469461,-20.6,999.0,-10.8,-18.9
20009.510408,-20.6,999.0,-10.8,-18.9
20019.552057,-20.6,999.0,-10.8,-18.9
20029.58938,-20.6,999.0,-10.8,-18.9
20039.61308,-20.6,999.0,-10.7,-18.8
20049.651958,-20.6,999.0,-10.7,-18.8
20059.659938,-20.6,999.0,-10.7,-18.9
20069.785779,-20.6,999.0,-10.7,-18.8
20079.812341,-20.6,999.0,-10.7,-18.8
20089.842335,-20.6,999.0,-10.6,-18.8
20099.856462,-20.6,999.0,-10.6,-18.8
20109.864695,-20.6,999.0,-10.5,-18.7
20119.90225,-20.6,999.0,-10.5,-18.7
20129.910384,-20.6,999.0,-10.6,-18.7
20139.947708,-20.5,999.0,-10.5,-18.7
20149.970112,-20.6,999.0,-10.6,-18.7
20159.991224,-20.5,999.0,-10.5,-18.7
20170.014409,-20.5,999.0,-10.5,-18.7
20180.021539,-20.5,999.0,-10.5,-18.7
20190.061164,-20.5,999.0,-10.5,-18.6
20200.086616,-20.5,999.0,-10.4,-18.6
20210.093932,-20.4,999.0,-10.4,-18.6
20220.131966,-20.4,999.0,-10.4,-18.6
20230.138753,-20.4,999.0,-10.4,-18.6
20240.176521,-20.4,999.0,-10.4,-18.6
20250.201042,-20.4,999.0,-10.4,-18.6
20260.210881,-20.4,999.0,-10.3,-18.6
20270.248146,-20.4,999.0,-10.3,-18.5
20280.273217,-20.4,999.0,-10.3,-18.5
20290.27702,-20.4,999.0,-10.3,-18.5
20300.332772,-20.4,999.0,-10.2,-18.4
20310.340251,-20.3,999.0,-10.2,-18.4
20320.363545,-20.3,999.0,-10.2,-18.4
20330.402365,-20.4,999.0,-10.2,-18.4
20340.436495,-20.3,999.0,-10.2,-18.4
20350.465808,-20.3,999.0,-10.2,-18.4
20360.48726,-20.3,999.0,-10.1,-18.3
20370.506789,-20.3,999.0,-10.1,-18.3
20380.537484,-20.3,999.0,-10.1,-18.3
20390.550524,-20.3,999.0,-10.1,-18.3
20400.570852,-20.3,999.0,-10.1,-18.3
20410.609529,-20.2,999.0,-10.1,-18.3
20420.628442,-20.3,999.0,-10.0,-18.3
20430.680183,-20.2,999.0,-10.0,-18.3
20440.727533,-20.2,999.0,-10.0,-18.3
20450.73621,-20.3,999.0,-10.0,-18.2
20460.760189,-20.3,999.0,-10.0,-18.3
20470.814626,-20.3,999.0,-10.0,-18.2
20480.836405,-20.2,999.0,-9.9,-18.3
20490.874439,-20.2,999.0,-9.9,-18.2
20500.900114,-20.3,999.0,-9.9,-18.2
20510.93848,-20.2,999.0,-9.9,-18.2
20520.989327,-20.3,999.0,-9.9,-18.2
20531.00737,-20.2,999.0,-9.9,-18.2
20541.029403,-20.2,999.0,-9.9,-18.2
20551.036945,-20.2,999.0,-9.8,-18.2
20561.078448,-20.2,999.0,-9.8,-18.2
20571.105759,-20.2,999.0,-9.8,-18.2
20581.125935,-20.2,999.0,-9.8,-18.1
20591.171211,-20.2,999.0,-9.8,-18.0
20601.208739,-20.2,999.0,-9.7,-18.0
20611.233024,-20.1,999.0,-9.7,-18.0
20621.25788,-20.1,999.0,-9.7,-18.0
20631.296268,-20.2,999.0,-9.7,-18.0
20641.328936,-20.1,999.0,-9.7,-18.0
20651.374833,-20.1,999.0,-9.6,-18.0
20661.434267,-20.1,999.0,-9.7,-18.0
20671.464507,-20.1,999.0,-9.6,-17.7
20681.484037,-20.1,999.0,-9.6,-18.0
20691.508109,-20.0,999.0,-9.6,-17.9
20701.531765,-20.1,999.0,-9.5,-17.9
20711.556195,-20.1,999.0,-9.5,-17.9
20721.608256,-20.1,999.0,-9.5,-17.9
20731.632731,-20.0,999.0,-9.5,-17.8
20741.641622,-20.0,999.0,-9.5,-17.9
20751.681924,-20.0,999.0,-9.4,-17.9
20761.704993,-20.0,999.0,-9.4,-17.8
20771.712932,-20.0,999.0,-9.4,-17.8
20781.752986,-20.0,999.0,-9.4,-17.8
20791.798577,-20.0,999.0,-9.4,-17.8
20801.832068,-20.0,999.0,-9.4,-17.7
20811.891685,-20.0,999.0,-9.4,-17.7
20821.949274,-20.0,999.0,-9.3,-17.6
20831.972666,-20.0,999.0,-9.3,-17.7
20841.980133,-20.0,999.0,-9.3,-17.7
20852.009539,-20.0,999.0,-9.3,-17.7
20862.045821,-20.0,999.0,-9.3,-17.7
20872.067657,-20.0,999.0,-9.3,-17.5
20882.108413,-19.9,999.0,-9.2,-17.5
20892.149626,-20.0,999.0,-9.2,-17.4
20902.192782,-19.9,999.0,-9.2,-17.4
20912.236865,-19.9,999.0,-9.2,-17.5
20922.289468,-20.0,999.0,-9.2,-17.4
20932.315809,-19.9,999.0,-9.1,-17.4
20942.327981,-19.9,999.0,-9.1,-17.4
20952.377704,-19.9,999.0,-9.1,-17.4
20962.402025,-19.9,999.0,-9.1,-17.4
20972.409512,-19.9,999.0,-9.1,-17.3
20982.434744,-19.9,999.0,-9.1,-17.3
20992.473296,-19.8,999.0,-9.1,-17.3
21002.480664,-19.9,999.0,-9.1,-17.3
21012.505588,-19.8,999.0,-9.1,-17.3
21022.547072,-19.8,999.0,-9.0,-17.3
21032.571651,-19.8,999.0,-9.0,-17.4
21042.595464,-19.8,999.0,-8.8,-17.3
21052.625615,-19.9,999.0,-8.9,-17.2
21062.676227,-19.8,999.0,-8.9,-17.3
21072.711581,-19.8,999.0,-8.8,-17.2
21082.738104,-19.8,999.0,-8.7,-17.2
21092.761482,-19.8,999.0,-8.9,-17.2
21102.772828,-19.8,999.0,-8.9,-17.2
21112.807604,-19.8,999.0,-8.9,-17.1
21122.836191,-19.8,999.0,-8.8,-17.1
21132.86921,-19.8,999.0,-8.8,-17.2
21142.892974,-19.8,999.0,-8.6,-17.1
21152.914519,-19.8,999.0,-8.8,-17.1
21162.954462,-19.8,999.0,-8.5,-17.1
21172.963193,-19.8,999.0,-8.5,-17.1
21183.003499,-19.7,999.0,-8.5,-17.1
21193.05853,-19.7,999.0,-8.7,-17.1
21203.067434,-19.8,999.0,-8.8,-17.1
21213.090844,-19.7,999.0,-8.7,-17.1
21223.115612,-19.8,999.0,-8.8,-17.1
21233.117679,-19.7,999.0,-8.5,-17.1
21243.156933,-19.8,999.0,-8.5,-17.0
21253.20265,-19.7,999.0,-8.5,-17.0
21263.244573,-19.7,999.0,-8.4,-17.0
21273.254486,-19.7,999.0,-8.4,-17.0
21283.287579,-19.7,999.0,-8.4,-17.0
21293.316775,-19.7,999.0,-8.4,-16.9
21303.326397,-19.7,999.0,-8.4,-16.9
21313.363592,-19.7,999.0,-8.4,-16.9
21323.394241,-19.7,999.0,-8.3,-16.9
21333.414321,-19.7,999.0,-8.4,-16.9
21343.438247,-19.7,999.0,-8.3,-16.9
21353.477502,-19.7,999.0,-8.3,-16.8
21363.515906,-19.7,999.0,-8.2,-16.9
21373.555904,-19.6,999.0,-8.2,-16.8
21383.55726,-19.7,999.0,-8.2,-16.8
21393.598779,-19.6,999.0,-8.2,-16.8
21403.636994,-19.6,999.0,-8.2,-16.8
21413.670678,-19.7,999.0,-8.2,-16.8
21423.674276,-19.6,999.0,-8.2,-16.8
21433.720133,-19.6,999.0,-8.2,-16.8
21443.776003,-19.5,999.0,-8.2,-16.8
21453.805195,-19.6,999.0,-8.2,-16.8
21463.850309,-19.6,999.0,-8.2,-16.8
21473.86477,-19.6,999.0,-8.2,-16.8
21483.9033,-19.6,999.0,-8.2,-16.7
21493.909582,-19.5,999.0,-8.1,-16.8
21503.949254,-19.5,999.0,-8.1,-16.7
21513.987934,-19.5,999.0,-8.1,-16.7
21524.010298,-19.5,999.0,-8.1,-16.7
21534.048521,-19.5,999.0,-8.1,-16.7
21544.055569,-19.5,999.0,-8.1,-16.7
21554.10271,-19.5,999.0,-8.1,-16.7
21564.150986,-19.5,999.0,-8.1,-16.7
21574.163657,-19.5,999.0,-8.0,-16.6
21584.18412,-19.5,999.0,-8.0,-16.6
21594.209519,-19.5,999.0,-8.0,-16.6
21604.264734,-19.5,999.0,-8.0,-16.6
21614.304435,-19.5,999.0,-8.0,-16.6
21624.363843,-19.5,999.0,-8.0,-16.6
21634.366382,-19.4,999.0,-8.0,-16.5
21644.403728,-19.5,999.0,-7.9,-16.6
21654.435595,-19.5,999.0,-7.9,-16.6
21664.436516,-19.5,999.0,-7.9,-16.5
21674.475205,-19.5,999.0,-7.9,-16.5
21684.483223,-19.5,999.0,-7.8,-16.5
21694.510766,-19.5,999.0,-7.8,-16.5
21704.544608,-19.4,999.0,-7.8,-16.5
21714.563259,-19.5,999.0,-7.8,-16.5
21724.598845,-19.4,999.0,-7.8,-16.5
21734.623385,-19.4,999.0,-7.8,-16.5
21744.647426,-19.4,999.0,-7.8,-16.4
21754.669958,-19.5,999.0,-7.7,-16.5
21764.70824,-19.4,999.0,-7.7,-16.4
21774.733633,-19.4,999.0,-7.7,-16.4
21784.77367,-19.4,999.0,-7.7,-16.4
21794.843149,-19.4,999.0,-7.7,-16.4
21804.868033,-19.4,999.0,-7.7,-16.4
21814.876643,-19.4,999.0,-7.7,-16.4
21824.914277,-19.4,999.0,-7.7,-16.4
21834.944363,-19.4,999.0,-7.7,-16.4
21844.965146,-19.4,999.0,-7.7,-16.4
21855.003552,-19.4,999.0,-7.7,-16.4
21865.062092,-19.4,999.0,-7.7,-16.4
21875.069278,-19.4,999.0,-7.7,-16.3
21885.106358,-19.4,999.0,-7.7,-16.3
21895.130487,-19.4,999.0,-7.6,-16.3
21905.150204,-19.4,999.0,-7.6,-16.3
21915.189597,-19.3,999.0,-7.6,-16.3
21925.197031,-19.4,999.0,-7.6,-16.2
21935.234666,-19.4,999.0,-7.5,-16.3
21945.281107,-19.4,999.0,-7.5,-16.3
21955.340144,-19.4,999.0,-7.5,-16.2
21965.342728,-19.3,999.0,-7.5,-16.2
21975.381941,-19.3,999.0,-7.6,-16.2
21985.412908,-19.3,999.0,-7.5,-16.2
21995.703519,-19.3,999.0,-7.5,-16.2
22005.752189,-19.3,999.0,-7.5,-16.2
22015.788873,-19.3,999.0,-7.4,-16.2
22025.794964,-19.3,999.0,-7.4,-16.2
22035.817986,-19.3,999.0,-7.4,-16.2
22045.847829,-19.3,999.0,-7.4,-16.2
22055.890583,-19.3,999.0,-7.5,-16.2
22065.923871,-19.3,999.0,-7.4,-16.2
22075.964982,-19.2,999.0,-7.4,-16.1
22085.988414,-19.2,999.0,-7.4,-16.1
22095.997463,-19.2,999.0,-7.4,-16.1
22106.037352,-19.2,999.0,-7.4,-16.1
22116.078559,-19.2,999.0,-7.4,-16.1
22126.109108,-19.2,999.0,-7.4,-16.0
22136.113099,-19.2,999.0,-7.4,-16.0
22146.161687,-19.2,999.0,-7.4,-16.0
22156.185933,-19.2,999.0,-7.4,-16.0
22166.241357,-19.2,999.0,-7.3,-16.0
22176.248583,-19.2,999.0,-7.3,-16.0
22186.269424,-19.2,999.0,-7.3,-15.9
22196.330258,-19.1,999.0,-7.4,-16.0
22206.366096,-19.1,999.0,-7.3,-16.0
22216.401545,-19.1,999.0,-7.3,-15.9
22226.442029,-19.1,999.0,-7.3,-15.9
22236.491278,-19.1,999.0,-7.3,-15.9
22246.513555,-19.1,999.0,-7.3,-15.9
22256.524065,-19.1,999.0,-7.3,-16.0
22266.579066,-19.1,999.0,-7.3,-15.9
22276.587457,-19.1,999.0,-7.3,-15.9
22286.613159,-19.1,999.0,-7.3,-15.9
22296.653321,-19.1,999.0,-7.3,-15.8
22306.677266,-19.1,999.0,-7.2,-15.8
22316.683922,-19.1,999.0,-7.2,-15.8
22326.709849,-19.1,999.0,-7.2,-15.9
22336.76555,-19.1,999.0,-7.2,-15.8
22346.774347,-19.1,999.0,-7.2,-15.8
22356.81293,-19.1,999.0,-7.2,-15.9
22366.835777,-19.1,999.0,-7.2,-15.9
22376.843199,-19.0,999.0,-7.2,-15.8
22386.881758,-19.0,999.0,-7.2,-15.8
22396.888778,-19.0,999.0,-7.2,-15.8
22406.906408,-19.0,999.0,-7.2,-15.8
22416.934968,-19.0,999.0,-7.2,-15.7
22426.941958,-19.0,999.0,-7.2,-15.7
22436.982821,-19.0,999.0,-7.2,-15.7
22447.0215,-19.0,999.0,-7.2,-15.7
22457.028706,-18.9,999.0,-7.2,-15.7
22467.052848,-18.9,999.0,-7.2,-15.7
22477.076246,-18.9,999.0,-7.2,-15.7
22487.085393,-18.9,999.0,-7.2,-15.7
22497.117075,-18.9,999.0,-7.2,-15.7
22507.155184,-18.9,999.0,-7.2,-15.7
22517.195548,-18.9,999.0,-7.1,-15.7
22527.203032,-18.9,999.0,-7.2,-15.7
22537.211694,-18.9,999.0,-7.2,-15.7
22547.264216,-18.9,999.0,-7.2,-15.6
22557.29827,-18.9,999.0,-7.1,-15.6
22567.317283,-18.9,999.0,-7.1,-15.5
22577.354546,-18.9,999.0,-7.1,-15.5
22587.381453,-18.8,999.0,-7.1,-15.6
22597.42305,-18.8,999.0,-7.1,-15.6
22607.471121,-18.8,999.0,-7.1,-15.5
22617.492204,-18.9,999.0,-7.1,-15.5
22627.532641,-18.8,999.0,-7.1,-15.5
22637.555223,-18.8,999.0,-7.1,-15.5
22647.580912,-18.6,999.0,-7.1,-15.5
22657.619019,-18.8,999.0,-7.1,-15.5
22667.641548,-18.8,999.0,-7.0,-15.5
22677.680903,-18.8,999.0,-7.1,-15.4
22687.730254,-18.8,999.0,-7.1,-15.4
22697.780938,-18.8,999.0,-7.1,-15.4
22707.815144,-18.8,999.0,-7.0,-15.4
22717.858407,-18.8,999.0,-7.1,-15.4
22727.897988,-18.8,999.0,-7.0,-15.4
22737.934618,-18.8,999.0,-7.0,-15.4
22747.958009,-18.5,999.0,-7.0,-15.4
22757.983852,-18.8,999.0,-7.0,-15.4
22768.006761,-18.8,999.0,-7.0,-15.4
22778.045893,-18.5,999.0,-7.0,-15.4
22788.0525,-18.6,999.0,-7.0,-15.4
22798.090947,-18.7,999.0,-7.0,-15.4
22808.098579,-18.7,999.0,-7.0,-15.4
22818.143918,-18.5,999.0,-7.0,-15.4
22828.18001,-18.7,999.0,-7.0,-15.4
22838.2096,-18.5,999.0,-6.9,-15.3
22848.227014,-18.7,999.0,-7.0,-15.3
22858.260011,-18.7,999.0,-6.9,-15.2
22868.290925,-18.6,999.0,-7.0,-15.2
22878.295236,-18.7,999.0,-6.9,-15.3
22888.333913,-18.5,999.0,-6.9,-15.2
22898.357199,-18.4,999.0,-6.9,-15.3
22908.394741,-18.7,999.0,-6.9,-15.3
22918.425757,-18.5,999.0,-6.9,-15.3
22928.441668,-18.4,999.0,-6.9,-15.2
22938.478804,-18.7,999.0,-6.9,-15.2
22948.497243,-18.6,999.0,-6.9,-15.2
22958.526091,-18.6,999.0,-6.9,-15.2
22968.558402,-18.6,999.0,-6.9,-15.1
22978.590109,-18.6,999.0,-6.9,-15.1
22988.623122,-18.6,999.0,-6.9,-15.1
22998.629493,-18.6,999.0,-6.9,-15.2
23008.666824,-18.5,999.0,-6.9,-15.1
23018.685214,-18.5,999.0,-6.9,-15.1
23028.714537,-18.5,999.0,-6.9,-15.1
23038.738033,-18.3,999.0,-6.8,-15.1
23048.745269,-18.3,999.0,-6.8,-15.1
23058.784681,-18.3,999.0,-6.9,-15.1
23068.813609,-18.3,999.0,-6.9,-15.1
23078.84394,-18.3,999.0,-6.8,-15.1
23088.867234,-18.3,999.0,-6.8,-15.0
23098.874274,-18.3,999.0,-6.8,-15.0
23108.914,-18.5,999.0,-6.8,-15.0
23118.937008,-18.2,999.0,-6.8,-15.0
23128.942283,-18.3,999.0,-6.8,-15.0
23138.982428,-18.3,999.0,-6.8,-15.0
23148.989064,-18.5,999.0,-6.8,-15.0
23159.026726,-18.3,999.0,-6.7,-15.0
23169.027155,-18.3,999.0,-6.7,-15.0
23179.073157,-18.2,999.0,-6.7,-15.0
23189.111381,-18.2,999.0,-6.7,-15.0
23199.121877,-18.2,999.0,-6.7,-15.0
23209.135259,-18.2,999.0,-6.7,-15.0
23219.166412,-18.2,999.0,-6.7,-15.0
23229.200008,-18.2,999.0,-6.7,-14.9
23239.214207,-18.2,999.0,-6.7,-14.8
23249.234336,-18.2,999.0,-6.7,-14.9
23259.270557,-18.2,999.0,-6.7,-14.9
23269.303476,-18.2,999.0,-6.7,-14.8
23279.337844,-18.1,999.0,-6.7,-14.9
23289.378884,-18.2,999.0,-6.7,-14.8
23299.396733,-18.2,999.0,-6.6,-14.9
23309.429872,-18.1,999.0,-6.7,-14.8
23319.461767,-18.1,999.0,-6.7,-14.8
23329.478664,-18.2,999.0,-6.6,-14.8
23339.516166,-18.1,999.0,-6.6,-14.8
23349.519842,-18.1,999.0,-6.6,-14.8
23359.555219,-18.1,999.0,-6.6,-14.8
23369.574633,-18.1,999.0,-6.6,-14.8
23379.597465,-18.1,999.0,-6.6,-14.8
23389.610367,-18.1,999.0,-6.6,-14.8
23399.621389,-18.1,999.0,-6.6,-14.7
23409.676598,-18.1,999.0,-6.6,-14.7
23419.679984,-18.1,999.0,-6.6,-14.8
23429.714412,-18.1,999.0,-6.6,-14.7
23439.746591,-18.1,999.0,-6.6,-14.8
23449.776004,-18.1,999.0,-6.6,-14.7
23459.778295,-18.1,999.0,-6.6,-14.7
23469.818417,-18.1,999.0,-6.6,-14.7
23479.845478,-18.0,999.0,-6.5,-14.7
23489.845872,-18.0,999.0,-6.6,-14.7
23499.891308,-18.0,999.0,-6.5,-14.6
23509.944212,-18.0,999.0,-6.5,-14.6
23519.966182,-18.0,999.0,-6.5,-14.6
23530.003743,-18.0,999.0,-6.5,-14.6
23540.036855,-17.9,999.0,-6.5,-14.6
23550.082799,-17.9,999.0,-6.4,-14.6
23560.112833,-17.9,999.0,-6.5,-14.6
23570.128794,-18.0,999.0,-6.5,-14.5
23580.174279,-18.0,999.0,-6.5,-14.5
23590.215382,-18.0,999.0,-6.4,-14.6
23600.240115,-17.9,999.0,-6.4,-14.6
23610.249467,-17.9,999.0,-6.4,-14.5
23620.266757,-18.0,999.0,-6.4,-14.6
23630.273958,-18.0,999.0,-6.4,-14.5
23640.321113,-17.9,999.0,-6.4,-14.5
23650.344014,-17.9,999.0,-6.4,-14.5
23660.400001,-17.9,999.0,-6.4,-14.5
23670.43936,-17.9,999.0,-6.4,-14.5
23680.468195,-17.9,999.0,-6.4,-14.5
23690.495874,-17.9,999.0,-6.4,-14.5
23700.536405,-17.9,999.0,-6.4,-14.5
23710.578042,-17.9,999.0,-6.4,-14.5
23720.582918,-17.9,999.0,-6.4,-14.4
23730.612514,-17.9,999.0,-6.4,-14.5
23740.65196,-17.9,999.0,-6.4,-14.4
23750.675648,-17.9,999.0,-6.4,-14.5
23760.706465,-17.9,999.0,-6.4,-14.4
23770.727754,-17.8,999.0,-6.4,-14.4
23780.798713,-17.9,999.0,-6.3,-14.4
23790.819728,-17.9,999.0,-6.4,-14.5
23800.844617,-17.8,999.0,-6.3,-14.4
23810.886255,-17.8,999.0,-6.3,-14.3
23820.90574,-17.8,999.0,-6.3,-14.3
23830.961531,-17.8,999.0,-6.3,-14.4
23840.976746,-17.8,999.0,-6.3,-14.4
23851.012461,-17.8,999.0,-6.3,-14.4
23861.048007,-17.8,999.0,-6.2,-14.4
23871.050456,-17.8,999.0,-6.3,-14.4
23881.091172,-17.8,999.0,-6.3,-14.3
23891.135187,-17.8,999.0,-6.3,-14.3
23901.159576,-17.7,999.0,-6.2,-14.3
23911.166143,-17.8,999.0,-6.2,-14.3
23921.202555,-17.8,999.0,-6.3,-14.3
23931.226953,-17.8,999.0,-6.2,-14.3
23941.28038,-17.8,999.0,-6.2,-14.3
23951.309927,-17.8,999.0,-6.2,-14.3
23961.329218,-17.7,999.0,-6.1,-14.3
23971.369611,-17.7,999.0,-6.2,-14.2
23981.383676,-17.7,999.0,-6.2,-14.2
23991.402016,-17.7,999.0,-6.2,-14.2
24001.440804,-17.7,999.0,-6.1,-14.3
24011.46219,-17.7,999.0,-6.1,-14.2
24021.474617,-17.7,999.0,-6.1,-14.2
24031.524628,-17.7,999.0,-6.1,-14.2
24041.540828,-17.7,999.0,-6.1,-14.2
24051.563123,-17.7,999.0,-6.1,-14.2
24061.581846,-17.7,999.0,-6.1,-14.2
24071.609357,-17.6,999.0,-6.1,-14.2
24081.625286,-17.6,999.0,-6.1,-14.2
24091.642063,-17.6,999.0,-6.1,-14.2
24101.676057,-17.7,999.0,-6.1,-14.2
24111.687617,-17.6,999.0,-6.1,-14.2
24121.718311,-17.6,999.0,-6.0,-14.2
24131.740886,-17.6,999.0,-6.1,-14.2
24141.783873,-17.6,999.0,-6.1,-14.2
24151.787758,-17.6,999.0,-6.1,-14.1
24161.815702,-17.6,999.0,-6.1,-14.1
24171.859181,-17.6,999.0,-6.0,-14.1
24181.913145,-17.6,999.0,-6.0,-14.1
24191.937939,-17.6,999.0,-6.0,-14.1
24201.958379,-17.6,999.0,-6.0,-14.1
24212.019584,-17.6,999.0,-6.0,-14.1
24222.055577,-17.6,999.0,-6.0,-14.1
24232.096039,-17.6,999.0,-5.9,-14.0
24242.136509,-17.6,999.0,-6.0,-14.1
24252.162535,-17.6,999.0,-5.9,-14.0
24262.180431,-17.5,999.0,-5.9,-13.9
24272.208767,-17.6,999.0,-5.9,-14.0
24282.233453,-17.6,999.0,-5.9,-14.0
24292.2542,-17.6,999.0,-5.9,-13.9
24302.308133,-17.6,999.0,-5.9,-14.0
24312.317964,-17.5,999.0,-5.9,-13.9
24322.34211,-17.6,999.0,-5.9,-14.0
24332.381271,-17.6,999.0,-5.9,-14.0
24342.413515,-17.6,999.0,-5.9,-13.9
24352.430903,-17.5,999.0,-5.9,-13.9
24362.485583,-17.5,999.0,-5.9,-13.9
24372.508379,-17.5,999.0,-5.8,-13.9
24382.532558,-17.5,999.0,-5.8,-13.9
24392.573899,-17.5,999.0,-5.8,-13.9
24402.619633,-17.5,999.0,-5.8,-13.9
24412.622745,-17.5,999.0,-5.8,-13.9
24422.661184,-17.5,999.0,-5.8,-13.9
24432.685254,-17.5,999.0,-5.8,-13.9
24442.693906,-17.5,999.0,-5.8,-13.9
24452.721557,-17.5,999.0,-5.8,-13.9
24462.75711,-17.5,999.0,-5.8,-13.8
24472.775477,-17.4,999.0,-5.8,-13.9
24482.809018,-17.5,999.0,-5.8,-13.8
24492.85928,-17.4,999.0,-5.8,-13.8
24502.870739,-17.4,999.0,-5.7,-13.8
24512.916303,-17.3,999.0,-5.8,-13.8
24522.964257,-17.4,999.0,-5.7,-13.8
24532.989355,-17.3,999.0,-5.8,-13.8
24543.039996,-17.4,999.0,-5.8,-13.8
24553.073053,-17.4,999.0,-5.7,-13.8
24563.12632,-17.4,999.0,-5.7,-13.8
24573.150288,-17.4,999.0,-5.7,-13.8
24583.190947,-17.4,999.0,-5.7,-13.8
24593.217409,-17.4,999.0,-5.7,-13.8
24603.225295,-17.4,999.0,-5.7,-13.8
24613.258748,-17.4,999.0,-5.7,-13.8
24623.291578,-17.4,999.0,-5.7,-13.8
24633.317151,-17.4,999.0,-5.7,-13.8
24643.333403,-17.3,999.0,-5.7,-13.8
24653.356539,-17.3,999.0,-5.6,-13.8
24663.416023,-17.3,999.0,-5.7,-13.7
24673.446395,-17.3,999.0,-5.7,-13.7
24683.464602,-17.3,999.0,-5.7,-13.7
24693.490722,-17.4,999.0,-5.7,-13.7
24703.512765,-17.3,999.0,-5.6,-13.7
24713.567844,-17.3,999.0,-5.7,-13.6
24723.592713,-17.4,999.0,-5.6,-13.6
24733.617085,-17.3,999.0,-5.6,-13.6
24743.656232,-17.3,999.0,-5.6,-13.4
24753.685006,-17.3,999.0,-5.6,-13.4
24763.713879,-17.3,999.0,-5.6,-13.4
24773.71524,-17.3,999.0,-5.6,-13.6
24783.746099,-17.3,999.0,-5.6,-13.6
24793.78552,-17.3,999.0,-5.6,-13.6
24803.824865,-17.3,999.0,-5.6,-13.6
24813.832245,-17.3,999.0,-5.6,-13.6
24823.90287,-17.3,999.0,-5.6,-13.6
24833.928789,-17.3,999.0,-5.6,-13.6
24843.936177,-17.3,999.0,-5.6,-13.6
24853.961667,-17.2,999.0,-5.6,-13.6
24864.002643,-17.2,999.0,-5.6,-13.6
24874.024678,-17.3,999.0,-5.6,-13.3
24884.049498,-17.3,999.0,-5.6,-13.5
24894.094885,-17.3,999.0,-5.6,-13.5
24904.136496,-17.3,999.0,-5.6,-13.5
24914.143397,-17.3,999.0,-5.6,-13.5
24924.159567,-17.3,999.0,-5.6,-13.5
24934.190413,-17.3,999.0,-5.6,-13.3
24944.213566,-17.3,999.0,-5.5,-13.4
24954.237179,-17.2,999.0,-5.5,-13.5
24964.276046,-17.2,999.0,-5.5,-13.3
24974.283688,-17.2,999.0,-5.6,-13.3
24984.309007,-17.2,999.0,-5.5,-13.5
24994.339093,-17.2,999.0,-5.5,-13.3
25004.368536,-17.2,999.0,-5.5,-13.4
25014.406956,-17.2,999.0,-5.4,-13.2
25024.412958,-17.2,999.0,-5.5,-13.4
25034.437557,-17.2,999.0,-5.5,-13.4
25044.479671,-17.1,999.0,-5.5,-13.2
25054.496632,-17.1,999.0,-5.5,-13.2
25064.524733,-17.1,999.0,-5.5,-13.2
25074.563654,-17.1,999.0,-5.5,-13.2
25084.594448,-17.2,999.0,-5.5,-13.2
25094.62314,-17.2,999.0,-5.4,-13.3
25104.649092,-17.1,999.0,-5.5,-13.1
25114.6551,-17.1,999.0,-5.5,-13.3
25124.712082,-17.1,999.0,-5.5,-13.1
25134.757118,-17.1,999.0,-5.4,-13.3
25144.778752,-17.1,999.0,-5.4,-13.1
25154.78657,-17.1,999.0,-5.4,-13.3
25164.827171,-17.1,999.0,-5.4,-13.1
25174.835872,-17.1,999.0,-5.4,-13.1
25184.858463,-17.1,999.0,-5.3,-13.1
25194.906551,-17.1,999.0,-5.4,-13.1
25204.934461,-17.1,999.0,-5.4,-13.0
25214.957906,-17.0,999.0,-5.4,-13.0
25224.995741,-17.0,999.0,-5.4,-13.0
25235.035073,-17.1,999.0,-5.4,-13.0
25245.053095,-17.1,999.0,-5.3,-13.0
25255.088323,-17.0,999.0,-5.3,-13.0
25265.107643,-17.0,999.0,-5.4,-13.0
25275.132978,-17.0,999.0,-5.4,-13.0
25285.173112,-17.0,999.0,-5.3,-13.0
25295.179994,-17.1,999.0,-5.3,-13.0
25305.204845,-17.1,999.0,-5.3,-13.0
25315.243692,-17.0,999.0,-5.3,-13.0
25325.30533,-17.0,999.0,-5.3,-13.0
25335.330155,-17.0,999.0,-5.3,-13.0
25345.355028,-17.0,999.0,-5.3,-13.0
25355.392019,-17.0,999.0,-5.3,-13.0
25365.420414,-17.0,999.0,-5.3,-12.9
25375.46071,-17.0,999.0,-5.3,-12.9
25385.486578,-17.0,999.0,-5.3,-13.0
25395.527439,-17.0,999.0,-5.3,-12.9
25405.588201,-16.9,999.0,-5.3,-12.9
25415.61247,-16.9,999.0,-5.3,-12.9
25425.618671,-17.0,999.0,-5.3,-12.9
25435.660225,-17.0,999.0,-5.3,-12.8
25445.682873,-16.9,999.0,-5.3,-12.8
25455.706062,-16.9,999.0,-5.3,-12.8
25465.743029,-17.0,999.0,-5.3,-12.8
25475.767614,-17.0,999.0,-5.3,-12.8
25485.792345,-17.0,999.0,-5.3,-12.8
25495.832969,-17.0,999.0,-5.3,-12.8
25505.863793,-16.9,999.0,-5.2,-12.8
25515.883468,-16.9,999.0,-5.3,-12.8
25525.921591,-16.9,999.0,-5.2,-12.8
25535.940606,-16.9,999.0,-5.3,-12.8
25545.979795,-16.9,999.0,-5.2,-12.8
25556.008948,-16.9,999.0,-5.3,-12.8
25566.010823,-16.9,999.0,-5.2,-12.7
25576.049435,-16.9,999.0,-5.3,-12.7
25586.080796,-16.9,999.0,-5.2,-12.8
25596.261868,-16.9,999.0,-5.3,-12.7
25606.546753,-16.9,999.0,-5.3,-12.7
25616.609318,-16.9,999.0,-5.3,-12.7
25626.64419,-16.9,999.0,-5.2,-12.7
25636.674685,-16.9,999.0,-5.2,-12.7
25646.719524,-16.8,999.0,-5.3,-12.7
25656.774403,-16.8,999.0,-5.2,-12.6
25666.798135,-16.8,999.0,-5.3,-12.7
25676.836006,-16.8,999.0,-5.2,-12.7
25686.860326,-16.8,999.0,-5.2,-12.7
25696.869566,-16.8,999.0,-5.3,-12.7
25706.893273,-16.8,999.0,-5.2,-12.7
25716.929571,-16.8,999.0,-5.2,-12.6
25726.958669,-16.8,999.0,-5.3,-12.7
25736.982712,-16.8,999.0,-5.3,-12.5
25747.024319,-16.7,999.0,-5.2,-12.6
25757.063845,-16.7,999.0,-5.2,-12.6
25767.123905,-16.8,999.0,-5.2,-12.5
25777.1754,-16.7,999.0,-5.2,-12.6
25787.203906,-16.8,999.0,-5.2,-12.6
25797.231799,-16.7,999.0,-5.2,-12.5
25807.238807,-16.7,999.0,-5.2,-12.5
25817.248231,-16.7,999.0,-5.2,-12.5
25827.25902,-16.7,999.0,-5.2,-12.5
25837.282637,-16.7,999.0,-5.2,-12.5
25847.324291,-16.7,999.0,-5.2,-12.5
25857.348146,-16.7,999.0,-5.2,-12.5
25867.373361,-16.7,999.0,-5.2,-12.5
25877.412924,-16.7,999.0,-5.1,-12.4
25887.445094,-16.7,999.0,-5.2,-12.4
25897.459175,-16.7,999.0,-5.2,-12.5
25907.50115,-16.7,999.0,-5.2,-12.4
25917.527354,-16.7,999.0,-5.2,-12.4
25927.536104,-16.7,999.0,-5.1,-12.4
25937.574042,-16.7,999.0,-5.2,-12.4
25947.597257,-16.7,999.0,-5.1,-12.4
25957.622623,-16.6,999.0,-5.1,-12.4
25967.660096,-16.7,999.0,-5.1,-12.4
25977.666752,-16.6,999.0,-5.1,-12.4
25987.688848,-16.6,999.0,-5.2,-12.4
25997.727536,-16.6,999.0,-5.1,-12.4
26007.762093,-16.6,999.0,-5.1,-12.4
26017.796399,-16.6,999.0,-5.1,-12.4
26027.835624,-16.6,999.0,-5.1,-12.3
26037.889159,-16.6,999.0,-5.1,-12.4
26047.919642,-16.6,999.0,-5.1,-12.3
26057.952522,-16.6,999.0,-5.1,-12.3
26067.983674,-16.6,999.0,-5.1,-12.3
26078.006912,-16.6,999.0,-5.1,-12.3
26088.024455,-16.6,999.0,-5.1,-12.3
26098.051738,-16.6,999.0,-5.1,-12.3
26108.058903,-16.6,999.0,-5.1,-12.3
26118.098102,-16.6,999.0,-5.1,-12.3
26128.136933,-16.5,999.0,-5.2,-12.3
26138.158306,-16.5,999.0,-5.1,-12.2
26148.204059,-16.5,999.0,-5.1,-12.3
26158.260373,-16.5,999.0,-5.1,-12.2
26168.304889,-16.5,999.0,-5.1,-12.2
26178.353,-16.6,999.0,-5.1,-12.2
26188.381027,-16.6,999.0,-5.1,-12.2
26198.401708,-16.6,999.0,-5.1,-12.2
26208.424861,-16.5,999.0,-5.1,-12.2
26218.442526,-16.4,999.0,-5.1,-12.2
26228.471949,-16.4,999.0,-5.1,-12.2
26238.50954,-16.4,999.0,-5.1,-12.1
26248.524877,-16.4,999.0,-5.1,-12.1
26258.556038,-16.4,999.0,-5.0,-12.1
26268.599648,-16.4,999.0,-5.1,-12.1
26278.641216,-16.4,999.0,-5.0,-12.1
26288.678419,-16.4,999.0,-5.1,-12.1
26298.709357,-16.4,999.0,-5.1,-12.1
26308.728408,-16.4,999.0,-5.0,-12.1
26318.73032,-16.4,999.0,-5.1,-12.1
26328.768896,-16.4,999.0,-5.1,-12.1
26338.799194,-16.4,999.0,-5.1,-12.1
26348.817997,-16.4,999.0,-5.1,-12.1
26358.855203,-16.4,999.0,-5.1,-12.1
26368.870323,-16.4,999.0,-5.1,-12.1
26378.917499,-16.3,999.0,-5.1,-12.0
26388.956376,-16.3,999.0,-5.0,-12.1
26399.001544,-16.3,999.0,-5.0,-12.1
26409.00497,-16.4,999.0,-5.0,-12.0
26419.049075,-16.3,999.0,-5.0,-12.0
26429.091166,-16.3,999.0,-5.0,-12.0
26439.110827,-16.3,999.0,-5.1,-12.0
26449.149883,-16.3,999.0,-5.0,-12.0
26459.17437,-16.3,999.0,-5.0,-12.0
26469.182137,-16.3,999.0,-5.0,-12.0
26479.221071,-16.3,999.0,-5.0,-12.0
26489.243622,-16.3,999.0,-5.1,-11.9
26499.253177,-16.3,999.0,-5.0,-11.9
26509.292879,-16.3,999.0,-5.1,-11.9
26519.315662,-16.3,999.0,-5.0,-11.9
26529.345934,-16.2,999.0,-5.0,-11.9
26539.356407,-16.3,999.0,-5.0,-11.9
26549.391215,-16.3,999.0,-5.0,-11.8
26559.434551,-16.3,999.0,-5.0,-11.8
26569.466706,-16.3,999.0,-5.0,-11.9
26579.511371,-16.2,999.0,-5.0,-11.8
26589.550643,-16.2,999.0,-5.0,-11.8
26599.585161,-16.2,999.0,-5.0,-11.8
26609.614981,-16.2,999.0,-5.0,-11.8
26619.620584,-16.2,999.0,-5.0,-11.8
26629.672976,-16.2,999.0,-5.0,-11.8
26639.689922,-16.1,999.0,-5.0,-11.8
26649.730084,-16.1,999.0,-5.0,-11.8
26659.775172,-16.1,999.0,-5.0,-11.8
26669.804469,-16.2,999.0,-5.0,-11.8
26679.844371,-16.1,999.0,-5.0,-11.7
26689.855654,-16.1,999.0,-5.0,-11.8
26699.882513,-16.1,999.0,-5.0,-11.7
26709.917286,-16.1,999.0,-5.0,-11.7
26719.939583,-16.1,999.0,-5.0,-11.7
26729.994588,-16.1,999.0,-5.0,-11.8
26740.019275,-16.1,999.0,-5.0,-11.7
26750.026602,-16.1,999.0,-5.0,-11.7
26760.066367,-16.1,999.0,-5.0,-11.7
26770.103979,-16.0,999.0,-5.0,-11.7
26780.148391,-16.0,999.0,-5.0,-11.7
26790.156149,-16.1,999.0,-5.0,-11.6
26800.174464,-16.0,999.0,-4.9,-11.6
26810.186093,-16.0,999.0,-5.0,-11.6
26820.223637,-16.0,999.0,-5.0,-11.6
26830.250124,-16.0,999.0,-5.0,-11.6
26840.253319,-16.0,999.0,-5.0,-11.6
26850.29382,-16.0,999.0,-5.0,-11.6
26860.315272,-15.9,999.0,-5.0,-11.6
26870.353799,-16.0,999.0,-5.0,-11.6
26880.389395,-15.9,999.0,-5.0,-11.5
26890.39923,-15.9,999.0,-5.0,-11.5
26900.435544,-15.9,999.0,-5.0,-11.5
26910.469196,-15.9,999.0,-4.9,-11.5
26920.498421,-15.9,999.0,-5.0,-11.5
26930.516468,-15.9,999.0,-5.0,-11.5
26940.555533,-15.9,999.0,-5.0,-11.5
26950.573179,-15.9,999.0,-5.0,-11.5
26960.627738,-15.9,999.0,-5.0,-11.5
26970.648738,-15.8,999.0,-5.0,-11.5
26980.701257,-15.8,999.0,-4.9,-11.4
26990.702892,-15.8,999.0,-4.9,-11.5
27000.733643,-15.8,999.0,-4.9,-11.4
27010.786588,-15.8,999.0,-5.0,-11.4
27020.814296,-15.8,999.0,-4.9,-11.4
27030.847268,-15.8,999.0,-4.9,-11.4
27040.868905,-15.8,999.0,-4.9,-11.5
27050.905011,-15.8,999.0,-4.9,-11.4
27060.92935,-15.8,999.0,-4.9,-11.4
27070.94883,-15.8,999.0,-5.0,-11.4
27080.992644,-15.8,999.0,-4.9,-11.4
27091.034749,-15.8,999.0,-4.9,-11.4
27101.058713,-15.7,999.0,-4.9,-11.4
27111.098833,-15.7,999.0,-4.9,-11.4
27121.138442,-15.8,999.0,-4.9,-11.4
27131.170852,-15.7,999.0,-4.9,-11.4
27141.199595,-15.7,999.0,-4.9,-11.4
27151.240156,-15.7,999.0,-4.9,-11.3
27161.26851,-15.7,999.0,-4.9,-11.3
27171.29277,-15.6,999.0,-4.9,-11.3
27181.347616,-15.6,999.0,-4.9,-11.3
27191.373615,-15.6,999.0,-4.9,-11.3
27201.41233,-15.6,999.0,-4.9,-11.3
27211.461426,-15.6,999.0,-4.9,-11.2
27221.51163,-15.5,999.0,-4.9,-11.2
27231.535941,-15.6,999.0,-4.9,-11.2
27241.586086,-15.6,999.0,-4.9,-11.2
27251.604844,-15.6,999.0,-4.9,-11.2
27261.63732,-15.5,999.0,-4.9,-11.2
27271.645546,-15.6,999.0,-4.9,-11.2
27281.675046,-15.5,999.0,-4.9,-11.2
27291.707531,-15.5,999.0,-4.9,-11.2
27301.731554,-15.5,999.0,-4.9,-11.2
27311.773715,-15.5,999.0,-4.9,-11.2
27321.812178,-15.5,999.0,-4.9,-11.2
27331.835262,-15.5,999.0,-4.9,-11.2
27341.862577,-15.5,999.0,-4.9,-11.2
27351.903758,-15.4,999.0,-4.8,-11.2
27361.913336,-15.4,999.0,-4.9,-11.2
27371.935253,-15.4,999.0,-4.9,-11.1
27381.989817,-15.4,999.0,-4.9,-11.2
27392.014831,-15.3,999.0,-4.9,-11.2
27402.046182,-15.3,999.0,-4.9,-11.2
27412.071404,-15.3,999.0,-4.9,-11.2
27422.096747,-15.3,999.0,-4.9,-11.1
27432.134842,-15.3,999.0,-4.9,-11.1
27442.19003,-15.3,999.0,-4.8,-11.1
27452.227167,-15.3,999.0,-4.9,-11.1
27462.270806,-15.2,999.0,-4.9,-11.1
27472.295506,-15.2,999.0,-4.8,-11.1
27482.339237,-15.2,999.0,-4.9,-11.1
27492.395852,-15.2,999.0,-4.8,-11.1
27502.434603,-15.2,999.0,-4.8,-11.1
27512.444019,-15.2,999.0,-4.8,-11.1
27522.468342,-15.2,999.0,-4.8,-11.0
27532.505808,-15.1,999.0,-4.8,-11.0
27542.511821,-15.2,999.0,-4.6,-11.0
27552.53628,-15.1,999.0,-4.8,-11.0
27562.562689,-15.1,999.0,-4.8,-11.0
27572.602233,-15.0,999.0,-4.8,-11.0
27582.62792,-15.0,999.0,-4.8,-11.0
27592.65383,-15.0,999.0,-4.8,-11.0
27602.678529,-15.0,999.0,-4.8,-10.9
27612.719677,-15.0,999.0,-4.8,-11.0
27622.724346,-15.0,999.0,-4.8,-10.9
27632.77384,-15.0,999.0,-4.8,-10.9
27642.80916,-14.9,999.0,-4.8,-10.9
27652.852601,-14.9,999.0,-4.8,-10.9
27662.855553,-14.9,999.0,-4.8,-10.9
27672.896269,-14.9,999.0,-4.8,-10.9
27682.92007,-14.9,999.0,-4.8,-10.9
27692.954732,-14.9,999.0,-4.8,-10.9
27702.969794,-14.8,999.0,-4.8,-10.9
27712.997604,-14.9,999.0,-4.8,-10.9
27723.023834,-14.8,999.0,-4.8,-10.9
27733.027425,-14.8,999.0,-4.8,-10.9
27743.053877,-14.8,999.0,-4.8,-10.9
27753.094956,-14.7,999.0,-4.8,-10.9
27763.124688,-14.8,999.0,-4.8,-10.9
27773.12654,-14.7,999.0,-4.8,-10.9
27783.16518,-14.7,999.0,-4.8,-10.8
27793.190606,-14.7,999.0,-4.8,-10.9
27803.19844,-14.7,999.0,-4.8,-10.9
27813.220092,-14.6,999.0,-4.5,-10.9
27823.267065,-14.6,999.0,-4.8,-10.8
27833.270527,-14.6,999.0,-4.8,-10.8
27843.297827,-14.5,999.0,-4.8,-10.9
27853.325065,-14.5,999.0,-4.8,-10.8
27863.368886,-14.5,999.0,-4.8,-10.8
27873.393086,-14.5,999.0,-4.6,-10.8
27883.441159,-14.5,999.0,-4.8,-10.8
27893.469427,-14.5,999.0,-4.8,-10.8
27903.50831,-14.5,999.0,-4.7,-10.8
27913.519904,-14.4,999.0,-4.5,-10.8
27923.555119,-14.2,999.0,-4.8,-10.8
27933.597417,-14.4,999.0,-4.8,-10.8
27943.619497,-14.2,999.0,-4.8,-10.7
27953.656853,-14.2,999.0,-4.8,-10.8
27963.682862,-14.2,999.0,-4.8,-10.7
27973.706576,-14.4,999.0,-4.7,-10.8
27983.75336,-14.1,999.0,-4.7,-10.7
27993.807388,-14.0,999.0,-4.7,-10.7
28003.832426,-14.0,999.0,-4.8,-10.7
28013.856301,-14.0,999.0,-4.7,-10.7
28023.894475,-14.0,999.0,-4.7,-10.7
28033.924218,-14.0,999.0,-4.7,-10.7
28043.96665,-14.0,999.0,-4.7,-10.7
28053.992956,-14.0,999.0,-4.7,-10.7
28064.001271,-13.9,999.0,-4.8,-10.7
28074.041464,-13.9,999.0,-4.7,-10.6
28084.0654,-13.9,999.0,-4.7,-10.7
28094.090296,-13.8,999.0,-4.7,-10.7
28104.131527,-13.8,999.0,-4.7,-10.6
28114.175251,-13.8,999.0,-4.7,-10.6
28124.228717,-13.7,999.0,-4.7,-10.6
28134.254501,-13.7,999.0,-4.7,-10.6
28144.27378,-13.7,999.0,-4.7,-10.6
28154.284908,-13.7,999.0,-4.7,-10.6
28164.304669,-13.7,999.0,-4.7,-10.6
28174.330324,-13.6,999.0,-4.5,-10.6
28184.368193,-13.7,999.0,-4.7,-10.6
28194.393421,-13.6,999.0,-4.7,-10.6
28204.430274,-13.6,999.0,-4.7,-10.6
28214.454484,-13.5,999.0,-4.7,-10.6
28224.473907,-13.5,999.0,-4.8,-10.6
28234.494781,-13.4,999.0,-4.7,-10.6
28244.529296,-13.4,999.0,-4.4,-10.6
28254.551352,-13.4,999.0,-4.7,-10.6
28264.581704,-13.4,999.0,-4.5,-10.5
28274.631548,-13.4,999.0,-4.7,-10.6
28284.663666,-13.4,999.0,-4.7,-10.5
28294.700535,-13.3,999.0,-4.7,-10.5
28304.720538,-13.3,999.0,-4.7,-10.5
28314.7219,-13.2,999.0,-4.7,-10.5
28324.756319,-13.2,999.0,-4.6,-10.5
28334.768645,-13.1,999.0,-4.7,-10.5
28344.788929,-13.1,999.0,-4.6,-10.5
28354.814583,-13.1,999.0,-4.7,-10.5
28364.859266,-13.0,999.0,-4.5,-10.5
28374.875688,-13.0,999.0,-4.6,-10.5
28384.89361,-13.0,999.0,-4.7,-10.5
28394.945819,-13.0,999.0,-4.7,-10.5
28404.979164,-12.9,999.0,-4.6,-10.4
28415.024658,-13.0,999.0,-4.6,-10.5
28425.060303,-12.9,999.0,-4.7,-10.5
28435.08477,-12.9,999.0,-4.4,-10.4
28445.125215,-12.8,999.0,-4.7,-10.4
28455.156236,-12.8,999.0,-4.6,-10.4
28465.18459,-12.8,999.0,-4.6,-10.5
28475.206501,-12.7,999.0,-4.4,-10.4
28485.246686,-12.7,999.0,-4.4,-10.5
28495.285744,-12.6,999.0,-4.6,-10.4
28505.315199,-12.6,999.0,-4.4,-10.3
28515.317774,-12.6,999.0,-4.6,-10.3
28525.344765,-12.6,999.0,-4.6,-10.4
28535.364211,-12.5,999.0,-4.4,-10.3
28545.378799,-12.5,999.0,-4.4,-10.3
28555.396456,-12.5,999.0,-4.4,-10.3
28565.42425,-12.4,999.0,-4.4,-10.3
28575.427916,-12.4,999.0,-4.5,-10.3
28585.452854,-12.4,999.0,-4.5,-10.3
28595.475516,-12.3,999.0,-4.5,-10.3
28605.50075,-12.3,999.0,-4.5,-10.3
28615.524908,-12.2,999.0,-4.3,-10.3
28625.56757,-12.2,999.0,-4.3,-10.3
28635.591959,-12.2,999.0,-4.3,-10.3
28645.610125,-12.2,999.0,-4.3,-10.3
28655.634234,-12.2,999.0,-4.3,-10.3
28665.642722,-12.1,999.0,-4.5,-10.3
28675.676019,-12.0,999.0,-4.5,-10.3
28685.708621,-12.0,999.0,-4.5,-10.3
28695.710224,-12.0,999.0,-4.5,-10.3
28705.757412,-12.0,999.0,-4.3,-10.3
28715.825787,-11.9,999.0,-4.5,-10.3
28725.833671,-11.9,999.0,-4.3,-10.3
28735.85642,-11.9,999.0,-4.3,-10.3
28745.89509,-11.9,999.0,-4.3,-10.3
28755.902007,-11.8,999.0,-4.5,-10.3
28765.956587,-11.7,999.0,-4.3,-10.3
28775.971381,-11.6,999.0,-4.3,-10.3
28785.997851,-11.7,999.0,-4.5,-10.2
28796.00561,-11.6,999.0,-4.3,-10.3
28806.011225,-11.5,999.0,-4.3,-10.2
28816.048228,-11.6,999.0,-4.3,-10.3
28826.053973,-11.5,999.0,-4.5,-10.2
28836.09435,-11.5,999.0,-4.2,-10.3
28846.10011,-11.4,999.0,-4.2,-10.2
28856.12362,-11.4,999.0,-4.5,-10.2
28866.163671,-11.3,999.0,-4.2,-10.2
28876.19407,-11.3,999.0,-4.2,-10.2
28886.225586,-11.3,999.0,-4.2,-10.2
28896.245069,-11.3,999.0,-4.2,-10.2
28906.276731,-11.2,999.0,-4.2,-10.2
28916.30109,-11.2,999.0,-4.2,-10.1
28926.317474,-11.1,999.0,-4.2,-10.1
28936.337622,-11.1,999.0,-4.2,-10.1
28946.361948,-11.1,999.0,-4.2,-10.1
28956.387364,-11.0,999.0,-4.2,-10.1
28966.410559,-11.0,999.0,-4.2,-10.1
28976.473729,-10.9,999.0,-4.2,-10.1
28986.5284,-10.9,999.0,-4.2,-10.1
28996.552512,-10.8,999.0,-4.2,-10.1
29006.593698,-10.7,999.0,-4.2,-10.1
29016.621968,-10.7,999.0,-4.2,-10.1
29026.662453,-10.7,999.0,-4.2,-10.1
29036.701082,-10.7,999.0,-4.2,-10.1
29046.732277,-10.6,999.0,-4.2,-10.1
29056.741615,-10.6,999.0,-4.2,-10.1
29066.772868,-10.4,999.0,-4.2,-10.1
29076.809642,-10.4,999.0,-4.2,-10.1
29086.863758,-10.4,999.0,-4.2,-10.1
29096.872275,-10.4,999.0,-4.2,-10.1
29106.908736,-10.3,999.0,-4.2,-10.1
29116.914211,-10.3,999.0,-4.2,-10.1
29126.951145,-10.2,999.0,-4.2,-10.1
29136.973748,-10.1,999.0,-4.2,-10.0
29146.994256,-10.1,999.0,-4.2,-10.1
29157.022548,-10.1,999.0,-4.2,-10.0
29167.039935,-9.9,999.0,-4.2,-10.0
29177.067971,-9.7,999.0,-4.2,-10.0
29187.103157,-9.8,999.0,-4.2,-10.0
29197.430001,-10.0,999.0,-4.1,-10.0
29207.856033,-9.6,999.0,-4.2,-10.0
29217.897971,-9.6,999.0,-4.2,-10.0
29227.904774,-9.5,999.0,-4.1,-10.0
29237.943244,-9.5,999.0,-4.1,-10.0
29247.950256,-9.5,999.0,-4.1,-10.0
29257.974137,-9.4,999.0,-4.1,-10.0
29268.008271,-9.4,999.0,-4.1,-10.0
29278.036631,-9.2,999.0,-4.1,-10.0
29288.060635,-9.2,999.0,-4.1,-10.0
29298.098695,-9.2,999.0,-4.1,-10.0
29308.132789,-9.2,999.0,-4.0,-10.0
29318.175273,-9.1,999.0,-4.1,-9.9
29328.198728,-9.1,999.0,-4.1,-10.0
29338.209738,-9.0,999.0,-4.1,-10.0
29348.241893,-8.9,999.0,-4.1,-9.9
29358.250816,-8.9,999.0,-4.1,-9.9
29368.263158,-8.9,999.0,-4.1,-9.9
29378.295707,-8.8,999.0,-4.0,-9.9
29388.328603,-8.7,999.0,-4.0,-9.9
29398.374343,-8.6,999.0,-4.0,-9.9
29408.380732,-8.6,999.0,-4.0,-9.9
29418.424662,-8.6,999.0,-4.0,-9.8
29428.461962,-8.6,999.0,-4.0,-9.9
29438.49002,-8.5,999.0,-4.0,-9.8
29448.525478,-8.4,999.0,-4.0,-9.8
29458.555765,-8.3,999.0,-4.0,-9.8
29468.590768,-8.3,999.0,-4.0,-9.8
29478.619892,-8.3,999.0,-4.0,-9.8
29488.621789,-8.2,999.0,-4.0,-9.8
29498.660311,-8.2,999.0,-4.1,-9.8
29508.669718,-8.1,999.0,-4.0,-9.8
29518.694324,-8.0,999.0,-4.0,-9.8
29528.749976,-8.0,999.0,-4.0,-9.8
29538.770991,-7.9,999.0,-4.0,-9.8
29548.80818,-7.9,999.0,-4.0,-9.8
29558.829626,-7.8,999.0,-4.0,-9.7
29568.867125,-7.8,999.0,-4.0,-9.8
29578.902951,-7.7,999.0,-4.0,-9.8
29588.92694,-7.7,999.0,-4.0,-9.8
29598.979167,-7.6,999.0,-4.0,-9.8
29608.987324,-7.6,999.0,-4.0,-9.8
29619.04121,-7.5,999.0,-4.0,-9.8
29629.048553,-7.5,999.0,-4.0,-9.8
29639.072011,-7.4,999.0,-4.0,-9.7
29649.114166,-7.4,999.0,-4.0,-9.7
29659.137108,-7.4,999.0,-4.0,-9.7
29669.143914,-7.2,999.0,-4.0,-9.7
29679.183928,-7.3,999.0,-4.0,-9.7
29689.210131,-7.2,999.0,-4.0,-9.7
29699.215571,-7.1,999.0,-4.0,-9.7
29709.270168,-7.1,999.0,-4.0,-9.7
29719.276359,-7.0,999.0,-4.0,-9.7
29729.314304,-7.0,999.0,-4.0,-9.7
29739.35126,-6.9,999.0,-4.0,-9.6
29749.374887,-6.9,999.0,-4.0,-9.6
29759.413156,-6.8,999.0,-3.9,-9.6
29769.442894,-6.8,999.0,-4.0,-9.6
29779.45944,-6.7,999.0,-3.9,-9.6
29789.483064,-6.6,999.0,-3.9,-9.6
29799.511932,-6.6,999.0,-3.9,-9.6
29809.550087,-6.6,999.0,-3.9,-9.6
29819.575048,-6.5,999.0,-3.9,-9.6
29829.612809,-6.5,999.0,-3.9,-9.6
29839.622682,-6.4,999.0,-3.9,-9.6
29849.661824,-6.3,999.0,-3.9,-9.5
29859.685502,-6.2,999.0,-3.9,-9.5
29869.695162,-6.2,999.0,-4.0,-9.5
29879.719178,-6.1,999.0,-3.9,-9.5
29889.789944,-6.1,999.0,-3.9,-9.5
29899.796674,-6.1,999.0,-3.9,-9.5
29909.837655,-6.0,999.0,-3.8,-9.5
29919.87653,-5.9,999.0,-3.9,-9.5
29929.885225,-5.9,999.0,-3.8,-9.5
29939.921248,-5.8,999.0,-3.9,-9.5
29949.95178,-5.5,999.0,-3.8,-9.5
29959.991568,-5.5,999.0,-3.8,-9.5
29970.008476,-5.4,999.0,-3.9,-9.5
29980.052783,-5.4,999.0,-3.9,-9.4
29990.076137,-5.3,999.0,-3.8,-9.4
30000.100046,-5.2,999.0,-3.8,-9.4
30010.107315,-5.2,999.0,-3.9,-9.4
30020.154615,-5.1,999.0,-3.8,-9.4
30030.183371,-5.1,999.0,-3.9,-9.5
30040.221857,-5.1,999.0,-3.8,-9.5
30050.229702,-5.0,999.0,-3.8,-9.4
30060.26813,-4.9,999.0,-3.8,-9.4
30070.282862,-4.9,999.0,-3.8,-9.4
30080.298819,-4.8,999.0,-3.8,-9.4
30090.337197,-4.7,999.0,-3.9,-9.5
30100.357733,-4.7,999.0,-3.9,-9.4
30110.394637,-4.6,999.0,-3.8,-9.4
30120.403579,-4.5,999.0,-3.9,-9.4
30130.428714,-4.4,999.0,-3.8,-9.3
30140.454798,-4.3,999.0,-3.8,-9.4
30150.493154,-4.3,999.0,-3.8,-9.3
30160.500318,-4.2,999.0,-3.9,-9.4
30170.539567,-4.1,999.0,-3.9,-9.3
30180.56485,-4.0,999.0,-3.8,-9.4
30190.582757,-3.8,999.0,-3.9,-9.0
30200.611619,-3.7,999.0,-3.9,-9.3
30210.637493,-3.6,999.0,-3.9,-9.3
30220.765143,-3.5,999.0,-3.8,-9.0
30230.7936,-3.4,999.0,-3.8,-9.2
30240.808318,-3.2,999.0,-3.8,-9.3
30250.847377,-3.0,999.0,-3.8,-9.3
30260.856743,-2.9,999.0,-3.8,-9.2
30270.901188,-2.6,999.0,-3.8,-9.0
30280.948359,-2.5,999.0,-3.8,-9.0
30290.97942,-2.3,999.0,-3.8,-9.3
30301.004005,-2.1,999.0,-3.8,-9.2
30311.028898,-2.0,999.0,-3.9,-9.2
30321.065743,-1.9,999.0,-3.9,-9.2
30331.11117,-1.7,999.0,-3.9,-9.2
30341.115162,-1.3,999.0,-3.9,-9.1
30351.157324,-1.2,999.0,-3.7,-8.9
30361.19146,-1.0,999.0,-3.8,-9.1
30371.229399,-0.9,999.0,-3.8,-8.9
30381.259339,-0.7,999.0,-3.8,-9.1
30391.261903,-0.6,999.0,-3.8,-9.1
30401.299879,-0.5,999.0,-3.9,-9.1
30411.360414,-0.3,999.0,-3.8,-9.1
30421.382646,-0.1,999.0,-3.8,-8.9
30431.420467,0.1,999.0,-3.9,-8.9
30441.445256,0.4,999.0,-3.8,-8.8
30451.452466,0.7,999.0,-3.8,-8.8
30461.477242,1.0,999.0,-3.8,-9.1
30471.52882,1.2,999.0,-3.8,-9.1
30481.562043,1.5,999.0,-3.8,-8.8
30491.566466,1.7,999.0,-3.8,-9.0
30501.604964,2.0,999.0,-3.8,-8.8
30511.629917,2.3,999.0,-3.8,-8.8
30521.656808,2.5,999.0,-3.8,-9.0
30531.691507,3.0,999.0,-3.8,-8.8
30541.698231,3.2,999.0,-3.8,-8.8
30551.73618,3.5,999.0,-3.7,-8.8
30561.760937,3.7,999.0,-3.8,-8.7
30571.766051,4.0,999.0,-3.8,-8.8
30581.821817,4.2,999.0,-3.8,-8.7
30591.849555,4.4,999.0,-3.8,-8.8
30601.864942,4.6,999.0,-3.8,-8.7
30611.89389,4.8,999.0,-3.8,-8.7
30621.916265,5.1,999.0,-3.8,-8.7
30631.93892,5.3,999.0,-3.8,-8.6
30641.978414,5.6,999.0,-3.7,-8.6
30651.9854,5.8,999.0,-3.8,-8.7
30662.008919,6.0,999.0,-3.7,-8.6
30672.04779,6.2,999.0,-3.8,-8.6
30682.056808,6.5,999.0,-3.8,-8.6
30692.094754,6.7,999.0,-3.8,-8.6
30702.131027,7.2,999.0,-3.7,-8.6
30712.178848,7.4,999.0,-3.7,-8.5
30722.223158,7.6,999.0,-3.7,-8.5
30732.256556,7.8,999.0,-3.8,-8.5
30742.285822,8.1,999.0,-3.8,-8.5
30752.313233,8.3,999.0,-3.7,-8.5
30762.333714,8.6,999.0,-3.7,-8.5
30772.374516,8.9,999.0,-3.7,-8.5
30782.415776,9.1,999.0,-3.7,-8.5
30792.437764,9.3,999.0,-3.8,-8.5
30802.462532,9.6,999.0,-3.7,-8.5
30812.48688,9.9,999.0,-3.7,-8.5
30822.516521,10.1,999.0,-3.7,-8.4
30832.534833,10.5,999.0,-3.7,-8.4
30842.572285,10.7,999.0,-3.7,-8.4
30852.597246,11.2,999.0,-3.7,-8.5
30862.632204,11.5,999.0,-3.7,-8.4
30872.648068,11.7,999.0,-3.7,-8.4
30882.686919,11.9,999.0,-3.7,-8.4
30892.713863,12.2,999.0,-3.7,-8.4
30902.721456,12.5,999.0,-3.7,-8.4
30912.760426,12.8,999.0,-3.7,-8.4
30922.787117,13.1,999.0,-3.7,-8.4
30932.808154,13.3,999.0,-3.7,-8.3
30942.834991,13.6,999.0,-3.7,-8.3
30952.873619,13.9,999.0,-3.7,-8.3
30962.881397,14.1,999.0,-3.7,-8.2
30972.905898,14.4,999.0,-3.7,-8.2
30982.946743,14.7,999.0,-3.6,-8.2
30992.964575,14.9,999.0,-3.7,-8.2
31003.00272,15.4,999.0,-3.7,-8.2
31013.01038,15.7,999.0,-3.7,-8.2
31023.034532,15.9,999.0,-3.7,-8.2
31033.07419,16.2,999.0,-3.7,-8.2
31043.080303,16.5,999.0,-3.7,-8.2
31053.115522,16.9,999.0,-3.6,-8.2
31063.142015,17.1,999.0,-3.7,-8.2
31073.166788,17.5,999.0,-3.7,-8.2
31083.201213,17.8,999.0,-3.6,-8.1
31093.233038,18.0,999.0,-3.6,-8.2
31103.269216,18.3,999.0,-3.7,-8.2
31113.293659,18.5,999.0,-3.6,-8.1
31123.344219,18.8,999.0,-3.6,-8.1
31133.37202,19.2,999.0,-3.6,-8.1
31143.395268,19.4,999.0,-3.6,-8.0
31153.435603,19.7,999.0,-3.6,-8.0
31163.458179,19.7,999.0,-3.6,-8.0
31173.49599,20.0,999.0,-3.6,-8.1
31183.513077,20.2,999.0,-3.7,-8.0
31193.543753,20.4,999.0,-3.6,-8.0
31203.597398,20.6,999.0,-3.6,-8.0
31213.626323,20.8,999.0,-3.6,-8.0
31223.629021,21.0,999.0,-3.6,-8.0
31233.673694,21.1,999.0,-3.6,-8.0
31243.747113,21.3,999.0,-3.6,-8.0
31253.775226,21.5,999.0,-3.6,-7.9
31263.792996,21.7,999.0,-3.6,-7.9
31273.820569,21.9,999.0,-3.6,-7.9
31283.855061,22.1,999.0,-3.6,-7.9
31293.860697,22.2,999.0,-3.5,-7.9
31303.900234,22.4,999.0,-3.5,-7.9
31313.943546,22.5,999.0,-3.5,-7.9
31323.962522,22.7,999.0,-3.5,-7.8
31333.98486,22.9,999.0,-3.5,-7.8
31343.994531,23.0,999.0,-3.5,-7.8
31354.024667,23.2,999.0,-3.5,-7.8
31364.076607,23.5,999.0,-3.5,-7.8
31374.091294,23.6,999.0,-3.5,-7.7
31384.108432,23.8,999.0,-3.5,-7.8
31394.146368,23.9,999.0,-3.5,-7.7
31404.192811,24.1,999.0,-3.5,-7.7
31414.200205,24.2,999.0,-3.5,-7.7
31424.224513,24.4,999.0,-3.5,-7.7
31434.264062,24.5,999.0,-3.4,-7.7
31444.286056,24.6,999.0,-3.5,-7.7
31454.30828,24.7,999.0,-3.5,-7.6
31464.346357,24.9,999.0,-3.5,-7.7
31474.351492,25.0,999.0,-3.5,-7.7
31484.389434,25.1,999.0,-3.5,-7.6
31494.421075,25.2,999.0,-3.4,-7.6
31504.436522,25.3,999.0,-3.5,-7.6
31514.472459,25.5,999.0,-3.4,-7.6
31524.479865,25.5,999.0,-3.4,-7.6
31534.521001,25.7,999.0,-3.4,-7.5
31544.544791,25.8,999.0,-3.4,-7.5
31554.551436,25.9,999.0,-3.4,-7.5
31564.589758,26.0,999.0,-3.4,-7.4
31574.595364,26.1,999.0,-3.4,-7.4
31584.634113,26.3,999.0,-3.4,-7.5
31594.658732,26.4,999.0,-3.4,-7.4
31604.720224,26.5,999.0,-3.4,-7.5
31614.757281,26.6,999.0,-3.4,-7.4
31624.79769,26.7,999.0,-3.4,-7.4
31634.818073,26.8,999.0,-3.4,-7.4
31644.843179,26.9,999.0,-3.4,-7.4
31654.881079,27.0,999.0,-3.4,-7.4
31664.88852,27.1,999.0,-3.4,-7.4
31674.912236,27.3,999.0,-3.4,-7.4
31684.95242,27.3,999.0,-3.4,-7.3
31694.960303,27.6,999.0,-3.4,-7.3
31704.968549,27.7,999.0,-3.3,-7.3
31715.021467,27.9,999.0,-3.4,-7.3
31725.028858,27.9,999.0,-3.4,-7.3
31735.063619,28.1,999.0,-3.3,-7.2
31745.095878,28.1,999.0,-3.3,-7.2
31755.11392,28.2,999.0,-3.3,-7.2
31765.169258,28.3,999.0,-3.3,-7.2
31775.17479,28.4,999.0,-3.3,-7.2
31785.228726,28.5,999.0,-3.3,-7.1
31795.233162,28.6,999.0,-3.3,-7.1
31805.258292,28.7,999.0,-3.3,-7.2
31815.298819,28.7,999.0,-3.3,-7.1
31825.303552,28.9,999.0,-3.3,-7.1
31835.326801,28.9,999.0,-3.2,-7.1
31845.365432,29.0,999.0,-3.3,-7.1
31855.383661,29.1,999.0,-3.2,-7.1
31865.450175,29.2,999.0,-3.3,-7.0
31875.501715,29.3,999.0,-3.3,-7.0
31885.527067,29.3,999.0,-3.2,-7.0
31895.534698,29.4,999.0,-3.2,-7.0
31905.57484,29.5,999.0,-3.2,-7.0
31915.598013,29.5,999.0,-3.2,-6.9
31925.624481,29.6,999.0,-3.2,-6.9
31935.633272,29.7,999.0,-3.2,-6.9
31945.674244,29.7,999.0,-3.2,-6.9
31955.680725,29.8,999.0,-3.2,-6.8
31965.688403,29.8,999.0,-3.2,-6.9
31975.727006,29.9,999.0,-3.2,-6.9
31985.742318,29.9,999.0,-3.2,-6.8
31995.758285,30.0,999.0,-3.2,-6.9
32005.798738,30.0,999.0,-3.2,-6.8
32015.820285,30.1,999.0,-3.1,-6.8
32025.853133,30.1,999.0,-3.2,-6.8
32035.861807,30.2,999.0,-3.2,-6.8
32045.899745,30.3,999.0,-3.2,-6.8
32055.902665,30.3,999.0,-3.2,-6.7
32065.933842,30.4,999.0,-3.2,-6.7
32075.941744,30.4,999.0,-3.2,-6.8
32085.981039,30.4,999.0,-3.1,-6.7
32096.003243,30.5,999.0,-3.1,-6.7
32106.046934,30.5,999.0,-3.1,-6.7
32116.078128,30.5,999.0,-3.1,-6.7
32126.088489,30.6,999.0,-3.1,-6.7
32136.126868,30.6,999.0,-3.1,-6.7
32146.151734,30.7,999.0,-3.1,-6.7
32156.159524,30.7,999.0,-3.0,-6.7
32166.195722,30.8,999.0,-3.1,-6.7
32176.204064,30.8,999.0,-3.1,-6.6
32186.211,30.8,999.0,-3.0,-6.6
32196.249749,30.8,999.0,-3.1,-6.6
32206.256838,30.9,999.0,-3.1,-6.5
32216.294849,30.9,999.0,-3.1,-6.5
32226.318858,30.9,999.0,-3.1,-6.5
32236.335031,30.9,999.0,-3.1,-6.5
32246.335443,30.9,999.0,-3.0,-6.4
32256.375844,31.0,999.0,-3.0,-6.4
32266.398603,31.0,999.0,-3.0,-6.4
32276.436316,31.0,999.0,-3.0,-6.4
32286.459292,31.0,999.0,-3.0,-6.4
32296.463855,31.1,999.0,-3.0,-6.4
32306.503168,31.1,999.0,-3.0,-6.4
32316.527538,31.1,999.0,-2.9,-6.4
32326.566694,31.1,999.0,-2.9,-6.4
32336.62424,31.1,999.0,-2.9,-6.4
32346.654412,31.1,999.0,-2.9,-6.3
32356.678634,31.1,999.0,-2.9,-6.3
32366.723317,31.1,999.0,-2.9,-6.3
32376.755549,31.1,999.0,-2.9,-6.3
32386.78139,31.2,999.0,-2.9,-6.2
32396.790627,31.3,999.0,-2.9,-6.2
32406.827522,31.2,999.0,-2.9,-6.2
32416.832992,31.2,999.0,-2.9,-6.2
32426.858773,31.2,999.0,-2.9,-6.1
32436.898201,31.2,999.0,-2.9,-6.1
32446.939258,31.4,999.0,-2.9,-6.1
32456.985882,31.4,999.0,-2.9,-6.1
32467.004672,31.2,999.0,-2.9,-6.1
32477.055976,31.4,999.0,-2.9,-6.1
32487.06572,31.3,999.0,-2.8,-6.1
32497.090835,31.2,999.0,-2.9,-6.1
32507.134045,31.3,999.0,-2.9,-6.1
32517.157684,31.3,999.0,-2.8,-6.0
32527.159823,31.2,999.0,-2.8,-6.0
32537.219122,31.4,999.0,-2.8,-6.0
32547.22823,31.5,999.0,-2.8,-5.9
32557.249874,31.4,999.0,-2.8,-5.9
32567.319062,31.4,999.0,-2.8,-6.0
32577.356855,31.5,999.0,-2.8,-6.0
32587.395367,31.5,999.0,-2.8,-5.9
32597.411929,31.5,999.0,-2.8,-5.9
32607.461145,31.3,999.0,-2.8,-5.9
32617.497803,31.3,999.0,-2.8,-5.8
32627.539024,31.5,999.0,-2.8,-5.8
32637.556594,31.3,999.0,-2.8,-5.8
32647.570672,31.5,999.0,-2.8,-5.8
32657.624951,31.3,999.0,-2.8,-5.8
32667.647742,31.3,999.0,-2.7,-5.8
32677.657016,31.5,999.0,-2.7,-5.7
32687.695411,31.5,999.0,-2.7,-5.7
32697.704152,31.4,999.0,-2.7,-5.6
32707.742568,31.5,999.0,-2.7,-5.7
32717.764497,31.5,999.0,-2.7,-5.6
32727.781425,31.5,999.0,-2.7,-5.6
32737.814127,31.5,999.0,-2.7,-5.7
32747.834896,31.5,999.0,-2.7,-5.6
32757.856837,31.5,999.0,-2.7,-5.6
32767.910403,31.5,999.0,-2.6,-5.6
32777.919687,31.6,999.0,-2.6,-5.5
32787.973188,31.5,999.0,-2.6,-5.5
32798.002466,31.5,999.0,-2.6,-5.6
32808.004328,31.6,999.0,-2.6,-5.5
32818.020667,31.4,999.0,-2.6,-5.4
32828.044168,31.5,999.0,-2.6,-5.4
32838.161212,31.6,999.0,-2.6,-5.4
32848.36729,31.5,999.0,-2.6,-5.4
32858.392425,31.6,999.0,-2.6,-5.4
32868.439465,31.4,999.0,-2.6,-5.4
32878.49295,31.6,999.0,-2.6,-5.3
32888.53031,31.6,999.0,-2.6,-5.3
32898.553533,31.7,999.0,-2.6,-5.3
32908.590112,31.7,999.0,-2.6,-5.3
32918.610497,31.7,999.0,-2.6,-5.3
32928.677119,31.7,999.0,-2.5,-5.3
32938.702288,31.7,999.0,-2.5,-5.3
32948.756352,31.7,999.0,-2.5,-5.2
32958.816434,31.7,999.0,-2.5,-5.2
32968.851323,31.7,999.0,-2.5,-5.2
32978.889543,31.7,999.0,-2.5,-5.1
32988.914306,31.7,999.0,-2.5,-4.9
32998.944416,31.7,999.0,-2.5,-5.1
33008.96179,31.7,999.0,-2.4,-5.1
33018.990455,31.7,999.0,-2.5,-5.1
33028.99275,31.7,999.0,-2.5,-5.0
33039.020822,31.7,999.0,-2.4,-5.0
33049.057337,31.7,999.0,-2.4,-5.0
33059.087142,31.7,999.0,-2.5,-4.8
33069.143906,31.7,999.0,-2.4,-5.0
33079.189808,31.7,999.0,-2.4,-4.9
33089.224362,31.7,999.0,-2.4,-4.9
33099.269045,31.7,999.0,-2.4,-4.7
33109.305924,31.7,999.0,-2.4,-4.6
33119.331334,31.7,999.0,-2.4,-4.8
33129.371357,31.7,999.0,-2.4,-4.6
33139.408848,31.8,999.0,-2.4,-4.6
33149.432657,31.8,999.0,-2.4,-4.6
33159.490436,31.7,999.0,-2.4,-4.6
33169.511007,31.7,999.0,-2.3,-4.5
33179.551115,31.7,999.0,-2.3,-4.5
33189.594912,31.7,999.0,-2.4,-4.6
33199.619034,31.8,999.0,-2.3,-4.5
33209.656846,31.8,999.0,-2.3,-4.5
33219.695454,31.8,999.0,-2.3,-4.5
33229.718722,31.8,999.0,-2.3,-4.5
33239.739934,31.8,999.0,-2.3,-4.4
33249.782976,31.8,999.0,-2.3,-4.4
33259.817234,31.8,999.0,-2.2,-4.3
33269.842066,31.8,999.0,-2.3,-4.3
33279.883002,31.8,999.0,-2.2,-4.3
33289.891011,31.8,999.0,-2.2,-4.3
33299.90089,31.8,999.0,-2.2,-4.3
33309.933535,31.8,999.0,-2.2,-4.3
33319.996084,31.8,999.0,-2.2,-4.3
33330.005009,31.9,999.0,-2.1,-4.3
33340.029549,31.8,999.0,-2.1,-4.2
33350.068953,31.8,999.0,-2.2,-4.2
33360.100539,31.9,999.0,-2.2,-4.2
33370.139981,31.9,999.0,-2.1,-4.2
33380.1744,31.8,999.0,-2.1,-4.1
33390.189316,31.8,999.0,-2.1,-4.1
33400.229595,31.8,999.0,-2.1,-4.1
33410.259066,31.9,999.0,-2.1,-4.0
33420.265581,31.9,999.0,-2.1,-4.0
33430.273825,31.8,999.0,-2.0,-4.0
33440.328846,31.9,999.0,-2.1,-4.0
33450.354719,31.8,999.0,-2.0,-4.0
33460.37851,31.8,999.0,-2.0,-4.0
33470.403815,31.9,999.0,-2.0,-4.0
33480.460624,31.9,999.0,-2.0,-4.0
33490.465944,31.9,999.0,-2.0,-4.0
33500.516218,31.8,999.0,-2.0,-3.9
33510.535984,31.9,999.0,-2.0,-3.8
33520.596802,31.9,999.0,-2.0,-3.8
33530.666658,31.9,999.0,-1.9,-3.8
33540.689134,31.9,999.0,-1.9,-3.8
33550.721629,31.9,999.0,-1.9,-3.8
33560.765979,31.9,999.0,-1.9,-3.8
33570.811994,31.9,999.0,-1.9,-3.7
33580.834333,31.9,999.0,-1.9,-3.7
33590.887059,31.9,999.0,-1.9,-3.8
33600.920969,31.9,999.0,-1.9,-3.7
33610.947552,31.9,999.0,-1.8,-3.7
33620.955593,31.9,999.0,-1.8,-3.6
33631.00138,31.9,999.0,-1.8,-3.6
33641.021301,31.9,999.0,-1.8,-3.6
33651.029909,31.9,999.0,-1.8,-3.6
33661.032087,31.9,999.0,-1.8,-3.5
33671.072134,31.9,999.0,-1.8,-3.6
33681.093573,31.9,999.0,-1.8,-3.5
33691.120273,31.9,999.0,-1.7,-3.6
33701.157618,31.9,999.0,-1.8,-3.5
33711.164299,31.9,999.0,-1.7,-3.5
33721.218493,31.9,999.0,-1.7,-3.5
33731.258909,31.9,999.0,-1.7,-3.4
33741.279843,31.9,999.0,-1.7,-3.4
33751.327634,31.9,999.0,-1.6,-3.4
33761.394361,31.9,999.0,-1.6,-3.4
33771.401091,31.9,999.0,-1.6,-3.3
33781.42632,31.9,999.0,-1.6,-3.3
33791.44462,31.9,999.0,-1.6,-3.2
33801.497387,31.9,999.0,-1.6,-3.3
33811.52215,31.9,999.0,-1.6,-3.3
33821.546755,31.9,999.0,-1.5,-3.3
33831.585031,31.9,999.0,-1.5,-3.2
33841.624674,31.9,999.0,-1.5,-3.2
33851.634937,31.9,999.0,-1.5,-3.2
33861.681818,31.9,999.0,-1.5,-3.1
33871.717423,31.9,999.0,-1.5,-3.1
33881.741586,31.9,999.0,-1.5,-3.1
33891.763561,31.9,999.0,-1.4,-3.1
33901.816259,31.9,999.0,-1.4,-3.0
33911.825193,31.9,999.0,-1.4,-3.0
33921.861626,32.0,999.0,-1.4,-3.0
33931.906352,31.9,999.0,-1.4,-3.0
33941.922162,32.0,999.0,-1.4,-3.0
33951.960704,32.0,999.0,-1.3,-2.9
33961.987565,32.0,999.0,-1.3,-3.0
33971.994985,32.0,999.0,-1.3,-2.9
33982.01588,32.0,999.0,-1.3,-2.9
33992.023541,32.0,999.0,-1.3,-2.9
34002.075799,32.0,999.0,-1.3,-2.8
34012.097994,32.1,999.0,-1.2,-2.9
34022.105201,32.0,999.0,-1.3,-2.8
34032.121065,32.0,999.0,-1.2,-2.8
34042.188272,32.0,999.0,-1.2,-2.8
34052.236483,32.0,999.0,-1.1,-2.7
34062.269709,32.0,999.0,-1.1,-2.7
34072.30994,32.0,999.0,-1.1,-2.7
34082.33017,32.0,999.0,-1.1,-2.7
34092.36698,32.0,999.0,-1.1,-2.7
34102.392725,32.0,999.0,-1.1,-2.6
34112.424046,32.0,999.0,-1.0,-2.6
34122.454198,32.1,999.0,-1.1,-2.6
34132.478869,32.0,999.0,-1.1,-2.6
34142.486228,32.1,999.0,-1.0,-2.5
34152.524177,32.0,999.0,-1.0,-2.5
34162.563211,32.1,999.0,-1.0,-2.5
34172.583513,32.0,999.0,-1.0,-2.5
34182.612284,32.0,999.0,-0.9,-2.4
34192.633311,32.1,999.0,-0.9,-2.4
34202.639537,32.1,999.0,-0.9,-2.4
34212.679493,32.1,999.0,-0.8,-2.3
34222.688436,32.1,999.0,-0.8,-2.3
34232.696156,32.1,999.0,-0.8,-2.3
34242.734012,32.1,999.0,-0.8,-2.3
34252.755889,32.1,999.0,-0.8,-2.3
34262.791837,32.1,999.0,-0.8,-2.3
34272.819973,32.1,999.0,-0.8,-2.3
34282.84066,32.2,999.0,-0.7,-2.2
34292.880476,32.1,999.0,-0.7,-2.2
34302.908814,32.2,999.0,-0.7,-2.2
34312.945925,32.2,999.0,-0.7,-2.1
34322.969898,32.2,999.0,-0.6,-2.1
34333.008678,32.2,999.0,-0.6,-2.1
34343.015557,32.2,999.0,-0.6,-2.0
34353.023915,32.2,999.0,-0.5,-2.0
34363.059638,32.2,999.0,-0.6,-2.0
34373.098955,32.2,999.0,-0.5,-2.0
34383.140326,32.2,999.0,-0.3,-1.9
34393.158522,32.2,999.0,-0.5,-1.9
34403.19892,32.2,999.0,-0.2,-1.9
34413.236652,32.2,999.0,-0.4,-1.9
34423.300002,32.2,999.0,-0.4,-1.8
34433.329413,32.2,999.0,-0.1,-1.8
34443.362288,32.2,999.0,0.0,-1.8
34453.388061,32.2,999.0,0.0,-1.7
34463.428274,32.2,999.0,0.0,-1.8
34473.452161,32.2,999.0,0.1,-1.7
34483.49278,32.2,999.0,0.1,-1.7
34493.517291,32.2,999.0,0.1,-1.7
34503.552853,32.2,999.0,0.1,-1.6
34513.602673,32.2,999.0,0.3,-1.6
34523.671674,32.2,999.0,0.4,-1.5
34533.679047,32.2,999.0,0.6,-1.5
34543.690807,32.2,999.0,0.6,-1.5
34553.727315,32.2,999.0,0.7,-1.5
34563.750964,32.2,999.0,0.8,-1.4
34573.77016,32.2,999.0,0.8,-1.4
34583.802741,32.3,999.0,0.8,-1.4
34593.851251,32.3,999.0,0.9,-1.4
34603.902582,32.3,999.0,0.9,-1.4
34613.932398,32.3,999.0,1.0,-1.2
34623.962121,32.3,999.0,1.1,-1.2
34633.96649,32.3,999.0,1.1,-1.2
34644.007504,32.3,999.0,1.2,-1.2
34654.060971,32.3,999.0,1.2,-1.2
34664.067709,32.3,999.0,1.3,-1.2
34674.091548,32.2,999.0,1.3,-1.2
34684.129257,32.3,999.0,1.3,-1.1
34694.136282,32.3,999.0,1.4,-1.0
34704.171932,32.3,999.0,1.4,-1.0
34714.205888,32.3,999.0,1.4,-1.0
34724.224345,32.3,999.0,1.5,-0.9
34734.262755,32.3,999.0,1.5,-0.9
34744.29112,32.4,999.0,1.6,-0.9
34754.297043,32.4,999.0,1.6,-0.7
34764.316336,32.4,999.0,1.6,-0.8
34774.344645,32.4,999.0,1.7,-0.8
34784.351258,32.4,999.0,1.7,-0.6
34794.387399,32.4,999.0,1.8,-0.8
34804.427223,32.4,999.0,1.8,-0.7
34814.461249,32.4,999.0,1.9,-0.7
34824.491157,32.4,999.0,1.9,-0.5
34834.536819,32.4,999.0,1.9,-0.5
34844.567449,32.4,999.0,2.0,-0.4
34854.616001,32.4,999.0,2.0,-0.4
34864.653278,32.4,999.0,2.1,-0.3
34874.661234,32.4,999.0,2.2,-0.3
34884.678363,32.5,999.0,2.2,-0.3
34894.680661,32.4,999.0,2.3,-0.2
34904.707255,32.4,999.0,2.3,-0.2
34914.746371,32.5,999.0,2.3,-0.2
34924.775205,32.5,999.0,2.4,-0.1
34934.780161,32.5,999.0,2.4,-0.1
34944.815755,32.5,999.0,2.5,-0.1
34954.834358,32.5,999.0,2.5,0.0
34964.848747,32.5,999.0,2.6,0.0
34974.887048,32.5,999.0,2.6,0.0
34984.895887,32.5,999.0,2.7,0.0
34994.934046,32.5,999.0,2.7,0.1
35004.962075,32.6,999.0,2.7,0.0
35014.99985,32.6,999.0,2.8,0.1
35025.023385,32.6,999.0,2.8,0.2
35035.078475,32.6,999.0,2.9,0.3
35045.086298,32.6,999.0,2.9,0.3
35055.121152,32.6,999.0,3.0,0.3
35065.159509,32.6,999.0,3.0,0.4
35075.19561,32.6,999.0,3.0,0.4
35085.210303,32.6,999.0,3.1,0.4
35095.228734,32.6,999.0,3.2,0.5
35105.290098,32.6,999.0,3.2,0.5
35115.342557,32.6,999.0,3.2,0.6
35125.349517,32.6,999.0,3.3,0.6
35135.374519,32.7,999.0,3.3,0.7
35145.40041,32.7,999.0,3.4,0.8
35155.435981,32.6,999.0,3.5,0.7
35165.460538,32.7,999.0,3.5,0.8
35175.501171,32.7,999.0,3.5,0.9
35185.52463,32.7,999.0,3.5,1.0
35195.533884,32.7,999.0,3.7,1.0
35205.575906,32.7,999.0,3.7,1.0
35215.610926,32.8,999.0,3.7,1.1
35225.662412,32.7,999.0,3.7,1.1
35235.676587,32.7,999.0,4.0,1.2
35245.711285,32.7,999.0,3.8,1.2
35255.725224,32.7,999.0,4.1,1.3
35265.760952,32.8,999.0,3.9,1.3
35275.790697,32.8,999.0,4.0,1.4
35285.795295,32.8,999.0,4.3,1.5
35295.819649,32.8,999.0,4.3,1.6
35305.858594,32.8,999.0,4.3,1.6
35315.888151,32.8,999.0,4.4,1.7
35325.889482,32.8,999.0,4.5,1.8
35335.92533,32.9,999.0,4.5,1.8
35345.937032,32.9,999.0,4.5,2.0
35355.945312,32.8,999.0,4.6,2.1
35365.982603,32.8,999.0,4.7,2.3
35375.991443,32.9,999.0,4.7,2.5
35385.997595,32.9,999.0,4.7,2.6
35396.033611,32.9,999.0,4.8,2.7
35406.07643,32.9,999.0,4.9,2.9
35416.114425,33.0,999.0,4.9,3.1
35426.137852,33.0,999.0,5.0,3.2
35436.144529,33.0,999.0,5.0,3.3
35446.185744,33.0,999.0,5.1,3.3
35456.21456,33.0,999.0,5.1,3.4
35466.26251,33.0,999.0,5.2,3.4
35476.309173,33.1,999.0,5.2,3.5
35486.359906,33.0,999.0,5.3,3.7
35496.390275,33.0,999.0,5.4,3.8
35506.397301,33.0,999.0,5.5,3.9
35516.451843,33.0,999.0,5.5,3.9
35526.475592,33.0,999.0,5.5,4.0
35536.483296,33.1,999.0,5.6,4.1
35546.521218,33.1,999.0,5.7,4.2
35556.545067,33.1,999.0,5.7,4.2
35566.568867,33.1,999.0,5.8,4.3
35576.599559,33.2,999.0,5.9,4.4
35586.635003,33.1,999.0,5.9,4.4
35596.639673,33.2,999.0,6.0,4.6
35606.675076,33.2,999.0,6.0,4.7
35616.677974,33.2,999.0,6.1,4.7
35626.717203,33.2,999.0,6.2,4.8
35636.76608,33.2,999.0,6.2,5.0
35646.785496,33.2,999.0,6.2,5.1
35656.809136,33.2,999.0,6.3,5.2
35666.852588,33.3,999.0,6.4,5.3
35676.855802,33.2,999.0,6.5,5.3
35686.880587,33.3,999.0,6.5,5.5
35696.922074,33.3,999.0,6.5,5.6
35706.936511,33.3,999.0,6.6,5.7
35716.951569,33.3,999.0,6.7,5.8
35726.989464,33.4,999.0,6.7,6.0
35736.999119,33.4,999.0,6.8,6.1
35747.005518,33.4,999.0,6.9,6.2
35757.027693,33.4,999.0,6.9,6.3
35767.036064,33.4,999.0,7.0,6.5
35777.090211,33.4,999.0,7.0,6.5
35787.097959,33.4,999.0,7.1,6.7
35797.120112,33.4,999.0,7.1,6.8
35807.159579,33.5,999.0,7.2,6.9
35817.180385,33.5,999.0,7.3,7.0
35827.206191,33.5,999.0,7.4,7.2
35837.244242,33.5,999.0,7.5,7.3
35847.268374,33.5,999.0,7.5,7.4
35857.275344,33.5,999.0,7.6,7.5
35867.329017,33.5,999.0,7.7,7.7
35877.35089,33.5,999.0,7.8,8.0
35887.387604,33.6,999.0,7.8,8.1
35897.420024,33.6,999.0,8.1,8.2
35907.435442,33.6,999.0,8.0,8.3
35917.490298,33.6,999.0,8.3,8.5
35927.519484,33.6,999.0,8.4,8.6
35937.525039,33.6,999.0,8.4,8.7
35947.559705,33.6,999.0,8.5,8.8
35957.59046,33.6,999.0,8.5,9.0
35967.613844,33.7,999.0,8.7,9.0
35977.666961,33.7,999.0,8.7,9.2
35987.690856,33.7,999.0,8.8,9.2
35997.697176,33.7,999.0,8.9,9.4
36007.721705,33.8,999.0,8.9,9.5
36017.728927,33.8,999.0,9.0,9.6
36027.744948,33.8,999.0,9.0,9.7
36037.777575,33.8,999.0,9.1,9.8
36047.830996,33.8,999.0,9.2,9.9
36057.871926,33.8,999.0,9.2,10.1
36067.905152,33.9,999.0,9.3,10.2
36077.938917,33.9,999.0,9.4,10.2
36087.958368,33.9,999.0,9.4,10.3
36097.995688,33.9,999.0,9.4,10.5
36108.020171,34.0,999.0,9.5,10.5
36118.080731,34.0,999.0,9.5,10.6
36128.14013,34.0,999.0,9.6,10.8
36138.186456,34.0,999.0,9.7,10.9
36148.231624,34.0,999.0,9.7,11.0
36158.275532,34.0,999.0,9.7,11.1
36168.283697,34.0,999.0,9.8,11.1
36178.307896,34.0,999.0,9.8,11.2
36188.308344,34.1,999.0,9.9,11.3
36198.347947,34.1,999.0,9.9,11.4
36208.378668,34.1,999.0,10.0,11.6
36218.403337,34.1,999.0,10.0,11.9
36228.470027,34.1,999.0,10.1,11.8
36238.521106,34.1,999.0,10.1,12.0
36248.553946,34.1,999.0,10.1,12.1
36258.564012,34.1,999.0,10.2,12.3
36268.582783,34.2,999.0,10.3,12.4
36278.597752,34.2,999.0,10.3,12.5
36288.618411,34.2,999.0,10.4,12.6
36298.650307,34.3,999.0,10.4,12.8
36308.695394,34.2,999.0,10.5,12.8
36318.737633,34.2,999.0,10.5,13.0
36328.799638,34.2,999.0,10.6,13.0
36338.824914,34.3,999.0,10.6,13.2
36348.84932,34.3,999.0,10.7,13.2
36358.865388,34.3,999.0,10.7,13.4
36368.916916,34.4,999.0,10.8,13.5
36378.964928,34.3,999.0,10.8,13.6
36388.985234,34.3,999.0,10.8,13.7
36399.03832,34.4,999.0,10.9,13.8
36409.058915,34.4,999.0,11.0,13.9
36419.083859,34.4,999.0,11.1,14.0
36429.139242,34.4,999.0,11.1,14.2
36439.168154,34.4,999.0,11.1,14.2
36449.210555,34.5,999.0,11.2,14.4
36459.250307,34.5,999.0,11.2,14.5
36469.275291,34.5,999.0,11.3,14.6
36479.328704,34.5,999.0,11.3,14.6
36489.338588,34.5,999.0,11.4,14.8
36499.399999,34.4,999.0,11.5,14.9
36509.425607,34.5,999.0,11.5,15.0
36519.462555,34.5,999.0,11.5,15.1
36529.509272,34.6,999.0,11.6,15.2
36539.555182,34.6,999.0,11.7,15.4
36549.581654,34.6,999.0,11.7,15.5
36559.60391,34.6,999.0,11.8,15.6
36569.640148,34.6,999.0,11.9,15.8
36579.665796,34.6,999.0,11.9,15.9
36589.671787,34.6,999.0,12.2,16.0
36599.711511,34.6,999.0,12.0,16.3
36609.73603,34.6,999.0,12.2,16.4
36619.765617,34.7,999.0,12.3,16.5
36629.790736,34.7,999.0,12.4,16.6
36639.813996,34.7,999.0,12.5,16.7
36649.871515,34.8,999.0,12.5,16.8
36659.88547,34.7,999.0,12.6,17.0
36669.946378,34.7,999.0,12.6,17.1
36679.974226,34.7,999.0,12.6,17.2
36689.997946,34.7,999.0,12.7,17.3
36700.005697,34.8,999.0,12.8,17.5
36710.061423,34.8,999.0,12.9,17.6
36720.085251,34.8,999.0,12.9,17.7
36730.093067,34.8,999.0,13.0,17.8
36740.131244,34.8,999.0,13.1,17.9
36750.156445,34.8,999.0,13.1,18.1
36760.202907,34.8,999.0,13.2,18.2
36770.203133,34.8,999.0,13.2,18.4
36780.221942,34.8,999.0,13.3,18.4
36790.260086,34.9,999.0,13.4,18.6
36800.279967,34.9,999.0,13.4,18.7
36810.314351,34.9,999.0,13.5,18.8
36820.335003,34.9,999.0,13.6,19.0
36830.406447,34.9,999.0,13.6,19.1
36840.413021,34.9,999.0,13.6,19.2
36850.437849,34.9,999.0,13.7,19.3
36860.473346,35.0,999.0,13.8,19.5
36870.481634,34.9,999.0,13.9,19.6
36880.506272,35.0,999.0,13.9,19.8
36890.545456,35.0,999.0,14.0,19.9
36900.567769,35.0,999.0,14.1,20.3
36910.617738,35.0,999.0,14.1,20.1
36920.650788,35.0,999.0,14.2,20.4
36930.689949,35.0,999.0,14.3,20.6
36940.708474,35.0,999.0,14.3,20.7
36950.736854,35.1,999.0,14.4,20.9
36960.738302,35.1,999.0,14.5,21.0
36970.777794,35.1,999.0,14.5,21.1
36980.806999,35.1,999.0,14.5,21.3
36990.844882,35.1,999.0,14.7,21.5
37000.870257,35.1,999.0,14.8,21.6
37010.92369,35.1,999.0,14.8,21.7
37020.949467,35.1,999.0,14.9,21.8
37030.969639,35.2,999.0,14.9,22.0
37040.997867,35.1,999.0,15.0,22.2
37051.033319,35.2,999.0,15.1,22.4
37061.084885,35.1,999.0,15.2,22.5
37071.11749,35.2,999.0,15.2,22.6
37081.170783,35.2,999.0,15.2,22.8
37091.178267,35.2,999.0,15.4,22.9
37101.20345,35.2,999.0,15.4,23.1
37111.238896,35.2,999.0,15.5,23.3
37121.270063,35.3,999.0,15.5,23.4
37131.293128,35.3,999.0,15.7,23.6
37141.331636,35.5,999.0,15.7,23.7
37151.355693,35.3,999.0,15.8,23.9
37161.387572,35.5,999.0,15.9,24.0
37171.4274,35.5,999.0,15.9,24.4
37181.453184,35.5,999.0,16.0,24.6
37191.479349,35.4,999.0,16.1,24.7
37201.537558,35.3,999.0,16.2,24.9
37211.589445,35.6,999.0,16.5,25.1
37221.628016,35.4,999.0,16.6,25.2
37231.65913,35.4,999.0,16.6,25.4
37241.697148,35.6,999.0,16.7,25.6
37251.721084,35.4,999.0,16.8,25.8
37261.745888,35.7,999.0,16.8,25.9
37271.793005,35.6,999.0,16.9,26.1
37281.823835,35.7,999.0,17.1,26.3
37291.862323,35.7,999.0,17.1,26.5
37301.903553,35.7,999.0,17.2,26.7
37311.926339,35.8,999.0,17.3,26.9
37321.964311,35.7,999.0,17.4,27.1
37332.010272,35.7,999.0,17.5,27.3
37342.083992,35.7,999.0,17.6,27.5
37352.09137,35.8,999.0,17.7,27.7
37362.128293,35.8,999.0,17.8,27.9
37372.15717,35.8,999.0,17.8,28.3
37382.197488,35.8,999.0,18.0,28.4
37392.214853,35.8,999.0,18.0,28.7
37402.229551,35.8,999.0,18.1,28.9
37412.268185,35.8,999.0,18.2,29.0
37422.314723,35.9,999.0,18.3,29.2
37432.338413,35.8,999.0,18.4,29.4
37442.364032,35.9,999.0,18.5,29.6
37452.389835,35.9,999.0,18.6,29.8
37462.427643,35.9,999.0,18.7,30.0
37472.455516,36.0,999.0,18.8,30.2
37482.505018,36.0,999.0,18.9,30.4
37492.522148,36.0,999.0,18.9,30.6
37502.539832,36.0,999.0,19.1,30.8
37512.597049,35.9,999.0,19.2,31.0
37522.637559,36.0,999.0,19.4,31.2
37532.661061,36.0,999.0,19.4,31.4
37542.67236,36.0,999.0,19.5,31.6
37552.679423,36.0,999.0,19.7,31.8
37562.718503,36.0,999.0,19.8,32.0
37572.741537,36.1,999.0,19.9,32.4
37582.788868,36.1,999.0,20.0,32.5
37592.812862,36.1,999.0,20.2,32.7
37602.852219,36.1,999.0,20.3,33.0
37612.891145,36.2,999.0,20.7,33.0
37622.917711,36.2,999.0,20.8,33.3
37632.940933,36.2,999.0,20.9,33.5
37642.978983,36.2,999.0,21.1,33.6
37652.986952,36.2,999.0,21.3,33.9
37663.025392,36.2,999.0,21.4,34.0
37673.050083,36.2,999.0,21.5,34.2
37683.056961,36.2,999.0,21.7,34.4
37693.095882,36.2,999.0,21.8,34.5
37703.117593,36.3,999.0,22.0,34.7
37713.168051,36.3,999.0,22.2,34.8
37723.198465,36.3,999.0,22.3,35.1
37733.227659,36.3,999.0,22.5,35.2
37743.288535,36.3,999.0,22.7,35.3
37753.332309,36.3,999.0,22.8,35.6
37763.362172,36.3,999.0,23.0,35.8
37773.397603,36.3,999.0,23.1,35.9
37783.423485,36.4,999.0,23.3,36.1
37793.460654,36.4,999.0,23.4,36.4
37803.47812,36.3,999.0,23.6,36.6
37813.494163,36.4,999.0,23.8,36.8
37823.550307,36.4,999.0,23.9,36.9
37833.55699,36.4,999.0,24.1,37.1
37843.592643,36.4,999.0,24.2,37.2
37853.607582,36.5,999.0,24.6,37.4
37863.654615,36.4,999.0,24.7,37.6
37873.677014,36.4,999.0,24.9,37.7
37883.679137,36.4,999.0,25.1,37.9
37893.715554,36.5,999.0,25.2,38.0
37903.756987,36.5,999.0,25.4,38.2
37913.805974,36.5,999.0,25.5,38.4
37923.825938,36.6,999.0,25.6,38.5
37933.877398,36.6,999.0,25.9,38.6
37943.88909,36.6,999.0,26.0,38.8
37953.922769,36.6,999.0,26.1,39.0
37963.934822,36.5,999.0,26.3,39.1
37973.977182,36.6,999.0,26.4,39.3
37984.010644,36.6,999.0,26.6,39.4
37994.015142,36.6,999.0,26.7,39.6
38004.059117,36.6,999.0,26.9,39.8
38014.090668,36.6,999.0,27.1,39.9
38024.128876,36.6,999.0,27.2,40.1
38034.188891,36.6,999.0,27.4,40.2
38044.205916,36.6,999.0,27.6,40.6
38054.259352,36.6,999.0,27.7,40.7
38064.266256,36.7,999.0,27.9,40.9
38074.303662,36.7,999.0,28.1,40.9
38084.326794,36.7,999.0,28.2,41.1
38094.332021,36.7,999.0,28.3,41.2
38104.37031,36.7,999.0,28.5,41.4
38114.393279,36.7,999.0,28.9,41.5
38124.425082,36.8,999.0,29.1,41.6
38134.45965,36.8,999.0,29.3,41.7
38144.487222,36.8,999.0,29.5,41.9
38154.502656,36.8,999.0,29.7,42.0
38164.529108,36.8,999.0,29.8,42.1
38174.535282,36.8,999.0,30.0,42.2
38184.580684,36.8,999.0,30.2,42.3
38194.615744,36.8,999.0,30.4,42.4
38204.637806,36.8,999.0,30.5,42.5
38214.653953,36.8,999.0,30.7,42.6
38224.658165,36.9,999.0,30.9,42.8
38234.674139,36.9,999.0,31.1,42.9
38244.704511,36.9,999.0,31.3,43.0
38254.733835,36.9,999.0,31.5,43.1
38264.768223,36.9,999.0,31.6,43.2
38274.799522,36.9,999.0,31.8,43.3
38284.825745,36.9,999.0,32.0,43.5
38294.841975,37.0,999.0,32.2,43.6
38304.865402,37.0,999.0,32.4,43.7
38314.882523,37.0,999.0,32.8,43.9
38324.898529,37.0,999.0,32.9,44.0
38334.918284,37.0,999.0,33.0,44.1
38344.929302,37.0,999.0,33.2,44.4
38354.966663,37.0,999.0,33.4,44.6
38364.990818,37.0,999.0,33.5,44.6
38374.999834,37.0,999.0,33.7,44.8
38385.03758,37.1,999.0,33.9,44.9
38395.077238,37.1,999.0,34.0,45.0
38405.081564,37.1,999.0,34.2,45.1
38415.125314,37.1,999.0,34.4,45.3
38425.168166,37.1,999.0,34.5,45.3
38435.189175,37.1,999.0,34.7,45.4
38445.212732,37.2,999.0,34.8,45.5
38455.266598,37.2,999.0,35.0,45.6
38465.271275,37.2,999.0,35.1,45.7
38475.309944,37.2,999.0,35.3,45.8
38485.334066,37.2,999.0,35.4,45.9
38495.358331,37.2,999.0,35.6,46.0
38505.385696,37.2,999.0,35.7,46.0
38515.403872,37.2,999.0,35.8,46.1
38525.42668,37.2,999.0,36.0,46.1
38535.481333,37.3,999.0,36.1,46.2
38545.48904,37.3,999.0,36.3,46.2
38555.527201,37.3,999.0,36.4,46.4
38565.551244,37.3,999.0,36.5,46.4
38575.559069,37.4,999.0,36.6,46.5
38585.596056,37.3,999.0,36.7,46.6
38595.621354,37.3,999.0,36.9,46.6
38605.629732,37.4,999.0,37.1,46.7
38615.657657,37.4,999.0,37.2,46.8
38625.693255,37.4,999.0,37.2,46.8
38635.699522,37.4,999.0,37.3,46.8
38645.737943,37.4,999.0,37.4,46.9
38655.762855,37.4,999.0,37.5,46.9
38665.78773,37.4,999.0,37.5,47.0
38675.82233,37.4,999.0,37.6,47.1
38685.833735,37.4,999.0,37.7,47.1
38695.854818,37.4,999.0,37.8,47.2
38705.900138,37.5,999.0,37.9,47.2
38715.933875,37.4,999.0,37.9,47.3
38725.940228,37.5,999.0,38.0,47.3
38735.97062,37.5,999.0,38.0,47.4
38746.022353,37.5,999.0,38.1,47.4
38756.040711,37.5,999.0,38.2,47.5
38766.084737,37.5,999.0,38.2,47.5
38776.091659,37.5,999.0,38.3,47.6
38786.130095,37.5,999.0,38.3,47.7
38796.170199,37.6,999.0,38.4,47.7
38806.196008,37.6,999.0,38.4,47.7
38816.203536,37.6,999.0,38.4,47.8
38826.228131,37.6,999.0,38.4,47.8
38836.268024,37.6,999.0,38.5,48.1
38846.307325,37.6,999.0,38.6,48.0
38856.344568,37.6,999.0,38.6,48.2
38866.369898,37.6,999.0,38.6,48.2
38876.395699,37.6,999.0,38.6,48.3
38886.431486,37.6,999.0,38.7,48.3
38896.446842,37.6,999.0,38.7,48.3
38906.495255,37.6,999.0,38.8,48.4
38916.527726,37.7,999.0,38.8,48.4
38926.557713,37.6,999.0,38.8,48.4
38936.564868,37.6,999.0,38.8,48.5
38946.603552,37.7,999.0,38.9,48.5
38956.614723,37.6,999.0,38.9,48.6
38966.653067,37.7,999.0,38.9,48.6
38976.675673,37.7,999.0,39.0,48.7
38986.714852,37.7,999.0,39.0,48.7
38996.724327,37.7,999.0,39.0,48.7
39006.73179,37.7,999.0,39.0,48.8
39016.772742,37.7,999.0,39.1,48.8
39026.795227,37.7,999.0,39.1,48.9
39036.818353,37.7,999.0,39.2,48.9
39046.857093,37.7,999.0,39.1,48.8
39056.866328,37.8,999.0,39.2,49.0
39066.890358,37.8,999.0,39.2,49.0
39076.958504,37.8,999.0,39.2,49.0
39086.982507,37.8,999.0,39.2,49.0
39097.00681,37.8,999.0,39.2,49.2
39107.047161,37.8,999.0,39.2,49.1
39117.075534,37.8,999.0,39.3,49.2
39127.080502,37.8,999.0,39.3,49.2
39137.120042,37.8,999.0,39.4,49.2
39147.140532,37.9,999.0,39.4,49.2
39157.163493,37.9,999.0,39.4,49.3
39167.203603,37.9,999.0,39.4,49.3
39177.230539,37.9,999.0,39.5,49.3
39187.233603,37.9,999.0,39.4,49.3
39197.263173,37.8,999.0,39.5,49.3
39207.317366,37.9,999.0,39.5,49.4
39217.356262,37.9,999.0,39.5,49.5
39227.394388,37.9,999.0,39.6,49.5
39237.420878,37.9,999.0,39.6,49.5
39247.448126,38.0,999.0,39.6,49.5
39257.459792,37.9,999.0,39.6,49.5
39267.510461,37.9,999.0,39.6,49.6
39277.54755,38.0,999.0,39.6,49.6
39287.571337,37.9,999.0,39.6,49.7
39297.611681,38.0,999.0,39.7,49.7
39307.61634,38.0,999.0,39.7,49.7
39317.652717,38.0,999.0,39.7,49.7
39327.690586,37.9,999.0,39.7,49.8
39337.730269,38.0,999.0,39.7,49.8
39347.774046,38.0,999.0,39.8,49.8
39357.797081,38.0,999.0,39.8,49.8
39367.800725,38.0,999.0,39.8,49.9
39377.85986,38.0,999.0,39.8,49.9
39387.898774,38.0,999.0,39.8,49.9
39397.937872,38.0,999.0,39.7,49.9
39407.97296,37.9,999.0,39.6,49.8
39418.002928,37.7,999.0,39.3,49.7
39428.007779,37.5,999.0,39.1,49.6
39438.045312,37.4,999.0,38.9,49.5
39448.069159,37.2,999.0,38.6,49.3
39458.092359,36.9,999.0,38.4,49.2
39468.134769,36.6,999.0,38.1,49.0
39478.156416,36.4,999.0,37.8,48.8
39488.225316,36.1,999.0,37.5,48.6
39498.228829,35.8,999.0,37.2,48.3
39508.255246,35.5,999.0,37.0,47.9
39518.309113,35.0,999.0,36.5,47.6
39528.334475,34.6,999.0,36.2,47.4
39538.353782,34.3,999.0,36.0,47.1
39548.376967,33.9,999.0,35.6,46.8
39558.384278,33.6,999.0,35.4,46.6
39568.423909,33.3,999.0,35.0,46.2
39578.446622,33.0,999.0,34.8,46.0
39588.48009,32.6,999.0,34.5,45.7
39598.497592,32.4,999.0,34.2,45.4
39608.515344,32.1,999.0,34.0,45.0
39618.549383,31.7,999.0,33.7,44.7
39628.577889,31.2,999.0,33.4,44.5
39638.579971,30.9,999.0,33.1,44.2
39648.647249,30.6,999.0,32.9,43.7
39658.670202,30.3,999.0,32.4,43.4
39668.695154,30.0,999.0,32.2,43.1
39678.695874,29.7,999.0,31.9,42.8
39688.730357,29.5,999.0,31.7,42.5
39698.781998,29.2,999.0,31.5,42.3
39708.793504,28.9,999.0,31.2,42.0
39718.813532,28.7,999.0,31.0,41.6
39728.83948,28.4,999.0,30.8,41.4
39738.908613,28.2,999.0,30.5,41.2
39748.942718,27.9,999.0,30.3,40.9
39758.972332,27.7,999.0,30.1,40.6
39768.97897,27.5,999.0,29.9,40.2
39779.011087,27.1,999.0,29.7,39.8
39789.046472,26.9,999.0,29.5,39.5
39799.063981,26.6,999.0,29.4,39.2
39809.089207,26.5,999.0,29.1,39.0
39819.130429,26.2,999.0,28.9,38.7
39829.151818,26.0,999.0,28.5,38.4
39839.159401,25.8,999.0,28.3,38.2
39849.197651,25.7,999.0,28.2,38.0
39859.219235,25.4,999.0,28.0,37.7
39869.262391,25.2,999.0,27.9,37.4
39879.286328,25.1,999.0,27.6,37.2
39889.2892,24.9,999.0,27.5,36.9
39899.324735,24.7,999.0,27.3,36.8
39909.358359,24.6,999.0,27.1,36.5
39919.375492,24.5,999.0,27.0,36.0
39929.399459,24.3,999.0,26.8,35.8
39939.400059,24.1,999.0,26.7,35.6
39949.436026,24.0,999.0,26.5,35.3
39959.443498,23.8,999.0,26.3,35.1
39969.488218,23.6,999.0,26.2,34.9
39979.511654,23.3,999.0,26.1,34.7
39989.512571,23.4,999.0,25.9,34.4
39999.567523,23.1,999.0,25.8,34.2
40009.579701,22.9,999.0,25.6,34.0
40019.595703,22.8,999.0,25.5,33.8
40029.60971,22.7,999.0,25.3,33.6
40039.63931,22.5,999.0,25.2,33.4
40049.663827,22.4,999.0,25.1,33.2
40059.667996,22.2,999.0,24.9,33.0
40069.690644,22.1,999.0,24.8,32.8
40079.714738,22.0,999.0,24.6,32.6
40089.740021,21.9,999.0,24.6,32.4
40099.764257,21.8,999.0,24.3,32.0
40109.809154,21.7,999.0,24.1,31.8
40119.878973,21.5,999.0,24.0,31.6
40129.89714,21.4,999.0,23.8,31.4
40139.919836,21.4,999.0,23.7,31.2
40149.931994,21.2,999.0,23.6,31.0
40159.96093,21.2,999.0,23.5,30.9
40169.966131,21.0,999.0,23.4,30.7
40180.00845,21.0,999.0,23.3,30.5
40190.032707,20.8,999.0,23.1,30.4
40200.041062,20.8,999.0,23.1,30.2
40210.079792,20.7,999.0,22.9,30.0
40220.103214,20.6,999.0,22.9,29.8
40230.110804,20.5,999.0,22.7,29.7
40240.148464,20.4,999.0,22.7,29.5
40250.163924,20.3,999.0,22.5,29.3
40260.181611,20.2,999.0,22.4,29.2
40270.231013,20.2,999.0,22.3,29.0
40280.25923,20.0,999.0,22.2,28.8
40290.270583,20.0,999.0,22.1,28.7
40300.294031,19.9,999.0,22.0,28.6
40310.317672,19.8,999.0,21.9,28.2
40320.323683,19.8,999.0,21.8,28.0
40330.364948,19.7,999.0,21.7,28.1
40340.403719,19.7,999.0,21.6,27.8
40350.428749,19.5,999.0,21.5,27.6
40360.438336,19.3,999.0,21.5,27.5
40370.477991,19.4,999.0,21.3,27.3
40380.499215,19.1,999.0,21.3,27.1
40390.505262,19.1,999.0,21.2,27.1
40400.52478,19.0,999.0,21.1,26.9
40410.562056,18.9,999.0,21.0,26.8
40420.599295,18.9,999.0,20.9,26.6
40430.607598,18.8,999.0,20.9,26.5
40440.645861,18.7,999.0,20.8,26.4
40450.653096,18.7,999.0,20.7,26.2
40460.661888,18.6,999.0,20.4,26.1
40470.700825,18.6,999.0,20.5,26.0
40480.715392,18.5,999.0,20.3,25.9
40490.730651,18.5,999.0,20.2,25.7
40500.765727,18.3,999.0,20.1,25.6
40510.801085,18.3,999.0,20.0,25.5
40520.816488,18.3,999.0,20.0,25.4
40530.853683,18.3,999.0,19.9,25.2
40540.870563,18.1,999.0,19.9,25.1
40550.900967,18.1,999.0,19.7,25.0
40560.924835,18.1,999.0,19.7,24.8
40570.932685,18.0,999.0,19.6,24.8
40580.964895,17.9,999.0,19.5,24.6
40590.975421,17.9,999.0,19.4,24.6
40601.01331,17.9,999.0,19.4,24.4
40611.030779,17.8,999.0,19.3,24.2
40621.070617,17.7,999.0,19.2,24.0
40631.099096,17.7,999.0,19.2,23.9
40641.116257,17.6,999.0,19.1,23.8
40651.176947,17.6,999.0,19.1,23.6
40661.214893,17.6,999.0,19.0,23.6
40671.222487,17.5,999.0,18.9,23.5
40681.275465,17.4,999.0,18.9,23.3
40691.301841,17.4,999.0,18.8,23.2
40701.309914,17.4,999.0,18.7,23.1
40711.348244,17.3,999.0,18.7,23.0
40721.386185,17.3,999.0,18.6,22.9
40731.435544,17.2,999.0,18.6,22.8
40741.46563,17.2,999.0,18.5,22.7
40751.510632,17.2,999.0,18.4,22.6
40761.512939,17.1,999.0,18.4,22.5
40771.539018,17.1,999.0,18.3,22.4
40781.579431,17.0,999.0,18.3,22.3
40791.611013,17.0,999.0,18.2,22.2
40801.611934,17.0,999.0,18.2,22.1
40811.659445,17.0,999.0,18.1,22.0
40821.697065,16.9,999.0,18.1,21.9
40831.734122,16.8,999.0,18.0,21.9
40841.757546,16.8,999.0,18.0,21.8
40851.79653,16.8,999.0,17.9,21.7
40861.81825,16.7,999.0,17.8,21.6
40871.856499,16.7,999.0,17.8,21.5
40881.900854,16.7,999.0,17.8,21.5
40891.959607,16.6,999.0,17.7,21.3
40901.983456,16.6,999.0,17.6,21.2
40911.991006,16.6,999.0,17.6,21.1
40922.043305,16.6,999.0,17.6,21.0
40932.083767,16.5,999.0,17.5,21.0
40942.108044,16.5,999.0,17.4,20.9
40952.148721,16.4,999.0,17.4,20.8
40962.176942,16.4,999.0,17.4,20.7
40972.221106,16.4,999.0,17.3,20.7
40982.227519,16.4,999.0,17.3,20.6
40992.266682,16.3,999.0,17.2,20.5
41002.281722,16.3,999.0,17.1,20.4
41012.320287,16.3,999.0,17.1,20.1
41022.344905,16.3,999.0,17.1,20.3
41032.368572,16.2,999.0,17.1,20.0
41042.411367,16.2,999.0,17.0,19.9
41052.436109,16.1,999.0,17.0,19.8
41062.444289,16.1,999.0,16.9,19.7
41072.456236,16.1,999.0,16.9,19.7
41082.491583,16.0,999.0,16.9,19.6
41092.493665,16.0,999.0,16.8,19.5
41102.526233,16.0,999.0,16.7,19.5
41112.563929,16.0,999.0,16.7,19.3
41122.587763,16.0,999.0,16.6,19.3
41132.627372,15.9,999.0,16.4,19.2
41142.668152,15.9,999.0,16.6,19.2
41152.699459,15.8,999.0,16.5,19.1
41162.723545,15.9,999.0,16.5,19.0
41172.726279,15.8,999.0,16.3,18.9
41182.763797,15.8,999.0,16.3,18.9
41192.810039,15.8,999.0,16.2,18.8
41202.831232,15.7,999.0,16.4,18.8
41212.855329,15.7,999.0,16.2,18.7
41222.894271,15.7,999.0,16.1,18.6
41232.925907,15.6,999.0,16.1,18.6
41242.949998,15.6,999.0,16.0,18.5
41252.971464,15.6,999.0,16.0,18.4
41263.006932,15.6,999.0,15.9,18.4
41273.042872,15.6,999.0,15.9,18.3
41283.087483,15.6,999.0,15.9,18.3
41293.114105,15.5,999.0,15.8,18.2
41303.123105,15.6,999.0,15.8,18.2
41313.140668,15.5,999.0,15.8,18.1
41323.167423,15.5,999.0,15.7,18.0
41333.172779,15.3,999.0,15.7,18.0
41343.221498,15.4,999.0,15.7,17.9
41353.243896,15.4,999.0,15.7,17.9
41363.282303,15.4,999.0,15.6,17.8
41373.30671,15.3,999.0,15.6,17.8
41383.351963,15.4,999.0,15.6,17.8
41393.402492,15.1,999.0,15.5,17.7
41403.407165,15.1,999.0,15.5,17.6
41413.459973,15.1,999.0,15.5,17.5
41423.463228,15.0,999.0,15.5,17.5
41433.502582,15.0,999.0,15.4,17.5
41443.530598,15.1,999.0,15.4,17.4
41453.537777,15.1,999.0,15.4,17.3
41463.56278,14.9,999.0,15.4,17.3
41473.597621,14.9,999.0,15.3,17.2
41483.636204,15.1,999.0,15.2,17.2
41493.67223,14.9,999.0,15.2,17.0
41503.695972,14.9,999.0,15.2,17.1
41513.731719,14.9,999.0,15.2,17.1
41523.747959,14.8,999.0,15.2,17.0
41533.790284,14.8,999.0,15.2,16.9
41543.813079,14.8,999.0,15.1,16.9
41553.845846,14.8,999.0,15.1,16.8
41563.860708,14.8,999.0,15.0,16.8
41573.885039,14.7,999.0,15.0,16.8
41583.894,14.7,999.0,15.0,16.7
41593.932193,14.7,999.0,15.0,16.6
41603.933405,14.7,999.0,15.0,16.6
41613.970656,14.7,999.0,14.9,16.6
41624.001917,14.6,999.0,14.9,16.5
41634.013138,14.6,999.0,14.8,16.5
41644.041264,14.7,999.0,14.9,16.4
41654.051037,14.7,999.0,14.8,16.4
41664.087319,14.5,999.0,14.8,16.3
41674.114415,14.6,999.0,14.8,16.3
41684.136292,14.5,999.0,14.8,16.3
41694.161421,14.5,999.0,14.8,16.3
41704.200125,14.5,999.0,14.7,16.0
41714.208331,14.5,999.0,14.6,16.2
41724.232492,14.4,999.0,14.6,15.9
41734.286183,14.4,999.0,14.6,16.1
41744.294942,14.4,999.0,14.6,15.9
41754.326952,14.4,999.0,14.6,15.8
41764.376801,14.4,999.0,14.6,15.8
41774.378722,14.4,999.0,14.5,15.7
41784.418261,14.4,999.0,14.5,15.7
41794.424716,14.4,999.0,14.5,15.7
41804.463603,14.3,999.0,14.5,15.6
41814.518142,14.3,999.0,14.5,15.5
41824.524493,14.3,999.0,14.4,15.6
41834.563436,14.3,999.0,14.4,15.5
41844.592427,14.3,999.0,14.4,15.4
41854.630588,14.3,999.0,14.3,15.4
41864.652939,14.3,999.0,14.3,15.4
41874.693633,14.3,999.0,14.3,15.3
41884.706807,14.3,999.0,14.3,15.3
41894.721468,14.3,999.0,14.3,15.3
41904.776818,14.2,999.0,14.3,15.3
41914.809923,14.2,999.0,14.2,15.2
41924.839158,14.2,999.0,14.2,15.2
41934.862158,14.2,999.0,14.2,15.1
41944.871163,14.2,999.0,14.2,15.1
41954.908775,14.2,999.0,14.2,15.1
41964.93315,14.1,999.0,14.1,15.1
41974.992876,14.1,999.0,14.1,15.0
41984.999155,14.1,999.0,14.1,15.0
41995.056688,14.0,999.0,14.1,14.9
42005.084675,14.0,999.0,14.1,14.9
42015.0871,14.0,999.0,14.1,14.9
42025.144218,14.0,999.0,14.1,14.8
42035.182695,14.0,999.0,14.0,14.8
42045.193623,14.0,999.0,14.0,14.8
42055.215715,14.0,999.0,14.0,14.8
42065.254142,14.0,999.0,14.0,14.7
42075.262537,14.0,999.0,13.9,14.7
42085.28839,14.0,999.0,13.9,14.7
42095.325287,14.0,999.0,14.0,14.6
42105.331427,14.0,999.0,13.9,14.6
42115.386423,13.9,999.0,13.8,14.6
42125.410863,13.9,999.0,13.9,14.6
42135.426447,13.9,999.0,13.8,14.5
42145.459141,13.9,999.0,13.8,14.5
42155.479566,13.9,999.0,13.8,14.4
42165.520483,13.9,999.0,13.8,14.5
42175.576032,13.9,999.0,13.7,14.4
42185.619328,13.9,999.0,13.7,14.4
42195.62755,13.8,999.0,13.7,14.4
42205.650511,13.8,999.0,13.7,14.3
42215.674324,13.8,999.0,13.6,14.3
42225.698846,13.8,999.0,13.7,14.3
42235.720291,13.8,999.0,13.6,14.3
42245.760268,13.8,999.0,13.6,14.2
42255.800176,13.8,999.0,13.7,14.2
42265.836649,13.8,999.0,13.6,14.2
42275.863143,13.8,999.0,13.6,14.2
42285.869573,13.7,999.0,13.6,14.2
42295.89353,13.8,999.0,13.6,14.1
42305.931829,13.7,999.0,13.6,14.1
42315.971047,13.7,999.0,13.6,14.1
42325.996642,13.7,999.0,13.5,14.0
42336.035227,13.7,999.0,13.5,14.0
42346.079921,13.7,999.0,13.5,14.0
42356.096316,13.7,999.0,13.4,13.9
42366.139708,13.6,999.0,13.4,13.9
42376.182291,13.6,999.0,13.4,13.9
42386.191758,13.6,999.0,13.4,13.9
42396.216321,13.6,999.0,13.4,13.9
42406.257465,13.6,999.0,13.4,13.8
42416.287038,13.6,999.0,13.4,13.8
42426.319663,13.6,999.0,13.4,13.9
42436.360379,13.6,999.0,13.4,13.7
42446.383881,13.5,999.0,13.4,13.8
42456.406418,13.5,999.0,13.4,13.8
42466.446927,13.5,999.0,13.4,13.7
42476.465845,13.5,999.0,13.3,13.7
42486.495063,13.5,999.0,13.3,13.7
42496.526901,13.5,999.0,13.3,13.7
42506.558296,13.5,999.0,13.3,13.6
42516.590783,13.5,999.0,13.3,13.6
42526.615362,13.5,999.0,13.2,13.6
42536.653895,13.5,999.0,13.2,13.6
42546.703022,13.5,999.0,13.2,13.5
42556.738413,13.5,999.0,13.2,13.6
42566.75724,13.5,999.0,13.2,13.5
42576.794119,13.5,999.0,13.2,13.5
42586.834748,13.4,999.0,13.2,13.5
42596.864468,13.4,999.0,13.2,13.5
42606.882297,13.4,999.0,13.2,13.5
42616.898694,13.3,999.0,13.2,13.4
42626.916879,13.3,999.0,13.1,13.4
42636.936061,13.3,999.0,13.1,13.4
42646.941655,13.4,999.0,13.1,13.4
42656.964869,13.4,999.0,13.1,13.3
42667.001668,13.4,999.0,13.1,13.3
42677.011432,13.4,999.0,13.0,13.3
42687.065377,13.3,999.0,13.1,13.2
42697.089939,13.3,999.0,13.1,13.2
42707.096635,13.3,999.0,13.0,13.3
42717.121483,13.3,999.0,13.0,13.2
42727.159535,13.3,999.0,13.0,13.2
42737.165657,13.3,999.0,12.9,13.1
42747.205352,13.3,999.0,12.9,13.1
42757.212526,13.3,999.0,13.0,13.2
42767.25936,13.3,999.0,13.0,13.1
42777.267519,13.3,999.0,12.9,13.1
42787.298597,13.3,999.0,12.9,13.1
42797.351866,13.3,999.0,13.0,13.1
42807.389861,13.3,999.0,12.9,13.0
42817.436527,13.3,999.0,12.9,13.0
42827.487076,13.3,999.0,12.9,13.0
42837.50351,13.2,999.0,12.9,13.0
42847.542383,13.3,999.0,12.9,13.0
42857.55948,13.2,999.0,12.9,13.0
42867.621961,13.1,999.0,12.9,13.0
42877.659332,13.3,999.0,12.9,13.0
42887.66522,13.2,999.0,12.8,12.9
42897.70279,13.1,999.0,12.8,13.0
42907.726602,13.1,999.0,12.8,12.9
42917.771638,13.1,999.0,12.8,12.9
42927.803693,13.1,999.0,12.8,12.9
42937.828252,13.1,999.0,12.7,12.9
42947.852678,13.1,999.0,12.7,12.8
42957.897489,13.1,999.0,12.8,12.8
42967.945554,13.1,999.0,12.7,12.8
42977.988756,13.1,999.0,12.7,12.8
42988.027645,13.1,999.0,12.7,12.8
42998.04989,13.1,999.0,12.7,12.8
43008.074215,13.1,999.0,12.7,12.7
43018.111252,13.1,999.0,12.7,12.7
43028.13442,13.1,999.0,12.7,12.7
43038.158396,13.1,999.0,12.7,12.7
43048.204614,13.1,999.0,12.7,12.7
43058.257843,13.1,999.0,12.7,12.7
43068.268588,13.0,999.0,12.7,12.7
43078.306896,13.1,999.0,12.6,12.6
43088.356483,13.0,999.0,12.6,12.6
43098.394156,13.0,999.0,12.6,12.6
43108.412694,13.0,999.0,12.6,12.6
43118.437642,13.0,999.0,12.6,12.6
43128.475111,13.0,999.0,12.6,12.5
43138.48465,13.0,999.0,12.6,12.5
43148.491541,13.0,999.0,12.6,12.5
43158.510654,13.0,999.0,12.6,12.6
43168.574944,13.0,999.0,12.6,12.5
43178.591558,12.9,999.0,12.6,12.6
43188.618647,12.9,999.0,12.6,12.5
43198.619563,13.0,999.0,12.5,12.5
43208.653776,12.9,999.0,12.3,12.5
43218.684545,12.9,999.0,12.5,12.5
43228.729989,12.9,999.0,12.5,12.5
43238.747476,12.9,999.0,12.5,12.4
43248.775682,12.9,999.0,12.3,12.5
43258.815719,12.9,999.0,12.3,12.4
43268.852515,12.9,999.0,12.3,12.4
43278.869868,12.9,999.0,12.3,12.4
43288.88572,12.9,999.0,12.5,12.4
43298.908581,12.9,999.0,12.5,12.4
43308.947017,12.9,999.0,12.5,12.4
43318.970746,12.8,999.0,12.3,12.4
43328.999389,12.8,999.0,12.5,12.3
43339.03868,12.8,999.0,12.2,12.3
43349.073697,12.8,999.0,12.2,12.3
43359.107823,12.8,999.0,12.4,12.3
43369.134995,12.8,999.0,12.5,12.3
43379.14097,12.9,999.0,12.2,12.3
43389.183219,12.8,999.0,12.2,12.3
43399.218504,12.8,999.0,12.5,12.3
43409.241374,12.9,999.0,12.5,12.3
43419.289104,12.8,999.0,12.4,12.2
43429.341271,12.8,999.0,12.4,12.2
43439.377347,12.9,999.0,12.4,12.2
43449.432803,12.9,999.0,12.4,12.2
43459.45919,12.8,999.0,12.4,12.2
43469.462774,12.8,999.0,12.4,12.2
43479.495866,12.8,999.0,12.4,12.2
43489.534633,12.8,999.0,12.4,12.0
43499.651622,12.8,999.0,12.3,12.1
43509.68953,12.8,999.0,12.1,12.2
43519.715612,12.8,999.0,12.3,12.1
43529.745386,12.7,999.0,12.1,12.1
43539.768366,12.8,999.0,12.2,12.0
43549.793357,12.8,999.0,12.1,12.1
43559.863197,12.7,999.0,12.1,12.1
43569.887085,12.7,999.0,12.3,12.1
43579.908739,12.8,999.0,12.1,12.1
43589.963768,12.8,999.0,12.1,12.0
43599.988384,12.7,999.0,12.3,11.9
43610.026215,12.7,999.0,12.1,12.0
43620.050543,12.7,999.0,12.3,12.0
43630.080034,12.7,999.0,12.3,12.0
43640.093962,12.7,999.0,12.0,12.0
43650.125795,12.7,999.0,12.1,11.8
43660.156936,12.7,999.0,12.0,11.8
43670.196793,12.7,999.0,12.2,12.0
43680.227936,12.7,999.0,12.0,12.0
43690.250899,12.7,999.0,12.0,11.7
43700.272948,12.7,999.0,12.1,11.8
43710.298271,12.7,999.0,12.0,11.8
43720.320282,12.7,999.0,12.0,11.7
43730.345394,12.7,999.0,12.0,11.8
43740.38549,12.7,999.0,12.0,11.7
43750.40783,12.7,999.0,12.0,12.0
43760.432033,12.6,999.0,12.0,11.7
43770.471727,12.7,999.0,12.0,11.7
43780.494454,12.6,999.0,12.0,11.7
43790.518149,12.7,999.0,12.0,11.7
43800.557454,12.6,999.0,12.0,11.6
43810.5822,12.6,999.0,12.0,11.9
43820.588633,12.6,999.0,12.0,11.7
43830.6282,12.6,999.0,12.0,11.9
43840.674702,12.6,999.0,12.0,11.7
43850.691378,12.6,999.0,12.0,11.7
43860.728995,12.6,999.0,11.9,11.6
43870.756274,12.6,999.0,12.0,11.7
43880.765149,12.6,999.0,12.0,11.6
43890.803349,12.6,999.0,11.9,11.7
43900.831162,12.6,999.0,11.9,11.6
43910.860866,12.6,999.0,11.9,11.6
43920.888518,12.6,999.0,12.0,11.6
43930.915793,12.6,999.0,11.9,11.6
43940.9379,12.6,999.0,11.9,11.6
43951.007208,12.6,999.0,11.9,11.8
43961.028064,12.6,999.0,11.9,11.7
43971.071671,12.6,999.0,11.9,11.6
43981.108146,12.6,999.0,12.0,11.6
43991.15637,12.6,999.0,11.8,11.7
44001.178008,12.5,999.0,11.8,11.6
44011.22999,12.5,999.0,11.8,11.5
44021.255356,12.5,999.0,11.8,11.5
44031.294665,12.5,999.0,11.8,11.5
44041.328488,12.5,999.0,11.8,11.5
44051.365346,12.5,999.0,11.8,11.5
44061.422513,12.5,999.0,11.8,11.5
44071.440347,12.6,999.0,11.8,11.4
44081.479946,12.5,999.0,11.8,11.5
44091.488457,12.5,999.0,11.8,11.5
44101.528444,12.5,999.0,11.8,11.5
44111.553325,12.5,999.0,11.8,11.4
44121.594363,12.6,999.0,11.8,11.5
44131.600381,12.5,999.0,11.8,11.4
44141.638828,12.5,999.0,11.8,11.5
44151.678736,12.5,999.0,11.8,11.4
44161.710421,12.5,999.0,11.8,11.5
44171.739994,12.5,999.0,11.8,11.4
44181.760821,12.5,999.0,11.8,11.4
44191.79754,12.5,999.0,11.8,11.4
44201.826232,12.4,999.0,11.8,11.4
44211.851072,12.5,999.0,11.8,11.4
44221.880331,12.4,999.0,11.8,11.4
44231.885831,12.4,999.0,11.8,11.3
44241.907845,12.4,999.0,11.8,11.4
44251.909858,12.4,999.0,11.8,11.4
44261.943585,12.4,999.0,11.8,11.4
44271.966545,12.4,999.0,11.8,11.3
44282.021578,12.4,999.0,11.8,11.3
44292.053393,12.4,999.0,11.8,11.3
44302.067472,12.4,999.0,11.8,11.3
44312.095847,12.4,999.0,11.8,11.3
44322.14072,12.4,999.0,11.7,11.3
44332.165768,12.4,999.0,11.8,11.3
44342.182548,12.4,999.0,11.8,11.3
44352.214808,12.4,999.0,11.8,11.3
44362.271949,12.4,999.0,11.7,11.3
44372.305633,12.4,999.0,11.7,11.3
44382.344678,12.4,999.0,11.7,11.3
44392.366735,12.4,999.0,11.7,11.3
44402.389794,12.4,999.0,11.7,11.2
44412.429385,12.4,999.0,11.7,11.3
44422.45131,12.4,999.0,11.7,11.3
44432.50082,12.4,999.0,11.7,11.3
44442.519816,12.4,999.0,11.6,11.3
44452.56388,12.4,999.0,11.7,11.3
44462.598539,12.4,999.0,11.6,11.2
44472.637774,12.4,999.0,11.7,11.2
44482.643489,12.4,999.0,11.6,11.2
44492.695048,12.4,999.0,11.7,11.2
44502.723898,12.4,999.0,11.6,11.2
44512.746001,12.4,999.0,11.6,11.2
44522.754125,12.4,999.0,11.6,11.2
44532.792593,12.4,999.0,11.7,11.1
44542.815514,12.4,999.0,11.6,11.2
44552.838758,12.4,999.0,11.6,11.2
44562.87948,12.4,999.0,11.7,11.2
44572.894685,12.3,999.0,11.6,11.2
44582.924484,12.4,999.0,11.6,11.2
44592.977546,12.3,999.0,11.6,11.1
44602.988856,12.3,999.0,11.6,11.2
44613.014448,12.4,999.0,11.6,11.2
44623.051337,12.3,999.0,11.6,11.2
44633.060085,12.3,999.0,11.6,11.1
44643.083931,12.3,999.0,11.6,11.2
44653.138296,12.3,999.0,11.6,11.1
44663.146932,12.3,999.0,11.6,11.1
44673.170504,12.3,999.0,11.6,11.1
44683.226009,12.3,999.0,11.6,11.1
44693.227153,12.3,999.0,11.6,11.1
44703.269266,12.3,999.0,11.6,11.1
44713.308717,12.3,999.0,11.6,11.1
44723.331265,12.3,999.0,11.6,11.1
44733.387159,12.2,999.0,11.6,11.1
44743.406317,12.3,999.0,11.5,11.1
44753.444848,12.2,999.0,11.6,11.1
44763.469594,12.2,999.0,11.5,11.1
44773.478063,12.3,999.0,11.5,11.1
44783.51729,12.3,999.0,11.5,11.1
44793.544182,12.2,999.0,11.5,11.1
44803.545902,12.3,999.0,11.5,11.1
44813.59079,12.3,999.0,11.5,11.1
44823.630387,12.3,999.0,11.5,11.0
44833.645784,12.2,999.0,11.5,11.0
44843.661716,12.3,999.0,11.5,11.0
44853.684698,12.2,999.0,11.5,11.0
44863.723022,12.2,999.0,11.5,11.0
44873.761117,12.2,999.0,11.5,11.1
44883.774182,12.3,999.0,11.5,11.1
44893.809869,12.3,999.0,11.5,11.0
44903.843579,12.2,999.0,11.5,11.0
44913.850992,12.2,999.0,11.5,11.0
44923.904275,12.2,999.0,11.5,11.0
44933.926634,12.2,999.0,11.5,11.0
44943.936505,12.2,999.0,11.5,11.0
44953.971881,12.3,999.0,11.5,11.0
44963.980945,12.2,999.0,11.5,11.0
44974.003493,12.2,999.0,11.5,11.0
44984.044192,12.2,999.0,11.5,11.0
44994.050636,12.2,999.0,11.5,11.0
45004.073278,12.3,999.0,11.5,11.0
45014.114891,12.2,999.0,11.5,11.0
45024.141,12.2,999.0,11.5,10.9
45034.145155,12.2,999.0,11.5,11.0
45044.184571,12.2,999.0,11.5,10.9
45054.191934,12.2,999.0,11.5,10.9
45064.217735,12.2,999.0,11.5,10.9
45074.258841,12.2,999.0,11.5,11.0
45084.292511,12.2,999.0,11.5,10.9
45094.335745,12.2,999.0,11.4,10.9
45104.389089,12.2,999.0,11.4,10.9
45114.395261,12.2,999.0,11.5,10.9
45124.421059,12.2,999.0,11.5,10.9
45134.458342,12.2,999.0,11.5,10.9
45144.468344,12.2,999.0,11.5,10.9
45154.509051,12.2,999.0,11.5,10.9
45164.565683,12.2,999.0,11.5,10.9
45174.588529,12.2,999.0,11.5,10.9
45184.595889,12.2,999.0,11.5,10.9
45194.614054,12.2,999.0,11.4,10.9
45204.6654,12.2,999.0,11.4,10.9
45214.669167,12.2,999.0,11.5,10.9
45224.707173,12.2,999.0,11.4,10.9
45234.732824,12.2,999.0,11.4,10.9
45244.736967,12.2,999.0,11.4,10.9
45254.79227,12.2,999.0,11.5,10.9
45264.79816,12.2,999.0,11.4,10.9
45274.832706,12.1,999.0,11.4,10.9
45284.862844,12.1,999.0,11.4,10.9
45294.890175,12.2,999.0,11.4,10.8
45304.892636,12.1,999.0,11.4,10.9
45314.911232,12.1,999.0,11.4,10.9
45324.947945,12.1,999.0,11.4,10.9
45335.004414,12.1,999.0,11.4,10.9
45345.020912,12.1,999.0,11.4,10.9
45355.064449,12.1,999.0,11.4,10.9
45365.085443,12.1,999.0,11.4,10.9
45375.10974,12.1,999.0,11.4,10.9
45385.148825,12.1,999.0,11.4,10.8
45395.155191,12.1,999.0,11.4,10.9
45405.210661,12.1,999.0,11.4,10.9
45415.235407,12.1,999.0,11.4,10.9
45425.259018,12.2,999.0,11.3,10.8
45435.283164,12.1,999.0,11.4,10.9
45445.32175,12.1,999.0,11.4,10.9
45455.355164,12.1,999.0,11.4,10.9
45465.38289,12.1,999.0,11.4,10.8
45475.406473,12.1,999.0,11.4,10.8
45485.418845,12.2,999.0,11.4,10.9
45495.424011,12.1,999.0,11.4,10.8
45505.47881,12.1,999.0,11.3,10.8
45515.486328,12.2,999.0,11.4,10.8
45525.524085,12.1,999.0,11.4,10.8
45535.530015,12.1,999.0,11.4,10.8
45545.554277,12.1,999.0,11.4,10.8
45555.584578,12.2,999.0,11.4,10.8
45565.638419,12.1,999.0,11.4,10.8
45575.653256,12.1,999.0,11.3,10.8
45585.667757,12.1,999.0,11.3,10.8
45595.708116,12.1,999.0,11.4,10.8
45605.7303,12.0,999.0,11.4,10.8
45615.769502,12.1,999.0,11.4,10.8
45625.806879,12.1,999.0,11.4,10.8
45635.829922,12.0,999.0,11.3,10.8
45645.869305,12.1,999.0,11.3,10.8
45655.875452,12.1,999.0,11.4,10.8
45665.91624,12.1,999.0,11.3,10.7
45675.955145,12.0,999.0,11.4,10.8
45685.98121,12.0,999.0,11.3,10.7
45696.031708,12.0,999.0,11.3,10.7
45706.051071,12.0,999.0,11.3,10.8
45716.063827,12.1,999.0,11.3,10.7
45726.102555,12.0,999.0,11.3,10.7
45736.128247,12.0,999.0,11.3,10.8
45746.159137,12.0,999.0,11.3,10.8
45756.192712,12.1,999.0,11.3,10.7
45766.216829,12.1,999.0,11.3,10.8
45776.226145,12.1,999.0,11.3,10.8
45786.252523,12.1,999.0,11.3,10.7
45796.274333,12.1,999.0,11.3,10.7
45806.313896,12.1,999.0,11.3,10.8
45816.367704,12.0,999.0,11.3,10.7
45826.39589,12.0,999.0,11.3,10.7
45836.430624,12.1,999.0,11.3,10.8
45846.437594,12.0,999.0,11.3,10.7
45856.476736,12.0,999.0,11.3,10.7
45866.491092,12.0,999.0,11.3,10.7
45876.518168,12.0,999.0,11.3,10.7
45886.558725,12.1,999.0,11.3,10.7
45896.56858,12.0,999.0,11.3,10.7
45906.590466,12.0,999.0,11.3,10.7
45916.630016,12.1,999.0,11.3,10.6
45926.651916,12.0,999.0,11.3,10.7
45936.668393,12.0,999.0,11.3,10.6
45946.692944,12.0,999.0,11.3,10.7
45956.733633,12.0,999.0,11.3,10.7
45966.753101,12.0,999.0,11.3,10.6
45976.782353,12.0,999.0,11.3,10.6
45986.793803,12.0,999.0,11.3,10.6
45996.828931,12.0,999.0,11.3,10.6
46006.892039,12.0,999.0,11.3,10.6
46016.903037,12.0,999.0,11.2,10.6
46026.925003,12.0,999.0,11.3,10.6
46036.979281,12.0,999.0,11.3,10.7
46046.99537,12.0,999.0,11.3,10.6
46057.025805,12.0,999.0,11.2,10.6
46067.066557,12.0,999.0,11.3,10.6
46077.072217,12.0,999.0,11.3,10.6
46087.109018,12.0,999.0,11.2,10.6
46097.137929,12.0,999.0,11.3,10.6
46107.1616,11.9,999.0,11.3,10.6
46117.16961,12.0,999.0,11.2,10.6
46127.193571,12.0,999.0,11.2,10.6
46137.232789,12.0,999.0,11.3,10.6
46147.275186,12.0,999.0,11.2,10.6
46157.301453,11.9,999.0,11.3,10.7
46167.337007,12.0,999.0,11.2,10.6
46177.34285,11.9,999.0,11.2,10.6
46187.382354,11.9,999.0,11.3,10.6
46197.405988,12.0,999.0,11.3,10.6
46207.422992,11.9,999.0,11.2,10.6
46217.455633,12.0,999.0,11.2,10.6
46227.509469,12.0,999.0,11.2,10.6
46237.513972,11.9,999.0,11.3,10.6
46247.548268,11.9,999.0,11.3,10.6
46257.577725,11.9,999.0,11.2,10.6
46267.586284,11.9,999.0,11.3,10.6
46277.623705,11.9,999.0,11.2,10.6
46287.647866,11.9,999.0,11.2,10.6
46297.656373,11.9,999.0,11.3,10.6
46307.711355,11.9,999.0,11.2,10.6
46317.737705,11.9,999.0,11.2,10.6
46327.750167,11.9,999.0,11.2,10.6
46337.764266,11.9,999.0,11.2,10.6
46347.793936,11.9,999.0,11.2,10.6
46357.817347,11.9,999.0,11.2,10.6
46367.83634,11.9,999.0,11.2,10.6
46377.86575,11.9,999.0,11.2,10.6
46387.893982,11.9,999.0,11.2,10.6
46397.908954,11.9,999.0,11.2,10.6
46407.952002,11.9,999.0,11.2,10.6
46417.980888,11.9,999.0,11.3,10.6
46428.00381,11.9,999.0,11.2,10.6
46438.011363,11.9,999.0,11.2,10.6
46448.035623,11.9,999.0,11.3,10.6
46458.051542,11.9,999.0,11.2,10.6
46468.089331,11.9,999.0,11.2,10.6
46478.096365,11.9,999.0,11.2,10.6
46488.119838,11.9,999.0,11.2,10.6
46498.195606,11.9,999.0,11.2,10.6
46508.201416,11.9,999.0,11.2,10.6
46518.225012,11.9,999.0,11.2,10.6
46528.259212,11.9,999.0,11.2,10.5
46538.269899,11.9,999.0,11.2,10.5
46548.314377,11.9,999.0,11.2,10.6
46558.347897,11.9,999.0,11.2,10.6
46568.359912,11.9,999.0,11.2,10.5
46578.375124,11.9,999.0,11.2,10.5
46588.402994,11.9,999.0,11.2,10.6
46598.411314,11.9,999.0,11.2,10.6
46608.44858,11.9,999.0,11.2,10.6
46618.471952,11.9,999.0,11.2,10.5
46628.479492,11.9,999.0,11.1,10.5
46638.517275,11.9,999.0,11.2,10.6
46648.54154,11.9,999.0,11.2,10.5
46658.562916,11.9,999.0,11.2,10.6
46668.601113,11.9,999.0,11.1,10.5
46678.619396,11.9,999.0,11.1,10.6
46688.648463,11.9,999.0,11.1,10.5
46698.687323,11.9,999.0,11.1,10.5
46708.697161,11.9,999.0,11.1,10.5
46718.720933,11.9,999.0,11.2,10.5
46728.758164,11.9,999.0,11.2,10.5
46738.775808,11.9,999.0,11.1,10.5
46748.777981,11.9,999.0,11.2,10.5
46758.816525,11.9,999.0,11.2,10.5
46768.83887,11.9,999.0,11.1,10.5
46778.849674,11.9,999.0,11.1,10.5
46788.881126,11.9,999.0,11.2,10.5
46798.920229,11.9,999.0,11.1,10.5
46808.97829,11.9,999.0,11.1,10.4
46819.004857,11.9,999.0,11.1,10.5
46829.012925,11.9,999.0,11.1,10.5
46839.020113,11.9,999.0,11.1,10.5
46849.056554,11.9,999.0,11.2,10.5
46859.064024,11.8,999.0,11.1,10.5
46869.119433,11.9,999.0,11.1,10.5
46879.149577,11.9,999.0,11.1,10.5
46889.173866,11.9,999.0,11.1,10.5
46899.197646,11.9,999.0,11.1,10.5
46909.220386,11.9,999.0,11.1,10.5
46919.259116,11.9,999.0,11.1,10.5
46929.308477,11.9,999.0,11.1,10.5
46939.353914,11.9,999.0,11.1,10.5
46949.393063,11.9,999.0,11.1,10.5
46959.401605,11.9,999.0,11.1,10.5
46969.455001,11.9,999.0,11.1,10.5
46979.479612,11.9,999.0,11.1,10.5
46989.525666,11.9,999.0,11.1,10.5
46999.533972,11.8,999.0,11.1,10.5
47009.58748,11.8,999.0,11.1,10.5
47019.611729,11.9,999.0,11.1,10.5
47029.666377,11.8,999.0,11.1,10.5
47039.702721,11.8,999.0,11.1,10.5
47049.748824,11.8,999.0,11.1,10.5
47059.771901,11.9,999.0,11.1,10.5
47069.793714,11.8,999.0,11.1,10.5
47079.844279,11.9,999.0,11.1,10.4
47089.882411,11.8,999.0,11.1,10.5
47099.921112,11.8,999.0,11.1,10.5
47109.927979,11.8,999.0,11.1,10.5
47119.966795,11.8,999.0,11.1,10.5
47129.989473,11.8,999.0,11.1,10.5
47140.014127,11.8,999.0,11.1,10.5
47150.044494,11.8,999.0,11.1,10.5
47160.097425,11.8,999.0,11.1,10.5
47170.104768,11.8,999.0,11.1,10.5
47180.142039,11.8,999.0,11.1,10.5
47190.164363,11.8,999.0,11.1,10.4
47200.172607,11.8,999.0,11.1,10.5
47210.21251,11.8,999.0,11.1,10.5
47220.233455,11.8,999.0,11.1,10.4
47230.255595,11.8,999.0,11.1,10.5
47240.298628,11.8,999.0,11.1,10.4
47250.328155,11.8,999.0,11.1,10.4
47260.342755,11.8,999.0,11.1,10.5
47270.369578,11.8,999.0,11.1,10.5
47280.413294,11.8,999.0,11.1,10.4
47290.420333,11.8,999.0,11.1,10.5
47300.497112,11.8,999.0,11.1,10.4
47310.520657,11.8,999.0,11.1,10.5
47320.575488,11.8,999.0,11.1,10.4
47330.598228,11.8,999.0,11.1,10.5
47340.620821,11.8,999.0,11.1,10.5
47350.679469,11.8,999.0,11.1,10.4
47360.709642,11.8,999.0,11.1,10.4
47370.725044,11.8,999.0,11.1,10.4
47380.763385,11.8,999.0,11.1,10.4
47390.789158,11.8,999.0,11.1,10.4
47400.808119,11.8,999.0,11.1,10.4
47410.837303,11.8,999.0,11.1,10.4
47420.872884,11.8,999.0,11.1,10.4
47430.911874,11.8,999.0,11.1,10.4
47440.937742,11.8,999.0,11.1,10.4
47450.976306,11.8,999.0,11.1,10.4
47460.999419,11.8,999.0,11.1,10.4
47471.019425,11.8,999.0,11.1,10.4
47481.065703,11.7,999.0,11.1,10.4
47491.100667,11.8,999.0,11.1,10.4
47501.11843,11.8,999.0,11.1,10.4
47511.155663,11.8,999.0,11.1,10.4
47521.186041,11.8,999.0,11.1,10.4
47531.212612,11.8,999.0,11.1,10.4
47541.233059,11.8,999.0,11.0,10.4
47551.272747,11.8,999.0,11.1,10.4
47561.31003,11.8,999.0,11.1,10.4
47571.33258,11.7,999.0,11.1,10.4
47581.369536,11.7,999.0,11.1,10.4
47591.37798,11.8,999.0,11.1,10.4
47601.415437,11.7,999.0,11.1,10.4
47611.430598,11.7,999.0,11.1,10.4
47621.446563,11.7,999.0,11.1,10.4
47631.501466,11.7,999.0,11.1,10.4
47641.523091,11.8,999.0,11.1,10.4
47651.555678,11.8,999.0,11.1,10.4
47661.60635,11.8,999.0,11.1,10.4
47671.606565,11.7,999.0,11.1,10.4
47681.644841,11.8,999.0,11.1,10.4
47691.675026,11.7,999.0,11.1,10.4
47701.696149,11.7,999.0,11.1,10.4
47711.747495,11.8,999.0,11.1,10.4
47721.75481,11.7,999.0,11.1,10.4
47731.779762,11.8,999.0,11.1,10.4
47741.825808,11.7,999.0,11.1,10.4
47751.860962,11.7,999.0,11.1,10.4
47761.889765,11.7,999.0,11.0,10.4
47771.910662,11.7,999.0,11.1,10.4
47781.938848,11.7,999.0,11.1,10.4
47791.95608,11.7,999.0,11.1,10.4
47801.993482,11.7,999.0,11.1,10.4
47811.99732,11.7,999.0,11.1,10.4
47822.052326,11.7,999.0,11.1,10.4
47832.077565,11.7,999.0,11.1,10.4
47842.100052,11.7,999.0,11.1,10.4
47852.124731,11.7,999.0,11.0,10.4
47862.16838,11.7,999.0,11.0,10.4
47872.208443,11.7,999.0,11.0,10.4
47882.255826,11.7,999.0,11.1,10.4
47892.258622,11.7,999.0,11.0,10.4
47902.330614,11.7,999.0,11.0,10.3
47912.334937,11.7,999.0,11.1,10.4
47922.358462,11.7,999.0,11.0,10.4
47932.397773,11.7,999.0,11.0,10.4
47942.402444,11.7,999.0,11.0,10.4
47952.434282,11.8,999.0,11.0,10.4
47962.459493,11.7,999.0,11.0,10.4
47972.511827,11.7,999.0,11.1,10.4
47982.520092,11.7,999.0,11.1,10.4
47992.549529,11.7,999.0,11.1,10.4
48002.601005,11.7,999.0,11.0,10.4
48012.61693,11.7,999.0,11.0,10.4
48022.641299,11.7,999.0,11.1,10.4
48032.657319,11.7,999.0,11.0,10.4
48042.685994,11.7,999.0,11.0,10.4
48052.731475,11.7,999.0,11.0,10.4
48062.753323,11.7,999.0,11.0,10.4
48072.785317,11.7,999.0,11.0,10.4
48082.79848,11.7,999.0,11.0,10.3
48092.801535,11.7,999.0,11.0,10.3
48102.846751,11.7,999.0,11.0,10.4
48112.871965,11.7,999.0,11.0,10.4
48122.907747,11.7,999.0,11.1,10.3
48132.947401,11.7,999.0,11.0,10.4
48142.993099,11.8,999.0,11.0,10.4
48153.009143,11.7,999.0,11.0,10.3
48163.04717,11.7,999.0,11.0,10.4
48173.054398,11.7,999.0,11.0,10.4
48183.078283,11.7,999.0,11.0,10.4
48193.103272,11.7,999.0,11.0,10.3
48203.109531,11.7,999.0,11.1,10.4
48213.132061,11.7,999.0,11.0,10.3
48223.169969,11.8,999.0,11.0,10.4
48233.180536,11.7,999.0,11.0,10.4
48243.195372,11.7,999.0,11.0,10.3
48253.223048,11.7,999.0,10.9,10.4
48263.273633,11.7,999.0,11.0,10.3
48273.279611,11.7,999.0,11.1,10.4
48283.305406,11.8,999.0,11.0,10.3
48293.344356,11.7,999.0,11.0,10.4
48303.349484,11.7,999.0,11.0,10.3
48313.375829,11.7,999.0,11.0,10.3
48323.444925,11.7,999.0,11.1,10.3
48333.470213,11.7,999.0,11.0,10.3
48343.477836,11.7,999.0,11.1,10.3
48353.533619,11.7,999.0,11.1,10.3
48363.539367,11.7,999.0,11.0,10.4
48373.559993,11.7,999.0,11.0,10.4
48383.586784,11.7,999.0,11.0,10.3
48393.615335,11.7,999.0,11.0,10.3
48403.639686,11.7,999.0,11.0,10.3
48413.647343,11.7,999.0,10.9,10.3
48423.686228,11.7,999.0,11.0,10.4
48433.72353,11.7,999.0,11.0,10.3
48443.768886,11.7,999.0,11.0,10.4
48453.792685,11.7,999.0,11.0,10.3
48463.851239,11.7,999.0,11.0,10.3
48473.853545,11.7,999.0,11.0,10.3
48483.893158,11.7,999.0,11.0,10.3
48493.919543,11.7,999.0,10.9,10.3
48503.935173,11.7,999.0,10.9,10.3
48513.973691,11.7,999.0,10.9,10.3
48523.982825,11.8,999.0,11.0,10.3
48534.006821,11.7,999.0,10.9,10.3
48544.045785,11.7,999.0,10.9,10.3
48554.074309,11.7,999.0,10.9,10.4
48564.078128,11.7,999.0,11.0,10.3
48574.114383,11.7,999.0,11.0,10.3
48584.137374,11.7,999.0,11.0,10.3
48594.177298,11.7,999.0,11.0,10.3
48604.183905,11.7,999.0,10.9,10.3
48614.202207,11.7,999.0,10.9,10.3
48624.233135,11.7,999.0,11.0,10.4
48634.25412,11.7,999.0,11.0,10.4
48644.26018,11.7,999.0,11.0,10.3
48654.299908,11.7,999.0,11.0,10.3
48664.304615,11.7,999.0,10.9,10.3
48674.342918,11.7,999.0,10.9,10.3
48684.38273,11.7,999.0,11.0,10.3
48694.390011,11.7,999.0,10.9,10.3
48704.429204,11.7,999.0,10.9,10.3
48714.436375,11.7,999.0,10.9,10.3
48724.478996,11.7,999.0,11.0,10.3
48734.529503,11.7,999.0,11.0,10.3
48744.547291,11.7,999.0,10.9,10.3
48754.585343,11.7,999.0,11.0,10.3
48764.602682,11.7,999.0,11.0,10.3
48774.610896,11.7,999.0,11.0,10.3
48784.620962,11.7,999.0,11.0,10.3
48794.644469,11.7,999.0,11.0,10.3
48804.703825,11.7,999.0,11.0,10.3
48814.724391,11.7,999.0,11.0,10.3
48824.74919,11.7,999.0,11.0,10.3
48834.790388,11.7,999.0,11.0,10.3
48844.796162,11.7,999.0,11.0,10.3
48854.820172,11.7,999.0,11.0,10.3
48864.860745,11.7,999.0,11.0,10.3
48874.877281,11.7,999.0,11.0,10.3
48884.926461,11.7,999.0,11.0,10.3
48894.949281,11.7,999.0,11.0,10.3
48905.006908,11.7,999.0,11.0,10.3
48915.043603,11.7,999.0,11.0,10.3
48925.105815,11.7,999.0,11.0,10.3
48935.142451,11.7,999.0,10.9,10.3
48945.165798,11.7,999.0,11.0,10.3
48955.190839,11.7,999.0,10.9,10.3
48965.215217,11.7,999.0,10.9,10.3
48975.254789,11.7,999.0,11.0,10.3
48985.263028,11.7,999.0,10.9,10.3
48995.288586,11.7,999.0,10.9,10.3
49005.329102,11.7,999.0,11.0,10.3
49015.350207,11.7,999.0,10.9,10.3
49025.356672,11.6,999.0,11.0,10.3
49035.397124,11.7,999.0,10.9,10.2
49045.403446,11.7,999.0,11.0,10.3
49055.411069,11.7,999.0,10.9,10.3
49065.448531,11.7,999.0,11.0,10.3
49075.453779,11.7,999.0,10.9,10.3
49085.49192,11.7,999.0,10.9,10.3
49095.520623,11.7,999.0,10.9,10.2
49105.552529,11.7,999.0,10.9,10.3
49115.586292,11.7,999.0,10.9,10.3
49125.627819,11.7,999.0,11.0,10.3
49135.668714,11.7,999.0,11.0,10.3
49145.696446,11.7,999.0,11.0,10.3
49155.699941,11.7,999.0,11.0,10.3
49165.738291,11.7,999.0,10.9,10.3
49175.74579,11.7,999.0,10.9,10.3
49185.770699,11.7,999.0,10.9,10.3
49195.808959,11.7,999.0,11.0,10.3
49205.816791,11.6,999.0,10.9,10.2
49215.855309,11.7,999.0,11.0,10.3
49225.882567,11.7,999.0,11.0,10.3
49235.908705,11.7,999.0,11.0,10.2
49245.942414,11.7,999.0,10.9,10.3
49255.984623,11.7,999.0,10.9,10.2
49266.015358,11.7,999.0,10.9,10.2
49276.043743,11.7,999.0,10.9,10.2
49286.066566,11.7,999.0,10.9,10.3
49296.075624,11.7,999.0,10.9,10.2
49306.115222,11.7,999.0,11.0,10.2
49316.152286,11.7,999.0,10.9,10.3
49326.175309,11.6,999.0,10.9,10.2
49336.217026,11.7,999.0,10.9,10.2
49346.240463,11.7,999.0,10.9,10.3
49356.245219,11.7,999.0,11.0,10.3
49366.294388,11.7,999.0,10.9,10.2
49376.332789,11.7,999.0,11.0,10.2
49386.355393,11.6,999.0,10.9,10.2
49396.37699,11.6,999.0,10.9,10.2
49406.399934,11.6,999.0,10.9,10.2
49416.421338,11.7,999.0,10.9,10.2
49426.472963,11.7,999.0,10.9,10.2
49436.499461,11.7,999.0,10.9,10.2
49446.510757,11.7,999.0,10.9,10.2
49456.522009,11.6,999.0,10.9,10.2
49466.555367,11.7,999.0,10.9,10.2
49476.558466,11.7,999.0,10.9,10.2
49486.608217,11.7,999.0,10.9,10.2
49496.647102,11.6,999.0,10.9,10.2
49506.6641,11.7,999.0,10.9,10.2
49516.706133,11.6,999.0,10.9,10.2
49526.730542,11.6,999.0,10.9,10.2
49536.752407,11.6,999.0,10.9,10.3
49546.798785,11.6,999.0,10.9,10.2
49556.830387,11.6,999.0,10.9,10.2
49566.854831,11.7,999.0,10.9,10.2
49576.909019,11.7,999.0,10.9,10.2
49586.94961,11.6,999.0,10.9,10.2
49596.953747,11.7,999.0,10.9,10.2
49606.982874,11.6,999.0,10.9,10.2
49617.020759,11.6,999.0,10.9,10.2
49627.039515,11.6,999.0,10.9,10.2
49637.106068,11.6,999.0,10.9,10.2
49647.136787,11.6,999.0,10.9,10.2
49657.146418,11.6,999.0,10.9,10.2
49667.185183,11.6,999.0,10.9,10.2
49677.210606,11.6,999.0,10.9,10.2
49687.218907,11.6,999.0,11.0,10.2
49697.242905,11.6,999.0,10.9,10.2
49707.282396,11.6,999.0,10.9,10.2
49717.289363,11.7,999.0,10.9,10.2
49727.315388,11.6,999.0,11.0,10.2
49737.353791,11.6,999.0,10.9,10.2
49747.380222,11.7,999.0,10.9,10.2
49757.413215,11.6,999.0,10.9,10.2
49767.458201,11.6,999.0,10.9,10.2
49777.496807,11.6,999.0,10.9,10.2
49787.505915,11.7,999.0,10.9,10.2
49797.531392,11.6,999.0,10.9,10.2
49807.56969,11.6,999.0,10.9,10.2
49817.591103,11.6,999.0,10.9,10.2
49827.630279,11.6,999.0,10.9,10.2
49837.661208,11.6,999.0,10.9,10.2
49847.685628,11.7,999.0,10.9,10.2
49857.708497,11.7,999.0,10.9,10.2
49867.731156,11.7,999.0,10.9,10.2
49877.754497,11.6,999.0,10.9,10.2
49887.787925,11.6,999.0,10.9,10.2
49897.848985,11.7,999.0,10.9,10.2
49907.889097,11.6,999.0,10.9,10.2
49917.932011,11.6,999.0,10.9,10.2
49927.94258,11.6,999.0,10.9,10.2
49937.97976,11.6,999.0,10.9,10.2
49948.0035,11.6,999.0,10.9,10.2
49958.013981,11.6,999.0,10.9,10.2
49968.036031,11.6,999.0,10.9,10.2
49978.074916,11.6,999.0,10.9,10.2
49988.119058,11.6,999.0,10.9,10.2
49998.163932,11.6,999.0,10.9,10.2
50008.173838,11.6,999.0,10.9,10.2
50018.214451,11.6,999.0,10.9,10.2
50028.239625,11.6,999.0,10.9,10.2
50038.264921,11.6,999.0,10.9,10.2
50048.26864,11.6,999.0,10.9,10.2
50058.307198,11.6,999.0,10.9,10.2
50068.353379,11.6,999.0,10.9,10.2
50078.38293,11.6,999.0,10.9,10.2
50088.408733,11.6,999.0,10.8,10.2
50098.429157,11.6,999.0,10.9,10.2
50108.467107,11.6,999.0,10.9,10.2
50118.497994,11.6,999.0,10.9,10.2
50128.504638,11.6,999.0,10.9,10.2
50138.537846,11.6,999.0,10.8,10.2
50148.553805,11.6,999.0,10.9,10.2
50158.570149,11.6,999.0,10.9,10.2
50168.607682,11.6,999.0,10.9,10.2
50178.639507,11.6,999.0,10.9,10.2
50188.65621,11.6,999.0,10.9,10.2
50198.679229,11.7,999.0,10.9,10.2
50208.699959,11.6,999.0,10.9,10.2
50218.738976,11.6,999.0,10.9,10.2
50228.777561,11.6,999.0,10.9,10.2
50238.784868,11.6,999.0,10.9,10.2
50248.82411,11.6,999.0,10.9,10.2
50258.831744,11.6,999.0,11.0,10.2
50268.839915,11.7,999.0,11.0,10.2
50278.900653,11.6,999.0,11.0,10.2
50288.932486,11.6,999.0,11.1,10.2
50299.002029,11.7,999.0,11.1,10.3
50309.026282,11.7,999.0,11.1,10.3
50319.059979,11.7,999.0,11.2,10.3
50329.080352,11.7,999.0,11.3,10.4
50339.103682,11.8,999.0,11.3,10.4
50349.128031,11.8,999.0,11.4,10.4
50359.143809,11.9,999.0,11.5,10.5
50369.171293,11.9,999.0,11.6,10.5
50379.211581,12.0,999.0,11.6,10.5
50389.234611,12.0,999.0,11.7,10.6
50399.266649,12.1,999.0,11.8,10.6
50409.304982,12.1,999.0,11.9,10.7
50419.32296,12.2,999.0,12.0,10.8
50429.361818,12.2,999.0,12.3,10.9
50439.385796,12.3,999.0,12.4,10.9
50449.394298,12.4,999.0,12.3,10.9
50459.431835,12.5,999.0,12.7,11.1
50469.437023,12.6,999.0,12.7,11.1
50479.474899,12.7,999.0,12.9,11.2
50489.479166,12.8,999.0,13.0,11.3
50499.50414,12.9,999.0,13.1,11.4
50509.544304,13.0,999.0,13.2,11.5
50519.563552,13.1,999.0,13.4,11.6
50529.603416,13.2,999.0,13.4,11.8
50539.640927,13.3,999.0,13.6,11.7
50549.646571,13.3,999.0,13.6,11.8
50559.705736,13.4,999.0,13.7,11.8
50569.722585,13.5,999.0,13.8,12.1
50579.761331,13.6,999.0,13.9,12.1
50589.788439,13.7,999.0,14.0,12.3
50599.792939,13.8,999.0,14.1,12.3
50609.831633,14.0,999.0,14.2,12.4
50619.854367,14.0,999.0,14.3,12.5
50629.903642,14.1,999.0,14.4,12.5
50639.920178,14.1,999.0,14.4,12.6
50649.933619,14.3,999.0,14.5,12.7
50659.960305,14.3,999.0,14.5,12.8
50669.990211,14.4,999.0,14.5,12.8
50680.010421,14.4,999.0,14.7,12.8
50690.041439,14.6,999.0,14.8,12.9
50700.088063,14.6,999.0,14.8,13.0
50710.09679,14.7,999.0,14.9,13.0
50720.134909,14.8,999.0,15.0,13.2
50730.157236,14.8,999.0,15.0,13.2
50740.19544,15.1,999.0,15.0,13.2
50750.234554,14.9,999.0,15.1,13.3
50760.258511,15.2,999.0,15.2,13.4
50770.287261,15.3,999.0,15.2,13.5
50780.322958,15.3,999.0,15.2,13.5
50790.327953,15.4,999.0,15.3,13.5
50800.352724,15.4,999.0,15.3,13.6
50810.390098,15.5,999.0,15.4,13.6
50820.413093,15.6,999.0,15.4,13.6
50830.459826,15.6,999.0,15.5,13.7
50840.49174,15.6,999.0,15.5,13.8
50850.525344,15.6,999.0,15.6,13.8
50860.55357,15.7,999.0,15.6,13.9
50870.572076,15.8,999.0,15.6,13.9
50880.630449,15.8,999.0,15.7,13.9
50890.669832,15.9,999.0,15.7,14.0
50900.692456,15.9,999.0,15.7,14.0
50910.718182,15.9,999.0,15.7,14.1
50920.785633,16.0,999.0,15.8,14.1
50930.792898,16.0,999.0,15.9,14.2
50940.81913,16.0,999.0,15.9,14.2
50950.850607,16.0,999.0,15.9,14.2
50960.906928,16.1,999.0,16.0,14.3
50970.910241,16.1,999.0,15.9,14.3
50980.947313,16.1,999.0,15.9,14.4
50990.964255,16.2,999.0,16.0,14.3
51001.002661,16.2,999.0,16.0,14.4
51011.010966,16.3,999.0,16.0,14.4
51021.04481,16.3,999.0,16.1,14.5
51031.072589,16.3,999.0,16.1,14.5
51041.081504,16.3,999.0,16.2,14.5
51051.105403,16.3,999.0,16.2,14.6
51061.145325,16.3,999.0,16.2,14.6
51071.167514,16.4,999.0,16.2,14.6
51081.191899,16.4,999.0,16.4,14.7
51091.234224,16.4,999.0,16.2,14.7
51101.278522,16.4,999.0,16.2,14.7
51111.306585,16.5,999.0,16.3,14.8
51121.331981,16.5,999.0,16.5,14.8
51131.339592,16.5,999.0,16.3,14.8
51141.394165,16.5,999.0,16.6,14.9
51151.401299,16.6,999.0,16.4,14.9
51161.412058,16.6,999.0,16.6,15.0
51171.450177,16.6,999.0,16.6,15.0
51181.488402,16.6,999.0,16.6,14.9
51191.496905,16.6,999.0,16.6,15.0
51201.536918,16.6,999.0,16.6,15.0
51211.561307,16.7,999.0,16.6,15.0
51221.565516,16.7,999.0,16.7,15.1
51231.594546,16.7,999.0,16.6,15.1
51241.633414,16.7,999.0,16.7,15.1
51251.640095,16.7,999.0,16.8,15.1
51261.674309,16.7,999.0,16.7,15.1
51271.704884,16.7,999.0,16.8,15.1
51281.747458,16.7,999.0,16.7,15.2
51291.764864,16.7,999.0,16.7,15.3
51301.804858,16.8,999.0,16.8,15.3
51311.81701,16.8,999.0,16.8,15.2
51321.82204,16.8,999.0,16.9,15.3
51331.863173,16.8,999.0,16.9,15.3
51341.887704,16.9,999.0,16.9,15.3
51351.910335,16.9,999.0,16.9,15.3
51361.954551,16.9,999.0,16.9,15.4
51371.984001,16.9,999.0,16.9,15.4
51382.023661,16.9,999.0,16.9,15.4
51392.028766,16.9,999.0,17.0,15.4
51402.057721,17.0,999.0,16.9,15.5
51412.095282,17.0,999.0,16.9,15.5
51422.11106,17.0,999.0,17.0,15.5
51432.150254,17.0,999.0,17.0,15.6
51442.156816,17.0,999.0,17.0,15.5
51452.209195,17.0,999.0,17.0,15.6
51462.234218,17.0,999.0,17.0,15.6
51472.281341,17.0,999.0,17.1,15.6
51482.318691,17.0,999.0,17.1,15.8
51492.357648,17.0,999.0,17.1,15.7
51502.364023,17.0,999.0,17.1,15.7
51512.390396,17.1,999.0,17.1,15.6
51522.424798,17.1,999.0,17.1,15.7
51532.454123,17.1,999.0,17.1,15.9
51542.484231,17.1,999.0,17.1,15.7
51552.515171,17.1,999.0,17.1,15.9
51562.568477,17.1,999.0,17.1,15.9
51572.588928,17.1,999.0,17.1,15.8
51582.61422,17.1,999.0,17.2,15.8
51592.637512,17.1,999.0,17.2,15.8
51602.663749,17.1,999.0,17.2,15.8
51612.701336,17.1,999.0,17.2,16.0
51622.707981,17.2,999.0,17.2,16.0
51632.731583,17.2,999.0,17.2,16.0
51642.76895,17.2,999.0,17.3,16.1
51652.776831,17.2,999.0,17.2,15.9
51662.836751,17.2,999.0,17.2,16.1
51672.863614,17.2,999.0,17.3,16.2
51682.905001,17.2,999.0,17.3,16.1
51692.921517,17.2,999.0,17.3,16.1
51702.959822,17.2,999.0,17.3,16.2
51712.969735,17.3,999.0,17.3,16.2
51722.986298,17.3,999.0,17.3,16.0
51733.03203,17.3,999.0,17.3,16.2
51743.049869,17.3,999.0,17.4,16.3
51753.078917,17.3,999.0,17.4,16.3
51763.118312,17.3,999.0,17.4,16.3
51773.140386,17.3,999.0,17.4,16.3
51783.180562,17.3,999.0,17.4,16.3
51793.222843,17.3,999.0,17.4,16.3
51803.236366,17.3,999.0,17.4,16.1
51813.274815,17.4,999.0,17.4,16.3
51823.292717,17.4,999.0,17.4,16.4
51833.338003,17.4,999.0,17.4,16.4
51843.342887,17.4,999.0,17.4,16.3
51853.365294,17.4,999.0,17.4,16.4
51863.388841,17.4,999.0,17.4,16.4
51873.411275,17.4,999.0,17.5,16.4
51883.442218,17.4,999.0,17.5,16.4
51893.465295,17.4,999.0,17.5,16.4
51903.504452,17.4,999.0,17.5,16.5
51913.545143,17.4,999.0,17.5,16.4
51923.571292,17.5,999.0,17.5,16.5
51933.61167,17.4,999.0,17.5,16.5
51943.652716,17.5,999.0,17.6,16.5
51953.695756,17.4,999.0,17.6,16.5
51963.717,17.5,999.0,17.6,16.5
51973.774884,17.5,999.0,17.6,16.5
51983.793425,17.5,999.0,17.6,16.6
51993.845685,17.5,999.0,17.6,16.6
52003.853628,17.5,999.0,17.6,16.6
52013.876124,17.5,999.0,17.6,16.6
52023.914254,17.5,999.0,17.6,16.6
52033.937532,17.5,999.0,17.6,16.6
52043.975123,17.6,999.0,17.6,16.6
52053.976313,17.5,999.0,17.6,16.6
52064.041364,17.5,999.0,17.6,16.6
52074.068945,17.6,999.0,17.6,16.6
52084.139634,17.6,999.0,17.7,16.6
52094.165206,17.6,999.0,17.6,16.6
52104.196033,17.6,999.0,17.7,16.7
52114.21961,17.6,999.0,17.7,16.7
52124.242411,17.6,999.0,17.7,16.7
52134.274393,17.6,999.0,17.7,16.7
52144.286713,17.6,999.0,17.7,16.7
52154.325733,17.6,999.0,17.6,16.7
52164.349334,17.6,999.0,17.7,16.8
52174.373835,17.6,999.0,17.7,16.8
52184.399591,17.6,999.0,17.8,16.7
52194.42835,17.6,999.0,17.7,16.8
52204.469854,17.6,999.0,17.7,16.8
52214.499631,17.6,999.0,17.7,16.8
52224.517351,17.6,999.0,17.7,16.8
52234.54012,17.6,999.0,17.8,16.8
52244.540842,17.6,999.0,17.8,16.8
52254.58093,17.7,999.0,17.8,16.8
52264.625848,17.7,999.0,17.8,16.8
52274.633547,17.7,999.0,17.8,16.8
52284.658221,17.7,999.0,17.8,16.8
52294.68126,17.6,999.0,17.8,16.8
52304.708136,17.7,999.0,17.8,16.8
52314.715582,17.7,999.0,17.8,16.9
52324.761003,17.7,999.0,17.8,16.8
52334.8301,17.6,999.0,17.8,16.9
52344.891029,17.8,999.0,17.8,16.9
52354.924638,17.7,999.0,17.8,16.9
52364.978876,17.8,999.0,17.8,16.9
52374.984975,17.8,999.0,17.8,16.9
52385.009132,17.8,999.0,17.8,17.0
52395.063673,17.8,999.0,17.8,17.0
52405.089128,17.7,999.0,17.8,17.0
52415.117629,17.7,999.0,17.8,16.9
52425.153,17.8,999.0,17.8,17.0
52435.159113,17.8,999.0,17.8,17.0
52445.185774,17.8,999.0,17.8,17.0
52455.226335,17.8,999.0,17.8,17.0
52465.285634,17.8,999.0,17.9,17.0
52475.290295,17.8,999.0,17.9,17.0
52485.327805,17.8,999.0,17.8,17.0
52495.403224,17.8,999.0,17.9,17.0
52505.458337,17.8,999.0,17.9,17.0
52515.464288,17.8,999.0,17.9,17.0
52525.501078,17.8,999.0,18.0,17.0
52535.507766,17.9,999.0,18.0,17.0
52545.539346,17.8,999.0,18.0,17.0
52555.567472,17.8,999.0,18.0,17.0
52565.604791,17.8,999.0,17.9,17.1
52575.629939,17.9,999.0,18.0,17.1
52585.638867,17.9,999.0,17.9,17.0
52595.676421,17.9,999.0,17.9,17.1
52605.721166,17.9,999.0,18.0,17.1
52615.73476,17.9,999.0,17.9,17.1
52625.748639,17.9,999.0,18.0,17.1
52635.788461,17.9,999.0,17.9,17.2
52645.809082,17.9,999.0,18.0,17.2
52655.848577,17.9,999.0,18.0,17.1
52665.875041,17.9,999.0,18.0,17.2
52675.88915,17.9,999.0,18.0,17.2
52685.906317,17.9,999.0,18.0,17.2
52695.948003,17.9,999.0,18.0,17.1
52705.991044,17.9,999.0,18.0,17.2
52715.995649,17.9,999.0,18.0,17.1
52726.032858,17.9,999.0,18.0,17.3
52736.064686,17.9,999.0,18.0,17.2
52746.093648,17.9,999.0,18.0,17.3
52756.131634,17.9,999.0,18.0,17.2
52766.140489,18.0,999.0,18.0,17.3
52776.178085,17.9,999.0,18.0,17.3
52786.20251,17.9,999.0,18.0,17.2
52796.223519,18.0,999.0,18.0,17.2
52806.264185,17.9,999.0,18.0,17.2
52816.292562,17.9,999.0,18.0,17.3
52826.297121,18.0,999.0,18.0,17.2
52836.323823,17.9,999.0,18.1,17.3
52846.364744,18.0,999.0,18.0,17.3
52856.394393,18.0,999.0,18.0,17.3
52866.424931,18.0,999.0,18.0,17.3
52876.470695,18.0,999.0,18.1,17.3
52886.500387,18.0,999.0,18.1,17.3
52896.554533,18.0,999.0,18.1,17.3
52906.57939,18.0,999.0,18.1,17.3
52916.620947,18.0,999.0,18.1,17.3
52926.62622,18.0,999.0,18.1,17.3
52936.650704,18.1,999.0,18.1,17.3
52946.689318,18.0,999.0,18.1,17.3
52956.697039,18.0,999.0,18.1,17.4
52966.735734,18.0,999.0,18.1,17.3
52976.742428,18.0,999.0,18.1,17.4
52986.766586,18.1,999.0,18.1,17.4
52996.785666,18.1,999.0,18.2,17.3
53006.805633,18.1,999.0,18.1,17.4
53016.835658,18.1,999.0,18.2,17.3
53026.874203,18.1,999.0,18.2,17.4
53036.906274,18.1,999.0,18.2,17.4
53046.91581,18.1,999.0,18.1,17.4
53056.966338,18.1,999.0,18.2,17.4
53066.99926,18.1,999.0,18.2,17.4
53077.002018,18.1,999.0,18.2,17.5
53087.029521,18.1,999.0,18.2,17.4
53097.066066,18.1,999.0,18.2,17.4
53107.087186,18.1,999.0,18.2,17.4
53117.130894,18.1,999.0,18.2,17.5
53127.192999,18.1,999.0,18.2,17.4
53137.236077,18.1,999.0,18.2,17.4
53147.259548,18.1,999.0,18.2,17.4
53157.301417,18.1,999.0,18.2,17.5
53167.339773,18.1,999.0,18.2,17.4
53177.34661,18.1,999.0,18.2,17.5
53187.355702,18.1,999.0,18.2,17.5
53197.395343,18.1,999.0,18.2,17.5
53207.415978,18.1,999.0,18.2,17.5
53217.488869,18.1,999.0,18.2,17.5
53227.507698,18.1,999.0,18.3,17.5
53237.562337,18.1,999.0,18.3,17.5
53247.586984,18.1,999.0,18.2,17.5
53257.60984,18.1,999.0,18.2,17.5
53267.654341,18.1,999.0,18.2,17.5
53277.694966,18.1,999.0,18.3,17.5
53287.702971,18.1,999.0,18.2,17.5
53297.738085,18.1,999.0,18.3,17.5
53307.767967,18.2,999.0,18.3,17.5
53317.7768,18.1,999.0,18.3,17.5
53327.817383,18.2,999.0,18.2,17.5
53337.850923,18.2,999.0,18.3,17.5
53347.864813,18.2,999.0,18.3,17.6
53357.890082,18.3,999.0,18.3,17.5
53367.909079,18.1,999.0,18.3,17.6
53377.9452,18.2,999.0,18.3,17.6
53387.981837,18.2,999.0,18.3,17.6
53398.015212,18.2,999.0,18.3,17.6
53408.026399,18.2,999.0,18.3,17.6
53418.064454,18.3,999.0,18.3,17.6
53428.090057,18.1,999.0,18.3,17.6
53438.120759,18.2,999.0,18.3,17.7
53448.123275,18.2,999.0,18.3,17.6
53458.16206,18.2,999.0,18.3,17.6
53468.190281,18.2,999.0,18.3,17.6
53478.208713,18.2,999.0,18.3,17.6
53488.231926,18.3,999.0,18.3,17.7
53498.264386,18.3,999.0,18.3,17.7
53508.266595,18.3,999.0,18.3,17.6
53518.309745,18.2,999.0,18.3,17.6
53528.313379,18.3,999.0,18.3,17.7
53538.350862,18.2,999.0,18.3,17.7
53548.358722,18.2,999.0,18.3,17.7
53558.406508,18.2,999.0,18.4,17.7
53568.452703,18.3,999.0,18.3,17.7
53578.485342,18.2,999.0,18.4,17.7
53588.508479,18.3,999.0,18.4,17.7
53598.532006,18.3,999.0,18.4,17.7
53608.589065,18.3,999.0,18.4,17.7
53618.618936,18.3,999.0,18.4,17.7
53628.637954,18.3,999.0,18.4,17.7
53638.689577,18.3,999.0,18.4,17.7
53648.721897,18.3,999.0,18.4,17.7
53658.749894,18.3,999.0,18.4,17.7
53668.760625,18.3,999.0,18.4,17.7
53678.791732,18.3,999.0,18.4,17.7
53688.800553,18.3,999.0,18.4,17.7
53698.840005,18.3,999.0,18.4,17.7
53708.864448,18.3,999.0,18.4,17.8
53718.871138,18.3,999.0,18.4,17.7
53728.888255,18.3,999.0,18.4,17.7
53738.939831,18.3,999.0,18.4,17.7
53748.944129,18.3,999.0,18.4,17.8
53758.983312,18.3,999.0,18.4,17.7
53768.987121,18.3,999.0,18.5,17.8
53779.056863,18.4,999.0,18.4,17.7
53789.065134,18.3,999.0,18.4,17.7
53799.103639,18.4,999.0,18.4,17.7
53809.131672,18.3,999.0,18.5,17.8
53819.13469,18.3,999.0,18.5,17.8
53829.173111,18.4,999.0,18.5,17.7
53839.182189,18.3,999.0,18.5,17.7
53849.206864,18.4,999.0,18.5,17.7
53859.242826,18.3,999.0,18.5,17.8
53869.306106,18.3,999.0,18.4,17.8
53879.324316,18.3,999.0,18.5,17.8
53889.339155,18.3,999.0,18.5,17.8
53899.379482,18.4,999.0,18.5,17.8
53909.402544,18.4,999.0,18.5,17.9
53919.427326,18.3,999.0,18.5,17.8
53929.465176,18.4,999.0,18.5,17.8
53939.473223,18.4,999.0,18.5,17.9
53949.499306,18.4,999.0,18.5,17.8
53959.537506,18.4,999.0,18.5,17.8
53969.559744,18.4,999.0,18.5,17.8
53979.600664,18.4,999.0,18.5,17.8
53989.630006,18.4,999.0,18.5,17.8
53999.645335,18.4,999.0,18.5,17.9
54009.673661,18.4,999.0,18.5,17.8
54019.680433,18.4,999.0,18.5,17.8
54029.69032,18.4,999.0,18.5,17.9
54039.716414,18.4,999.0,18.5,17.8
54049.756215,18.4,999.0,18.5,17.9
54059.796333,18.4,999.0,18.5,17.8
54069.821345,18.4,999.0,18.5,17.9
54079.858056,18.4,999.0,18.5,17.9
54089.863942,18.4,999.0,18.5,17.8
54099.884601,18.5,999.0,18.5,17.8
54109.950593,18.4,999.0,18.5,17.8
54119.966171,18.4,999.0,18.5,17.9
54129.992652,18.4,999.0,18.5,17.9
54140.04646,18.4,999.0,18.5,17.9
54150.078429,18.5,999.0,18.5,17.9
54160.10246,18.4,999.0,18.5,17.8
54170.13929,18.5,999.0,18.5,17.8
54180.169893,18.4,999.0,18.5,17.9
54190.17801,18.5,999.0,18.5,17.9
54200.202558,18.4,999.0,18.6,17.9
54210.242345,18.4,999.0,18.5,17.9
54220.26668,18.5,999.0,18.5,17.9
54230.304305,18.5,999.0,18.5,17.9
54240.320936,18.5,999.0,18.6,17.9
54250.348795,18.5,999.0,18.5,17.9
54260.38947,18.5,999.0,18.5,17.9
54270.396833,18.5,999.0,18.6,17.9
54280.436641,18.5,999.0,18.5,17.9
54290.46028,18.5,999.0,18.5,17.9
54300.4685,18.5,999.0,18.5,17.9
54310.502174,18.5,999.0,18.5,17.9
54320.550168,18.5,999.0,18.5,18.0
54330.587839,18.5,999.0,18.5,17.9
54340.614877,18.5,999.0,18.5,18.0
54350.654099,18.5,999.0,18.5,17.9
54360.71314,18.5,999.0,18.6,17.9
54370.740616,18.5,999.0,18.5,17.9
54380.775704,18.5,999.0,18.5,18.0
54390.792576,18.5,999.0,18.6,17.9
54400.809397,18.6,999.0,18.6,17.9
54410.866171,18.5,999.0,18.6,18.0
54420.890927,18.5,999.0,18.6,17.9
54430.899918,18.5,999.0,18.6,17.9
54440.939149,18.5,999.0,18.6,18.0
54450.962444,18.6,999.0,18.6,17.9
54460.97123,18.5,999.0,18.6,18.0
54471.010282,18.5,999.0,18.7,18.0
54481.040185,18.6,999.0,18.6,17.9
54491.052328,18.5,999.0,18.6,17.9
54501.10537,18.6,999.0,18.5,18.0
54511.14551,18.6,999.0,18.6,18.0
54521.174944,18.5,999.0,18.6,18.0
54531.20555,18.6,999.0,18.6,18.0
54541.250254,18.6,999.0,18.7,18.0
54551.27753,18.6,999.0,18.6,18.0
54561.300543,18.6,999.0,18.6,18.0
54571.338171,18.6,999.0,18.6,18.0
54581.37818,18.6,999.0,18.6,18.1
54591.426859,18.6,999.0,18.7,18.0
54601.435242,18.6,999.0,18.6,18.1
54611.476447,18.6,999.0,18.7,18.1
54621.513066,18.6,999.0,18.7,18.1
54631.557281,18.6,999.0,18.7,18.0
54641.603085,18.6,999.0,18.6,18.0
54651.654929,18.6,999.0,18.7,18.0
54661.698161,18.6,999.0,18.7,18.0
54671.700239,18.6,999.0,18.7,18.1
54681.75409,18.6,999.0,18.7,18.0
54691.777907,18.6,999.0,18.7,18.0
54701.802807,18.6,999.0,18.7,18.0
54711.840702,18.6,999.0,18.7,18.0
54721.84571,18.6,999.0,18.7,18.1
54731.886166,18.6,999.0,18.7,18.1
54741.911977,18.6,999.0,18.7,18.1
54751.94508,18.6,999.0,18.7,18.1
54761.974353,18.6,999.0,18.7,18.1
54772.013934,18.6,999.0,18.7,18.1
54782.05857,18.6,999.0,18.7,18.1
54792.106419,18.6,999.0,18.7,18.0
54802.135584,18.7,999.0,18.7,18.1
54812.158942,18.7,999.0,18.7,18.1
54822.191877,18.7,999.0,18.7,18.1
54832.237167,18.7,999.0,18.7,18.1
54842.276576,18.6,999.0,18.7,18.1
54852.30173,18.6,999.0,18.7,18.1
54862.347355,18.7,999.0,18.7,18.1
54872.349887,18.7,999.0,18.7,18.1
54882.394517,18.7,999.0,18.7,18.1
54892.418158,18.7,999.0,18.7,18.1
54902.443247,18.6,999.0,18.7,18.1
54912.466943,18.6,999.0,18.7,18.1
54922.490265,18.7,999.0,18.7,18.1
54932.523842,18.7,999.0,18.7,18.1
54942.534831,18.7,999.0,18.7,18.1
54952.537125,18.7,999.0,18.7,18.1
54962.579261,18.7,999.0,18.7,18.1
54972.61844,18.7,999.0,18.7,18.1
54982.656678,18.7,999.0,18.7,18.1
54992.695523,18.7,999.0,18.8,18.2
55002.704613,18.7,999.0,18.7,18.1
55012.742434,18.7,999.0,18.7,18.1
55022.757558,18.7,999.0,18.8,18.1
55032.791693,18.7,999.0,18.7,18.1
55042.830859,18.7,999.0,18.7,18.1
55052.858356,18.7,999.0,18.7,18.2
55062.892309,18.7,999.0,18.7,18.1
55072.936536,18.7,999.0,18.7,18.1
55082.967629,18.7,999.0,18.7,18.1
55092.992389,18.8,999.0,18.7,18.2
55102.995331,18.6,999.0,18.8,18.2
55113.037124,18.7,999.0,18.7,18.2
55123.063691,18.7,999.0,18.7,18.1
55133.070542,18.7,999.0,18.7,18.1
55143.095785,18.6,999.0,18.7,18.2
55153.135738,18.7,999.0,18.7,18.1
55163.181362,18.7,999.0,18.7,18.1
55173.204788,18.7,999.0,18.8,18.2
55183.22834,18.8,999.0,18.8,18.2
55193.273526,18.7,999.0,18.8,18.2
55203.312098,18.8,999.0,18.8,18.2
55213.320122,18.7,999.0,18.8,18.2
55223.358984,18.7,999.0,18.8,18.2
55233.366213,18.7,999.0,18.8,18.2
55243.409425,18.8,999.0,18.8,18.2
55253.461484,18.7,999.0,18.8,18.2
55263.509551,18.8,999.0,18.8,18.2
55273.534209,18.7,999.0,18.8,18.2
55283.558504,18.8,999.0,18.8,18.2
55293.597614,18.8,999.0,18.8,18.2
55303.63191,18.8,999.0,18.8,18.2
55313.660027,18.8,999.0,18.8,18.2
55323.69742,18.8,999.0,18.8,18.2
55333.747947,18.8,999.0,18.8,18.2
55343.762109,18.8,999.0,18.8,18.2
55353.813155,18.8,999.0,18.8,18.2
55363.849706,18.8,999.0,18.8,18.2
55373.851534,18.8,999.0,18.8,18.2
55383.890595,18.8,999.0,18.8,18.2
55393.923731,18.8,999.0,18.8,18.2
55403.926962,18.8,999.0,18.8,18.2
55413.965945,18.8,999.0,18.8,18.2
55423.995139,18.8,999.0,18.8,18.2
55434.01958,18.8,999.0,18.8,18.2
55444.046113,18.8,999.0,18.9,18.2
55454.077436,18.8,999.0,18.9,18.2
55464.112561,18.8,999.0,18.8,18.2
55474.137246,18.8,999.0,18.8,18.2
55484.145753,18.8,999.0,18.8,18.2
55494.16239,18.8,999.0,18.8,18.2
55504.185271,18.8,999.0,18.8,18.2
55514.244067,18.8,999.0,18.8,18.2
55524.253184,18.8,999.0,18.8,18.2
55534.270968,18.8,999.0,18.8,18.2
55544.301692,18.8,999.0,18.9,18.2
55554.358661,18.8,999.0,18.9,18.2
55564.364377,18.9,999.0,18.9,18.3
55574.39081,18.8,999.0,18.8,18.2
55584.434347,18.8,999.0,18.9,18.2
55594.451647,18.8,999.0,18.9,18.2
55604.492814,18.8,999.0,18.9,18.2
55614.517779,18.8,999.0,18.9,18.2
55624.525381,18.8,999.0,18.8,18.2
55634.550203,18.8,999.0,18.8,18.3
55644.590036,18.8,999.0,18.9,18.3
55654.616478,18.8,999.0,18.9,18.3
55664.624427,18.8,999.0,18.9,18.2
55674.661708,18.8,999.0,18.9,18.2
55684.668501,18.8,999.0,18.9,18.3
55694.7043,18.8,999.0,18.9,18.3
55704.714874,18.8,999.0,18.9,18.3
55714.737624,18.9,999.0,18.9,18.3
55724.791861,18.9,999.0,18.9,18.3
55734.8007,18.9,999.0,18.9,18.3
55744.837953,18.9,999.0,18.9,18.3
55754.845178,18.8,999.0,18.9,18.3
55764.852073,18.8,999.0,18.9,18.2
55774.888791,18.9,999.0,18.9,18.3
55784.897243,18.9,999.0,18.9,18.3
55794.92366,18.9,999.0,18.9,18.3
55804.941452,18.8,999.0,18.9,18.3
55814.969622,18.9,999.0,18.9,18.3
55825.041324,18.9,999.0,18.9,18.3
55835.046942,18.9,999.0,18.9,18.3
55845.0699,18.9,999.0,18.9,18.3
55855.109181,18.9,999.0,18.9,18.4
55865.118714,18.9,999.0,18.9,18.3
55875.156742,18.9,999.0,18.9,18.3
55885.183377,18.9,999.0,18.9,18.3
55895.205042,18.8,999.0,18.9,18.3
55905.243892,18.8,999.0,18.9,18.3
55915.27005,18.9,999.0,18.9,18.4
55925.278133,18.9,999.0,18.9,18.3
55935.325253,18.9,999.0,18.9,18.4
55945.377924,18.9,999.0,18.9,18.4
55955.422592,18.9,999.0,18.9,18.4
55965.446831,18.9,999.0,18.9,18.4
55975.456038,18.9,999.0,18.9,18.3
55985.494395,18.9,999.0,18.9,18.4
55995.520938,18.8,999.0,18.9,18.4
56005.560085,18.9,999.0,18.9,18.3
56015.598952,18.9,999.0,18.9,18.4
56025.624456,18.9,999.0,18.9,18.4
56035.668614,18.9,999.0,18.9,18.4
56045.691645,18.9,999.0,19.0,18.4
56055.7641,18.9,999.0,19.0,18.4
56065.785099,18.9,999.0,19.0,18.4
56075.808826,18.9,999.0,18.9,18.3
56085.877452,18.9,999.0,18.9,18.4
56095.914351,18.9,999.0,18.9,18.3
56105.933085,18.9,999.0,18.9,18.4
56115.972301,18.9,999.0,18.9,18.4
56125.9941,18.9,999.0,19.0,18.4
56136.016574,18.9,999.0,18.9,18.4
56146.070575,18.9,999.0,19.0,18.4
56156.09326,19.0,999.0,18.9,18.4
56166.131215,19.0,999.0,19.0,18.4
56176.141673,19.0,999.0,19.0,18.4
56186.151016,19.0,999.0,19.0,18.4
56196.186853,19.0,999.0,19.0,18.4
56206.229213,19.0,999.0,19.0,18.4
56216.246252,19.0,999.0,18.9,18.4
56226.274057,19.0,999.0,19.0,18.4
56236.296715,19.0,999.0,19.0,18.4
56246.335627,19.0,999.0,19.0,18.4
56256.359562,19.0,999.0,19.0,18.4
56266.367,19.0,999.0,19.0,18.4
56276.407937,19.0,999.0,19.0,18.4
56286.41498,19.0,999.0,19.0,18.4
56296.445565,19.0,999.0,19.0,18.4
56306.47958,18.9,999.0,18.9,18.4
56316.509405,19.0,999.0,19.0,18.4
56326.511939,19.0,999.0,18.9,18.4
56336.553633,19.0,999.0,19.0,18.4
56346.581084,19.0,999.0,18.9,18.4
56356.611899,19.0,999.0,18.9,18.4
56366.612714,19.2,999.0,19.0,18.4
56376.6514,19.0,999.0,18.9,18.4
56386.67977,19.0,999.0,19.0,18.4
56396.703172,19.2,999.0,19.0,18.4
56406.729951,19.0,999.0,19.0,18.4
56416.753749,19.2,999.0,19.0,18.4
56426.771319,19.0,999.0,18.9,18.4
56436.811133,19.0,999.0,19.0,18.4
56446.831347,19.0,999.0,19.0,18.4
56456.872619,19.0,999.0,19.0,18.4
56466.896806,19.0,999.0,18.9,18.4
56476.927459,19.0,999.0,18.9,18.4
56486.949101,19.0,999.0,19.0,18.4
56496.98893,19.0,999.0,19.1,18.4
56506.997429,19.0,999.0,19.0,18.4
56517.001959,19.0,999.0,19.0,18.4
56527.041406,19.0,999.0,19.0,18.4
56537.071064,19.0,999.0,19.0,18.4
56547.087504,19.0,999.0,19.0,18.4
56557.115535,19.0,999.0,19.0,18.4
56567.141209,19.0,999.0,19.0,18.4
56577.164527,19.0,999.0,19.0,18.4
56587.219728,19.0,999.0,19.1,18.4
56597.243421,19.0,999.0,19.0,18.5
56607.263258,19.0,999.0,19.0,18.4
56617.292767,19.0,999.0,19.0,18.4
56627.316265,19.0,999.0,19.1,18.4
56637.324617,19.0,999.0,19.0,18.4
56647.36702,19.2,999.0,19.0,18.4
56657.421324,19.2,999.0,19.1,18.4
56667.426141,19.0,999.0,19.0,18.4
56677.465198,19.0,999.0,19.0,18.4
56687.468504,19.0,999.0,19.0,18.4
56697.511036,19.0,999.0,19.0,18.4
56707.538678,19.0,999.0,19.0,18.5
56717.577808,19.0,999.0,19.0,18.4
56727.586631,19.0,999.0,19.0,18.5
56737.612776,19.0,999.0,19.0,18.5
56747.650817,19.0,999.0,19.1,18.5
56757.683165,19.0,999.0,19.0,18.5
56767.704854,19.0,999.0,19.0,18.4
56777.719691,19.0,999.0,19.0,18.4
56787.765313,19.2,999.0,19.1,18.4
56797.818316,19.2,999.0,19.0,18.5
56807.863237,19.1,999.0,19.1,18.5
56817.89636,19.0,999.0,19.0,18.4
56827.935387,19.0,999.0,19.0,18.5
56837.968919,19.0,999.0,19.1,18.5
56847.998344,19.1,999.0,19.0,18.5
56858.022784,19.0,999.0,19.0,18.5
56868.051017,19.0,999.0,19.0,18.5
56878.068796,19.3,999.0,19.1,18.5
56888.092929,19.2,999.0,19.0,18.5
56898.123159,19.1,999.0,19.1,18.5
56908.148623,19.2,999.0,19.1,18.5
56918.202856,19.1,999.0,19.1,18.5
56928.241414,19.1,999.0,19.1,18.5
56938.264815,19.0,999.0,19.1,18.5
56948.338225,19.1,999.0,19.0,18.5
56958.367845,19.1,999.0,19.1,18.5
56968.389945,19.0,999.0,19.1,18.5
56978.426381,19.0,999.0,19.1,18.5
56988.471965,19.3,999.0,19.1,18.5
56998.493077,19.1,999.0,19.1,18.5
57008.499598,19.3,999.0,19.1,18.5
57018.537529,19.1,999.0,19.0,18.5
57028.544972,19.3,999.0,19.1,18.5
57038.600589,19.1,999.0,19.1,18.5
57048.630695,19.3,999.0,19.0,18.5
57058.648309,19.1,999.0,19.1,18.5
57068.683828,19.3,999.0,19.1,18.5
57078.72466,19.1,999.0,19.1,18.5
57088.751354,19.3,999.0,19.1,18.6
57098.787309,19.1,999.0,19.1,18.5
57108.806572,19.1,999.0,19.1,18.5
57118.8357,19.3,999.0,19.1,18.5
57128.860577,19.1,999.0,19.1,18.5
57138.904311,19.1,999.0,19.1,18.5
57148.941907,19.1,999.0,19.1,18.5
57158.983338,19.3,999.0,19.1,18.5
57169.008635,19.1,999.0,19.1,18.5
57179.018309,19.1,999.0,19.1,18.5
57189.043023,19.1,999.0,19.1,18.5
57199.081909,19.3,999.0,19.1,18.5
57209.105889,19.3,999.0,19.1,18.5
57219.130231,19.3,999.0,19.1,18.5
57229.171635,19.3,999.0,19.1,18.5
57239.186762,19.3,999.0,19.1,18.5
57249.222572,19.3,999.0,19.1,18.5
57259.265337,19.1,999.0,19.1,18.5
57269.288797,19.1,999.0,19.1,18.6
57279.310968,19.1,999.0,19.1,18.6
57289.350159,19.1,999.0,19.1,18.5
57299.386163,19.1,999.0,19.1,18.5
57309.448086,19.1,999.0,19.1,18.5
57319.484133,19.1,999.0,19.1,18.5
57329.507336,19.1,999.0,19.1,18.5
57339.532624,19.3,999.0,19.1,18.5
57349.570267,19.1,999.0,19.1,18.5
57359.61385,19.1,999.0,19.1,18.5
57369.636453,19.1,999.0,19.2,18.5
57379.675595,19.2,999.0,19.1,18.5
57389.721664,19.4,999.0,19.1,18.5
57399.738978,19.2,999.0,19.1,18.5
57409.777527,19.2,999.0,19.1,18.5
57419.803363,19.2,999.0,19.2,18.6
57429.812359,19.2,999.0,19.1,18.5
57439.866724,19.1,999.0,19.1,18.5
57449.873452,19.2,999.0,19.1,18.5
57459.913115,19.2,999.0,19.1,18.6
57469.957111,19.2,999.0,19.1,18.5
57479.983678,19.4,999.0,19.2,18.6
57489.986548,19.3,999.0,19.1,18.5
57500.031702,19.2,999.0,19.2,18.6
57510.070646,19.2,999.0,19.2,18.6
57520.080494,19.2,999.0,19.2,18.6
57530.103074,19.2,999.0,19.2,18.5
57540.155693,19.2,999.0,19.2,18.6
57550.180548,19.2,999.0,19.2,18.6
57560.208173,19.2,999.0,19.2,18.5
57570.243668,19.2,999.0,19.2,18.5
57580.250961,19.2,999.0,19.2,18.6
57590.276327,19.2,999.0,19.2,18.5
57600.313626,19.2,999.0,19.2,18.6
57610.321046,19.4,999.0,19.2,18.6
57620.360932,19.2,999.0,19.2,18.6
57630.376913,19.2,999.0,19.2,18.6
57640.393524,19.2,999.0,19.2,18.6
57650.41854,19.2,999.0,19.2,18.5
57660.45759,19.2,999.0,19.2,18.6
57670.467444,19.2,999.0,19.2,18.5
57680.506193,19.2,999.0,19.2,18.6
57690.563102,19.2,999.0,19.2,18.6
57700.570341,19.2,999.0,19.2,18.6
57710.610762,19.2,999.0,19.2,18.6
57720.651294,19.2,999.0,19.2,18.6
57730.696702,19.2,999.0,19.2,18.6
57740.736776,19.2,999.0,19.2,18.6
57750.78138,19.4,999.0,19.2,18.6
57760.825139,19.2,999.0,19.2,18.6
57770.868813,19.2,999.0,19.2,18.6
57780.895997,19.4,999.0,19.2,18.6
57790.953635,19.2,999.0,19.2,18.6
57800.987023,19.2,999.0,19.2,18.6
57811.028034,19.4,999.0,19.2,18.6
57821.054538,19.4,999.0,19.2,18.6
57831.09614,19.2,999.0,19.2,18.6
57841.119123,19.2,999.0,19.2,18.6
57851.161419,19.4,999.0,19.2,18.6
57861.185772,19.2,999.0,19.2,18.6
57871.195955,19.4,999.0,19.2,18.6
57881.246244,19.4,999.0,19.2,18.6
57891.265163,19.4,999.0,19.2,18.6
57901.303948,19.2,999.0,19.2,18.6
57911.324673,19.2,999.0,19.2,18.6
57921.346967,19.2,999.0,19.2,18.6
57931.395416,19.4,999.0,19.2,18.6
57941.411817,19.2,999.0,19.2,18.6
57951.468922,19.4,999.0,19.2,18.6
57961.487745,19.4,999.0,19.2,18.6
57971.518044,19.4,999.0,19.2,18.6
57981.579348,19.4,999.0,19.2,18.6
57991.649959,19.4,999.0,19.2,18.6
58001.675335,19.2,999.0,19.2,18.6
58011.697919,19.4,999.0,19.2,18.6
58021.738131,19.4,999.0,19.2,18.6
58031.762845,19.4,999.0,19.2,18.6
58041.784665,19.4,999.0,19.2,18.6
58051.824719,19.4,999.0,19.2,18.6
58061.844182,19.5,999.0,19.2,18.6
58071.897274,19.4,999.0,19.2,18.6
58081.914269,19.4,999.0,19.2,18.6
58091.936291,19.2,999.0,19.2,18.6
58101.944602,19.4,999.0,19.2,18.6
58111.984004,19.4,999.0,19.2,18.7
58122.008488,19.5,999.0,19.2,18.6
58132.016803,19.4,999.0,19.2,18.6
58142.057532,19.5,999.0,19.2,18.6
58152.081791,19.4,999.0,19.2,18.6
58162.105117,19.4,999.0,19.2,18.6
58172.146512,19.4,999.0,19.2,18.6
58182.185162,19.5,999.0,19.2,18.6
58192.213347,19.4,999.0,19.2,18.7
58202.249394,19.5,999.0,19.2,18.6
58212.309917,19.4,999.0,19.2,18.6
58222.34924,19.5,999.0,19.2,18.6
58232.400707,19.5,999.0,19.2,18.7
58242.406334,19.5,999.0,19.3,18.6
58252.439744,19.4,999.0,19.2,18.6
58262.462734,19.4,999.0,19.2,18.7
58272.472707,19.5,999.0,19.2,18.6
58282.511819,19.4,999.0,19.2,18.7
58292.518051,19.5,999.0,19.2,18.6
58302.556163,19.5,999.0,19.2,18.7
58312.579606,19.5,999.0,19.2,18.6
58322.612976,19.4,999.0,19.2,18.7
58332.632249,19.5,999.0,19.2,18.7
58342.674156,19.5,999.0,19.2,18.6
58352.705605,19.5,999.0,19.3,18.7
58362.745285,19.5,999.0,19.2,18.6
58372.774165,19.5,999.0,19.2,18.7
58382.799415,19.3,999.0,19.2,18.7
58392.822673,19.5,999.0,19.2,18.7
58402.875432,19.5,999.0,19.2,18.7
58412.894341,19.5,999.0,19.2,18.7
58422.908552,19.2,999.0,19.2,18.7
58432.946211,19.5,999.0,19.2,18.7
58442.9757,19.5,999.0,19.2,18.7
58452.993441,19.5,999.0,19.2,18.7
58463.024316,19.5,999.0,19.2,18.7
58473.05608,19.5,999.0,19.2,18.7
58483.084478,19.5,999.0,19.2,18.7
58493.122045,19.5,999.0,19.2,18.7
58503.156927,19.5,999.0,19.2,18.7
58513.181868,19.5,999.0,19.2,18.7
58523.208704,19.5,999.0,19.2,18.7
58533.213479,19.5,999.0,19.3,18.7
58543.255014,19.5,999.0,19.3,18.7
58553.261388,19.3,999.0,19.2,18.7
58563.298292,19.5,999.0,19.2,18.7
58573.313934,19.5,999.0,19.3,18.7
58583.348952,19.5,999.0,19.3,18.7
58593.386223,19.5,999.0,19.2,18.7
58603.430768,19.5,999.0,19.2,18.6
58613.452492,19.5,999.0,19.2,18.7
58623.475589,19.5,999.0,19.2,18.7
58633.51413,19.5,999.0,19.3,18.7
58643.553922,19.5,999.0,19.3,18.7
58653.57776,19.5,999.0,19.3,18.7
58663.606865,19.5,999.0,19.2,18.7
58673.624935,19.5,999.0,19.2,18.7
58683.665879,19.5,999.0,19.2,18.7
58693.687043,19.6,999.0,19.2,18.7
58703.713329,19.5,999.0,19.2,18.7
58713.755595,19.5,999.0,19.2,18.7
58723.801242,19.5,999.0,19.2,18.7
58733.859698,19.5,999.0,19.3,18.7
58743.896891,19.5,999.0,19.3,18.7
58753.920135,19.5,999.0,19.2,18.7
58763.961789,19.5,999.0,19.3,18.6
58773.991294,19.6,999.0,19.3,18.7
58784.008599,19.5,999.0,19.3,18.7
58794.045979,19.3,999.0,19.3,18.6
58804.090358,19.6,999.0,19.2,18.7
58814.115045,19.5,999.0,19.3,18.7
58824.171876,19.5,999.0,19.3,18.7
58834.211627,19.5,999.0,19.3,18.7
58844.256079,19.6,999.0,19.3,18.7
58854.259239,19.5,999.0,19.3,18.7
58864.296847,19.6,999.0,19.2,18.8
58874.316064,19.6,999.0,19.2,18.6
58884.331181,19.6,999.0,19.3,18.7
58894.369892,19.5,999.0,19.3,18.7
58904.376864,19.5,999.0,19.3,18.7
58914.40302,19.5,999.0,19.3,18.7
58924.442397,19.6,999.0,19.4,18.7
58934.44966,19.4,999.0,19.2,18.7
58944.490021,19.5,999.0,19.3,18.7
58954.529359,19.5,999.0,19.3,18.8
58964.556181,19.5,999.0,19.3,18.8
58974.566328,19.5,999.0,19.3,18.7
58984.614063,19.5,999.0,19.4,18.8
58994.633891,19.6,999.0,19.3,18.8
59004.635945,19.6,999.0,19.3,18.8
59014.674491,19.6,999.0,19.3,18.7
59024.699601,19.5,999.0,19.3,18.7
59034.707908,19.5,999.0,19.3,18.7
59044.715796,19.5,999.0,19.4,18.7
59054.770827,19.6,999.0,19.3,18.7
59064.779917,19.5,999.0,19.3,18.7
59074.811248,19.6,999.0,19.4,18.8
59084.835211,19.6,999.0,19.3,18.8
59094.865009,19.6,999.0,19.4,18.7
59104.916709,19.6,999.0,19.3,18.8
59114.935344,19.6,999.0,19.3,18.7
59124.952409,19.6,999.0,19.3,18.7
59134.993078,19.6,999.0,19.3,18.7
59145.03253,19.6,999.0,19.3,18.7
59155.056559,19.6,999.0,19.4,18.7
59165.093524,19.6,999.0,19.4,18.7
59175.118036,19.6,999.0,19.3,18.8
59185.143564,19.6,999.0,19.4,18.8
59195.180378,19.6,999.0,19.4,18.8
59205.210884,19.6,999.0,19.3,18.8
59215.214814,19.5,999.0,19.4,18.8
59225.231615,19.5,999.0,19.3,18.8
59235.267571,19.6,999.0,19.4,18.8
59245.268746,19.6,999.0,19.4,18.8
59255.323856,19.6,999.0,19.3,18.8
59265.33155,19.5,999.0,19.3,18.8
59275.354835,19.6,999.0,19.4,18.8
59285.399073,19.6,999.0,19.3,18.8
59295.440884,19.6,999.0,19.4,18.8
59305.449151,19.6,999.0,19.4,18.8
59315.507863,19.6,999.0,19.4,18.8
59325.544094,19.6,999.0,19.4,18.8
59335.552923,19.6,999.0,19.3,18.8
59345.602034,19.6,999.0,19.4,18.9
59355.632031,19.6,999.0,19.3,18.8
59365.64816,19.7,999.0,19.4,18.8
59375.667615,19.6,999.0,19.4,18.8
59385.693102,19.6,999.0,19.4,18.8
59395.749254,19.6,999.0,19.3,18.8
59405.777729,19.6,999.0,19.4,18.8
59415.781388,19.6,999.0,19.4,18.8
59425.803534,19.6,999.0,19.3,18.8
59435.82445,19.6,999.0,19.4,18.8
59445.852006,19.6,999.0,19.4,18.8
59455.88988,19.6,999.0,19.4,18.8
59465.923497,19.6,999.0,19.4,18.8
59475.942177,19.6,999.0,19.4,18.8
59485.98357,19.6,999.0,19.3,18.8
59496.026682,19.6,999.0,19.4,18.8
59506.046076,19.6,999.0,19.4,18.8
59516.070958,19.6,999.0,19.4,18.8
59526.100784,19.6,999.0,19.3,18.8
59536.135016,19.6,999.0,19.4,18.9
59546.157912,19.6,999.0,19.4,18.8
59556.178337,19.6,999.0,19.4,18.8
59566.205687,19.7,999.0,19.4,18.8
59576.22871,19.7,999.0,19.4,18.8
59586.265138,19.6,999.0,19.4,18.8
59596.277099,19.7,999.0,19.4,18.8
59606.310721,19.7,999.0,19.3,18.8
59616.344454,19.6,999.0,19.4,18.8
59626.38001,19.6,999.0,19.4,18.8
59636.418289,19.7,999.0,19.4,18.8
59646.446621,19.7,999.0,19.4,18.9
59656.449699,19.6,999.0,19.4,18.8
59666.497594,19.6,999.0,19.4,18.8
59676.519904,19.6,999.0,19.4,18.8
59686.543525,19.6,999.0,19.4,18.9
59696.561701,19.7,999.0,19.4,18.8
59706.582761,19.7,999.0,19.4,18.8
59716.617232,19.7,999.0,19.4,18.8
59726.646503,19.7,999.0,19.4,18.8
59736.667611,19.7,999.0,19.4,18.8
59746.707999,19.7,999.0,19.4,18.8
59756.727469,19.6,999.0,19.4,18.8
59766.771459,19.7,999.0,19.4,18.8
59776.826188,19.7,999.0,19.4,18.9
59786.835173,19.7,999.0,19.4,18.9
59796.859016,19.7,999.0,19.4,18.8
59806.898303,19.7,999.0,19.4,18.8
59816.908519,19.7,999.0,19.4,18.8
59826.929819,19.6,999.0,19.4,18.8
59836.955894,19.7,999.0,19.4,18.8
59846.979463,19.7,999.0,19.4,18.9
59856.983633,19.7,999.0,19.4,18.8
59867.013696,19.7,999.0,19.4,18.8
59877.050001,19.7,999.0,19.4,18.8
59887.054647,19.6,999.0,19.4,18.8
59897.092178,19.7,999.0,19.4,18.8
59907.135965,19.6,999.0,19.4,18.8
59917.170298,19.7,999.0,19.4,18.8
59927.192609,19.6,999.0,19.4,18.8
59937.225725,19.7,999.0,19.4,18.9
59947.242822,19.7,999.0,19.4,18.9
59957.273462,19.7,999.0,19.4,18.9
59967.313271,19.7,999.0,19.4,18.8
59977.316004,19.7,999.0,19.4,18.9
59987.358278,19.7,999.0,19.4,18.9
59997.379017,19.7,999.0,19.4,18.9
60007.44013,19.7,999.0,19.4,18.9
60017.463706,19.7,999.0,19.4,18.9
60027.479922,19.7,999.0,19.4,18.8
60037.506049,19.7,999.0,19.4,18.9
60047.530138,19.7,999.0,19.4,18.8
60057.55469,19.7,999.0,19.4,18.9
60067.561172,19.7,999.0,19.4,18.9
60077.600548,19.7,999.0,19.4,18.9
60087.608821,19.7,999.0,19.4,18.9
60097.632488,19.7,999.0,19.4,18.9
60107.68316,19.7,999.0,19.4,18.9
60117.713706,19.7,999.0,19.4,18.9
60127.720607,19.7,999.0,19.4,18.9
60137.757509,19.7,999.0,19.4,18.8
60147.764943,19.7,999.0,19.4,18.9
60157.792449,19.7,999.0,19.4,18.9
60167.827879,19.7,999.0,19.4,18.8
60177.864706,19.7,999.0,19.4,18.9
60187.924159,19.7,999.0,19.4,18.9
60197.946338,19.7,999.0,19.4,18.9
60207.974964,19.7,999.0,19.4,18.9
60218.010077,19.7,999.0,19.4,18.9
60228.01759,19.7,999.0,19.4,18.9
60238.052846,19.7,999.0,19.4,18.9
60248.098656,19.7,999.0,19.4,18.9
60258.141705,19.7,999.0,19.4,18.9
60268.167905,19.7,999.0,19.4,18.9
60278.191166,19.7,999.0,19.4,18.9
60288.259922,19.7,999.0,19.4,18.9
60298.291012,19.7,999.0,19.4,18.9
60308.31891,19.7,999.0,19.4,18.9
60318.359689,19.7,999.0,19.4,18.9
60328.368087,19.7,999.0,19.4,18.9
60338.401625,19.7,999.0,19.5,18.9
60348.43028,19.7,999.0,19.4,18.9
60358.460422,19.7,999.0,19.4,18.9
60368.481326,19.6,999.0,19.4,18.9
60378.515924,19.7,999.0,19.4,18.9
60388.570786,19.7,999.0,19.4,18.9
60398.58759,19.7,999.0,19.4,18.9
60408.627691,19.7,999.0,19.4,18.9
60418.65305,19.7,999.0,19.4,18.9
60428.65967,19.7,999.0,19.4,18.9
60438.699012,19.7,999.0,19.4,18.9
60448.715307,19.7,999.0,19.4,18.9
60458.745219,19.7,999.0,19.4,18.9
60468.796744,19.7,999.0,19.5,18.9
60478.808487,19.7,999.0,19.4,18.9
60488.832355,19.7,999.0,19.4,18.9
60498.904477,19.7,999.0,19.4,18.9
60508.915126,19.7,999.0,19.4,18.9
60518.964756,19.7,999.0,19.4,18.9
60528.995469,19.7,999.0,19.4,18.9
60539.035061,19.7,999.0,19.4,18.9
60549.044426,19.7,999.0,19.4,18.9
60559.062291,19.7,999.0,19.4,18.9
60569.076312,19.7,999.0,19.4,18.9
60579.102311,19.7,999.0,19.4,18.9
60589.172247,19.7,999.0,19.4,18.9
60599.209824,19.7,999.0,19.4,18.9
60609.249241,19.7,999.0,19.4,18.9
60619.293912,19.7,999.0,19.5,18.9
60629.365334,19.7,999.0,19.4,18.9
60639.387588,19.7,999.0,19.4,18.9
60649.394337,19.7,999.0,19.5,18.9
60659.446629,19.7,999.0,19.4,18.9
60669.481011,19.7,999.0,19.4,18.9
60679.503089,19.7,999.0,19.4,18.9
60689.522411,19.7,999.0,19.5,18.9
60699.553141,19.7,999.0,19.4,18.9
60709.57636,19.7,999.0,19.4,18.9
60719.584613,19.7,999.0,19.4,18.9
60729.624191,19.7,999.0,19.5,18.9
60739.645069,19.7,999.0,19.4,18.9
60749.669017,19.7,999.0,19.5,18.9
60759.706732,19.7,999.0,19.5,18.9
60769.712058,19.8,999.0,19.5,18.9
60779.747595,19.7,999.0,19.4,18.9
60789.765384,19.7,999.0,19.4,18.9
60799.789543,19.7,999.0,19.5,18.9
60809.798421,19.7,999.0,19.5,18.9
60819.834205,19.7,999.0,19.5,18.9
60829.859346,19.7,999.0,19.4,18.9
60839.881506,19.7,999.0,19.4,18.9
60849.921677,19.7,999.0,19.5,18.9
60859.942405,19.7,999.0,19.4,18.9
60869.981183,19.7,999.0,19.4,18.9
60880.01195,19.7,999.0,19.4,18.9
60890.027036,19.7,999.0,19.5,18.9
60900.054719,19.7,999.0,19.4,18.9
60910.070684,19.7,999.0,19.4,18.9
60920.110502,19.7,999.0,19.5,18.9
60930.116895,19.7,999.0,19.4,18.9
60940.155155,19.8,999.0,19.4,19.0
60950.177868,19.7,999.0,19.5,18.9
60960.201327,19.8,999.0,19.5,18.9
60970.248278,19.7,999.0,19.5,18.9
60980.27199,19.8,999.0,19.4,18.9
60990.29609,19.7,999.0,19.5,18.9
61000.320476,19.7,999.0,19.4,18.9
61010.374417,19.7,999.0,19.5,18.9
61020.379698,19.7,999.0,19.5,18.9
61030.405939,19.7,999.0,19.5,18.9
61040.444649,19.7,999.0,19.4,18.9
61050.46971,19.8,999.0,19.5,18.9
61060.497611,19.7,999.0,19.4,18.9
61070.52861,19.8,999.0,19.5,18.9
61080.556862,19.7,999.0,19.5,18.9
61090.565442,19.8,999.0,19.5,18.9
61100.603537,19.8,999.0,19.5,19.0
61110.62656,19.8,999.0,19.5,18.9
61120.632907,19.7,999.0,19.5,19.0
61130.671397,19.7,999.0,19.4,18.9
61140.696743,19.7,999.0,19.5,18.9
61150.721552,19.7,999.0,19.5,18.9
61160.759195,19.7,999.0,19.5,18.9
61170.78348,19.8,999.0,19.5,18.9
61180.821207,19.7,999.0,19.5,18.9
61190.86555,19.7,999.0,19.5,18.9
61200.866123,19.7,999.0,19.4,19.0
61210.9036,19.8,999.0,19.5,18.9
61220.920833,19.7,999.0,19.5,18.9
61230.944449,19.8,999.0,19.5,19.0
61240.976353,19.8,999.0,19.4,19.0
61251.00076,19.8,999.0,19.5,18.9
61261.02469,19.8,999.0,19.5,18.9
61271.094644,19.8,999.0,19.5,18.9
61281.10176,19.8,999.0,19.4,19.0
61291.127513,19.8,999.0,19.5,18.9
61301.184514,19.8,999.0,19.5,19.0
61311.207801,19.8,999.0,19.5,18.9
61321.216291,19.8,999.0,19.5,18.9
61331.227188,19.7,999.0,19.5,19.0
61341.283287,19.8,999.0,19.5,18.9
61351.308544,19.7,999.0,19.5,18.9
61361.330916,19.8,999.0,19.5,18.9
61371.384992,19.7,999.0,19.5,18.9
61381.415753,19.8,999.0,19.5,18.9
61391.424668,19.8,999.0,19.5,18.9
61401.460344,19.8,999.0,19.5,18.9
61411.489621,19.8,999.0,19.5,19.0
61421.513414,19.8,999.0,19.5,18.9
61431.535932,19.7,999.0,19.5,18.9
61441.560244,19.8,999.0,19.5,19.0
61451.56114,19.8,999.0,19.5,19.0
61461.590037,19.8,999.0,19.5,18.9
61471.637076,19.8,999.0,19.5,18.9
61481.694041,19.8,999.0,19.5,19.0
61491.732131,19.8,999.0,19.5,18.9
61501.756352,19.8,999.0,19.5,19.0
61511.795705,19.8,999.0,19.5,19.0
61521.823277,19.7,999.0,19.5,18.9
61531.839524,19.8,999.0,19.5,18.9
61541.867171,19.8,999.0,19.5,19.0
61551.883942,19.8,999.0,19.5,18.9
61561.900029,19.8,999.0,19.5,19.0
61571.93704,19.8,999.0,19.5,19.0
61581.960811,19.7,999.0,19.5,19.0
61591.996694,19.8,999.0,19.5,18.9
61602.029595,19.8,999.0,19.5,19.0
61612.068365,19.8,999.0,19.6,18.9
61622.097414,19.8,999.0,19.5,18.9
61632.136493,19.7,999.0,19.5,19.0
61642.161083,19.8,999.0,19.5,18.9
61652.200291,19.8,999.0,19.5,18.9
61662.241474,19.8,999.0,19.5,19.0
61672.278254,19.8,999.0,19.5,19.0
61682.319702,19.8,999.0,19.5,18.9
61692.343732,19.8,999.0,19.5,19.0
61702.369484,19.8,999.0,19.5,18.9
61712.414609,19.8,999.0,19.5,18.9
61722.449688,19.8,999.0,19.5,18.9
61732.469871,19.8,999.0,19.5,18.9
61742.530751,19.8,999.0,19.5,19.0
61752.574755,19.8,999.0,19.5,19.0
61762.596663,19.7,999.0,19.6,18.9
61772.619688,19.8,999.0,19.5,18.9
61782.657828,19.8,999.0,19.5,19.0
61792.66667,19.8,999.0,19.6,19.0
61802.690234,19.8,999.0,19.5,19.0
61812.732767,19.8,999.0,19.5,19.0
61822.767544,19.8,999.0,19.5,19.0
61832.805984,19.9,999.0,19.5,19.0
61842.831333,19.8,999.0,19.5,19.0
61852.858001,19.9,999.0,19.6,18.9
61862.90766,19.8,999.0,19.6,19.0
61872.915381,19.9,999.0,19.5,19.0
61882.951559,19.8,999.0,19.5,18.9
61892.995382,19.9,999.0,19.5,19.0
61903.002306,19.8,999.0,19.6,19.0
61913.055574,19.8,999.0,19.5,19.0
61923.095144,19.8,999.0,19.5,19.0
61933.104214,19.8,999.0,19.6,19.0
61943.155137,19.9,999.0,19.5,19.0
61953.188766,19.8,999.0,19.6,19.0
61963.217644,19.8,999.0,19.5,19.0
61973.240985,19.8,999.0,19.6,19.0
61983.246923,19.8,999.0,19.5,19.0
61993.28894,19.9,999.0,19.5,19.0
62003.311744,19.9,999.0,19.6,19.0
62013.319728,19.8,999.0,19.5,19.0
62023.358363,19.9,999.0,19.5,19.0
62033.366305,19.9,999.0,19.6,19.0
62043.372896,19.9,999.0,19.5,19.0
62053.404165,19.9,999.0,19.5,19.0
62063.455037,19.9,999.0,19.6,18.9
62073.458364,19.9,999.0,19.5,19.0
62083.495193,19.8,999.0,19.5,19.0
62093.504048,19.8,999.0,19.5,19.0
62103.544205,19.8,999.0,19.6,19.0
62113.567619,19.9,999.0,19.5,19.0
62123.593734,19.8,999.0,19.6,19.0
62133.630073,19.8,999.0,19.5,19.0
62143.658686,19.8,999.0,19.6,19.0
62153.686825,19.9,999.0,19.5,19.0
62163.710211,19.9,999.0,19.5,19.0
62173.765535,19.8,999.0,19.5,19.0
62183.802523,19.9,999.0,19.5,19.0
62193.82281,19.9,999.0,19.6,19.0
62203.866409,19.9,999.0,19.5,19.0
62213.892798,19.9,999.0,19.5,19.0
62223.907733,19.9,999.0,19.6,19.0
62233.910536,19.9,999.0,19.6,19.0
62243.949393,19.9,999.0,19.5,19.0
62253.955222,19.8,999.0,19.5,19.0
62263.993813,19.9,999.0,19.6,19.0
62274.032061,19.9,999.0,19.5,18.9
62284.053781,19.8,999.0,19.6,19.0
62294.108705,19.8,999.0,19.6,19.0
62304.137066,19.8,999.0,19.5,19.0
62314.160675,19.9,999.0,19.6,19.0
62324.199534,19.8,999.0,19.6,19.0
62334.237906,19.9,999.0,19.6,19.0
62344.244228,19.9,999.0,19.6,19.0
62354.270802,19.9,999.0,19.5,19.0
62364.292011,19.8,999.0,19.5,19.0
62374.328824,19.9,999.0,19.6,19.0
62384.356615,19.9,999.0,19.6,19.0
62394.377511,19.8,999.0,19.6,19.0
62404.40178,19.9,999.0,19.6,18.9
62414.455035,19.8,999.0,19.6,19.0
62424.496,19.8,999.0,19.6,19.0
62434.559145,19.8,999.0,19.6,19.0
62444.58765,19.9,999.0,19.6,19.0
62454.617451,19.9,999.0,19.6,19.0
62464.65512,19.8,999.0,19.6,19.0
62474.684662,19.8,999.0,19.6,19.0
62484.726734,19.8,999.0,19.6,19.0
62494.733118,19.8,999.0,19.6,19.0
62504.75761,19.9,999.0,19.6,19.0
62514.796722,19.8,999.0,19.6,19.0
62524.803889,19.8,999.0,19.6,19.1
62534.828926,19.9,999.0,19.6,19.0
62544.868154,19.8,999.0,19.6,19.0
62554.892873,19.8,999.0,19.6,19.0
62564.919054,19.8,999.0,19.5,19.0
62574.949483,19.9,999.0,19.6,19.0
62584.983962,19.8,999.0,19.6,19.0
62595.002064,19.9,999.0,19.6,19.0
62605.040861,19.8,999.0,19.6,19.0
62615.050129,19.8,999.0,19.6,19.1
62625.087486,19.9,999.0,19.6,19.0
62635.110628,19.9,999.0,19.6,19.0
62645.14577,19.8,999.0,19.6,19.0
62655.170345,19.8,999.0,19.6,19.0
62665.179106,19.9,999.0,19.6,19.0
62675.217002,19.9,999.0,19.6,19.0
62685.235147,19.8,999.0,19.6,19.0
62695.274346,19.8,999.0,19.6,19.0
62705.299994,19.9,999.0,19.6,19.0
62715.348184,19.8,999.0,19.6,19.0
62725.389337,19.8,999.0,19.6,19.0
62735.402029,19.9,999.0,19.6,19.0
62745.430839,19.9,999.0,19.6,19.0
62755.438491,19.8,999.0,19.6,19.1
62765.45537,19.8,999.0,19.6,19.0
62775.503419,19.9,999.0,19.6,19.1
62785.52765,19.9,999.0,19.6,19.1
62795.556603,19.9,999.0,19.6,19.0
62805.610939,19.9,999.0,19.6,19.0
62815.634458,19.9,999.0,19.6,19.0
62825.658498,19.9,999.0,19.6,19.1
62835.697735,19.9,999.0,19.6,19.1
62845.727698,19.9,999.0,19.6,19.0
62855.747291,19.8,999.0,19.6,19.0
62865.784363,19.9,999.0,19.6,19.0
62875.790185,19.9,999.0,19.6,19.0
62885.826233,19.9,999.0,19.6,19.0
62895.850548,19.8,999.0,19.6,19.0
62905.872283,19.9,999.0,19.6,19.0
62915.911745,19.9,999.0,19.6,19.0
62925.933544,19.9,999.0,19.6,19.0
62935.958539,19.9,999.0,19.6,19.0
62945.987049,19.9,999.0,19.6,19.1
62956.043858,19.9,999.0,19.6,19.0
62966.059409,19.8,999.0,19.6,19.1
62976.074861,19.9,999.0,19.6,19.0
62986.113082,19.9,999.0,19.6,19.0
62996.135617,19.9,999.0,19.6,19.0
63006.190735,19.8,999.0,19.6,19.0
63016.214493,19.8,999.0,19.6,19.0
63026.23847,19.8,999.0,19.6,19.0
63036.27633,19.9,999.0,19.6,19.0
63046.281835,19.9,999.0,19.6,19.0
63056.320468,19.9,999.0,19.6,19.0
63066.344157,19.9,999.0,19.6,19.0
63076.390274,19.8,999.0,19.6,19.0
63086.394803,19.9,999.0,19.6,19.1
63096.412064,19.9,999.0,19.6,19.1
63106.438206,19.9,999.0,19.6,19.1
63116.488598,19.9,999.0,19.6,19.1
63126.522971,19.9,999.0,19.6,19.0
63136.524932,19.9,999.0,19.6,19.1
63146.568129,19.9,999.0,19.6,19.0
63156.591646,19.9,999.0,19.6,19.1
63166.628803,19.8,999.0,19.6,19.0
63176.667184,19.9,999.0,19.6,19.0
63186.673607,19.9,999.0,19.6,19.1
63196.705921,19.8,999.0,19.6,19.1
63206.752039,19.9,999.0,19.6,19.1
63216.777313,19.8,999.0,19.6,19.1
63226.814321,20.0,999.0,19.6,19.1
63236.856571,19.9,999.0,19.6,19.0
63246.881453,19.9,999.0,19.6,19.1
63256.889769,19.9,999.0,19.6,19.1
63266.930137,19.8,999.0,19.6,19.1
63276.952146,19.8,999.0,19.6,19.1
63286.977684,19.9,999.0,19.6,19.1
63297.004223,19.9,999.0,19.6,19.0
63307.045402,19.9,999.0,19.6,19.1
63317.072147,19.9,999.0,19.6,19.0
63327.099449,19.9,999.0,19.6,19.1
63337.138274,19.9,999.0,19.6,19.0
63347.175223,19.9,999.0,19.6,19.1
63357.206461,19.9,999.0,19.6,19.1
63367.267911,19.9,999.0,19.6,19.1
63377.323411,20.0,999.0,19.6,19.1
63387.342189,19.9,999.0,19.6,19.1
63397.363658,19.9,999.0,19.6,19.1
63407.395871,19.9,999.0,19.6,19.1
63417.420034,19.9,999.0,19.6,19.1
63427.474781,19.8,999.0,19.6,19.1
63437.49223,19.9,999.0,19.6,19.1
63447.533123,20.0,999.0,19.6,19.1
63457.574069,19.9,999.0,19.6,19.0
63467.616457,20.0,999.0,19.6,19.0
63477.640454,19.9,999.0,19.6,19.1
63487.670079,19.9,999.0,19.6,19.1
63497.715957,19.9,999.0,19.6,19.1
63507.739154,19.9,999.0,19.6,19.0
63517.800272,19.9,999.0,19.6,19.1
63527.818356,19.9,999.0,19.6,19.1
63537.844704,20.0,999.0,19.6,19.1
63547.883495,19.9,999.0,19.6,19.1
63557.906798,19.9,999.0,19.6,19.1
63567.955769,19.9,999.0,19.6,19.1
63577.983721,19.9,999.0,19.6,19.1
63588.00713,19.9,999.0,19.6,19.1
63598.053002,20.0,999.0,19.6,19.1
63608.075989,19.9,999.0,19.6,19.1
63618.115804,19.9,999.0,19.6,19.1
63628.149992,19.9,999.0,19.6,19.1
63638.188702,20.0,999.0,19.6,19.1
63648.252648,19.9,999.0,19.6,19.1
63658.272324,19.9,999.0,19.6,19.1
63668.314765,19.9,999.0,19.6,19.1
63678.369221,20.0,999.0,19.6,19.1
63688.37847,20.0,999.0,19.6,19.1
63698.418042,20.0,999.0,19.6,19.1
63708.443859,19.9,999.0,19.6,19.1
63718.482452,19.9,999.0,19.6,19.1
63728.54458,19.9,999.0,19.6,19.0
63738.558432,20.0,999.0,19.6,19.1
63748.583051,19.9,999.0,19.6,19.1
63758.610284,19.9,999.0,19.6,19.1
63768.649485,19.9,999.0,19.6,19.1
63778.680884,19.9,999.0,19.6,19.1
63788.704734,19.9,999.0,19.6,19.1
63798.744827,19.9,999.0,19.6,19.1
63808.785661,19.9,999.0,19.6,19.1
63818.822967,19.9,999.0,19.6,19.1
63828.850161,19.9,999.0,19.6,19.1
63838.887917,19.9,999.0,19.6,19.1
63848.894267,20.0,999.0,19.6,19.1
63858.927155,19.9,999.0,19.6,19.1
63868.957592,20.0,999.0,19.6,19.1
63878.980886,19.9,999.0,19.6,19.1
63889.031025,19.9,999.0,19.6,19.1
63899.059917,19.9,999.0,19.6,19.1
63909.090937,19.9,999.0,19.6,19.1
63919.112597,19.9,999.0,19.6,19.1
63929.135468,19.9,999.0,19.6,19.1
63939.162261,19.9,999.0,19.6,19.1
63949.22345,19.9,999.0,19.6,19.1
63959.254192,19.9,999.0,19.6,19.1
63969.295123,20.0,999.0,19.6,19.1
63979.300755,20.0,999.0,19.6,19.1
63989.332541,19.9,999.0,19.6,19.1
63999.363398,19.9,999.0,19.6,19.1
64009.386634,19.9,999.0,19.6,19.1
64019.430717,20.0,999.0,19.6,19.1
64029.465526,19.9,999.0,19.6,19.1
64039.496858,19.9,999.0,19.6,19.1
64049.522243,20.0,999.0,19.6,19.1
64059.547564,19.9,999.0,19.6,19.1
64069.584382,19.9,999.0,19.6,19.1
64079.594132,19.9,999.0,19.6,19.1
64089.62163,20.0,999.0,19.6,19.1
64099.659449,19.9,999.0,19.6,19.1
64109.712346,19.9,999.0,19.7,19.1
64119.731706,19.9,999.0,19.6,19.1
64129.76039,19.9,999.0,19.6,19.1
64139.78304,20.0,999.0,19.6,19.1
64149.808924,19.9,999.0,19.6,19.1
64159.833623,19.9,999.0,19.6,19.1
64169.871385,19.9,999.0,19.6,19.1
64179.898051,20.0,999.0,19.6,19.1
64189.92776,20.0,999.0,19.7,19.1
64199.963863,19.9,999.0,19.7,19.1
64209.968043,19.9,999.0,19.6,19.1
64219.993311,20.0,999.0,19.6,19.1
64230.033034,19.9,999.0,19.6,19.1
64240.039305,19.9,999.0,19.6,19.1
64250.080306,20.0,999.0,19.6,19.1
64260.103346,19.9,999.0,19.6,19.1
64270.148381,19.9,999.0,19.6,19.1
64280.171304,19.9,999.0,19.6,19.1
64290.213191,20.0,999.0,19.6,19.1
64300.268852,19.9,999.0,19.6,19.1
64310.276745,20.0,999.0,19.6,19.1
64320.301352,19.9,999.0,19.6,19.1
64330.343442,19.9,999.0,19.6,19.1
64340.396826,20.0,999.0,19.6,19.1
64350.421664,19.9,999.0,19.6,19.1
64360.447294,20.0,999.0,19.6,19.1
64370.504863,20.0,999.0,19.6,19.1
64380.515219,20.0,999.0,19.6,19.1
64390.517927,20.0,999.0,19.6,19.1
64400.561047,20.0,999.0,19.6,19.1
64410.587043,20.0,999.0,19.7,19.1
64420.608481,19.9,999.0,19.6,19.1
64430.634317,19.9,999.0,19.6,19.1
64440.681713,20.0,999.0,19.6,19.1
64450.738336,19.9,999.0,19.6,19.1
64460.760582,19.9,999.0,19.6,19.1
64470.809636,19.9,999.0,19.7,19.1
64480.841169,20.0,999.0,19.7,19.1
64490.860641,20.0,999.0,19.6,19.1
64500.885495,20.0,999.0,19.6,19.1
64510.904359,20.0,999.0,19.6,19.1
64520.930114,19.9,999.0,19.6,19.1
64530.969869,20.0,999.0,19.6,19.1
64540.999578,20.0,999.0,19.6,19.1
64551.021238,20.0,999.0,19.6,19.1
64561.050687,20.0,999.0,19.6,19.1
64571.115297,20.0,999.0,19.6,19.1
64581.1544,20.0,999.0,19.6,19.1
64591.179833,19.9,999.0,19.6,19.1
64601.207966,20.0,999.0,19.7,19.1
64611.243149,20.0,999.0,19.6,19.1
64621.248882,19.9,999.0,19.6,19.1
64631.286498,20.0,999.0,19.6,19.1
64641.297087,20.0,999.0,19.7,19.1
64651.319704,20.0,999.0,19.6,19.1
64661.339174,20.0,999.0,19.6,19.1
64671.396287,20.0,999.0,19.6,19.1
64681.434368,19.9,999.0,19.6,19.1
64691.439625,20.0,999.0,19.6,19.1
64701.473529,19.9,999.0,19.6,19.1
64711.483155,20.0,999.0,19.6,19.1
64721.521183,20.0,999.0,19.6,19.1
64731.540877,19.9,999.0,19.6,19.1
64741.569537,20.0,999.0,19.6,19.1
64751.6037,19.9,999.0,19.7,19.1
64761.637396,19.9,999.0,19.6,19.1
64771.652177,20.0,999.0,19.6,19.1
64781.703163,20.0,999.0,19.7,19.1
64791.751483,20.0,999.0,19.7,19.1
64801.793228,19.9,999.0,19.6,19.1
64811.811839,19.9,999.0,19.6,19.1
64821.832624,19.9,999.0,19.6,19.1
64831.88787,19.9,999.0,19.6,19.1
64841.913241,20.0,999.0,19.6,19.1
64851.919657,20.0,999.0,19.7,19.1
64861.97064,20.0,999.0,19.6,19.1
64871.989284,19.9,999.0,19.6,19.1
64882.049293,20.0,999.0,19.6,19.1
64892.092743,20.0,999.0,19.6,19.1
64902.122993,20.0,999.0,19.6,19.1
64912.148581,20.0,999.0,19.7,19.1
64922.17318,19.9,999.0,19.6,19.1
64932.197205,20.0,999.0,19.6,19.2
64942.237027,20.0,999.0,19.6,19.1
64952.261345,19.9,999.0,19.6,19.1
64962.303112,19.9,999.0,19.6,19.1
64972.327341,20.0,999.0,19.6,19.1
64982.361728,20.0,999.0,19.6,19.2
64992.41424,20.0,999.0,19.6,19.1
65002.420102,19.9,999.0,19.6,19.1
65012.458443,19.9,999.0,19.6,19.1
65022.491498,20.0,999.0,19.6,19.1
65032.547694,19.9,999.0,19.7,19.1
65042.571737,19.9,999.0,19.6,19.1
65052.583974,19.9,999.0,19.6,19.1
65062.608691,20.0,999.0,19.7,19.1
65072.661986,19.9,999.0,19.6,19.1
65082.688557,19.9,999.0,19.6,19.1
65092.722219,19.9,999.0,19.6,19.1
65102.762388,20.0,999.0,19.6,19.1
65112.787494,19.9,999.0,19.7,19.1
65122.826469,19.9,999.0,19.7,19.1
65132.870207,19.9,999.0,19.6,19.1
65142.898209,19.9,999.0,19.7,19.1
65152.911747,20.0,999.0,19.7,19.1
65162.93756,20.0,999.0,19.7,19.1
65172.986023,19.9,999.0,19.7,19.1
65183.005554,20.0,999.0,19.6,19.1
65193.058813,20.0,999.0,19.6,19.1
65203.083193,20.0,999.0,19.6,19.2
65213.088864,20.0,999.0,19.7,19.1
65223.129191,20.0,999.0,19.6,19.1
65233.169732,20.0,999.0,19.7,19.2
65243.194516,20.0,999.0,19.6,19.1
65253.249174,20.0,999.0,19.6,19.1
65263.253408,20.0,999.0,19.7,19.1
65273.279606,20.1,999.0,19.6,19.2
65283.315628,20.0,999.0,19.6,19.1
65293.334027,20.0,999.0,19.6,19.1
65303.367782,20.0,999.0,19.6,19.1
65313.403104,20.0,999.0,19.7,19.1
65323.410146,20.0,999.0,19.6,19.1
65333.462949,20.0,999.0,19.7,19.1
65343.471555,20.0,999.0,19.7,19.1
65353.496252,20.0,999.0,19.7,19.1
65363.536223,20.0,999.0,19.6,19.1
65373.558331,20.0,999.0,19.6,19.1
65383.597141,20.0,999.0,19.7,19.1
65393.616542,20.0,999.0,19.7,19.2
65403.668311,20.0,999.0,19.6,19.2
65413.681476,20.0,999.0,19.7,19.2
65423.710603,20.0,999.0,19.6,19.2
65433.740046,20.0,999.0,19.6,19.1
65443.794733,20.0,999.0,19.6,19.1
65453.816923,20.0,999.0,19.7,19.1
65463.853749,20.0,999.0,19.6,19.1
65473.861222,20.0,999.0,19.6,19.1
65483.88545,20.0,999.0,19.6,19.2
65493.922785,20.0,999.0,19.6,19.2
65503.948271,20.1,999.0,19.6,19.1
65513.985355,20.1,999.0,19.6,19.2
65524.005011,20.0,999.0,19.6,19.2
65534.043209,20.0,999.0,19.6,19.2
65544.062474,20.0,999.0,19.7,19.1
65554.119784,20.0,999.0,19.6,19.2
65564.143015,20.0,999.0,19.6,19.1
65574.161402,20.0,999.0,19.7,19.2
65584.179563,20.0,999.0,19.7,19.1
65594.193369,20.1,999.0,19.6,19.2
65604.201169,20.0,999.0,19.7,19.2
65614.220287,20.1,999.0,19.6,19.1
65624.232266,20.0,999.0,19.6,19.1
65634.256424,20.0,999.0,19.7,19.2
65644.274953,20.0,999.0,19.6,19.2
65654.326339,20.0,999.0,19.6,19.1
65664.327668,20.0,999.0,19.6,19.1
65674.382156,20.0,999.0,19.7,19.2
65684.393595,20.1,999.0,19.7,19.2
65694.415585,20.0,999.0,19.7,19.1
65704.45239,20.1,999.0,19.7,19.2
65714.474472,20.1,999.0,19.7,19.1
65724.511219,20.0,999.0,19.7,19.2
65734.542183,20.1,999.0,19.7,19.1
65744.564782,20.0,999.0,19.6,19.2
65754.616425,20.0,999.0,19.7,19.1
65764.636726,20.1,999.0,19.6,19.2
65774.670122,19.9,999.0,19.6,19.2
65784.691444,20.0,999.0,19.7,19.1
65794.707378,20.1,999.0,19.6,19.2
65804.795091,20.0,999.0,19.6,19.1
65814.851147,20.0,999.0,19.6,19.1
65824.859387,20.0,999.0,19.7,19.2
65834.91482,20.0,999.0,19.6,19.2
65844.938174,20.0,999.0,19.7,19.2
65854.945491,20.0,999.0,19.7,19.2
65864.971427,20.0,999.0,19.7,19.2
65875.02849,20.0,999.0,19.7,19.2
65885.033895,20.0,999.0,19.6,19.2
65895.072279,20.0,999.0,19.7,19.2
65905.112287,20.0,999.0,19.6,19.2
65915.135796,20.0,999.0,19.7,19.2
65925.181565,20.0,999.0,19.7,19.1
65935.205849,20.0,999.0,19.6,19.1
65945.231809,20.0,999.0,19.7,19.1
65955.271579,20.1,999.0,19.7,19.1
65965.279829,20.1,999.0,19.7,19.2
65975.349649,20.1,999.0,19.7,19.2
65985.35686,20.1,999.0,19.7,19.2
65995.421407,20.1,999.0,19.7,19.2
66005.44882,20.0,999.0,19.6,19.2
66015.470542,19.9,999.0,19.7,19.2
66025.514842,20.0,999.0,19.7,19.2
66035.553484,20.1,999.0,19.7,19.2
66045.590768,20.0,999.0,19.7,19.2
66055.637421,20.0,999.0,19.7,19.2
66065.676753,20.0,999.0,19.7,19.1
66075.701937,20.0,999.0,19.7,19.2
66085.735196,20.1,999.0,19.7,19.2
66095.751324,20.1,999.0,19.7,19.2
66105.792788,20.0,999.0,19.7,19.2
66115.817852,20.1,999.0,19.7,19.2
66125.82676,20.0,999.0,19.7,19.2
66135.896088,20.0,999.0,19.7,19.2
66145.935137,20.1,999.0,19.7,19.2
66155.958718,20.1,999.0,19.7,19.2
66166.005665,20.0,999.0,19.7,19.2
66176.043684,20.1,999.0,19.7,19.2
66186.055815,20.1,999.0,19.7,19.2
66196.091821,20.1,999.0,19.7,19.2
66206.144931,20.1,999.0,19.7,19.2
66216.167657,20.1,999.0,19.8,19.2
66226.216284,20.1,999.0,19.7,19.2
66236.25149,20.1,999.0,19.7,19.2
66246.269303,20.0,999.0,19.7,19.2
66256.297362,20.1,999.0,19.7,19.2
66266.323495,20.1,999.0,19.7,19.2
66276.377119,20.1,999.0,19.7,19.2
66286.409707,20.1,999.0,19.8,19.2
66296.417335,20.1,999.0,19.7,19.2
66306.485315,20.1,999.0,19.8,19.2
66316.51211,20.1,999.0,19.7,19.2
66326.575172,20.1,999.0,19.7,19.2
66336.61007,20.1,999.0,19.7,19.2
66346.664833,20.0,999.0,19.8,19.2
66356.688161,20.0,999.0,19.7,19.2
66366.714722,20.0,999.0,19.8,19.2
66376.757129,20.0,999.0,19.7,19.2
66386.812754,20.0,999.0,19.8,19.2
66396.843133,20.0,999.0,19.7,19.2
66406.861614,20.1,999.0,19.8,19.2
66416.900457,20.1,999.0,19.8,19.2
66426.929186,20.1,999.0,19.7,19.2
66436.930408,20.1,999.0,19.7,19.2
66446.968902,20.1,999.0,19.7,19.2
66456.99945,20.0,999.0,19.7,19.2
66467.02109,20.1,999.0,19.6,19.2
66477.044581,20.1,999.0,19.7,19.2
66487.084618,20.0,999.0,19.7,19.2
66497.106767,20.1,999.0,19.7,19.2
66507.140383,20.1,999.0,19.8,19.2
66517.17846,20.0,999.0,19.7,19.2
66527.229174,20.1,999.0,19.8,19.2
66537.252886,20.1,999.0,19.7,19.2
66547.288818,20.1,999.0,19.7,19.2
66557.316609,20.0,999.0,19.7,19.2
66567.341768,20.1,999.0,19.8,19.2
66577.375722,20.1,999.0,19.7,19.2
66587.392338,20.0,999.0,19.7,19.2
66597.433171,20.1,999.0,19.8,19.2
66607.442016,20.1,999.0,19.7,19.2
66617.488169,20.1,999.0,19.8,19.2
66627.513201,20.1,999.0,19.8,19.2
66637.586241,20.1,999.0,19.7,19.2
66647.60956,20.1,999.0,19.7,19.2
66657.646416,20.1,999.0,19.8,19.2
66667.689497,20.1,999.0,19.8,19.2
66677.706391,20.1,999.0,19.8,19.2
66687.752859,20.0,999.0,19.8,19.2
66697.777608,20.1,999.0,19.7,19.2
66707.821704,20.1,999.0,19.8,19.2
66717.846475,20.1,999.0,19.7,19.2
66727.861975,20.0,999.0,19.7,19.2
66737.889957,20.1,999.0,19.8,19.2
66747.920468,20.1,999.0,19.7,19.2
66757.941082,20.1,999.0,19.7,19.2
66767.966992,20.1,999.0,19.7,19.2
66777.993003,20.0,999.0,19.8,19.2
66788.048447,20.1,999.0,19.7,19.2
66798.090723,20.1,999.0,19.8,19.2
66808.126719,20.1,999.0,19.8,19.2
66818.187582,20.1,999.0,19.7,19.2
66828.228945,20.1,999.0,19.8,19.2
66838.267027,20.1,999.0,19.7,19.2
66848.321406,20.1,999.0,19.7,19.2
66858.328275,20.1,999.0,19.7,19.2
66868.337788,20.1,999.0,19.7,19.2
66878.360461,20.1,999.0,19.7,19.2
66888.367162,20.1,999.0,19.7,19.2
66898.402453,20.0,999.0,19.8,19.2
66908.447403,20.1,999.0,19.8,19.2
66918.454481,20.1,999.0,19.8,19.2
66928.486966,20.1,999.0,19.7,19.2
66938.505735,20.1,999.0,19.7,19.2
66948.53593,20.1,999.0,19.7,19.2
66958.576685,20.1,999.0,19.7,19.2
66968.607737,20.1,999.0,19.8,19.2
66978.62554,20.1,999.0,19.8,19.2
66988.678383,20.1,999.0,19.8,19.2
66998.686443,20.1,999.0,19.7,19.2
67008.703474,20.1,999.0,19.8,19.1
67018.733249,20.1,999.0,19.8,19.2
67028.75237,20.1,999.0,19.7,19.2
67038.81695,20.1,999.0,19.8,19.2
67048.854316,20.0,999.0,19.7,19.2
67058.877171,20.1,999.0,19.8,19.2
67068.896307,20.1,999.0,19.7,19.2
67078.940933,20.1,999.0,19.7,19.2
67088.978994,20.0,999.0,19.8,19.2
67099.004854,20.1,999.0,19.7,19.2
67109.059682,20.1,999.0,19.7,19.2
67119.088339,20.1,999.0,19.8,19.2
67129.1116,20.1,999.0,19.7,19.2
67139.127855,20.1,999.0,19.7,19.2
67149.158648,20.1,999.0,19.8,19.2
67159.183721,20.1,999.0,19.8,19.2
67169.205793,20.1,999.0,19.8,19.2
67179.243421,20.1,999.0,19.7,19.2
67189.254978,20.1,999.0,19.7,19.2
67199.272309,20.1,999.0,19.7,19.2
67209.317284,20.1,999.0,19.8,19.2
67219.34411,20.0,999.0,19.8,19.2
67229.372476,20.1,999.0,19.8,19.2
67239.410127,20.1,999.0,19.8,19.2
67249.4611,20.1,999.0,19.8,19.2
67259.501471,20.1,999.0,19.8,19.2
67269.529278,20.1,999.0,19.8,19.2
67279.565566,20.1,999.0,19.8,19.2
67289.584405,20.1,999.0,19.7,19.2
67299.637568,20.1,999.0,19.8,19.2
67309.644239,20.1,999.0,19.8,19.2
67319.682137,20.1,999.0,19.8,19.2
67329.712612,20.1,999.0,19.7,19.2
67339.742095,20.1,999.0,19.8,19.2
67349.765721,20.1,999.0,19.7,19.2
67359.774823,20.1,999.0,19.8,19.2
67369.814026,20.1,999.0,19.8,19.2
67379.852141,20.1,999.0,19.8,19.2
67389.880624,20.0,999.0,19.7,19.2
67399.897469,20.1,999.0,19.7,19.2
67409.937042,20.1,999.0,19.8,19.2
67419.959923,20.1,999.0,19.7,19.2
67430.000664,20.1,999.0,19.7,19.2
67440.028954,20.1,999.0,19.7,19.2
67450.051169,20.1,999.0,19.8,19.2
67460.104503,20.1,999.0,19.8,19.2
67470.112144,20.1,999.0,19.8,19.2
67480.120619,20.1,999.0,19.7,19.2
67490.158933,20.1,999.0,19.8,19.2
67500.182425,20.1,999.0,19.7,19.2
67510.207073,20.1,999.0,19.8,19.2
67520.260018,20.1,999.0,19.8,19.2
67530.266924,20.1,999.0,19.8,19.2
67540.290525,20.1,999.0,19.7,19.2
67550.332501,20.1,999.0,19.8,19.2
67560.357459,20.1,999.0,19.8,19.2
67570.398211,20.1,999.0,19.8,19.2
67580.422946,20.1,999.0,19.7,19.2
67590.459302,20.1,999.0,19.8,19.2
67600.494402,20.1,999.0,19.7,19.2
67610.525234,20.1,999.0,19.7,19.2
67620.579418,20.1,999.0,19.8,19.2
67630.587908,20.1,999.0,19.7,19.2
67640.627767,20.0,999.0,19.8,19.2
67650.669741,20.1,999.0,19.8,19.2
67660.708684,20.1,999.0,19.8,19.2
67670.715258,20.1,999.0,19.7,19.2
67680.755423,20.1,999.0,19.8,19.2
67690.780998,20.1,999.0,19.7,19.2
67700.832817,20.1,999.0,19.8,19.2
67710.858634,20.1,999.0,19.7,19.2
67720.886633,20.1,999.0,19.8,19.2
67730.906205,20.1,999.0,19.8,19.2
67740.931976,20.1,999.0,19.8,19.3
67750.961493,20.1,999.0,19.8,19.2
67760.992659,20.1,999.0,19.8,19.3
67771.018704,20.1,999.0,19.8,19.2
67781.039659,20.1,999.0,19.8,19.2
67791.086854,20.1,999.0,19.8,19.2
67801.148443,20.1,999.0,19.8,19.2
67811.174077,20.1,999.0,19.8,19.2
67821.210861,20.1,999.0,19.8,19.2
67831.238735,20.1,999.0,19.8,19.2
67841.257916,20.1,999.0,19.8,19.3
67851.301067,20.1,999.0,19.8,19.2
67861.32339,20.1,999.0,19.8,19.2
67871.338432,20.1,999.0,19.8,19.2
67881.386718,20.1,999.0,19.7,19.2
67891.424838,20.1,999.0,19.7,19.3
67901.436372,20.1,999.0,19.8,19.2
67911.441807,20.1,999.0,19.7,19.2
67921.47925,20.1,999.0,19.8,19.3
67931.485937,20.2,999.0,19.8,19.3
67941.55943,20.1,999.0,19.7,19.2
67951.602559,20.1,999.0,19.7,19.3
67961.621479,20.1,999.0,19.8,19.3
67971.659081,20.1,999.0,19.7,19.2
67981.68251,20.1,999.0,19.7,19.2
67991.720303,20.1,999.0,19.8,19.3
68001.749687,20.1,999.0,19.8,19.2
68011.753934,20.1,999.0,19.8,19.3
68021.791397,20.1,999.0,19.8,19.3
68031.820031,20.1,999.0,19.7,19.2
68041.842488,20.1,999.0,19.8,19.2
68051.87745,20.1,999.0,19.8,19.3
68061.904615,20.1,999.0,19.8,19.2
68071.935675,20.2,999.0,19.8,19.3
68081.958409,20.1,999.0,19.8,19.2
68091.979561,20.2,999.0,19.7,19.3
68102.002824,20.1,999.0,19.8,19.2
68112.02801,20.1,999.0,19.8,19.3
68122.049591,20.2,999.0,19.8,19.2
68132.093634,20.1,999.0,19.8,19.3
68142.110013,20.0,999.0,19.8,19.2
68152.147829,20.1,999.0,19.8,19.2
68162.189248,20.1,999.0,19.8,19.3
68172.211584,20.1,999.0,19.8,19.2
68182.247694,20.1,999.0,19.8,19.2
68192.267275,20.1,999.0,19.8,19.2
68202.291972,20.2,999.0,19.8,19.2
68212.299547,20.1,999.0,19.8,19.3
68222.351288,20.1,999.0,19.7,19.3
68232.357509,20.1,999.0,19.7,19.3
68242.394205,20.1,999.0,19.7,19.3
68252.4386,20.1,999.0,19.8,19.2
68262.470149,20.1,999.0,19.8,19.2
68272.514819,20.2,999.0,19.8,19.3
68282.538814,20.1,999.0,19.8,19.2
68292.579268,20.1,999.0,19.8,19.3
68302.616188,20.1,999.0,19.8,19.3
68312.646268,20.1,999.0,19.8,19.3
68322.662422,20.2,999.0,19.8,19.3
68332.700802,20.2,999.0,19.8,19.3
68342.708154,20.1,999.0,19.8,19.3
68352.746358,20.2,999.0,19.8,19.2
68362.771503,20.1,999.0,19.8,19.2
68372.775463,20.0,999.0,19.8,19.3
68382.811305,20.1,999.0,19.8,19.2
68392.827987,20.1,999.0,19.8,19.3
68402.853293,20.1,999.0,19.8,19.2
68412.861761,20.2,999.0,19.8,19.3
68422.900772,20.1,999.0,19.8,19.3
68432.924616,20.1,999.0,19.8,19.3
68442.93275,20.1,999.0,19.8,19.3
68452.957448,20.1,999.0,19.8,19.3
68462.995898,20.2,999.0,19.7,19.2
68473.002446,20.1,999.0,19.8,19.2
68483.028256,20.2,999.0,19.7,19.3
68493.058178,20.1,999.0,19.8,19.2
68503.075367,20.1,999.0,19.8,19.3
68513.11246,20.1,999.0,19.8,19.3
68523.137389,20.1,999.0,19.8,19.2
68533.145529,20.2,999.0,19.8,19.2
68543.212481,20.1,999.0,19.8,19.2
68553.242967,20.1,999.0,19.8,19.3
68563.264966,20.2,999.0,19.8,19.3
68573.287755,20.2,999.0,19.8,19.3
68583.342611,20.2,999.0,19.8,19.3
68593.366693,20.2,999.0,19.8,19.3
68603.405389,20.1,999.0,19.8,19.2
68613.42892,20.2,999.0,19.7,19.3
68623.447497,20.1,999.0,19.7,19.3
68633.476834,20.1,999.0,19.8,19.3
68643.514159,20.2,999.0,19.7,19.2
68653.537196,20.2,999.0,19.7,19.2
68663.577704,20.1,999.0,19.7,19.3
68673.583131,20.2,999.0,19.8,19.3
68683.621015,20.2,999.0,19.8,19.2
68693.645778,20.2,999.0,19.8,19.2
68703.652784,20.1,999.0,19.8,19.3
68713.677882,20.2,999.0,19.8,19.3
68723.734234,20.2,999.0,19.8,19.3
68733.760185,20.2,999.0,19.8,19.2
68743.78317,20.1,999.0,19.8,19.3
68753.824327,20.1,999.0,19.8,19.3
68763.868409,20.1,999.0,19.8,19.2
68773.904161,20.2,999.0,19.8,19.3
68783.928062,20.1,999.0,19.8,19.3
68793.978086,20.2,999.0,19.8,19.2
68804.009626,20.1,999.0,19.8,19.2
68814.032593,20.1,999.0,19.8,19.2
68824.077386,20.1,999.0,19.8,19.3
68834.099487,20.2,999.0,19.8,19.3
68844.115918,20.1,999.0,19.7,19.3
68854.144424,20.2,999.0,19.7,19.3
68864.147096,20.1,999.0,19.8,19.3
68874.180278,20.2,999.0,19.7,19.3
68884.217628,20.2,999.0,19.8,19.3
68894.250886,20.1,999.0,19.8,19.3
68904.277129,20.2,999.0,19.8,19.3
68914.309595,20.1,999.0,19.8,19.3
68924.345879,20.1,999.0,19.8,19.3
68934.3468,20.1,999.0,19.8,19.3
68944.390871,20.1,999.0,19.8,19.3
68954.418897,20.1,999.0,19.8,19.3
68964.435172,20.1,999.0,19.8,19.2
68974.4588,20.2,999.0,19.8,19.3
68984.466746,20.2,999.0,19.8,19.3
68994.505699,20.2,999.0,19.8,19.3
69004.561207,20.1,999.0,19.8,19.3
69014.581458,20.1,999.0,19.8,19.3
69024.622067,20.2,999.0,19.8,19.2
69034.640297,20.1,999.0,19.8,19.3
69044.670915,20.1,999.0,19.8,19.3
69054.694703,20.1,999.0,19.7,19.3
69064.732587,20.1,999.0,19.8,19.3
69074.754711,20.1,999.0,19.8,19.2
69084.795688,20.1,999.0,19.8,19.3
69094.816919,20.1,999.0,19.8,19.3
69104.842407,20.1,999.0,19.8,19.3
69114.887427,20.2,999.0,19.8,19.3
69124.925467,20.1,999.0,19.8,19.2
69134.935076,20.2,999.0,19.8,19.3
69144.962462,20.2,999.0,19.8,19.3
69155.014314,20.2,999.0,19.8,19.3
69165.075639,20.2,999.0,19.8,19.2
69175.095517,20.1,999.0,19.8,19.3
69185.147021,20.1,999.0,19.8,19.2
69195.17287,20.2,999.0,19.8,19.3
69205.189963,20.2,999.0,19.8,19.2
69215.249026,20.1,999.0,19.8,19.3
69225.256456,20.2,999.0,19.8,19.3
69235.293668,20.1,999.0,19.8,19.3
69245.316367,20.1,999.0,19.8,19.3
69255.324023,20.1,999.0,19.8,19.2
69265.365089,20.1,999.0,19.8,19.2
69275.40269,20.2,999.0,19.8,19.3
69285.42281,20.2,999.0,19.8,19.3
69295.451034,20.2,999.0,19.8,19.3
69305.472992,20.2,999.0,19.8,19.3
69315.495443,20.1,999.0,19.8,19.3
69325.533649,20.1,999.0,19.8,19.3
69335.549999,20.2,999.0,19.8,19.3
69345.578687,20.2,999.0,19.8,19.2
69355.585368,20.2,999.0,19.8,19.3
69365.609747,20.2,999.0,19.8,19.2
69375.646999,20.1,999.0,19.8,19.3
69385.686939,20.1,999.0,19.8,19.3
69395.733089,20.1,999.0,19.7,19.3
69405.757583,20.1,999.0,19.8,19.3
69415.782899,20.2,999.0,19.8,19.3
69425.859548,20.1,999.0,19.8,19.3
69435.878307,20.1,999.0,19.8,19.3
69445.902433,20.2,999.0,19.8,19.3
69455.939684,20.2,999.0,19.8,19.2
69465.949199,20.1,999.0,19.8,19.3
69475.994307,20.2,999.0,19.8,19.2
69486.027383,20.2,999.0,19.8,19.3
69496.052359,20.1,999.0,19.8,19.3
69506.075575,20.2,999.0,19.8,19.3
69516.127072,20.1,999.0,19.8,19.3
69526.180712,20.1,999.0,19.8,19.3
69536.2153,20.2,999.0,19.8,19.3
69546.268694,20.1,999.0,19.8,19.3
69556.284511,20.1,999.0,19.8,19.2
69566.352016,20.2,999.0,19.8,19.3
69576.38696,20.2,999.0,19.8,19.3
69586.446264,20.2,999.0,19.8,19.3
69596.482681,20.1,999.0,19.8,19.2
69606.522303,20.1,999.0,19.8,19.3
69616.552016,20.2,999.0,19.8,19.3
69626.573053,20.1,999.0,19.8,19.3
69636.626636,20.1,999.0,19.8,19.3
69646.650638,20.1,999.0,19.8,19.3
69656.655912,20.1,999.0,19.8,19.3
69666.694109,20.1,999.0,19.8,19.3
69676.719169,20.1,999.0,19.8,19.3
69686.726399,20.2,999.0,19.8,19.3
69696.764659,20.1,999.0,19.8,19.3
69706.782858,20.2,999.0,19.8,19.3
69716.826264,20.2,999.0,19.8,19.3
69726.845756,20.2,999.0,19.8,19.2
69736.878509,20.1,999.0,19.8,19.3
69746.928206,20.2,999.0,19.8,19.3
69756.928978,20.1,999.0,19.8,19.3
69766.967327,20.2,999.0,19.8,19.2
69777.012881,20.2,999.0,19.8,19.3
69787.014964,20.2,999.0,19.8,19.3
69797.055172,20.1,999.0,19.7,19.3
69807.06271,20.1,999.0,19.8,19.3
69817.107321,20.2,999.0,19.8,19.3
69827.130464,20.2,999.0,19.8,19.2
69837.170042,20.2,999.0,19.8,19.3
69847.178821,20.2,999.0,19.8,19.3
69857.221626,20.2,999.0,19.8,19.3
69867.252976,20.1,999.0,19.8,19.3
69877.262809,20.1,999.0,19.8,19.3
69887.29996,20.1,999.0,19.8,19.3
69897.307354,20.1,999.0,19.8,19.3
69907.34322,20.1,999.0,19.8,19.2
69917.349277,20.2,999.0,19.8,19.2
69927.373764,20.2,999.0,19.8,19.2
69937.415134,20.1,999.0,19.8,19.3
69947.44363,20.1,999.0,19.8,19.3
69957.462199,20.2,999.0,19.8,19.3
69967.517442,20.1,999.0,19.8,19.3
69977.561004,20.1,999.0,19.8,19.3
69987.619408,20.1,999.0,19.8,19.3
69997.651087,20.2,999.0,19.8,19.3
70007.652078,20.1,999.0,19.8,19.3
70017.686571,20.2,999.0,19.8,19.3
70027.719897,20.1,999.0,19.8,19.3
70037.724555,20.1,999.0,19.8,19.3
70047.766287,20.2,999.0,19.8,19.3
70057.802981,20.1,999.0,19.8,19.3
70067.809994,20.2,999.0,19.8,19.3
70077.838172,20.1,999.0,19.8,19.3
70087.873525,20.2,999.0,19.8,19.2
70097.893355,20.1,999.0,19.8,19.3
70107.9205,20.2,999.0,19.8,19.3
70117.928006,20.2,999.0,19.8,19.3
70127.950595,20.1,999.0,19.8,19.3
70137.989936,20.2,999.0,19.8,19.3
70147.998232,20.2,999.0,19.8,19.3
70158.035632,20.2,999.0,19.8,19.3
70168.082221,20.2,999.0,19.8,19.3
70178.12047,20.2,999.0,19.8,19.3
70188.130116,20.2,999.0,19.8,19.3
70198.147094,20.2,999.0,19.8,19.3
70208.156917,20.2,999.0,19.8,19.3
70218.179092,20.2,999.0,19.8,19.3
70228.217391,20.2,999.0,19.8,19.3
70238.225478,20.2,999.0,19.8,19.3
70248.263279,20.2,999.0,19.8,19.2
70258.287788,20.2,999.0,19.9,19.3
70268.336125,20.2,999.0,19.8,19.3
70278.343927,20.2,999.0,19.8,19.3
70288.368252,20.1,999.0,19.8,19.3
70298.392469,20.2,999.0,19.8,19.3
70308.432189,20.2,999.0,19.8,19.3
70318.440755,20.2,999.0,19.8,19.3
70328.470277,20.1,999.0,19.8,19.3
70338.48466,20.2,999.0,19.8,19.3
70348.503007,20.1,999.0,19.8,19.3
70358.509124,20.1,999.0,19.8,19.3
70368.55342,20.2,999.0,19.8,19.3
70378.606653,20.1,999.0,19.8,19.3
70388.624368,20.2,999.0,19.8,19.3
70398.663574,20.2,999.0,19.8,19.3
70408.686088,20.2,999.0,19.8,19.3
70418.714007,20.2,999.0,19.8,19.3
70428.780175,20.2,999.0,19.8,19.3
70438.809915,20.2,999.0,19.8,19.3
70448.832191,20.2,999.0,19.8,19.3
70458.855668,20.1,999.0,19.8,19.3
70468.918116,20.2,999.0,19.8,19.3
70478.947981,20.1,999.0,19.8,19.3
70488.989697,20.1,999.0,19.8,19.3
70499.006886,20.2,999.0,19.8,19.3
70509.034735,20.2,999.0,19.8,19.3
70519.090938,20.2,999.0,19.8,19.3
70529.118574,20.2,999.0,19.8,19.3
70539.11987,20.2,999.0,19.8,19.3
70549.16807,20.2,999.0,19.8,19.3
70559.192912,20.2,999.0,19.8,19.3
70569.231864,20.2,999.0,19.8,19.3
70579.265576,20.2,999.0,19.8,19.3
70589.294515,20.2,999.0,19.8,19.3
70599.330363,20.2,999.0,19.8,19.3
70609.363905,20.2,999.0,19.8,19.3
70619.392826,20.2,999.0,19.8,19.3
70629.398757,20.1,999.0,19.8,19.3
70639.452127,20.2,999.0,19.8,19.3
70649.472932,20.1,999.0,19.8,19.3
70659.498509,20.1,999.0,19.8,19.3
70669.536645,20.2,999.0,19.8,19.3
70679.567106,20.2,999.0,19.8,19.3
70689.605627,20.2,999.0,19.8,19.3
70699.635128,20.1,999.0,19.8,19.3
70709.651155,20.2,999.0,19.8,19.3
70719.673668,20.2,999.0,19.8,19.3
70729.7111,20.2,999.0,19.8,19.3
70739.728932,20.1,999.0,19.8,19.3
70749.771411,20.2,999.0,19.8,19.3
70759.776077,20.2,999.0,19.8,19.3
70769.811953,20.2,999.0,19.8,19.3
70779.819038,20.2,999.0,19.8,19.3
70789.855685,20.2,999.0,19.8,19.3
70799.879097,20.1,999.0,19.8,19.3
70809.904524,20.2,999.0,19.8,19.3
70819.941196,20.2,999.0,19.8,19.3
70829.979034,20.2,999.0,19.8,19.3
70840.004532,20.2,999.0,19.8,19.3
70850.039173,20.2,999.0,19.8,19.3
70860.085901,20.2,999.0,19.9,19.3
70870.093147,20.2,999.0,19.8,19.3
70880.163401,20.2,999.0,19.8,19.3
70890.186409,20.2,999.0,19.8,19.3
70900.210275,20.2,999.0,19.8,19.3
70910.249563,20.1,999.0,19.8,19.3
70920.271901,20.2,999.0,19.8,19.3
70930.279999,20.2,999.0,19.9,19.3
70940.318244,20.2,999.0,19.8,19.3
70950.342099,20.2,999.0,19.8,19.3
70960.378023,20.2,999.0,19.8,19.3
70970.406328,20.2,999.0,19.8,19.3
70980.436736,20.2,999.0,19.8,19.3
70990.464523,20.2,999.0,19.8,19.3
71000.496913,20.2,999.0,19.8,19.3
71010.540332,20.2,999.0,19.8,19.3
71020.550226,20.2,999.0,19.8,19.3
71030.595921,20.2,999.0,19.8,19.3
71040.625883,20.2,999.0,19.8,19.3
71050.632008,20.2,999.0,19.8,19.3
71060.685961,20.2,999.0,19.8,19.3
71070.709248,20.2,999.0,19.8,19.3
71080.71652,20.2,999.0,19.9,19.3
71090.75599,20.2,999.0,19.8,19.3
71100.760046,20.2,999.0,19.8,19.3
71110.785942,20.2,999.0,19.8,19.3
71120.828048,20.2,999.0,19.8,19.3
71130.847192,20.2,999.0,19.8,19.3
71140.893819,20.2,999.0,19.8,19.3
71150.90778,20.2,999.0,19.8,19.3
71160.913205,20.2,999.0,19.8,19.3
71170.965419,20.2,999.0,19.8,19.3
71180.972198,20.2,999.0,19.8,19.3
71191.010498,20.2,999.0,19.8,19.3
71201.035019,20.2,999.0,19.9,19.3
71211.059092,20.2,999.0,19.8,19.3
71221.1001,20.2,999.0,19.8,19.3
71231.129955,20.2,999.0,19.8,19.3
71241.143227,20.2,999.0,19.8,19.3
71251.175017,20.2,999.0,19.8,19.3
71261.244897,20.2,999.0,19.8,19.3
71271.252913,20.2,999.0,19.8,19.3
71281.277094,20.2,999.0,19.8,19.3
71291.333552,20.2,999.0,19.8,19.3
71301.337915,20.2,999.0,19.8,19.3
71311.374799,20.2,999.0,19.8,19.3
71321.381038,20.2,999.0,19.8,19.3
71331.404422,20.2,999.0,19.8,19.3
71341.442944,20.2,999.0,19.8,19.3
71351.450157,20.2,999.0,19.8,19.3
71361.509541,20.2,999.0,19.8,19.3
71371.546055,20.2,999.0,19.8,19.3
71381.553988,20.2,999.0,19.8,19.3
71391.592409,20.2,999.0,19.8,19.3
71401.619547,20.2,999.0,19.8,19.3
71411.645429,20.2,999.0,19.8,19.3
71421.664282,20.2,999.0,19.8,19.3
71431.719563,20.2,999.0,19.8,19.3
71441.724658,20.2,999.0,19.8,19.3
71451.758185,20.2,999.0,19.8,19.3
71461.768309,20.2,999.0,19.8,19.3
71471.822016,20.2,999.0,19.8,19.3
71481.827336,20.2,999.0,19.8,19.2
71491.854661,20.2,999.0,19.8,19.3
71501.894451,20.2,999.0,19.8,19.3
71511.916264,20.2,999.0,19.8,19.3
71521.957082,20.2,999.0,19.8,19.3
71532.012523,20.2,999.0,19.8,19.3
71542.048827,20.2,999.0,19.8,19.3
71552.072976,20.2,999.0,19.8,19.3
71562.112711,20.2,999.0,19.8,19.3
71572.138219,20.2,999.0,19.8,19.3
71582.178244,20.2,999.0,19.8,19.3
71592.218605,20.2,999.0,19.8,19.3
71602.241669,20.2,999.0,19.8,19.3
71612.251451,20.2,999.0,19.8,19.3
71622.298514,20.2,999.0,19.8,19.3
71632.306583,20.2,999.0,19.8,19.3
71642.347502,20.2,999.0,19.8,19.3
71652.375899,20.2,999.0,19.8,19.3
71662.399158,20.2,999.0,19.8,19.3
71672.420859,20.2,999.0,19.8,19.3
71682.459234,20.2,999.0,19.8,19.3
71692.486032,20.2,999.0,19.8,19.3
71702.496688,20.2,999.0,19.8,19.3
71712.533409,20.2,999.0,19.8,19.3
71722.549025,20.2,999.0,19.9,19.3
71732.591877,20.2,999.0,19.8,19.3
71742.61659,20.2,999.0,19.8,19.3
71752.651629,20.2,999.0,19.8,19.3
71762.68689,20.2,999.0,19.8,19.3
71772.739089,20.2,999.0,19.8,19.3
71782.800649,20.2,999.0,19.8,19.3
71792.821483,20.2,999.0,19.8,19.3
71802.871365,20.2,999.0,19.8,19.3
71812.890605,20.2,999.0,19.8,19.3
71822.917785,20.2,999.0,19.8,19.3
71832.964464,20.2,999.0,19.9,19.3
71843.019341,20.2,999.0,19.8,19.3
71853.043451,20.2,999.0,19.8,19.3
71863.064614,20.2,999.0,19.8,19.3
71873.102565,20.2,999.0,19.8,19.3
71883.125158,20.2,999.0,19.8,19.3
71893.181206,20.2,999.0,19.8,19.3
71903.204529,20.2,999.0,19.9,19.3
71913.216911,20.2,999.0,19.8,19.3
71923.236721,20.2,999.0,19.9,19.3
71933.29143,20.2,999.0,19.8,19.3
71943.322506,20.2,999.0,19.9,19.3
71953.343675,20.2,999.0,19.8,19.3
71963.369655,20.2,999.0,19.8,19.3
71973.422353,20.2,999.0,19.8,19.3
71983.44728,20.2,999.0,19.8,19.3
71993.487626,20.2,999.0,19.9,19.3
72003.510516,20.2,999.0,19.8,19.3
72013.534672,20.2,999.0,19.8,19.3
72023.605159,20.2,999.0,19.8,19.3
72033.611414,20.2,999.0,19.9,19.3
72043.628736,20.2,999.0,19.8,19.3
72053.648468,20.2,999.0,19.9,19.3
72063.666147,20.2,999.0,19.8,19.3
72073.673272,20.2,999.0,19.8,19.3
72083.710658,20.2,999.0,19.8,19.3
72093.736623,20.2,999.0,19.8,19.3
72103.761279,20.2,999.0,19.9,19.3
72113.801152,20.2,999.0,19.8,19.3
72123.824806,20.2,999.0,19.8,19.3
72133.832909,20.2,999.0,19.8,19.3
72143.869622,20.2,999.0,19.8,19.3
72153.87597,20.2,999.0,19.8,19.3
72163.910268,20.2,999.0,19.8,19.3
72173.942385,20.2,999.0,19.8,19.3
72183.963244,20.2,999.0,19.9,19.3
72194.00879,20.2,999.0,19.9,19.3
72204.047359,20.2,999.0,19.8,19.3
72214.074839,20.2,999.0,19.9,19.3
72224.081742,20.2,999.0,19.8,19.3
72234.099068,20.2,999.0,19.8,19.3
72244.127842,20.2,999.0,19.8,19.3
72254.150557,20.2,999.0,19.8,19.3
72264.174202,20.2,999.0,19.8,19.3
72274.227543,20.2,999.0,19.8,19.3
72284.2368,20.2,999.0,19.8,19.3
72294.274581,20.2,999.0,19.8,19.3
72304.334356,20.2,999.0,19.8,19.3
72314.35801,20.2,999.0,19.8,19.3
72324.397083,20.2,999.0,19.8,19.3
72334.442764,20.2,999.0,19.9,19.3
72344.482236,20.2,999.0,19.8,19.3
72354.523494,20.2,999.0,19.8,19.3
72364.545306,20.2,999.0,19.8,19.3
72374.560611,20.2,999.0,19.8,19.3
72384.573791,20.2,999.0,19.8,19.3
72394.596432,20.2,999.0,19.8,19.3
72404.671112,20.2,999.0,19.8,19.3
72414.67161,20.2,999.0,19.8,19.3
72424.690603,20.2,999.0,19.8,19.3
72434.721853,20.2,999.0,19.9,19.3
72444.726498,20.2,999.0,19.8,19.3
72454.780787,20.2,999.0,19.9,19.3
72464.797918,20.2,999.0,19.8,19.3
72474.824679,20.2,999.0,19.8,19.3
72484.862689,20.2,999.0,19.9,19.3
72494.871554,20.2,999.0,19.8,19.3
72504.909457,20.2,999.0,19.9,19.3
72514.930846,20.2,999.0,19.8,19.3
72524.970802,20.2,999.0,19.8,19.3
72534.997544,20.2,999.0,19.8,19.3
72545.024414,20.2,999.0,19.8,19.3
72555.048405,20.2,999.0,19.8,19.3
72565.073969,20.2,999.0,19.8,19.3
72575.147719,20.2,999.0,19.8,19.3
72585.165023,20.2,999.0,19.8,19.3
72595.204229,20.2,999.0,19.8,19.3
72605.209961,20.2,999.0,19.8,19.3
72615.245795,20.2,999.0,19.8,19.3
72625.2704,20.2,999.0,19.8,19.3
72635.276644,20.2,999.0,19.8,19.3
72645.316842,20.2,999.0,19.8,19.3
72655.34202,20.2,999.0,19.8,19.3
72665.348656,20.2,999.0,19.8,19.3
72675.396977,20.2,999.0,19.9,19.3
72685.446904,20.2,999.0,19.9,19.3
72695.448118,20.2,999.0,19.8,19.3
72705.486151,20.2,999.0,19.9,19.3
72715.515774,20.2,999.0,19.9,19.3
72725.538069,20.2,999.0,19.9,19.3
72735.562613,20.2,999.0,19.9,19.3
72745.586053,20.2,999.0,19.8,19.3
72755.588836,20.2,999.0,19.9,19.3
72765.634993,20.2,999.0,19.8,19.3
72775.688085,20.2,999.0,19.8,19.3
72785.694317,20.2,999.0,19.9,19.3
72795.731047,20.2,999.0,19.9,19.3
72805.761335,20.2,999.0,19.9,19.3
72815.792388,20.2,999.0,19.9,19.3
72825.831206,20.2,999.0,19.9,19.3
72835.838603,20.2,999.0,19.8,19.3
72845.876745,20.2,999.0,19.8,19.3
72855.881676,20.2,999.0,19.8,19.3
72865.920669,20.2,999.0,19.8,19.3
72875.947299,20.2,999.0,19.8,19.3
72885.954716,20.2,999.0,19.8,19.3
72895.990789,20.2,999.0,19.8,19.3
72906.013752,20.2,999.0,19.8,19.3
72916.024869,20.2,999.0,19.9,19.3
72926.075627,20.2,999.0,19.8,19.3
72936.109962,20.2,999.0,19.9,19.3
72946.124499,20.2,999.0,19.9,19.3
72956.150504,20.2,999.0,19.8,19.3
72966.18409,20.2,999.0,19.9,19.3
72976.234697,20.2,999.0,19.8,19.3
72986.250643,20.2,999.0,19.8,19.3
72996.296334,20.2,999.0,19.9,19.3
73006.319471,20.2,999.0,19.8,19.3
73016.342447,20.2,999.0,19.8,19.3
73026.381516,20.3,999.0,19.8,19.3
73036.389116,20.2,999.0,19.8,19.3
73046.429188,20.2,999.0,19.9,19.3
73056.455249,20.2,999.0,19.8,19.3
73066.48293,20.2,999.0,19.8,19.3
73076.510287,20.2,999.0,19.8,19.3
73086.548966,20.2,999.0,19.8,19.3
73096.573076,20.2,999.0,19.9,19.3
73106.624904,20.2,999.0,19.8,19.3
73116.632529,20.2,999.0,19.8,19.3
73126.658285,20.2,999.0,19.8,19.3
73136.694945,20.2,999.0,19.8,19.3
73146.704245,20.2,999.0,19.9,19.3
73156.751015,20.2,999.0,19.9,19.3
73166.792409,20.3,999.0,19.8,19.3
73176.831878,20.2,999.0,19.8,19.3
73186.872772,20.2,999.0,19.9,19.3
73196.917733,20.2,999.0,19.9,19.3
73206.951637,20.3,999.0,19.9,19.3
73216.976925,20.2,999.0,19.8,19.3
73227.00026,20.2,999.0,19.9,19.3
73237.023534,20.3,999.0,19.8,19.3
73247.06173,20.2,999.0,19.9,19.3
73257.071759,20.2,999.0,19.8,19.3
73267.079729,20.2,999.0,19.8,19.3
73277.118712,20.2,999.0,19.9,19.3
73287.140491,20.2,999.0,19.9,19.3
73297.165659,20.2,999.0,19.8,19.3
73307.203541,20.2,999.0,19.9,19.3
73317.247933,20.2,999.0,19.8,19.3
73327.288139,20.2,999.0,19.8,19.3
73337.32727,20.2,999.0,19.9,19.3
73347.371712,20.2,999.0,19.9,19.3
73357.398641,20.2,999.0,19.9,19.3
73367.425532,20.2,999.0,19.8,19.3
73377.467069,20.2,999.0,19.8,19.3
73387.483105,20.2,999.0,19.8,19.3
73397.532706,20.2,999.0,19.9,19.3
73407.554641,20.2,999.0,19.8,19.3
73417.57644,20.2,999.0,19.8,19.3
73427.600732,20.2,999.0,19.9,19.3
73437.604536,20.2,999.0,19.9,19.3
73447.643477,20.2,999.0,19.8,19.3
73457.704887,20.2,999.0,19.8,19.3
73467.729155,20.2,999.0,19.9,19.3
73477.763308,20.2,999.0,19.9,19.3
73487.78519,20.2,999.0,19.9,19.3
73497.802759,20.2,999.0,19.8,19.3
73507.832142,20.2,999.0,19.8,19.3
73517.837239,20.2,999.0,19.8,19.3
73527.845207,20.2,999.0,19.8,19.3
73537.899453,20.2,999.0,19.9,19.3
73547.924439,20.2,999.0,19.8,19.3
73557.961457,20.2,999.0,19.8,19.3
73567.968704,20.2,999.0,19.8,19.3
73577.977615,20.2,999.0,19.8,19.3
73588.017351,20.2,999.0,19.8,19.3
73598.035754,20.2,999.0,19.8,19.3
73608.098034,20.2,999.0,19.8,19.3
73618.148857,20.2,999.0,19.8,19.3
73628.176474,20.2,999.0,19.8,19.3
73638.186888,20.2,999.0,19.9,19.3
73648.20859,20.3,999.0,19.9,19.3
73658.248717,20.2,999.0,19.9,19.3
73668.253793,20.2,999.0,19.8,19.3
73678.294336,20.3,999.0,19.8,19.3
73688.331254,20.2,999.0,19.9,19.3
73698.358633,20.2,999.0,19.8,19.3
73708.398001,20.2,999.0,19.8,19.3
73718.436662,20.2,999.0,19.8,19.3
73728.45417,20.2,999.0,19.8,19.3
73738.515391,20.2,999.0,19.8,19.3
73748.555093,20.2,999.0,19.9,19.3
73758.563372,20.2,999.0,19.8,19.3
73768.613787,20.3,999.0,19.8,19.3
73778.639696,20.2,999.0,19.9,19.3
73788.675734,20.2,999.0,19.8,19.3
73798.699449,20.2,999.0,19.9,19.3
73808.723584,20.2,999.0,19.9,19.3
73818.747898,20.2,999.0,19.8,19.3
73828.771157,20.2,999.0,19.8,19.3
73838.795504,20.2,999.0,19.8,19.3
73848.821518,20.2,999.0,19.8,19.3
73858.845362,20.2,999.0,19.8,19.3
73868.866204,20.2,999.0,19.8,19.3
73878.889637,20.2,999.0,19.9,19.3
73888.914819,20.2,999.0,19.8,19.3
73898.935615,20.2,999.0,19.8,19.3
73908.99,20.3,999.0,19.8,19.3
73919.007803,20.2,999.0,19.8,19.3
73929.05146,20.2,999.0,19.9,19.3
73939.089499,20.2,999.0,19.9,19.3
73949.117809,20.2,999.0,19.9,19.3
73959.137176,20.2,999.0,19.9,19.3
73969.189398,20.2,999.0,19.8,19.3
73979.214997,20.3,999.0,19.9,19.3
73989.234283,20.2,999.0,19.9,19.3
73999.264414,20.2,999.0,19.8,19.3
74009.292477,20.2,999.0,19.9,19.3
74019.312862,20.2,999.0,19.8,19.3
74029.35107,20.3,999.0,19.9,19.3
74039.390745,20.2,999.0,19.8,19.3
74049.412446,20.2,999.0,19.9,19.3
74059.451103,20.2,999.0,19.9,19.3
74069.458581,20.2,999.0,19.9,19.3
74079.49516,20.2,999.0,19.8,19.3
74089.532504,20.2,999.0,19.9,19.3
74099.569886,20.2,999.0,19.8,19.3
74109.596398,20.2,999.0,19.9,19.3
74119.6136,20.2,999.0,19.8,19.3
74129.639305,20.2,999.0,19.9,19.3
74139.644601,20.2,999.0,19.9,19.3
74149.684773,20.2,999.0,19.9,19.3
74159.708252,20.2,999.0,19.9,19.3
74169.715497,20.3,999.0,19.9,19.3
74179.752817,20.3,999.0,19.8,19.3
74189.759021,20.2,999.0,19.8,19.3
74199.783407,20.2,999.0,19.8,19.3
74209.821224,20.2,999.0,19.8,19.3
74219.867664,20.2,999.0,19.8,19.3
74229.907582,20.2,999.0,19.9,19.3
74239.945444,20.2,999.0,19.9,19.3
74249.989354,20.2,999.0,19.8,19.3
74260.02558,20.3,999.0,19.9,19.3
74270.048864,20.2,999.0,19.8,19.3
74280.089431,20.2,999.0,19.8,19.3
74290.096797,20.2,999.0,19.9,19.3
74300.133769,20.2,999.0,19.9,19.3
74310.15815,20.2,999.0,19.9,19.3
74320.184608,20.2,999.0,19.9,19.3
74330.189886,20.3,999.0,19.8,19.3
74340.227309,20.3,999.0,19.8,19.3
74350.236978,20.3,999.0,19.8,19.3
74360.288716,20.2,999.0,19.9,19.3
74370.308254,20.2,999.0,19.8,19.3
74380.324187,20.2,999.0,19.9,19.3
74390.361665,20.2,999.0,19.9,19.3
74400.383728,20.2,999.0,19.9,19.3
74410.408795,20.2,999.0,19.9,19.3
74420.445999,20.2,999.0,19.9,19.3
74430.488724,20.2,999.0,19.9,19.3
74440.495028,20.2,999.0,19.9,19.3
74450.54863,20.2,999.0,19.9,19.3
74460.554926,20.2,999.0,19.9,19.3
74470.581061,20.2,999.0,19.9,19.3
74480.619131,20.3,999.0,19.9,19.3
74490.622405,20.2,999.0,19.9,19.3
74500.650245,20.3,999.0,19.9,19.3
74510.687784,20.2,999.0,19.9,19.3
74520.71086,20.2,999.0,19.9,19.3
74530.7485,20.2,999.0,19.9,19.3
74540.754758,20.2,999.0,19.9,19.3
74550.760574,20.3,999.0,19.9,19.3
74560.788409,20.2,999.0,19.9,19.3
74570.826205,20.2,999.0,19.9,19.3
74580.845519,20.2,999.0,19.9,19.3
74590.871276,20.2,999.0,19.8,19.3
74600.900465,20.2,999.0,19.9,19.3
74610.936149,20.3,999.0,19.9,19.3
74620.977999,20.2,999.0,19.9,19.3
74630.995509,20.3,999.0,19.8,19.3
74641.050683,20.2,999.0,19.8,19.3
74651.086855,20.2,999.0,19.8,19.3
74661.134972,20.2,999.0,19.9,19.3
74671.142481,20.2,999.0,19.9,19.3
74681.180921,20.2,999.0,19.9,19.3
74691.206926,20.3,999.0,19.9,19.3
74701.230661,20.2,999.0,19.9,19.3
74711.283968,20.2,999.0,19.9,19.3
74721.291191,20.3,999.0,19.9,19.3
74731.332587,20.3,999.0,19.9,19.3
74741.362708,20.3,999.0,19.9,19.3
74751.413903,20.2,999.0,19.9,19.3
74761.430596,20.2,999.0,19.9,19.3
74771.490544,20.2,999.0,19.8,19.3
74781.496559,20.2,999.0,19.9,19.3
74791.520221,20.2,999.0,19.9,19.3
74801.560135,20.2,999.0,19.9,19.3
74811.599032,20.2,999.0,19.9,19.3
74821.6056,20.2,999.0,19.9,19.3
74831.646485,20.2,999.0,19.9,19.3
74841.651404,20.2,999.0,19.9,19.3
74851.688702,20.2,999.0,19.9,19.3
74861.713295,20.2,999.0,19.9,19.3
74871.758745,20.2,999.0,19.9,19.3
74881.794628,20.2,999.0,19.8,19.3
74891.838443,20.2,999.0,19.9,19.3
74901.865448,20.2,999.0,19.9,19.3
74911.868783,20.2,999.0,19.9,19.3
74921.907261,20.2,999.0,19.9,19.3
74931.935711,20.3,999.0,19.9,19.3
74941.960117,20.2,999.0,19.9,19.3
74951.989397,20.2,999.0,19.9,19.3
74962.036019,20.2,999.0,19.9,19.3
74972.058828,20.3,999.0,19.9,19.3
74982.098757,20.3,999.0,19.9,19.3
74992.104027,20.2,999.0,19.9,19.3
75002.11042,20.2,999.0,19.9,19.3
75012.153073,20.2,999.0,19.9,19.3
75022.168981,20.2,999.0,19.9,19.3
75032.209874,20.3,999.0,19.9,19.3
75042.233882,20.3,999.0,19.9,19.3
75052.241281,20.2,999.0,19.9,19.3
75062.267603,20.2,999.0,19.9,19.3
75072.305083,20.3,999.0,19.9,19.3
75082.329321,20.2,999.0,19.9,19.3
75092.355143,20.2,999.0,19.9,19.3
75102.394475,20.3,999.0,19.9,19.3
75112.401991,20.2,999.0,19.9,19.3
75122.426421,20.2,999.0,19.9,19.3
75132.468026,20.2,999.0,19.9,19.3
75142.486315,20.3,999.0,19.9,19.3
75152.537495,20.3,999.0,19.8,19.3
75162.562887,20.2,999.0,19.9,19.3
75172.587376,20.2,999.0,19.9,19.3
75182.628248,20.3,999.0,19.9,19.3
75192.633381,20.2,999.0,19.8,19.3
75202.693556,20.3,999.0,19.9,19.3
75212.717468,20.2,999.0,19.9,19.3
75222.757685,20.2,999.0,19.9,19.3
75232.778354,20.2,999.0,19.8,19.3
75242.817221,20.3,999.0,19.9,19.3
75252.823076,20.2,999.0,19.9,19.3
75262.836108,20.2,999.0,19.9,19.3
75272.857373,20.2,999.0,19.8,19.3
75282.880734,20.2,999.0,19.9,19.3
75292.896961,20.2,999.0,19.9,19.3
75302.925338,20.2,999.0,19.9,19.3
75312.92738,20.2,999.0,19.9,19.3
75322.965338,20.3,999.0,19.9,19.3
75332.994037,20.2,999.0,19.9,19.3
75343.016041,20.2,999.0,19.9,19.3
75353.070831,20.2,999.0,19.9,19.3
75363.093946,20.3,999.0,19.9,19.3
75373.099931,20.2,999.0,19.9,19.3
75383.14207,20.2,999.0,19.9,19.3
75393.166138,20.3,999.0,19.9,19.3
75403.17456,20.2,999.0,19.9,19.3
75413.210819,20.2,999.0,19.9,19.3
75423.236247,20.2,999.0,19.9,19.3
75433.245148,20.2,999.0,19.9,19.3
75443.285407,20.2,999.0,19.9,19.3
75453.328952,20.3,999.0,19.9,19.3
75463.333927,20.2,999.0,19.9,19.3
75473.35575,20.2,999.0,19.9,19.3
75483.394379,20.2,999.0,19.9,19.3
75493.428094,20.2,999.0,19.9,19.3
75503.457029,20.2,999.0,19.9,19.3
75513.490737,20.2,999.0,19.9,19.3
75523.529716,20.2,999.0,19.9,19.3
75533.570887,20.2,999.0,19.9,19.3
75543.599681,20.2,999.0,19.9,19.3
75553.623513,20.3,999.0,19.9,19.3
75563.649168,20.2,999.0,19.8,19.3
75573.700852,20.2,999.0,19.9,19.3
75583.711028,20.3,999.0,19.9,19.3
75593.738686,20.2,999.0,19.9,19.3
75603.776108,20.2,999.0,19.9,19.3
75613.783866,20.3,999.0,19.9,19.3
75623.821945,20.2,999.0,19.9,19.3
75633.859729,20.2,999.0,19.9,19.3
75643.892828,20.2,999.0,19.9,19.3
75653.908827,20.2,999.0,19.9,19.3
75663.947319,20.2,999.0,19.9,19.3
75673.956602,20.3,999.0,19.9,19.3
75683.963552,20.3,999.0,19.9,19.3
75693.998754,20.2,999.0,19.9,19.3
75704.016677,20.3,999.0,19.9,19.3
75714.063777,20.3,999.0,19.9,19.3
75724.087944,20.2,999.0,19.9,19.3
75734.122377,20.2,999.0,19.9,19.3
75744.153653,20.3,999.0,19.9,19.3
75754.211264,20.2,999.0,19.9,19.3
75764.223821,20.2,999.0,19.9,19.3
75774.285456,20.2,999.0,19.9,19.3
75784.328579,20.2,999.0,19.9,19.3
75794.352148,20.2,999.0,19.9,19.3
75804.359628,20.2,999.0,19.9,19.3
75814.398797,20.2,999.0,19.9,19.3
75824.454836,20.2,999.0,19.9,19.3
75834.462766,20.2,999.0,19.9,19.3
75844.489438,20.2,999.0,19.9,19.3
75854.547279,20.3,999.0,19.9,19.3
75864.603507,20.3,999.0,19.9,19.3
75874.62687,20.3,999.0,19.9,19.3
75884.672131,20.3,999.0,19.9,19.3
75894.708459,20.2,999.0,19.9,19.3
75904.752958,20.2,999.0,19.9,19.3
75914.792506,20.3,999.0,19.9,19.3
75924.818848,20.2,999.0,19.9,19.3
75934.874842,20.3,999.0,19.9,19.3
75944.915567,20.2,999.0,19.8,19.3
75954.949651,20.2,999.0,19.9,19.3
75964.972855,20.2,999.0,19.9,19.3
75974.980341,20.2,999.0,19.9,19.3
75985.045104,20.3,999.0,19.9,19.3
75995.062246,20.2,999.0,19.9,19.3
76005.10832,20.3,999.0,19.9,19.3
76015.117318,20.2,999.0,19.9,19.3
76025.140441,20.2,999.0,19.9,19.3
76035.17848,20.2,999.0,19.9,19.3
76045.20297,20.3,999.0,19.9,19.3
76055.226441,20.3,999.0,19.9,19.3
76065.266572,20.2,999.0,19.9,19.3
76075.30682,20.2,999.0,19.9,19.3
76085.33128,20.3,999.0,19.9,19.3
76095.35541,20.2,999.0,19.9,19.3
76105.383749,20.2,999.0,19.9,19.3
76115.449177,20.2,999.0,19.9,19.3
76125.584708,20.2,999.0,19.9,19.3
76135.795923,20.2,999.0,19.9,19.3
76145.834942,20.2,999.0,19.9,19.3
76155.879571,20.2,999.0,19.9,19.3
76165.923336,20.2,999.0,19.9,19.3
76175.930332,20.2,999.0,19.9,19.3
76185.951644,20.2,999.0,19.9,19.3
76196.004518,20.3,999.0,19.9,19.3
76206.02497,20.2,999.0,19.9,19.3
76216.066015,20.2,999.0,19.9,19.3
76226.074593,20.2,999.0,19.9,19.3
76236.096904,20.3,999.0,19.8,19.3
76246.135025,20.2,999.0,19.9,19.3
76256.140498,20.2,999.0,19.9,19.3
76266.162472,20.2,999.0,19.9,19.3
76276.171355,20.2,999.0,19.9,19.3
76286.193764,20.2,999.0,19.9,19.3
76296.229001,20.2,999.0,19.9,19.3
76306.261926,20.2,999.0,19.9,19.3
76316.269547,20.3,999.0,19.9,19.3
76326.294189,20.2,999.0,19.9,19.3
76336.333107,20.2,999.0,19.9,19.3
76346.339944,20.2,999.0,19.9,19.3
76356.364452,20.3,999.0,19.9,19.3
76366.40353,20.3,999.0,19.9,19.3
76376.411696,20.2,999.0,19.9,19.3
76386.448688,20.2,999.0,19.9,19.3
76396.490772,20.2,999.0,19.9,19.3
76406.514914,20.3,999.0,19.9,19.3
76416.538831,20.2,999.0,19.9,19.3
76426.577548,20.2,999.0,19.9,19.3
76436.584878,20.2,999.0,19.8,19.3
76446.624137,20.3,999.0,19.9,19.3
76456.667184,20.3,999.0,19.9,19.3
76466.695266,20.2,999.0,19.9,19.3
76476.710196,20.2,999.0,19.9,19.3
76486.749654,20.3,999.0,19.9,19.3
76496.776295,20.3,999.0,19.9,19.3
76506.786645,20.2,999.0,19.8,19.3
76516.800899,20.2,999.0,19.9,19.3
76526.8227,20.3,999.0,19.9,19.3
76536.856807,20.3,999.0,19.9,19.3
76546.890274,20.2,999.0,19.9,19.3
76556.892696,20.2,999.0,19.9,19.3
76566.932507,20.2,999.0,19.9,19.4
76576.981036,20.2,999.0,19.9,19.3
76587.026071,20.3,999.0,19.9,19.3
76597.026471,20.2,999.0,19.9,19.3
76607.053635,20.2,999.0,19.9,19.3
76617.094448,20.3,999.0,19.9,19.3
76627.135571,20.3,999.0,19.9,19.3
76637.182402,20.2,999.0,19.8,19.3
76647.216141,20.2,999.0,19.9,19.3
76657.260609,20.2,999.0,19.9,19.3
76667.28405,20.2,999.0,19.9,19.3
76677.302597,20.3,999.0,19.9,19.3
76687.330041,20.2,999.0,19.9,19.3
76697.3361,20.2,999.0,19.9,19.3
76707.404882,20.2,999.0,19.9,19.3
76717.425868,20.2,999.0,19.9,19.3
76727.451938,20.2,999.0,19.9,19.3
76737.491434,20.2,999.0,19.9,19.4
76747.51504,20.3,999.0,19.9,19.3
76757.536789,20.2,999.0,19.9,19.3
76767.592849,20.2,999.0,19.9,19.3
76777.613908,20.2,999.0,19.9,19.3
76787.652262,20.2,999.0,19.9,19.3
76797.692667,20.3,999.0,19.9,19.3
76807.700063,20.2,999.0,19.9,19.3
76817.743334,20.2,999.0,19.9,19.3
76827.783026,20.2,999.0,19.9,19.3
76837.790214,20.3,999.0,19.9,19.3
76847.801683,20.2,999.0,19.9,19.3
76857.852838,20.3,999.0,19.9,19.3
76867.88966,20.2,999.0,19.9,19.3
76877.916128,20.3,999.0,19.9,19.3
76887.953446,20.3,999.0,19.9,19.3
76897.960542,20.2,999.0,19.9,19.3
76907.993192,20.2,999.0,19.9,19.3
76918.009486,20.3,999.0,19.9,19.3
76928.034342,20.3,999.0,19.9,19.3
76938.040831,20.2,999.0,19.9,19.3
76948.08096,20.3,999.0,19.9,19.3
76958.124364,20.2,999.0,19.9,19.3
76968.144735,20.3,999.0,19.9,19.3
76978.183385,20.2,999.0,19.9,19.3
76988.189238,20.3,999.0,19.9,19.3
76998.229639,20.2,999.0,19.9,19.3
77008.267126,20.2,999.0,19.9,19.3
77018.271107,20.2,999.0,19.9,19.3
77028.337971,20.3,999.0,19.9,19.3
77038.358322,20.3,999.0,19.9,19.3
77048.40086,20.2,999.0,19.9,19.3
77058.406795,20.3,999.0,19.9,19.3
77068.439498,20.3,999.0,19.9,19.3
77078.446201,20.2,999.0,19.9,19.3
77088.463672,20.2,999.0,19.9,19.3
77098.493987,20.3,999.0,19.9,19.3
77108.503656,20.2,999.0,19.9,19.3
77118.526136,20.2,999.0,19.9,19.3
77128.546138,20.2,999.0,19.9,19.3
77138.57031,20.2,999.0,19.9,19.3
77148.603955,20.3,999.0,19.9,19.3
77158.635588,20.3,999.0,19.9,19.3
77168.642828,20.3,999.0,19.9,19.3
77178.680508,20.3,999.0,19.9,19.3
77188.710797,20.3,999.0,19.9,19.4
77198.750721,20.2,999.0,19.9,19.3
77208.772804,20.2,999.0,19.9,19.3
77218.811375,20.2,999.0,19.9,19.3
77228.820555,20.2,999.0,19.9,19.3
77238.836622,20.3,999.0,19.9,19.3
77248.867683,20.2,999.0,19.9,19.3
77258.890729,20.2,999.0,19.9,19.3
77268.910405,20.2,999.0,19.9,19.3
77278.939782,20.2,999.0,19.9,19.3
77288.962249,20.2,999.0,19.9,19.3
77298.978747,20.2,999.0,19.9,19.3
77309.022842,20.2,999.0,19.9,19.3
77319.029822,20.3,999.0,19.9,19.3
77329.053378,20.3,999.0,19.9,19.3
77339.076751,20.3,999.0,19.9,19.3
77349.100501,20.2,999.0,19.9,19.3
77359.149509,20.3,999.0,19.9,19.3
77369.178632,20.2,999.0,19.9,19.3
77379.187437,20.3,999.0,19.9,19.3
77389.230624,20.3,999.0,19.9,19.3
77399.286253,20.2,999.0,19.9,19.3
77409.300703,20.3,999.0,19.9,19.4
77419.341372,20.2,999.0,19.9,19.3
77429.383426,20.2,999.0,19.9,19.3
77439.411938,20.3,999.0,19.9,19.3
77449.439449,20.2,999.0,19.9,19.3
77459.475678,20.3,999.0,19.9,19.3
77469.48463,20.2,999.0,19.9,19.3
77479.508729,20.3,999.0,19.9,19.3
77489.531972,20.2,999.0,19.9,19.3
77499.589328,20.2,999.0,19.9,19.3
77509.614776,20.2,999.0,19.9,19.3
77519.663939,20.3,999.0,19.9,19.3
77529.692939,20.3,999.0,19.9,19.3
77539.738355,20.3,999.0,19.9,19.4
77549.766921,20.3,999.0,19.9,19.3
77559.790896,20.2,999.0,19.9,19.3
77569.833538,20.3,999.0,19.9,19.3
77579.840827,20.2,999.0,19.9,19.3
77589.86416,20.3,999.0,19.9,19.3
77599.866015,20.3,999.0,19.8,19.3
77609.910806,20.2,999.0,19.9,19.3
77619.933358,20.3,999.0,19.9,19.3
77629.935599,20.3,999.0,19.9,19.3
77639.972179,20.2,999.0,19.9,19.3
77650.00412,20.2,999.0,19.9,19.3
77660.02482,20.2,999.0,19.9,19.3
77670.080348,20.2,999.0,19.9,19.4
77680.10501,20.2,999.0,19.9,19.3
77690.130536,20.2,999.0,19.9,19.4
77700.154135,20.2,999.0,19.9,19.3
77710.193269,20.3,999.0,19.9,19.4
77720.202177,20.3,999.0,19.9,19.3
77730.257034,20.2,999.0,19.9,19.3
77740.295709,20.2,999.0,19.9,19.3
77750.319209,20.3,999.0,19.9,19.3
77760.36713,20.3,999.0,19.9,19.3
77770.383149,20.3,999.0,19.9,19.3
77780.412066,20.3,999.0,19.9,19.3
77790.414359,20.3,999.0,19.9,19.3
77800.461357,20.3,999.0,19.9,19.3
77810.514433,20.2,999.0,19.9,19.3
77820.521634,20.3,999.0,19.9,19.4
77830.559698,20.3,999.0,19.9,19.3
77840.584945,20.2,999.0,19.9,19.3
77850.592362,20.3,999.0,19.9,19.3
77860.64597,20.3,999.0,19.9,19.3
77870.670223,20.2,999.0,19.9,19.4
77880.692954,20.2,999.0,19.9,19.3
77890.732124,20.3,999.0,19.9,19.3
77900.755012,20.2,999.0,19.9,19.3
77910.76727,20.3,999.0,19.9,19.3
77920.787597,20.2,999.0,19.9,19.3
77930.832764,20.3,999.0,19.9,19.3
77940.850712,20.3,999.0,19.9,19.4
77950.886844,20.3,999.0,19.9,19.3
77960.916403,20.2,999.0,19.9,19.3
77970.917732,20.3,999.0,19.9,19.3
77980.957751,20.3,999.0,19.9,19.4
77990.980465,20.2,999.0,19.9,19.3
78001.01859,20.2,999.0,19.9,19.3
78011.040757,20.3,999.0,19.9,19.3
78021.060512,20.3,999.0,19.9,19.3
78031.080904,20.2,999.0,19.9,19.3
78041.131578,20.3,999.0,19.9,19.3
78051.152978,20.3,999.0,19.9,19.3
78061.178232,20.2,999.0,19.9,19.3
78071.2329,20.3,999.0,19.9,19.4
78081.239847,20.2,999.0,19.9,19.3
78091.26505,20.3,999.0,19.9,19.3
78101.318173,20.2,999.0,19.9,19.3
78111.324449,20.2,999.0,19.9,19.4
78121.392001,20.2,999.0,19.9,19.4
78131.403536,20.3,999.0,19.9,19.3
78141.427153,20.3,999.0,19.9,19.3
78151.465647,20.2,999.0,19.9,19.4
78161.491307,20.2,999.0,19.9,19.4
78171.52611,20.2,999.0,19.9,19.4
78181.552211,20.3,999.0,19.9,19.3
78191.580653,20.2,999.0,19.9,19.4
78201.603599,20.2,999.0,19.9,19.4
78211.626537,20.3,999.0,19.9,19.4
78221.675887,20.2,999.0,19.9,19.3
78231.68997,20.2,999.0,19.9,19.3
78241.727867,20.3,999.0,19.9,19.3
78251.73211,20.2,999.0,19.9,19.4
78261.755151,20.3,999.0,19.9,19.3
78271.786186,20.3,999.0,19.9,19.4
78281.803861,20.2,999.0,19.9,19.3
78291.840496,20.3,999.0,19.9,19.4
78301.86789,20.3,999.0,19.9,19.3
78311.89024,20.3,999.0,19.9,19.3
78321.89788,20.3,999.0,19.9,19.3
78331.953577,20.3,999.0,19.9,19.4
78341.978818,20.3,999.0,19.9,19.3
78351.987295,20.3,999.0,19.9,19.3
78362.015,20.3,999.0,19.9,19.3
78372.048722,20.3,999.0,19.9,19.3
78382.070587,20.3,999.0,19.9,19.3
78392.108737,20.3,999.0,19.9,19.4
78402.134723,20.3,999.0,19.9,19.3
78412.169889,20.3,999.0,19.9,19.3
78422.198964,20.3,999.0,19.9,19.3
78432.217602,20.3,999.0,19.9,19.4
78442.25601,20.3,999.0,19.9,19.3
78452.263381,20.3,999.0,19.9,19.4
78462.270109,20.3,999.0,19.9,19.4
78472.30748,20.3,999.0,19.9,19.3
78482.31537,20.3,999.0,19.9,19.3
78492.348254,20.2,999.0,19.9,19.4
78502.375827,20.2,999.0,19.9,19.4
78512.394728,20.2,999.0,19.9,19.4
78522.415855,20.3,999.0,19.9,19.3
78532.450703,20.3,999.0,19.9,19.3
78542.451832,20.3,999.0,19.9,19.4
78552.491518,20.3,999.0,19.9,19.4
78562.537298,20.2,999.0,19.9,19.3
78572.538241,20.3,999.0,19.9,19.3
78582.585931,20.2,999.0,19.9,19.3
78592.628467,20.3,999.0,19.9,19.3
78602.683064,20.3,999.0,19.9,19.3
78612.690333,20.3,999.0,19.9,19.4
78622.726775,20.3,999.0,19.9,19.3
78632.733652,20.3,999.0,19.9,19.3
78642.766316,20.2,999.0,19.9,19.3
78652.79638,20.2,999.0,19.9,19.3
78662.804921,20.3,999.0,19.9,19.3
78672.856586,20.2,999.0,19.9,19.4
78682.882929,20.3,999.0,19.9,19.3
78692.905665,20.3,999.0,19.9,19.3
78702.93035,20.2,999.0,19.9,19.3
78712.982136,20.3,999.0,19.9,19.4
78722.990196,20.2,999.0,19.9,19.4
78733.03028,20.3,999.0,19.9,19.4
78743.055735,20.3,999.0,19.9,19.3
78753.061205,20.3,999.0,19.9,19.4
78763.098955,20.3,999.0,19.9,19.3
78773.125861,20.3,999.0,19.9,19.3
78783.143815,20.3,999.0,19.9,19.3
78793.171059,20.3,999.0,19.9,19.3
78803.192893,20.2,999.0,19.9,19.3
78813.217296,20.3,999.0,19.9,19.3
78823.246642,20.3,999.0,19.9,19.3
78833.264421,20.3,999.0,19.9,19.3
78843.301046,20.3,999.0,19.9,19.3
78853.324751,20.2,999.0,19.9,19.3
78863.349409,20.3,999.0,19.9,19.3
78873.383633,20.2,999.0,19.9,19.4
78883.410958,20.3,999.0,19.9,19.4
78893.438777,20.3,999.0,19.9,19.4
78903.458543,20.2,999.0,19.9,19.4
78913.502803,20.3,999.0,19.9,19.4
78923.522954,20.3,999.0,19.9,19.3
78933.562038,20.3,999.0,19.9,19.3
78943.6026,20.2,999.0,19.9,19.4
78953.641877,20.3,999.0,19.9,19.3
78963.688491,20.3,999.0,19.9,19.3
78973.725957,20.2,999.0,19.9,19.3
78983.765378,20.3,999.0,19.9,19.4
78993.787285,20.2,999.0,19.9,19.3
79003.826603,20.3,999.0,19.9,19.3
79013.848951,20.3,999.0,19.9,19.3
79023.854498,20.2,999.0,19.9,19.4
79033.884989,20.3,999.0,19.9,19.3
79043.91988,20.3,999.0,19.9,19.3
79053.955014,20.3,999.0,19.9,19.4
79063.97593,20.3,999.0,19.9,19.3
79073.998727,20.3,999.0,19.9,19.3
79084.037127,20.2,999.0,19.9,19.3
79094.046561,20.3,999.0,19.9,19.4
79104.053893,20.3,999.0,19.9,19.4
79114.090942,20.3,999.0,19.9,19.4
79124.131812,20.3,999.0,19.9,19.4
79134.167412,20.3,999.0,19.9,19.4
79144.2137,20.3,999.0,19.9,19.3
79154.217945,20.3,999.0,19.9,19.4
79164.242324,20.3,999.0,19.9,19.3
79174.265345,20.3,999.0,19.9,19.3
79184.267646,20.3,999.0,19.9,19.3
79194.307141,20.3,999.0,19.9,19.3
79204.337371,20.3,999.0,19.9,19.4
79214.359473,20.3,999.0,19.9,19.3
79224.413069,20.3,999.0,19.9,19.4
79234.457489,20.3,999.0,19.9,19.3
79244.462924,20.3,999.0,19.9,19.4
79254.486944,20.2,999.0,19.9,19.3
79264.526301,20.2,999.0,19.9,19.4
79274.534197,20.3,999.0,19.9,19.3
79284.562064,20.2,999.0,19.9,19.3
79294.599932,20.2,999.0,19.8,19.3
79304.619613,20.3,999.0,19.9,19.3
79314.656936,20.3,999.0,19.9,19.4
79324.679583,20.3,999.0,19.9,19.3
79334.709266,20.3,999.0,19.9,19.3
79344.729747,20.3,999.0,19.9,19.4
79354.782958,20.3,999.0,19.9,19.4
79364.791737,20.3,999.0,19.9,19.4
79374.815529,20.3,999.0,19.9,19.4
79384.874727,20.3,999.0,19.9,19.3
79394.887349,20.3,999.0,19.9,19.3
79404.907601,20.3,999.0,19.9,19.4
79414.945955,20.3,999.0,19.9,19.4
79424.974852,20.3,999.0,19.9,19.3
79435.004065,20.2,999.0,19.9,19.4
79445.03268,20.3,999.0,19.9,19.3
79455.056656,20.3,999.0,19.9,19.3
79465.081783,20.3,999.0,19.9,19.4
79475.104221,20.3,999.0,19.9,19.3
79485.145404,20.3,999.0,19.9,19.3
79495.152714,20.3,999.0,19.9,19.3
79505.176155,20.3,999.0,19.9,19.4
79515.214135,20.3,999.0,19.9,19.4
79525.23803,20.3,999.0,19.9,19.3
79535.272758,20.3,999.0,19.9,19.4
79545.305521,20.3,999.0,19.9,19.4
79555.320928,20.3,999.0,19.9,19.3
79565.377134,20.3,999.0,19.9,19.4
79575.406284,20.3,999.0,19.9,19.4
79585.444248,20.3,999.0,19.9,19.4
79595.480915,20.3,999.0,19.9,19.4
79605.504827,20.3,999.0,19.9,19.4
79615.531254,20.3,999.0,19.9,19.4
79625.5802,20.3,999.0,19.9,19.3
79635.602839,20.3,999.0,19.9,19.3
79645.65392,20.3,999.0,19.9,19.4
79655.683789,20.3,999.0,19.9,19.4
79665.705165,20.3,999.0,19.8,19.4
79675.757659,20.2,999.0,19.9,19.4
79685.800586,20.3,999.0,19.9,19.4
79695.819165,20.3,999.0,19.9,19.4
79705.842985,20.2,999.0,19.9,19.4
79715.852456,20.3,999.0,19.9,19.3
79726.044117,20.3,999.0,19.9,19.3
79736.093524,20.3,999.0,19.9,19.4
79746.136885,20.3,999.0,19.9,19.4
79756.161749,20.3,999.0,19.9,19.4
79766.168153,20.3,999.0,19.9,19.3
79776.206511,20.3,999.0,19.9,19.4
79786.231856,20.3,999.0,19.9,19.4
79796.255322,20.3,999.0,19.9,19.3
79806.301323,20.3,999.0,19.9,19.4
79816.335107,20.3,999.0,19.9,19.4
79826.380652,20.3,999.0,19.9,19.3
79836.40131,20.3,999.0,19.9,19.3
79846.44279,20.3,999.0,19.9,19.4
79856.467141,20.3,999.0,19.9,19.3
79866.513664,20.3,999.0,19.9,19.3
79876.563286,20.3,999.0,19.9,19.4
79886.589215,20.3,999.0,19.9,19.4
79896.615978,20.3,999.0,19.9,19.4
79906.620067,20.3,999.0,19.9,19.4
79916.659937,20.3,999.0,19.9,19.4
79926.690898,20.3,999.0,19.9,19.4
79936.719944,20.3,999.0,19.9,19.4
79946.749611,20.3,999.0,19.9,19.4
79956.765105,20.2,999.0,19.9,19.3
79966.790056,20.3,999.0,19.9,19.3
79976.816544,20.3,999.0,19.9,19.3
79986.856481,20.3,999.0,19.9,19.3
79996.892873,20.3,999.0,19.9,19.3
80006.923079,20.3,999.0,19.9,19.4
80016.944565,20.2,999.0,19.9,19.4
80026.97964,20.3,999.0,19.9,19.3
80036.994526,20.3,999.0,19.9,19.3
80047.049704,20.2,999.0,19.9,19.4
80057.060441,20.3,999.0,19.9,19.4
80067.094971,20.3,999.0,19.9,19.4
80077.101521,20.3,999.0,19.9,19.4
80087.139877,20.3,999.0,19.9,19.3
80097.182314,20.3,999.0,19.9,19.3
80107.206856,20.3,999.0,19.9,19.4
80117.251347,20.3,999.0,19.9,19.3
80127.275698,20.3,999.0,19.9,19.3
80137.339469,20.2,999.0,19.9,19.4
80147.375909,20.3,999.0,19.9,19.4
80157.405685,20.3,999.0,19.9,19.4
80167.434669,20.3,999.0,19.9,19.4
80177.454068,20.3,999.0,19.9,19.4
80187.479318,20.2,999.0,19.9,19.4
80197.506392,20.3,999.0,19.9,19.4
80207.522493,20.3,999.0,19.9,19.3
80217.559435,20.3,999.0,19.9,19.3
80227.576686,20.3,999.0,19.9,19.3
80237.60375,20.3,999.0,19.9,19.4
80247.628401,20.3,999.0,19.9,19.4
80257.673128,20.3,999.0,19.9,19.3
80267.70347,20.3,999.0,19.9,19.4
80277.744686,20.3,999.0,19.9,19.3
80287.812277,20.3,999.0,19.9,19.3
80297.867112,20.3,999.0,19.9,19.3
80307.893315,20.3,999.0,19.9,19.4
80317.931278,20.3,999.0,19.9,19.4
80327.955169,20.3,999.0,19.9,19.4
80337.964425,20.3,999.0,19.9,19.4
80347.987559,20.3,999.0,19.9,19.4
80358.026221,20.3,999.0,19.9,19.4
80368.06468,20.3,999.0,19.9,19.3
80378.103596,20.3,999.0,19.9,19.3
80388.125222,20.3,999.0,19.9,19.3
80398.171517,20.3,999.0,19.9,19.3
80408.228694,20.3,999.0,19.9,19.4
80418.264311,20.3,999.0,19.9,19.4
80428.298472,20.3,999.0,19.9,19.4
80438.357863,20.3,999.0,19.9,19.4
80448.389777,20.3,999.0,19.9,19.3
80458.44411,20.3,999.0,19.9,19.3
80468.450507,20.2,999.0,19.9,19.4
80478.476019,20.3,999.0,19.9,19.3
80488.517078,20.3,999.0,19.9,19.3
80498.541659,20.3,999.0,19.9,19.3
80508.56148,20.3,999.0,19.9,19.4
80518.600862,20.3,999.0,19.9,19.4
80528.623501,20.3,999.0,19.9,19.3
80538.662708,20.3,999.0,19.9,19.4
80548.689798,20.3,999.0,19.9,19.4
80558.694346,20.3,999.0,19.9,19.4
80568.734117,20.3,999.0,19.9,19.3
80578.776848,20.3,999.0,19.9,19.4
80588.799599,20.3,999.0,19.9,19.4
80598.824207,20.3,999.0,19.9,19.4
80608.86855,20.3,999.0,19.9,19.4
80618.891429,20.3,999.0,19.9,19.4
80628.907692,20.3,999.0,19.9,19.4
80638.932593,20.3,999.0,19.9,19.3
80648.941256,20.3,999.0,19.9,19.4
80658.978159,20.3,999.0,19.9,19.4
80669.003257,20.3,999.0,19.9,19.4
80679.033674,20.3,999.0,19.9,19.4
80689.04875,20.3,999.0,19.9,19.4
80699.091087,20.2,999.0,19.9,19.4
80709.138087,20.3,999.0,19.9,19.4
80719.149836,20.3,999.0,19.9,19.4
80729.168412,20.3,999.0,19.9,19.4
80739.207719,20.3,999.0,19.9,19.3
80749.224099,20.3,999.0,19.9,19.4
80759.271116,20.3,999.0,19.9,19.3
80769.310469,20.3,999.0,19.9,19.4
80779.350404,20.3,999.0,19.9,19.4
80789.398636,20.3,999.0,19.9,19.4
80799.422909,20.3,999.0,19.9,19.4
80809.455383,20.3,999.0,19.9,19.4
80819.500218,20.3,999.0,19.9,19.3
80829.521403,20.3,999.0,19.9,19.3
80839.5627,20.3,999.0,19.9,19.3
80849.602852,20.3,999.0,19.9,19.4
80859.609756,20.3,999.0,19.9,19.3
80869.651132,20.3,999.0,19.9,19.4
80879.690472,20.3,999.0,19.9,19.4
80889.714045,20.2,999.0,19.9,19.4
80899.735315,20.3,999.0,19.9,19.4
80909.761572,20.2,999.0,19.9,19.3
80919.783081,20.3,999.0,19.9,19.4
80929.809226,20.3,999.0,19.9,19.4
80939.85113,20.3,999.0,19.9,19.4
80949.877448,20.3,999.0,19.9,19.4
80959.899862,20.3,999.0,19.9,19.4
80969.932082,20.3,999.0,19.9,19.4
80979.947439,20.3,999.0,19.9,19.4
80989.964547,20.3,999.0,19.9,19.4
80999.996548,20.3,999.0,19.9,19.4
81010.037519,20.3,999.0,19.9,19.4
81020.059353,20.4,999.0,19.9,19.4
81030.09732,20.3,999.0,19.9,19.3
81040.137826,20.3,999.0,19.9,19.3
81050.17891,20.3,999.0,19.9,19.4
81060.205135,20.3,999.0,19.9,19.4
81070.228134,20.3,999.0,19.9,19.3
81080.245683,20.3,999.0,19.9,19.4
81090.281101,20.3,999.0,19.9,19.4
81100.286414,20.3,999.0,19.9,19.4
81110.324511,20.3,999.0,19.9,19.3
81120.351492,20.3,999.0,19.9,19.3
81130.377674,20.3,999.0,19.9,19.4
81140.38565,20.3,999.0,19.9,19.3
81150.423314,20.3,999.0,19.9,19.4
81160.462564,20.3,999.0,19.9,19.4
81170.487085,20.3,999.0,19.9,19.4
81180.532194,20.3,999.0,19.9,19.3
81190.573261,20.3,999.0,19.9,19.3
81200.577715,20.3,999.0,19.9,19.4
81210.602445,20.3,999.0,19.9,19.4
81220.659889,20.3,999.0,19.9,19.4
81230.678328,20.3,999.0,19.9,19.4
81240.717312,20.3,999.0,19.9,19.4
81250.740877,20.3,999.0,19.9,19.4
81260.77893,20.3,999.0,19.9,19.4
81270.817944,20.3,999.0,19.9,19.4
81280.840087,20.3,999.0,19.9,19.4
81290.877041,20.3,999.0,19.9,19.3
81300.902125,20.3,999.0,19.9,19.4
81310.931042,20.3,999.0,19.9,19.4
81320.981413,20.3,999.0,19.9,19.4
81330.985973,20.3,999.0,19.9,19.3
81341.010644,20.3,999.0,19.9,19.4
81351.039877,20.3,999.0,19.9,19.4
81361.069531,20.3,999.0,19.9,19.4
81371.108912,20.3,999.0,19.9,19.4
81381.114041,20.3,999.0,19.9,19.4
81391.138158,20.3,999.0,19.9,19.4
81401.175941,20.3,999.0,19.9,19.4
81411.182209,20.3,999.0,19.9,19.3
81421.218822,20.3,999.0,19.9,19.4
81431.227155,20.3,999.0,19.9,19.4
81441.250021,20.3,999.0,19.9,19.4
81451.287049,20.3,999.0,19.9,19.4
81461.317254,20.3,999.0,19.9,19.3
81471.351509,20.3,999.0,19.9,19.3
81481.376792,20.3,999.0,19.9,19.4
81491.381595,20.3,999.0,19.9,19.4
81501.419379,20.3,999.0,19.9,19.4
81511.428135,20.3,999.0,19.9,19.3
81521.468535,20.3,999.0,19.9,19.4
81531.504697,20.3,999.0,19.9,19.4
81541.51214,20.3,999.0,19.9,19.4
81551.536151,20.3,999.0,19.9,19.4
81561.572567,20.3,999.0,19.9,19.4
81571.579904,20.3,999.0,19.9,19.3
81581.630813,20.3,999.0,19.9,19.4
81591.649557,20.3,999.0,19.9,19.4
81601.678567,20.3,999.0,19.9,19.4
81611.702391,20.3,999.0,19.9,19.4
81621.731216,20.3,999.0,19.9,19.3
81631.748358,20.3,999.0,19.9,19.4
81641.776829,20.2,999.0,19.9,19.4
81651.800774,20.3,999.0,19.9,19.4
81661.804875,20.3,999.0,19.9,19.4
81671.842718,20.3,999.0,19.9,19.4
81681.850069,20.2,999.0,19.9,19.4
81691.877831,20.3,999.0,19.9,19.4
81701.918562,20.3,999.0,19.9,19.4
81711.920835,20.3,999.0,19.9,19.4
81721.962813,20.3,999.0,19.9,19.4
81731.987676,20.3,999.0,19.9,19.4
81742.010494,20.3,999.0,19.9,19.4
81752.054726,20.3,999.0,19.9,19.4
81762.084303,20.3,999.0,19.9,19.4
81772.115017,20.3,999.0,19.9,19.4
81782.122224,20.3,999.0,19.9,19.4
81792.162505,20.3,999.0,19.9,19.4
81802.168321,20.3,999.0,19.9,19.4
81812.192149,20.3,999.0,19.9,19.4
81822.226061,20.3,999.0,19.9,19.3
81832.277523,20.3,999.0,19.9,19.4
81842.307816,20.3,999.0,19.9,19.4
81852.331975,20.3,999.0,19.9,19.3
81862.33993,20.3,999.0,19.9,19.4
81872.393826,20.3,999.0,19.9,19.3
81882.411818,20.3,999.0,19.9,19.4
81892.423023,20.3,999.0,19.9,19.4
81902.462743,20.3,999.0,19.9,19.4
81912.4683,20.3,999.0,19.9,19.4
81922.507139,20.3,999.0,19.9,19.4
81932.535737,20.3,999.0,19.9,19.3
81942.539779,20.3,999.0,19.9,19.4
81952.577767,20.3,999.0,19.9,19.4
81962.621806,20.3,999.0,19.9,19.4
81972.645692,20.3,999.0,19.9,19.4
81982.67011,20.3,999.0,19.9,19.4
81992.707788,20.3,999.0,19.9,19.3
82002.73347,20.3,999.0,19.9,19.4
82012.754593,20.3,999.0,19.9,19.4
82022.795029,20.3,999.0,19.9,19.4
82032.799698,20.3,999.0,19.9,19.4
82042.83992,20.3,999.0,19.9,19.4
82052.894305,20.3,999.0,19.9,19.4
82062.914934,20.3,999.0,19.9,19.4
82072.950351,20.3,999.0,19.9,19.3
82082.986119,20.3,999.0,19.9,19.4
82093.046153,20.3,999.0,19.9,19.4
82103.080144,20.3,999.0,19.9,19.3
82113.118115,20.3,999.0,19.9,19.4
82123.15837,20.3,999.0,19.9,19.4
82133.163701,20.3,999.0,19.9,19.4
82143.203307,20.4,999.0,19.9,19.3
82153.226258,20.3,999.0,19.9,19.3
82163.260117,20.3,999.0,19.9,19.4
82173.289621,20.3,999.0,19.9,19.4
82183.334544,20.3,999.0,19.9,19.3
82193.350365,20.3,999.0,19.9,19.4
82203.379509,20.3,999.0,19.9,19.3
82213.404688,20.3,999.0,19.9,19.3
82223.446191,20.3,999.0,19.9,19.4
82233.498344,20.3,999.0,19.9,19.4
82243.522198,20.3,999.0,19.9,19.4
82253.530348,20.3,999.0,19.9,19.4
82263.568282,20.3,999.0,19.9,19.3
82273.593088,20.3,999.0,19.9,19.3
82283.600005,20.3,999.0,19.9,19.4
82293.638331,20.3,999.0,19.9,19.4
82303.667165,20.3,999.0,19.9,19.4
82313.68459,20.3,999.0,19.9,19.4
82323.72236,20.3,999.0,19.9,19.4
82333.761231,20.3,999.0,19.9,19.4
82343.794257,20.3,999.0,19.9,19.4
82353.827867,20.3,999.0,19.9,19.4
82363.832988,20.3,999.0,19.9,19.4
82373.870715,20.3,999.0,19.9,19.4
82383.899586,20.3,999.0,19.9,19.4
82393.921207,20.3,999.0,19.9,19.4
82403.944984,20.3,999.0,19.9,19.4
82413.965661,20.3,999.0,19.9,19.4
82423.971308,20.3,999.0,19.9,19.4
82434.002223,20.3,999.0,19.9,19.3
82444.026979,20.3,999.0,19.9,19.4
82454.070238,20.3,999.0,19.9,19.4
82464.113408,20.3,999.0,19.9,19.4
82474.158487,20.3,999.0,19.9,19.4
82484.188791,20.3,999.0,19.9,19.4
82494.216586,20.3,999.0,19.9,19.4
82504.228525,20.3,999.0,19.9,19.4
82514.229158,20.3,999.0,19.9,19.4
82524.268118,20.3,999.0,19.9,19.4
82534.285463,20.3,999.0,19.9,19.4
82544.299247,20.3,999.0,19.9,19.4
82554.319771,20.3,999.0,19.9,19.4
82564.342685,20.3,999.0,19.9,19.4
82574.381888,20.3,999.0,19.9,19.4
82584.387657,20.3,999.0,19.9,19.4
82594.426481,20.3,999.0,19.9,19.4
82604.465541,20.4,999.0,19.9,19.4
82614.48731,20.3,999.0,19.9,19.4
82624.55762,20.3,999.0,19.9,19.3
82634.604735,20.3,999.0,19.9,19.4
82644.611558,20.3,999.0,19.9,19.4
82654.632588,20.3,999.0,19.9,19.3
82664.68714,20.3,999.0,19.9,19.4
82674.692706,20.3,999.0,19.9,19.4
82684.728316,20.3,999.0,19.9,19.4
82694.752322,20.3,999.0,19.9,19.3
82704.778537,20.3,999.0,19.9,19.4
82714.845423,20.3,999.0,19.9,19.3
82724.881588,20.3,999.0,19.9,19.3
82734.915412,20.3,999.0,19.9,19.4
82744.940012,20.3,999.0,19.9,19.4
82754.961349,20.3,999.0,19.9,19.4
82764.998903,20.3,999.0,19.9,19.4
82775.038866,20.3,999.0,19.9,19.4
82785.048331,20.3,999.0,19.9,19.4
82795.063412,20.3,999.0,19.9,19.4
82805.078981,20.3,999.0,19.9,19.3
82815.100197,20.4,999.0,19.9,19.3
82825.124063,20.3,999.0,19.9,19.4
82835.162428,20.3,999.0,19.9,19.4
82845.170074,20.3,999.0,19.9,19.4
82855.214062,20.3,999.0,19.9,19.4
82865.270338,20.3,999.0,19.9,19.4
82875.28915,20.3,999.0,19.9,19.4
82885.328291,20.3,999.0,19.9,19.4
82895.333528,20.3,999.0,19.9,19.4
82905.374074,20.3,999.0,19.9,19.4
82915.414129,20.3,999.0,19.9,19.4
82925.459274,20.3,999.0,19.9,19.4
82935.459429,20.3,999.0,19.9,19.4
82945.499131,20.3,999.0,19.9,19.3
82955.530478,20.3,999.0,19.9,19.4
82965.532252,20.3,999.0,19.9,19.3
82975.572297,20.3,999.0,19.9,19.3
82985.616695,20.3,999.0,19.9,19.4
82995.630303,20.3,999.0,19.9,19.4
83005.679482,20.3,999.0,19.9,19.4
83015.718446,20.3,999.0,19.9,19.4
83025.742643,20.3,999.0,19.9,19.4
83035.748933,20.3,999.0,19.9,19.4
83045.779239,20.3,999.0,19.9,19.4
83055.792129,20.3,999.0,19.9,19.4
83065.829788,20.3,999.0,19.9,19.4
83075.835556,20.3,999.0,19.9,19.4
83085.928419,20.3,999.0,19.9,19.4
83095.982573,20.3,999.0,19.9,19.4
83105.986573,20.3,999.0,19.9,19.4
83116.0126,20.3,999.0,19.9,19.4
83126.03958,20.3,999.0,19.9,19.4
83136.057297,20.3,999.0,19.9,19.4
83146.109546,20.3,999.0,19.9,19.4
83156.114902,20.3,999.0,19.9,19.3
83166.151358,20.3,999.0,19.9,19.4
83176.17713,20.3,999.0,19.9,19.4
83186.188582,20.3,999.0,19.9,19.4
83196.194256,20.3,999.0,19.9,19.4
83206.233397,20.3,999.0,19.9,19.4
83216.258065,20.3,999.0,19.9,19.4
83226.280586,20.3,999.0,19.9,19.3
83236.32035,20.3,999.0,19.9,19.4
83246.337197,20.3,999.0,19.9,19.4
83256.350519,20.3,999.0,19.9,19.3
83266.391429,20.3,999.0,19.9,19.4
83276.415007,20.3,999.0,19.9,19.3
83286.452546,20.3,999.0,19.9,19.4
83296.476677,20.3,999.0,19.9,19.4
83306.483849,20.3,999.0,19.9,19.4
83316.521907,20.4,999.0,19.9,19.4
83326.592093,20.3,999.0,19.9,19.4
83337.034721,20.3,999.0,19.9,19.4
83347.067486,20.3,999.0,19.9,19.4
83357.117596,20.3,999.0,19.9,19.4
83367.136556,20.3,999.0,19.9,19.4
83377.162822,20.3,999.0,19.9,19.4
83387.202973,20.3,999.0,19.9,19.4
83397.208417,20.3,999.0,19.9,19.4
83407.246035,20.3,999.0,19.9,19.4
83417.253358,20.3,999.0,19.9,19.4
83427.290995,20.3,999.0,19.9,19.4
83437.329252,20.3,999.0,19.9,19.3
83447.352063,20.4,999.0,19.9,19.4
83457.376795,20.3,999.0,19.9,19.4
83467.413101,20.3,999.0,19.9,19.4
83477.446804,20.3,999.0,19.9,19.4
83487.47839,20.4,999.0,19.9,19.4
83497.492338,20.3,999.0,19.9,19.4
83507.516608,20.3,999.0,19.9,19.4
83517.517899,20.3,999.0,19.9,19.4
83527.546734,20.3,999.0,19.9,19.4
83537.585433,20.3,999.0,19.9,19.4
83547.607256,20.3,999.0,19.9,19.4
83557.663693,20.3,999.0,19.9,19.4
83567.66702,20.3,999.0,19.9,19.4
83577.693819,20.3,999.0,19.9,19.4
83587.732303,20.3,999.0,19.9,19.4
83597.759325,20.3,999.0,19.9,19.4
83607.764372,20.3,999.0,19.9,19.4
83617.802334,20.3,999.0,19.9,19.3
83627.810534,20.3,999.0,19.9,19.4
83637.871848,20.3,999.0,19.9,19.4
83647.923235,20.3,999.0,19.9,19.4
83657.929404,20.3,999.0,19.9,19.4
83667.971931,20.4,999.0,19.9,19.3
83678.008668,20.4,999.0,19.9,19.4
83688.015674,20.3,999.0,19.9,19.4
83698.03811,20.3,999.0,19.9,19.4
83708.077093,20.3,999.0,19.9,19.4
83718.104917,20.3,999.0,19.9,19.4
83728.133507,20.3,999.0,19.9,19.4
83738.168007,20.3,999.0,19.9,19.3
83748.206326,20.3,999.0,19.9,19.4
83758.210744,20.3,999.0,19.9,19.4
83768.259415,20.3,999.0,19.9,19.4
83778.28887,20.3,999.0,19.9,19.4
83788.339474,20.3,999.0,19.9,19.4
83798.367573,20.3,999.0,19.9,19.4
83808.393227,20.3,999.0,19.9,19.4
83818.462358,20.3,999.0,19.9,19.4
83828.48752,20.3,999.0,19.9,19.4
83838.52891,20.3,999.0,19.9,19.4
83848.564082,20.4,999.0,19.9,19.4
83858.6259,20.3,999.0,19.9,19.4
83868.648918,20.3,999.0,19.9,19.4
83878.692015,20.3,999.0,19.9,19.4
83888.718199,20.4,999.0,19.9,19.4
83898.757687,20.4,999.0,19.9,19.4
83908.795463,20.3,999.0,19.9,19.4
83918.806387,20.3,999.0,19.9,19.4
83928.844154,20.3,999.0,19.9,19.4
83938.849327,20.3,999.0,19.9,19.4
83948.895133,20.3,999.0,19.9,19.4
83958.923668,20.3,999.0,19.9,19.4
83968.932037,20.3,999.0,19.9,19.4
83978.978157,20.3,999.0,19.9,19.4
83989.031324,20.3,999.0,19.9,19.4
83999.052617,20.3,999.0,19.9,19.4
84009.093396,20.3,999.0,19.9,19.4
84019.130189,20.3,999.0,19.9,19.4
84029.148652,20.3,999.0,19.9,19.3
84039.178434,20.3,999.0,19.9,19.4
84049.204315,20.3,999.0,19.9,19.4
84059.212682,20.3,999.0,20.0,19.4
84069.220263,20.3,999.0,19.9,19.4
84079.238366,20.3,999.0,19.9,19.4
84089.266715,20.3,999.0,19.9,19.4
84099.289421,20.3,999.0,19.9,19.4
84109.329191,20.3,999.0,19.9,19.3
84119.35155,20.3,999.0,19.9,19.4
84129.390007,20.4,999.0,19.9,19.4
84139.403067,20.3,999.0,19.9,19.4
84149.418268,20.3,999.0,19.9,19.4
84159.455245,20.3,999.0,19.9,19.3
84169.474695,20.3,999.0,19.9,19.3
84179.503779,20.3,999.0,19.9,19.4
84189.555061,20.3,999.0,19.9,19.4
84199.58289,20.3,999.0,19.9,19.4
84209.621097,20.3,999.0,19.9,19.4
84219.648346,20.3,999.0,19.9,19.4
84229.669478,20.3,999.0,19.9,19.4
84239.733676,20.4,999.0,19.9,19.4
84249.755878,20.3,999.0,19.9,19.4
84259.77198,20.3,999.0,19.9,19.4
84269.807469,20.3,999.0,19.9,19.4
84279.809554,20.3,999.0,19.9,19.4
84289.848219,20.3,999.0,19.9,19.4
84299.852841,20.3,999.0,19.9,19.4
84309.892419,20.3,999.0,19.9,19.4
84319.937473,20.4,999.0,19.9,19.4
84329.959317,20.3,999.0,19.9,19.4
84339.982749,20.3,999.0,19.9,19.4
84350.05025,20.4,999.0,19.9,19.4
84360.060889,20.3,999.0,19.9,19.4
84370.085259,20.4,999.0,19.9,19.4
84380.120865,20.3,999.0,19.9,19.4
84390.129061,20.3,999.0,19.9,19.4
84400.172383,20.3,999.0,19.9,19.4
84410.213218,20.3,999.0,19.9,19.4
84420.232234,20.3,999.0,19.9,19.4
84430.256666,20.3,999.0,19.9,19.4
84440.295847,20.3,999.0,19.9,19.4
84450.3028,20.3,999.0,19.9,19.4
84460.312032,20.3,999.0,19.9,19.4
84470.34801,20.3,999.0,19.9,19.4
84480.356457,20.3,999.0,19.9,19.4
84490.395304,20.3,999.0,19.9,19.3
84500.417971,20.3,999.0,19.9,19.4
84510.464454,20.3,999.0,19.9,19.3
84520.485025,20.3,999.0,19.9,19.4
84530.528554,20.3,999.0,19.9,19.4
84540.546219,20.3,999.0,19.9,19.4
84550.58649,20.3,999.0,19.9,19.4
84560.608136,20.4,999.0,19.9,19.4
84570.64676,20.3,999.0,19.9,19.4
84580.699853,20.3,999.0,19.9,19.4
84590.738074,20.3,999.0,19.9,19.4
84600.775452,20.3,999.0,19.9,19.4
84610.804748,20.3,999.0,19.9,19.4
84620.820924,20.3,999.0,19.9,19.4
84630.848259,20.3,999.0,19.9,19.4
84640.870466,20.3,999.0,19.9,19.4
84650.923043,20.3,999.0,19.9,19.4
84660.94626,20.3,999.0,19.9,19.4
84670.953751,20.3,999.0,19.9,19.4
84680.992856,20.3,999.0,19.9,19.4
84691.015843,20.4,999.0,19.9,19.4
84701.04737,20.3,999.0,19.9,19.4
84711.075261,20.3,999.0,19.9,19.4
84721.098938,20.3,999.0,19.9,19.4
84731.123359,20.3,999.0,19.9,19.4
84741.176435,20.3,999.0,19.9,19.4
84751.201015,20.3,999.0,19.9,19.4
84761.247435,20.3,999.0,19.9,19.4
84771.27161,20.4,999.0,19.9,19.4
84781.328545,20.3,999.0,19.9,19.4
84791.349554,20.3,999.0,19.9,19.4
84801.388345,20.3,999.0,19.9,19.4
84811.409257,20.3,999.0,19.9,19.4
84821.436802,20.3,999.0,19.9,19.4
84831.474286,20.3,999.0,19.9,19.4
84841.498654,20.3,999.0,19.9,19.4
84851.522281,20.3,999.0,19.9,19.4
84861.557655,20.3,999.0,19.9,19.3
84871.580016,20.3,999.0,19.9,19.4
84881.603859,20.3,999.0,19.9,19.4
84891.642296,20.3,999.0,19.9,19.4
84901.651515,20.3,999.0,19.9,19.4
84911.686835,20.3,999.0,20.0,19.4
84921.706061,20.3,999.0,19.9,19.4
84931.722353,20.3,999.0,19.9,19.4
84941.755227,20.3,999.0,19.9,19.4
84951.786405,20.3,999.0,19.9,19.4
84961.816523,20.3,999.0,19.9,19.4
84971.842781,20.3,999.0,19.9,19.4
84981.864626,20.3,999.0,19.9,19.4
84991.902357,20.3,999.0,19.9,19.4
85001.927789,20.3,999.0,19.9,19.4
85011.964747,20.3,999.0,19.9,19.4
85022.019261,20.3,999.0,20.0,19.4
85032.026242,20.3,999.0,19.9,19.4
85042.050967,20.3,999.0,19.9,19.4
85052.093051,20.3,999.0,19.9,19.4
85062.099194,20.3,999.0,19.9,19.3
85072.12283,20.3,999.0,19.9,19.4
85082.177455,20.3,999.0,19.9,19.4
85092.202891,20.3,999.0,19.9,19.4
85102.223523,20.3,999.0,19.9,19.4
85112.262564,20.3,999.0,19.9,19.4
85122.289747,20.3,999.0,19.9,19.4
85132.310552,20.3,999.0,19.9,19.4
85142.332989,20.3,999.0,19.9,19.4
85152.335553,20.3,999.0,19.9,19.4
85162.393698,20.3,999.0,19.9,19.4
85172.401735,20.3,999.0,19.9,19.4
85182.435368,20.3,999.0,19.9,19.4
85192.450755,20.3,999.0,19.9,19.4
85202.48942,20.3,999.0,19.9,19.4
85212.51207,20.4,999.0,19.9,19.4
85222.567467,20.4,999.0,19.9,19.4
85232.590762,20.3,999.0,19.9,19.4
85242.599615,20.3,999.0,19.9,19.4
85252.637566,20.3,999.0,19.9,19.4
85262.666792,20.3,999.0,19.9,19.4
85272.683239,20.3,999.0,19.9,19.4
85282.711288,20.3,999.0,19.9,19.4
85292.727568,20.3,999.0,19.9,19.4
85302.764634,20.3,999.0,19.9,19.4
85312.811424,20.3,999.0,19.9,19.4
85322.853465,20.3,999.0,19.9,19.4
85332.87617,20.3,999.0,19.9,19.4
85342.945097,20.3,999.0,19.9,19.4
85352.951779,20.4,999.0,19.9,19.4
85362.976154,20.3,999.0,19.9,19.4
85373.015285,20.3,999.0,19.9,19.4
85383.021653,20.3,999.0,19.9,19.4
85393.058372,20.3,999.0,19.9,19.4
85403.082339,20.3,999.0,19.9,19.4
85413.12093,20.3,999.0,19.9,19.4
85423.159084,20.4,999.0,19.9,19.4
85433.201851,20.3,999.0,19.9,19.4
85443.238305,20.3,999.0,19.9,19.4
85453.279986,20.4,999.0,19.9,19.4
85463.300952,20.3,999.0,19.9,19.4
85473.324095,20.3,999.0,19.9,19.4
85483.340818,20.3,999.0,19.9,19.4
85493.371219,20.3,999.0,19.9,19.4
85503.409304,20.3,999.0,19.9,19.4
85513.448195,20.3,999.0,19.9,19.4
85523.456636,20.3,999.0,19.9,19.4
85533.521133,20.3,999.0,19.9,19.4
85543.55039,20.3,999.0,19.9,19.4
85553.557716,20.3,999.0,19.9,19.4
85563.586459,20.3,999.0,19.9,19.4
85573.620712,20.3,999.0,19.9,19.4
85583.626922,20.3,999.0,19.9,19.4
85593.66581,20.3,999.0,19.9,19.4
85603.696759,20.3,999.0,19.9,19.4
85613.718972,20.3,999.0,19.9,19.4
85623.73568,20.3,999.0,19.9,19.4
85633.744977,20.3,999.0,19.9,19.4
85643.770345,20.4,999.0,19.9,19.4
85653.809241,20.3,999.0,19.9,19.4
85663.834302,20.3,999.0,19.9,19.4
85673.866852,20.4,999.0,19.9,19.4
85683.88896,20.4,999.0,19.9,19.4
85693.915002,20.4,999.0,19.9,19.4
85703.957409,20.3,999.0,19.9,19.4
85714.013588,20.3,999.0,19.9,19.4
85724.021098,20.3,999.0,19.9,19.4
85734.060539,20.3,999.0,19.9,19.4
85744.086391,20.3,999.0,19.9,19.4
85754.110065,20.3,999.0,19.9,19.4
85764.164895,20.3,999.0,19.9,19.4
85774.169618,20.3,999.0,19.9,19.3
85784.205141,20.3,999.0,19.9,19.4
85794.227931,20.3,999.0,19.9,19.4
85804.259635,20.3,999.0,19.9,19.4
85814.27408,20.3,999.0,19.9,19.4
85824.338431,20.3,999.0,19.9,19.4
85834.372922,20.3,999.0,20.0,19.4
85844.402269,20.4,999.0,19.9,19.4
85854.443786,20.3,999.0,19.9,19.4
85864.450001,20.3,999.0,19.9,19.4
85874.505267,20.3,999.0,19.9,19.4
85884.51177,20.3,999.0,19.9,19.4
85894.533598,20.3,999.0,19.9,19.4
85904.560746,20.3,999.0,19.9,19.4
85914.585008,20.3,999.0,19.9,19.4
85924.608,20.3,999.0,19.9,19.4
85934.648121,20.3,999.0,19.9,19.4
85944.676186,20.3,999.0,19.9,19.4
85954.694638,20.3,999.0,19.9,19.3
85964.739059,20.3,999.0,19.9,19.4
85974.761888,20.3,999.0,19.9,19.4
85984.80737,20.3,999.0,19.9,19.4
85994.844198,20.3,999.0,19.9,19.4
86004.852869,20.3,999.0,19.9,19.4
86014.869172,20.3,999.0,19.9,19.4
86024.899454,20.3,999.0,19.9,19.4
86034.921499,20.3,999.0,19.9,19.4
86044.94488,20.4,999.0,19.9,19.4
86054.987234,20.3,999.0,19.9,19.4
86065.041461,20.3,999.0,19.9,19.4
86075.0804,20.4,999.0,19.9,19.4
86085.140846,20.4,999.0,19.9,19.4
86095.151869,20.3,999.0,19.9,19.4
86105.189031,20.3,999.0,19.9,19.4
86115.245297,20.3,999.0,19.9,19.4
86125.269832,20.3,999.0,19.9,19.4
86135.305826,20.4,999.0,19.9,19.4
86145.346764,20.3,999.0,19.9,19.4
86155.373228,20.3,999.0,19.9,19.4
86165.379862,20.4,999.0,19.9,19.4
86175.41989,20.3,999.0,19.9,19.4
86185.444421,20.3,999.0,19.9,19.4
86195.453405,20.3,999.0,19.9,19.4
86205.50321,20.3,999.0,19.9,19.4
86215.51088,20.3,999.0,19.9,19.4
86225.552618,20.3,999.0,19.9,19.4
86235.555242,20.3,999.0,19.9,19.4
86245.592175,20.4,999.0,19.9,19.4
86255.599706,20.3,999.0,19.9,19.4
86265.640558,20.3,999.0,19.9,19.4
86275.658408,20.3,999.0,19.9,19.4
86285.684564,20.3,999.0,19.9,19.4
86295.723925,20.4,999.0,19.9,19.4
86305.768075,20.4,999.0,20.0,19.3
86315.771075,20.4,999.0,19.9,19.4
86325.810896,20.3,999.0,19.9,19.4
86335.819798,20.3,999.0,19.9,19.4
86345.872608,20.3,999.0,19.9,19.4
86355.919279,20.3,999.0,19.9,19.4
86365.94407,20.3,999.0,19.9,19.4
86375.97331,20.3,999.0,19.9,19.4
86385.99302,20.4,999.0,19.9,19.4
86396.017293,20.3,999.0,19.9,19.4
86406.03996,20.3,999.0,19.9,19.4
86416.063215,20.3,999.0,19.9,19.4
86426.065426,20.3,999.0,19.9,19.4
86436.102618,20.4,999.0,19.9,19.4
86446.130978,20.4,999.0,19.9,19.4
86456.151955,20.3,999.0,19.9,19.4
86466.177852,20.4,999.0,19.9,19.4
86476.203349,20.3,999.0,19.9,19.4
86486.206887,20.3,999.0,19.9,19.4
86496.266818,20.3,999.0,19.9,19.4
86506.289062,20.4,999.0,19.9,19.4
86516.311827,20.3,999.0,19.9,19.4
86526.352544,20.3,999.0,19.9,19.4
86536.360973,20.4,999.0,19.9,19.4
86546.384452,20.3,999.0,19.9,19.4
86556.416943,20.3,999.0,19.9,19.4
86566.466892,20.3,999.0,19.9,19.4
86576.500727,20.3,999.0,19.9,19.4
86586.51201,20.4,999.0,19.9,19.4
86596.518372,20.3,999.0,19.9,19.4
86606.553923,20.3,999.0,19.9,19.3
86616.560942,20.3,999.0,20.0,19.3
86626.599132,20.3,999.0,19.9,19.4
86636.60644,20.3,999.0,19.9,19.4
86646.629689,20.3,999.0,19.9,19.4
86656.670354,20.3,999.0,19.9,19.4
86666.679108,20.3,999.0,19.9,19.4
86676.685496,20.3,999.0,19.9,19.4
86686.723624,20.3,999.0,19.9,19.4
86696.748168,20.3,999.0,19.9,19.4
86706.788073,20.3,999.0,19.9,19.4
86716.828073,20.3,999.0,19.9,19.4
86726.853707,20.3,999.0,19.9,19.4
86736.907272,20.4,999.0,19.9,19.4
86746.939162,20.3,999.0,19.9,19.4
86756.962453,20.4,999.0,20.0,19.4
86766.984861,20.3,999.0,19.9,19.4
86777.008277,20.3,999.0,19.9,19.4
86787.01346,20.3,999.0,19.9,19.4
86797.047412,20.3,999.0,19.9,19.4
86807.078789,20.3,999.0,19.9,19.4
86817.105321,20.3,999.0,19.9,19.4
86827.117948,20.3,999.0,19.9,19.4
86837.170248,20.3,999.0,19.9,19.4
86847.210684,20.3,999.0,19.9,19.4
86857.230966,20.4,999.0,19.9,19.4
86867.269565,20.3,999.0,19.9,19.4
86877.27671,20.4,999.0,19.9,19.4
86887.332505,20.3,999.0,19.9,19.4
86897.3561,20.4,999.0,19.9,19.4
86907.379685,20.3,999.0,19.9,19.4
86917.419931,20.3,999.0,19.9,19.3
86927.423052,20.3,999.0,19.9,19.4
86937.448834,20.3,999.0,19.9,19.4
86947.492963,20.3,999.0,19.9,19.4
86957.505004,20.3,999.0,19.9,19.4
86967.530339,20.3,999.0,19.9,19.4
86977.565804,20.3,999.0,19.9,19.4
86987.592433,20.3,999.0,19.9,19.4
86997.615355,20.3,999.0,19.9,19.4
87007.640754,20.3,999.0,19.9,19.4
87017.66515,20.4,999.0,19.9,19.4
87027.665947,20.4,999.0,20.0,19.4
87037.706498,20.4,999.0,19.9,19.4
87047.712154,20.3,999.0,19.9,19.4
87057.752387,20.4,999.0,19.9,19.4
87067.798131,20.3,999.0,19.9,19.4
87077.827427,20.3,999.0,19.9,19.4
87087.846292,20.3,999.0,19.9,19.4
87097.88557,20.3,999.0,19.9,19.4
87107.911574,20.3,999.0,19.9,19.4
87117.936308,20.3,999.0,19.9,19.4
87127.988076,20.3,999.0,19.9,19.4
87138.029228,20.3,999.0,19.9,19.4
87148.053727,20.3,999.0,19.9,19.4
87158.092002,20.4,999.0,19.9,19.4
87168.100399,20.3,999.0,19.9,19.4
87178.124207,20.3,999.0,19.9,19.4
87188.15334,20.3,999.0,19.9,19.4
87198.192772,20.3,999.0,19.9,19.4
87208.2247,20.3,999.0,19.9,19.4
87218.270697,20.3,999.0,19.9,19.4
87228.285609,20.3,999.0,19.9,19.4
87238.339095,20.3,999.0,19.9,19.4
87248.353869,20.3,999.0,19.9,19.4
87258.385667,20.3,999.0,19.9,19.4
87268.41259,20.3,999.0,19.9,19.4
87278.436125,20.4,999.0,19.9,19.4
87288.460998,20.4,999.0,19.9,19.4
87298.498763,20.3,999.0,20.0,19.4
87308.523191,20.4,999.0,20.0,19.4
87318.560687,20.3,999.0,19.9,19.4
87328.590658,20.3,999.0,19.9,19.4
87338.609925,20.3,999.0,19.9,19.4
87348.628716,20.3,999.0,20.0,19.4
87358.640461,20.3,999.0,19.9,19.4
87368.665563,20.4,999.0,19.9,19.4
87378.69264,20.4,999.0,19.9,19.4
87388.747137,20.3,999.0,19.9,19.4
87398.75418,20.3,999.0,19.9,19.4
87408.780696,20.3,999.0,19.9,19.4
87418.820876,20.3,999.0,19.9,19.4
87428.844128,20.3,999.0,19.9,19.4
87438.868669,20.3,999.0,20.0,19.4
87448.910124,20.3,999.0,19.9,19.4
87458.940161,20.3,999.0,19.9,19.4
87469.003596,20.3,999.0,19.9,19.4
87479.02078,20.3,999.0,20.0,19.4
87489.07525,20.3,999.0,19.9,19.4
87499.082408,20.4,999.0,19.9,19.4
87509.106306,20.3,999.0,19.9,19.4
87519.144471,20.3,999.0,19.9,19.4
87529.151118,20.4,999.0,19.9,19.4
87539.192241,20.3,999.0,19.9,19.4
87549.197698,20.3,999.0,19.9,19.4
87559.252525,20.3,999.0,19.9,19.4
87569.311183,20.3,999.0,19.9,19.4
87579.335606,20.3,999.0,19.9,19.4
87589.368879,20.4,999.0,19.9,19.4
87599.429517,20.3,999.0,19.9,19.4
87609.445793,20.3,999.0,19.9,19.4
87619.464051,20.3,999.0,19.9,19.4
87629.507622,20.3,999.0,19.9,19.4
87639.548897,20.3,999.0,19.9,19.4
87649.572139,20.3,999.0,19.9,19.4
87659.608582,20.3,999.0,19.9,19.4
87669.631537,20.4,999.0,19.9,19.4
87679.66205,20.3,999.0,19.9,19.4
87689.668135,20.3,999.0,19.9,19.4
87699.70357,20.3,999.0,19.9,19.4
87709.749007,20.3,999.0,19.9,19.4
87719.783736,20.3,999.0,19.9,19.4
87729.813808,20.3,999.0,19.9,19.4
87739.843166,20.3,999.0,19.9,19.4
87749.863815,20.3,999.0,20.0,19.4
87759.919737,20.3,999.0,19.9,19.4
87769.953378,20.4,999.0,19.9,19.4
87779.977213,20.4,999.0,19.9,19.4
87790.007992,20.3,999.0,19.9,19.4
87800.038272,20.3,999.0,19.9,19.4
87810.054127,20.3,999.0,20.0,19.4
87820.092788,20.4,999.0,19.9,19.4
87830.121931,20.4,999.0,19.9,19.4
87840.146546,20.4,999.0,19.9,19.4
87850.164401,20.4,999.0,19.9,19.4
87860.168772,20.3,999.0,19.9,19.4
87870.185256,20.3,999.0,19.9,19.4
87880.215989,20.4,999.0,19.9,19.4
87890.221884,20.3,999.0,19.9,19.4
87900.276147,20.4,999.0,20.0,19.4
87910.284491,20.3,999.0,19.9,19.4
87920.308193,20.3,999.0,19.9,19.4
87930.352787,20.4,999.0,19.9,19.4
87940.406692,20.3,999.0,19.9,19.4
87950.429327,20.4,999.0,19.9,19.4
87960.466328,20.3,999.0,19.9,19.4
87970.473292,20.4,999.0,19.9,19.4
87980.503328,20.4,999.0,19.9,19.4
87990.554105,20.3,999.0,20.0,19.4
88000.589083,20.3,999.0,19.9,19.4
88010.612719,20.3,999.0,19.9,19.4
88020.629808,20.3,999.0,19.9,19.4
88030.660166,20.3,999.0,19.9,19.4
88040.683518,20.4,999.0,19.9,19.4
88050.706061,20.3,999.0,19.9,19.4
88060.730665,20.3,999.0,19.9,19.4
88070.731947,20.3,999.0,19.9,19.4
88080.773139,20.4,999.0,19.9,19.4
88090.803296,20.4,999.0,19.9,19.4
88100.826748,20.3,999.0,19.9,19.4
88110.84709,20.3,999.0,19.9,19.4
88120.873945,20.4,999.0,19.9,19.4
88130.87632,20.4,999.0,19.9,19.4
88140.914893,20.3,999.0,19.9,19.4
88150.923681,20.3,999.0,19.9,19.4
88160.940917,20.4,999.0,19.9,19.4
88170.973231,20.3,999.0,19.9,19.4
88180.998711,20.4,999.0,19.9,19.4
88191.006753,20.4,999.0,19.9,19.4
88201.037586,20.3,999.0,19.9,19.4
88211.073029,20.3,999.0,19.9,19.4
88221.089915,20.4,999.0,19.9,19.4
88231.115918,20.3,999.0,19.9,19.4
88241.138122,20.3,999.0,20.0,19.4
88251.174873,20.3,999.0,19.9,19.4
88261.221348,20.3,999.0,19.9,19.4
88271.228785,20.3,999.0,19.9,19.4
88281.250876,20.4,999.0,19.9,19.4
88291.274246,20.3,999.0,19.9,19.4
88301.297198,20.3,999.0,19.9,19.4
88311.337364,20.3,999.0,19.9,19.4
88321.346693,20.3,999.0,19.9,19.4
88331.386088,20.3,999.0,19.9,19.4
88341.425438,20.3,999.0,19.9,19.4
88351.447894,20.3,999.0,19.9,19.4
88361.457639,20.3,999.0,19.9,19.4
88371.496356,20.3,999.0,19.9,19.4
88381.521337,20.3,999.0,19.9,19.4
88391.530271,20.3,999.0,19.9,19.4
88401.569822,20.3,999.0,19.9,19.4
88411.61139,20.4,999.0,19.9,19.4
88421.63542,20.3,999.0,19.9,19.4
88431.659111,20.3,999.0,19.9,19.4
88441.698929,20.3,999.0,19.9,19.4
88451.721432,20.3,999.0,19.9,19.4
88461.761144,20.3,999.0,19.9,19.4
88471.79003,20.3,999.0,19.9,19.4
88481.845317,20.3,999.0,19.9,19.4
88491.867034,20.3,999.0,19.9,19.4
88501.890794,20.4,999.0,20.0,19.4
88511.892405,20.3,999.0,19.9,19.4
88521.934041,20.3,999.0,19.9,19.4
88531.941667,20.3,999.0,20.0,19.4
88541.988681,20.3,999.0,19.9,19.4
88552.008285,20.4,999.0,19.9,19.4
88562.051797,20.4,999.0,19.9,19.4
88572.073024,20.3,999.0,19.9,19.4
88582.106704,20.3,999.0,19.9,19.4
88592.125055,20.3,999.0,19.9,19.4
88602.1434,20.3,999.0,19.9,19.4
88612.182016,20.3,999.0,20.0,19.4
88622.222507,20.4,999.0,19.9,19.4
88632.244186,20.3,999.0,19.9,19.4
88642.28152,20.3,999.0,19.9,19.4
88652.306128,20.4,999.0,19.9,19.4
88662.335719,20.3,999.0,19.9,19.4
88672.36741,20.3,999.0,19.9,19.4
88682.389821,20.3,999.0,20.0,19.4
88692.428198,20.3,999.0,19.9,19.4
88702.47917,20.3,999.0,19.9,19.4
88712.519035,20.3,999.0,19.9,19.4
88722.53054,20.3,999.0,19.9,19.4
88732.581255,20.3,999.0,19.9,19.4
88742.606684,20.3,999.0,20.0,19.4
88752.644132,20.4,999.0,19.9,19.4
88762.663799,20.4,999.0,19.9,19.4
88772.672808,20.3,999.0,19.9,19.4
88782.695155,20.4,999.0,19.9,19.4
88792.715986,20.4,999.0,19.9,19.4
88802.754143,20.3,999.0,19.9,19.4
88812.779668,20.4,999.0,19.9,19.4
88822.786658,20.4,999.0,19.9,19.4
88832.826716,20.4,999.0,19.9,19.4
88842.833496,20.4,999.0,19.9,19.4
88852.856356,20.3,999.0,19.9,19.4
88862.915391,20.3,999.0,19.9,19.4
88872.919683,20.3,999.0,19.9,19.4
88882.943121,20.3,999.0,19.9,19.4
88892.980832,20.3,999.0,19.9,19.4
88902.990473,20.3,999.0,20.0,19.4
88913.024704,20.3,999.0,19.9,19.4
88923.055041,20.3,999.0,20.0,19.4
88933.059273,20.3,999.0,19.9,19.4
88943.094131,20.4,999.0,19.9,19.4
88953.115469,20.3,999.0,19.9,19.4
88963.14424,20.4,999.0,19.9,19.4
88973.165401,20.3,999.0,19.9,19.4
88983.210099,20.3,999.0,19.9,19.4
88993.262987,20.3,999.0,19.9,19.4
89003.284988,20.3,999.0,19.9,19.4
89013.308045,20.4,999.0,19.9,19.4
89023.339325,20.3,999.0,19.9,19.4
89033.376232,20.3,999.0,19.9,19.4
89043.408757,20.3,999.0,19.9,19.4
89053.447036,20.3,999.0,19.9,19.4
89063.472078,20.3,999.0,19.9,19.4
89073.510995,20.3,999.0,19.9,19.4
89083.520035,20.3,999.0,19.9,19.4
89093.541828,20.3,999.0,19.9,19.4
89103.573785,20.3,999.0,20.0,19.4
89113.618736,20.3,999.0,19.9,19.4
89123.655743,20.3,999.0,19.9,19.4
89133.683527,20.3,999.0,19.9,19.4
89143.708121,20.3,999.0,19.9,19.4
89153.746671,20.3,999.0,19.9,19.4
89163.774249,20.3,999.0,19.9,19.4
89173.778091,20.3,999.0,19.9,19.4
89183.814675,20.3,999.0,20.0,19.4
89193.821458,20.3,999.0,19.9,19.4
89203.892441,20.3,999.0,19.9,19.4
89213.92768,20.3,999.0,20.0,19.4
89223.967457,20.3,999.0,19.9,19.4
89233.981858,20.3,999.0,20.0,19.4
89244.018478,20.3,999.0,19.9,19.4
89254.055034,20.3,999.0,19.9,19.4
89264.094113,20.3,999.0,19.9,19.4
89274.11976,20.3,999.0,19.9,19.4
89284.145961,20.4,999.0,19.9,19.4
89294.183127,20.3,999.0,19.9,19.4
89304.217601,20.3,999.0,19.9,19.4
89314.25247,20.3,999.0,19.9,19.4
89324.292187,20.3,999.0,19.9,19.4
89334.330921,20.3,999.0,19.9,19.4
89344.339329,20.3,999.0,19.9,19.4
89354.370864,20.3,999.0,19.9,19.4
89364.401858,20.3,999.0,19.9,19.4
89374.4389,20.3,999.0,20.0,19.4
89384.475699,20.3,999.0,19.9,19.4
89394.501146,20.3,999.0,20.0,19.4
89404.535109,20.4,999.0,19.9,19.4
89414.562157,20.3,999.0,19.9,19.4
89424.600209,20.3,999.0,19.9,19.4
89434.628613,20.4,999.0,19.9,19.4
89444.650943,20.4,999.0,19.9,19.4
89454.676142,20.3,999.0,19.9,19.4
89464.733274,20.4,999.0,19.9,19.4
89474.756941,20.3,999.0,19.9,19.4
89484.775589,20.3,999.0,19.9,19.4
89494.800658,20.4,999.0,19.9,19.4
89504.818936,20.3,999.0,19.9,19.4
89514.847336,20.3,999.0,19.9,19.4
89524.885358,20.3,999.0,19.9,19.4
89534.897131,20.4,999.0,20.0,19.4
89544.933372,20.4,999.0,19.9,19.4
89554.939993,20.3,999.0,19.9,19.4
89564.987852,20.4,999.0,19.9,19.4
89575.02298,20.3,999.0,19.9,19.4
89585.047418,20.4,999.0,19.9,19.4
89595.086477,20.3,999.0,20.0,19.4
89605.1248,20.3,999.0,19.9,19.4
89615.153081,20.3,999.0,19.9,19.4
89625.155984,20.4,999.0,19.9,19.4
89635.214944,20.4,999.0,19.9,19.4
89645.260354,20.3,999.0,19.9,19.4
89655.27949,20.3,999.0,20.0,19.4
89665.305035,20.3,999.0,19.9,19.4
89675.34315,20.4,999.0,19.9,19.3
89685.350725,20.3,999.0,19.9,19.4
89695.360547,20.4,999.0,19.9,19.3
89705.398832,20.4,999.0,19.9,19.4
89715.423345,20.4,999.0,19.9,19.4
89725.448456,20.3,999.0,19.9,19.4
89735.485463,20.3,999.0,19.9,19.4
89745.496642,20.3,999.0,20.0,19.4
89755.533959,20.4,999.0,19.9,19.4
89765.579058,20.3,999.0,19.9,19.4
89775.599389,20.3,999.0,19.9,19.4
89785.639855,20.3,999.0,19.9,19.4
89795.680851,20.4,999.0,20.0,19.4
89805.727377,20.3,999.0,19.9,19.4
89815.734459,20.3,999.0,19.9,19.4
89825.750595,20.4,999.0,19.9,19.4
89835.797956,20.3,999.0,19.9,19.4
89845.829249,20.3,999.0,19.9,19.4
89855.875556,20.4,999.0,19.9,19.4
89865.914365,20.3,999.0,19.9,19.4
89875.943321,20.3,999.0,19.9,19.4
89885.970885,20.3,999.0,19.9,19.4
89896.006145,20.3,999.0,19.9,19.4
89906.00979,20.4,999.0,19.9,19.4
89916.034405,20.3,999.0,20.0,19.4
89926.072294,20.3,999.0,19.9,19.5
89936.11796,20.3,999.0,19.9,19.4
89946.135466,20.4,999.0,19.9,19.4
89956.164058,20.3,999.0,19.9,19.4
89966.165882,20.4,999.0,19.9,19.4
89976.20308,20.4,999.0,19.9,19.4
89986.233262,20.3,999.0,20.0,19.4
89996.236871,20.3,999.0,19.9,19.4
90006.256428,20.3,999.0,20.0,19.4
90016.293762,20.3,999.0,19.9,19.4
90026.322318,20.3,999.0,19.9,19.4
90036.351781,20.4,999.0,19.9,19.4
90046.376433,20.4,999.0,19.9,19.4
90056.38053,20.3,999.0,19.9,19.4
90066.421259,20.3,999.0,19.9,19.4
90076.447015,20.3,999.0,19.9,19.4
90086.45745,20.3,999.0,19.9,19.4
90096.494401,20.3,999.0,20.0,19.4
90106.523643,20.3,999.0,19.9,19.4
90116.547178,20.4,999.0,19.9,19.4
90126.61839,20.4,999.0,19.9,19.4
90136.654388,20.3,999.0,19.9,19.4
90146.689291,20.3,999.0,19.9,19.4
90156.734062,20.4,999.0,19.9,19.4
90166.777977,20.3,999.0,19.9,19.4
90176.799385,20.3,999.0,19.9,19.4
90186.836278,20.4,999.0,19.9,19.4
90196.87683,20.3,999.0,19.9,19.4
90206.912303,20.4,999.0,19.9,19.4
90216.936247,20.4,999.0,19.9,19.4
90226.961906,20.3,999.0,20.0,19.4
90237.001336,20.4,999.0,19.9,19.4
90247.039262,20.3,999.0,19.9,19.4
90257.049374,20.3,999.0,19.9,19.4
90267.07561,20.4,999.0,19.9,19.4
90277.091585,20.4,999.0,19.9,19.4
90287.130264,20.3,999.0,20.0,19.4
90297.156586,20.4,999.0,19.9,19.4
90307.18991,20.4,999.0,19.9,19.4
90317.226447,20.4,999.0,19.9,19.4
90327.236351,20.4,999.0,19.9,19.4
90337.271157,20.3,999.0,19.9,19.4
90347.278901,20.4,999.0,19.9,19.4
90357.317472,20.4,999.0,20.0,19.3
90367.343049,20.3,999.0,20.0,19.4
90377.38833,20.3,999.0,20.0,19.4
90387.401603,20.4,999.0,19.9,19.4
90397.448298,20.3,999.0,19.9,19.4
90407.459677,20.4,999.0,19.9,19.4
90417.464744,20.4,999.0,19.9,19.4
90427.518974,20.4,999.0,19.9,19.4
90437.527367,20.4,999.0,19.9,19.4
90447.5514,20.4,999.0,20.0,19.4
90457.619633,20.4,999.0,19.9,19.4
90467.627306,20.3,999.0,19.9,19.4
90477.666284,20.4,999.0,20.0,19.4
90487.674244,20.4,999.0,20.0,19.4
90497.701762,20.4,999.0,19.9,19.4
90507.729368,20.4,999.0,19.9,19.4
90517.757883,20.3,999.0,20.0,19.4
90527.793019,20.3,999.0,20.0,19.4
90537.827654,20.4,999.0,19.9,19.4
90547.853777,20.3,999.0,19.9,19.4
90558.176511,20.3,999.0,19.9,19.4
90568.504016,20.3,999.0,19.9,19.4
90578.536506,20.4,999.0,19.9,19.4
90588.561641,20.3,999.0,19.9,19.4
90598.589366,20.3,999.0,19.9,19.4
90608.60599,20.4,999.0,19.9,19.4
90618.638144,20.4,999.0,19.9,19.4
90628.664589,20.3,999.0,19.9,19.4
90638.681097,20.4,999.0,20.0,19.4
90648.719656,20.4,999.0,19.9,19.4
90658.763712,20.3,999.0,19.9,19.4
90668.775237,20.3,999.0,20.0,19.4
90678.813065,20.4,999.0,19.9,19.4
90688.849956,20.3,999.0,19.9,19.4
90698.887559,20.4,999.0,19.9,19.4
90708.910239,20.3,999.0,19.9,19.4
90718.917892,20.3,999.0,19.9,19.4
90728.95301,20.4,999.0,20.0,19.4
90738.961289,20.3,999.0,19.9,19.4
90749.014486,20.3,999.0,19.9,19.4
90759.039881,20.3,999.0,19.9,19.4
90769.046008,20.4,999.0,19.9,19.4
90779.085654,20.4,999.0,19.9,19.4
90789.117008,20.3,999.0,19.9,19.3
90799.1434,20.3,999.0,19.9,19.4
90809.170596,20.4,999.0,19.9,19.4
90819.196768,20.4,999.0,20.0,19.4
90829.234697,20.4,999.0,19.9,19.4
90839.278734,20.3,999.0,19.9,19.4
90849.279668,20.3,999.0,19.9,19.4
90859.320307,20.3,999.0,19.9,19.4
90869.34597,20.3,999.0,19.9,19.4
90879.374536,20.4,999.0,19.9,19.4
90889.397245,20.4,999.0,19.9,19.4
90899.431327,20.3,999.0,19.9,19.4
90909.459947,20.4,999.0,20.0,19.4
90919.491501,20.3,999.0,19.9,19.4
90929.526122,20.4,999.0,19.9,19.4
90939.587685,20.3,999.0,20.0,19.4
90949.639265,20.3,999.0,19.9,19.4
90959.665483,20.4,999.0,19.9,19.4
90969.689664,20.4,999.0,19.9,19.4
90979.71204,20.3,999.0,19.9,19.4
90989.734903,20.4,999.0,19.9,19.4
90999.7584,20.4,999.0,20.0,19.4
91009.808393,20.4,999.0,19.9,19.4
91019.83158,20.4,999.0,20.0,19.3
91029.874057,20.4,999.0,19.9,19.4
91039.924437,20.3,999.0,19.9,19.4
91049.973234,20.3,999.0,19.9,19.4
91059.997781,20.3,999.0,19.9,19.4
91070.036776,20.3,999.0,19.9,19.4
91080.069233,20.4,999.0,19.9,19.4
91090.122129,20.4,999.0,20.0,19.4
91100.142676,20.4,999.0,19.9,19.4
91110.18048,20.3,999.0,19.9,19.4
91120.207401,20.3,999.0,19.9,19.4
91130.213908,20.4,999.0,19.9,19.4
91140.263088,20.3,999.0,20.0,19.4
91150.291262,20.3,999.0,19.9,19.4
91160.31734,20.3,999.0,19.9,19.4
91170.378604,20.3,999.0,19.9,19.4
91180.406382,20.3,999.0,19.9,19.4
91190.441899,20.4,999.0,20.0,19.4
91200.480053,20.3,999.0,19.9,19.4
91210.523166,20.3,999.0,19.9,19.4
91220.542442,20.4,999.0,19.9,19.4
91230.577991,20.4,999.0,20.0,19.4
91240.60674,20.4,999.0,19.9,19.4
91250.612716,20.4,999.0,19.9,19.4
91260.63625,20.3,999.0,19.9,19.4
91270.675985,20.4,999.0,20.0,19.4
91280.68305,20.4,999.0,19.9,19.4
91290.720798,20.3,999.0,19.9,19.4
91300.745469,20.3,999.0,19.9,19.4
91310.768484,20.3,999.0,19.9,19.4
91320.806666,20.4,999.0,19.9,19.4
91330.83702,20.3,999.0,19.9,19.4
91340.86165,20.4,999.0,19.9,19.4
91350.897141,20.3,999.0,19.9,19.4
91360.915287,20.4,999.0,19.9,19.4
91370.966551,20.3,999.0,19.9,19.4
91380.975352,20.3,999.0,19.9,19.4
91391.014902,20.4,999.0,20.0,19.4
91401.052254,20.4,999.0,19.9,19.4
91411.075789,20.4,999.0,19.9,19.4
91421.115837,20.4,999.0,20.0,19.4
91431.155621,20.3,999.0,19.9,19.4
91441.199125,20.4,999.0,20.0,19.4
91451.224532,20.4,999.0,19.9,19.4
91461.240765,20.3,999.0,19.9,19.4
91471.287222,20.4,999.0,19.9,19.4
91481.30892,20.3,999.0,19.9,19.4
91491.353263,20.4,999.0,19.9,19.4
91501.387376,20.3,999.0,19.9,19.4
91511.424953,20.3,999.0,20.0,19.4
91521.454458,20.4,999.0,19.9,19.4
91531.478779,20.3,999.0,19.9,19.4
91541.497943,20.4,999.0,19.9,19.4
91551.527797,20.3,999.0,20.0,19.4
91561.529252,20.4,999.0,19.9,19.4
91571.56058,20.4,999.0,19.9,19.4
91581.596539,20.4,999.0,19.9,19.4
91591.6058,20.4,999.0,19.9,19.5
91601.66826,20.4,999.0,20.0,19.4
91611.693377,20.4,999.0,19.9,19.4
91621.716801,20.4,999.0,19.9,19.4
91631.754398,20.4,999.0,19.9,19.4
91641.761879,20.4,999.0,19.9,19.5
91651.817614,20.4,999.0,19.9,19.4
91661.843388,20.4,999.0,20.0,19.4
91671.866161,20.4,999.0,19.9,19.4
91681.90512,20.3,999.0,19.9,19.4
91691.912307,20.3,999.0,19.9,19.4
91701.936721,20.4,999.0,19.9,19.4
91711.975439,20.4,999.0,19.9,19.3
91722.000793,20.4,999.0,19.9,19.4
91732.040327,20.4,999.0,19.9,19.4
91742.076154,20.4,999.0,19.9,19.4
91752.110992,20.3,999.0,19.9,19.4
91762.134898,20.4,999.0,20.0,19.4
91772.158408,20.4,999.0,19.9,19.4
91782.212887,20.4,999.0,20.0,19.4
91792.218237,20.4,999.0,19.9,19.4
91802.257919,20.4,999.0,19.9,19.4
91812.296231,20.3,999.0,19.9,19.4
91822.303009,20.3,999.0,19.9,19.4
91832.343178,20.4,999.0,19.9,19.4
91842.366093,20.4,999.0,19.9,19.4
91852.402769,20.4,999.0,19.9,19.4
91862.428242,20.4,999.0,20.0,19.4
91872.443472,20.3,999.0,19.9,19.4
91882.474616,20.3,999.0,19.9,19.4
91892.497892,20.3,999.0,19.9,19.4
91902.541092,20.3,999.0,19.9,19.4
91912.578253,20.4,999.0,19.9,19.4
91922.608783,20.4,999.0,20.0,19.4
91932.677413,20.4,999.0,19.9,19.4
91942.699182,20.4,999.0,19.9,19.4
91952.737462,20.4,999.0,19.9,19.4
91962.748478,20.3,999.0,20.0,19.4
91972.770457,20.4,999.0,19.9,19.4
91982.809428,20.4,999.0,19.9,19.4
91992.839289,20.4,999.0,19.9,19.4
92002.87452,20.3,999.0,19.9,19.4
92012.932403,20.3,999.0,19.9,19.4
92022.946856,20.4,999.0,19.9,19.4
92032.981392,20.3,999.0,19.9,19.4
92043.016165,20.4,999.0,19.9,19.4
92053.04427,20.4,999.0,19.9,19.4
92063.050606,20.4,999.0,19.9,19.4
92073.090626,20.4,999.0,19.9,19.4
92083.115797,20.4,999.0,20.0,19.4
92093.1381,20.4,999.0,20.0,19.4
92103.174003,20.3,999.0,20.0,19.4
92113.207974,20.4,999.0,19.9,19.4
92123.237348,20.4,999.0,19.9,19.4
92133.241633,20.4,999.0,19.9,19.4
92143.280463,20.4,999.0,19.9,19.4
92153.305931,20.3,999.0,19.9,19.4
92163.314462,20.4,999.0,20.0,19.4
92173.337377,20.4,999.0,20.0,19.4
92183.375922,20.4,999.0,20.0,19.4
92193.383465,20.4,999.0,20.0,19.4
92203.423143,20.4,999.0,20.0,19.4
92213.44624,20.4,999.0,19.9,19.4
92223.452815,20.3,999.0,20.0,19.4
92233.493587,20.4,999.0,19.9,19.4
92243.522846,20.3,999.0,19.9,19.5
92253.541452,20.4,999.0,19.9,19.4
92263.582408,20.3,999.0,19.9,19.4
92273.60102,20.4,999.0,19.9,19.4
92283.63932,20.3,999.0,20.0,19.4
92293.668164,20.4,999.0,19.9,19.4
92303.672046,20.4,999.0,19.9,19.4
92313.711957,20.4,999.0,19.9,19.4
92323.740089,20.3,999.0,19.9,19.4
92333.76261,20.3,999.0,19.9,19.4
92343.784713,20.4,999.0,20.0,19.4
92353.808601,20.4,999.0,19.9,19.4
92363.829665,20.4,999.0,19.9,19.4
92373.862828,20.3,999.0,19.9,19.4
92383.916265,20.4,999.0,19.9,19.4
92393.943325,20.3,999.0,19.9,19.4
92403.949177,20.3,999.0,20.0,19.4
92413.98966,20.4,999.0,19.9,19.4
92424.027002,20.4,999.0,19.9,19.4
92434.035454,20.3,999.0,20.0,19.4
92444.090409,20.4,999.0,20.0,19.4
92454.11445,20.3,999.0,19.9,19.4
92464.138141,20.3,999.0,19.9,19.4
92474.175127,20.4,999.0,20.0,19.4
92484.18433,20.3,999.0,20.0,19.4
92494.219312,20.4,999.0,19.9,19.4
92504.240384,20.4,999.0,19.9,19.4
92514.278821,20.3,999.0,20.0,19.4
92524.309118,20.3,999.0,20.0,19.4
92534.332395,20.4,999.0,20.0,19.4
92544.349718,20.4,999.0,20.0,19.4
92554.377513,20.3,999.0,19.9,19.4
92564.401236,20.4,999.0,20.0,19.4
92574.419194,20.4,999.0,20.0,19.4
92584.447208,20.3,999.0,19.9,19.4
92594.468984,20.3,999.0,20.0,19.4
92604.522713,20.4,999.0,19.9,19.4
92614.529513,20.4,999.0,19.9,19.4
92624.593914,20.3,999.0,19.9,19.4
92634.63799,20.4,999.0,19.9,19.4
92644.657434,20.4,999.0,19.9,19.4
92654.671853,20.3,999.0,20.0,19.4
92664.71049,20.4,999.0,19.9,19.4
92674.727071,20.3,999.0,20.0,19.4
92684.756248,20.4,999.0,20.0,19.4
92694.761537,20.4,999.0,20.0,19.4
92704.815815,20.3,999.0,20.0,19.4
92714.841396,20.4,999.0,19.9,19.4
92724.885983,20.4,999.0,19.9,19.4
92734.910057,20.4,999.0,19.9,19.4
92744.934772,20.3,999.0,19.9,19.4
92754.975501,20.3,999.0,19.9,19.4
92764.990019,20.4,999.0,19.9,19.4
92775.01566,20.3,999.0,20.0,19.4
92785.037056,20.4,999.0,19.9,19.4
92795.066273,20.4,999.0,19.9,19.4
92805.098683,20.4,999.0,19.9,19.4
92815.127362,20.4,999.0,19.9,19.4
92825.136512,20.4,999.0,20.0,19.4
92835.168855,20.4,999.0,20.0,19.4
92845.198581,20.4,999.0,19.9,19.4
92855.229415,20.4,999.0,19.9,19.4
92865.261762,20.4,999.0,20.0,19.4
92875.324205,20.3,999.0,19.9,19.4
92885.344928,20.3,999.0,19.9,19.4
92895.385139,20.4,999.0,19.9,19.4
92905.430102,20.4,999.0,19.9,19.4
92915.446985,20.4,999.0,19.9,19.4
92925.484902,20.4,999.0,20.0,19.4
92935.492326,20.4,999.0,19.9,19.4
92945.516445,20.4,999.0,19.9,19.4
92955.557527,20.4,999.0,19.9,19.4
92965.565265,20.3,999.0,19.9,19.5
92975.589119,20.4,999.0,19.9,19.4
92985.625338,20.4,999.0,19.9,19.4
92995.648468,20.3,999.0,19.9,19.4
93005.688108,20.4,999.0,20.0,19.4
93015.703824,20.4,999.0,19.9,19.4
93025.747173,20.3,999.0,19.9,19.4
93035.768371,20.3,999.0,20.0,19.4
93045.792378,20.4,999.0,19.9,19.4
93055.833291,20.3,999.0,20.0,19.4
93065.86191,20.4,999.0,19.9,19.4
93075.884395,20.3,999.0,19.9,19.4
93085.909291,20.4,999.0,20.0,19.4
93095.93353,20.4,999.0,19.9,19.4
93105.934646,20.3,999.0,20.0,19.4
93115.979559,20.4,999.0,20.0,19.4
93126.018214,20.4,999.0,19.9,19.4
93136.027394,20.4,999.0,19.9,19.4
93146.064695,20.3,999.0,19.9,19.4
93156.106231,20.3,999.0,19.9,19.4
93166.116598,20.4,999.0,19.9,19.4
93176.139829,20.3,999.0,20.0,19.4
93186.180816,20.4,999.0,19.9,19.4
93196.214808,20.3,999.0,20.0,19.4
93206.23929,20.4,999.0,19.9,19.4
93216.283745,20.4,999.0,20.0,19.4
93226.300016,20.4,999.0,19.9,19.4
93236.339022,20.3,999.0,19.9,19.4
93246.366702,20.4,999.0,20.0,19.4
93256.382817,20.4,999.0,20.0,19.4
93266.402231,20.3,999.0,19.9,19.4
93276.417136,20.4,999.0,19.9,19.4
93286.441898,20.3,999.0,19.9,19.4
93296.479909,20.3,999.0,20.0,19.4
93306.487995,20.4,999.0,20.0,19.4
93316.512368,20.4,999.0,20.0,19.4
93326.552838,20.4,999.0,19.9,19.4
93336.5607,20.4,999.0,19.9,19.4
93346.584266,20.4,999.0,20.0,19.4
93356.63567,20.3,999.0,19.9,19.4
93366.671223,20.4,999.0,19.9,19.4
93376.709697,20.3,999.0,19.9,19.4
93386.731439,20.4,999.0,19.9,19.4
93396.769321,20.3,999.0,20.0,19.4
93406.787571,20.3,999.0,19.9,19.4
93416.816293,20.3,999.0,19.9,19.4
93426.8222,20.4,999.0,20.0,19.4
93436.846421,20.3,999.0,20.0,19.4
93446.886426,20.4,999.0,19.9,19.4
93456.89256,20.4,999.0,19.9,19.4
93466.917492,20.3,999.0,19.9,19.4
93476.973382,20.4,999.0,19.9,19.4
93487.017121,20.4,999.0,20.0,19.4
93497.051289,20.3,999.0,19.9,19.4
93507.121189,20.4,999.0,19.9,19.4
93517.129795,20.3,999.0,19.9,19.4
93527.16811,20.4,999.0,20.0,19.4
93537.198833,20.3,999.0,19.9,19.4
93547.215874,20.4,999.0,20.0,19.4
93557.252775,20.4,999.0,19.9,19.4
93567.255864,20.4,999.0,20.0,19.4
93577.280148,20.3,999.0,20.0,19.4
93587.301537,20.3,999.0,19.9,19.4
93597.327052,20.3,999.0,19.9,19.4
93607.350282,20.4,999.0,19.9,19.4
93617.368181,20.3,999.0,19.9,19.4
93627.396805,20.3,999.0,20.0,19.4
93637.400805,20.4,999.0,19.9,19.4
93647.455083,20.4,999.0,20.0,19.4
93657.483523,20.4,999.0,19.9,19.4
93667.486523,20.4,999.0,20.0,19.4
93677.525362,20.3,999.0,20.0,19.4
93687.553793,20.3,999.0,19.9,19.4
93697.590164,20.4,999.0,20.0,19.4
93707.628812,20.4,999.0,20.0,19.4
93717.635792,20.4,999.0,19.9,19.4
93727.661674,20.3,999.0,19.9,19.4
93737.71694,20.3,999.0,19.9,19.4
93747.739666,20.3,999.0,19.9,19.4
93757.748046,20.4,999.0,19.9,19.4
93767.783104,20.3,999.0,20.0,19.4
93777.812644,20.4,999.0,19.9,19.4
93787.835668,20.4,999.0,19.9,19.4
93797.867092,20.4,999.0,19.9,19.4
93807.914344,20.4,999.0,19.9,19.4
93817.922131,20.4,999.0,19.9,19.4
93827.943708,20.3,999.0,20.0,19.4
93837.964978,20.4,999.0,20.0,19.3
93848.006582,20.4,999.0,20.0,19.4
93858.048696,20.3,999.0,20.0,19.4
93868.07415,20.4,999.0,19.9,19.4
93878.081345,20.4,999.0,19.9,19.4
93888.123382,20.4,999.0,19.9,19.4
93898.150461,20.3,999.0,20.0,19.4
93908.188635,20.4,999.0,20.0,19.4
93918.198907,20.4,999.0,20.0,19.4
93928.252875,20.4,999.0,19.9,19.4
93938.257999,20.4,999.0,20.0,19.4
93948.309784,20.3,999.0,19.9,19.4
93958.33771,20.4,999.0,19.9,19.4
93968.355257,20.4,999.0,20.0,19.4
93978.394991,20.4,999.0,19.9,19.4
93988.418053,20.3,999.0,19.9,19.4
93998.455288,20.3,999.0,19.9,19.4
94008.461777,20.4,999.0,19.9,19.4
94018.512615,20.4,999.0,19.9,19.4
94028.547395,20.3,999.0,19.9,19.4
94038.571027,20.4,999.0,20.0,19.4
94048.57436,20.3,999.0,19.9,19.4
94058.616407,20.4,999.0,19.9,19.4
94068.640533,20.4,999.0,19.9,19.4
94078.648908,20.4,999.0,19.9,19.4
94088.693297,20.3,999.0,19.9,19.4
94098.747073,20.4,999.0,19.9,19.4
94108.772016,20.4,999.0,19.9,19.4
94118.797904,20.3,999.0,19.9,19.4
94128.835097,20.4,999.0,20.0,19.4
94138.857944,20.4,999.0,20.0,19.4
94148.878193,20.4,999.0,20.0,19.4
94158.91858,20.3,999.0,19.9,19.4
94169.123349,20.3,999.0,19.9,19.4
94179.147171,20.4,999.0,19.9,19.4
94189.209522,20.4,999.0,19.9,19.4
94199.233794,20.4,999.0,19.9,19.5
94209.293252,20.3,999.0,20.0,19.4
94219.354339,20.4,999.0,20.0,19.4
94229.39376,20.4,999.0,20.0,19.4
94239.417212,20.4,999.0,20.0,19.4
94249.456461,20.4,999.0,19.9,19.4
94259.481074,20.4,999.0,19.9,19.4
94269.487857,20.4,999.0,19.9,19.4
94279.497922,20.4,999.0,19.9,19.4
94289.538392,20.3,999.0,19.9,19.4
94299.561378,20.4,999.0,19.9,19.4
94309.615534,20.4,999.0,20.0,19.4
94319.655551,20.4,999.0,19.9,19.4
94329.683187,20.4,999.0,20.0,19.4
94339.748847,20.4,999.0,19.9,19.4
94349.776498,20.4,999.0,19.9,19.4
94359.823741,20.4,999.0,19.9,19.4
94369.869858,20.4,999.0,20.0,19.4
94379.901763,20.4,999.0,20.0,19.4
94389.925399,20.4,999.0,20.0,19.4
94399.951967,20.4,999.0,19.9,19.4
94409.961511,20.4,999.0,19.9,19.4
94419.975316,20.4,999.0,19.9,19.4
94429.991504,20.4,999.0,19.9,19.4
94440.021372,20.4,999.0,19.9,19.4
94450.068234,20.4,999.0,20.0,19.4
94460.069818,20.3,999.0,19.9,19.4
94470.107249,20.4,999.0,19.9,19.4
94480.125655,20.4,999.0,20.0,19.4
94490.186765,20.4,999.0,19.9,19.4
94500.224638,20.4,999.0,20.0,19.4
94510.255714,20.4,999.0,19.9,19.4
94520.285615,20.4,999.0,19.9,19.4
94530.315589,20.4,999.0,20.0,19.4
94540.338729,20.4,999.0,19.9,19.4
94550.347586,20.4,999.0,19.9,19.4
94560.390213,20.4,999.0,19.9,19.4
94570.394198,20.4,999.0,20.0,19.4
94580.429723,20.4,999.0,20.0,19.4
94590.437956,20.3,999.0,19.9,19.4
94600.458082,20.4,999.0,19.9,19.4
94610.486999,20.4,999.0,20.0,19.4
94620.520566,20.4,999.0,20.0,19.4
94630.546237,20.4,999.0,19.9,19.4
94640.58334,20.4,999.0,19.9,19.4
94650.591928,20.3,999.0,19.9,19.4
94660.64715,20.4,999.0,20.0,19.4
94670.672778,20.4,999.0,19.9,19.4
94680.699712,20.4,999.0,19.9,19.4
94690.724361,20.4,999.0,19.9,19.4
94700.777766,20.3,999.0,19.9,19.5
94710.785793,20.4,999.0,19.9,19.4
94720.810054,20.4,999.0,19.9,19.4
94730.855736,20.4,999.0,20.0,19.4
94740.88034,20.4,999.0,20.0,19.4
94750.897862,20.3,999.0,20.0,19.4
94760.952804,20.3,999.0,19.9,19.4
94770.974695,20.4,999.0,19.9,19.4
94781.012824,20.3,999.0,20.0,19.4
94791.051916,20.4,999.0,20.0,19.4
94801.082053,20.4,999.0,19.9,19.4
94811.108493,20.4,999.0,20.0,19.4
94821.174662,20.4,999.0,19.9,19.4
94831.198846,20.4,999.0,20.0,19.4
94841.224165,20.4,999.0,20.0,19.4
94851.2614,20.4,999.0,19.9,19.4
94861.299922,20.4,999.0,19.9,19.4
94871.324908,20.3,999.0,19.9,19.4
94881.376922,20.4,999.0,19.9,19.4
94891.41258,20.3,999.0,20.0,19.4
94901.426267,20.4,999.0,19.9,19.4
94911.463543,20.4,999.0,19.9,19.4
94921.469936,20.4,999.0,19.9,19.4
94931.510929,20.4,999.0,19.9,19.4
94941.534399,20.3,999.0,19.9,19.3
94951.57424,20.4,999.0,20.0,19.4
94961.618061,20.4,999.0,20.0,19.4
94971.64161,20.4,999.0,19.9,19.4
94981.663672,20.4,999.0,20.0,19.4
94991.701053,20.3,999.0,20.0,19.4
95001.702834,20.4,999.0,19.9,19.4
95011.737958,20.3,999.0,19.9,19.4
95021.773815,20.4,999.0,19.9,19.4
95031.791019,20.3,999.0,20.0,19.4
95041.832382,20.4,999.0,19.9,19.4
95051.851194,20.3,999.0,20.0,19.4
95061.875512,20.3,999.0,19.9,19.4
95071.916778,20.4,999.0,20.0,19.4
95081.923562,20.4,999.0,20.0,19.4
95091.982701,20.4,999.0,20.0,19.4
95102.00801,20.3,999.0,20.0,19.4
95112.047002,20.4,999.0,19.9,19.4
95122.098971,20.3,999.0,20.0,19.4
95132.146541,20.4,999.0,20.0,19.4
95142.186578,20.4,999.0,20.0,19.5
95152.218845,20.4,999.0,20.0,19.4
95162.26951,20.3,999.0,19.9,19.5
95172.304718,20.4,999.0,20.0,19.4
95182.326788,20.4,999.0,20.0,19.4
95192.349117,20.4,999.0,19.9,19.4
95202.373269,20.4,999.0,20.0,19.4
95212.39736,20.4,999.0,19.9,19.4
95222.42081,20.3,999.0,20.0,19.4
95232.446191,20.3,999.0,19.9,19.4
95242.469616,20.4,999.0,20.0,19.4
95252.50549,20.4,999.0,20.0,19.4
95262.534658,20.4,999.0,19.9,19.4
95272.57394,20.4,999.0,19.9,19.4
95282.600017,20.4,999.0,20.0,19.4
95292.634684,20.4,999.0,19.9,19.4
95302.682803,20.3,999.0,19.9,19.4
95312.701353,20.4,999.0,19.9,19.4
95322.740536,20.4,999.0,19.9,19.4
95332.785692,20.3,999.0,20.0,19.4
95342.78698,20.4,999.0,20.0,19.4
95352.825934,20.4,999.0,20.0,19.4
95362.852404,20.4,999.0,20.0,19.4
95372.89957,20.3,999.0,19.9,19.4
95382.924549,20.4,999.0,20.0,19.4
95392.949753,20.4,999.0,20.0,19.4
95402.98926,20.4,999.0,20.0,19.4
95413.012922,20.3,999.0,19.9,19.4
95423.049078,20.4,999.0,19.9,19.4
95433.087265,20.4,999.0,20.0,19.4
95443.13751,20.4,999.0,19.9,19.4
95453.156287,20.4,999.0,20.0,19.4
95463.18937,20.4,999.0,19.9,19.4
95473.221669,20.4,999.0,19.9,19.4
95483.251044,20.4,999.0,20.0,19.4
95493.281366,20.4,999.0,19.9,19.4
95503.312412,20.4,999.0,19.9,19.4
95513.321802,20.4,999.0,19.9,19.4
95523.346914,20.4,999.0,20.0,19.4
95533.369824,20.4,999.0,19.9,19.4
95543.411374,20.4,999.0,19.9,19.4
95553.419762,20.4,999.0,19.9,19.4
95563.471421,20.4,999.0,20.0,19.4
95573.516478,20.4,999.0,19.9,19.4
95583.555321,20.4,999.0,20.0,19.4
95593.565549,20.3,999.0,19.9,19.4
95603.588539,20.4,999.0,19.9,19.4
95613.62773,20.4,999.0,19.9,19.4
95623.636678,20.3,999.0,19.9,19.4
95633.660181,20.3,999.0,20.0,19.4
95643.729926,20.3,999.0,19.9,19.4
95653.772647,20.4,999.0,19.9,19.4
95663.79716,20.4,999.0,20.0,19.4
95673.83644,20.3,999.0,19.9,19.4
95683.864091,20.3,999.0,19.9,19.4
95693.895049,20.4,999.0,19.9,19.4
95703.925467,20.4,999.0,19.9,19.4
95713.963541,20.4,999.0,20.0,19.4
95723.9708,20.4,999.0,19.9,19.4
95734.006503,20.4,999.0,19.9,19.4
95744.014382,20.4,999.0,20.0,19.4
95754.067706,20.4,999.0,19.9,19.4
95764.073914,20.4,999.0,20.0,19.4
95774.111471,20.4,999.0,19.9,19.4
95784.118504,20.4,999.0,19.9,19.4
95794.125328,20.4,999.0,19.9,19.4
95804.158495,20.4,999.0,20.0,19.4
95814.209947,20.3,999.0,19.9,19.4
95824.246917,20.4,999.0,19.9,19.4
95834.302993,20.4,999.0,20.0,19.4
95844.321557,20.4,999.0,19.9,19.4
95854.360993,20.4,999.0,19.9,19.4
95864.383166,20.3,999.0,19.9,19.4
95874.414514,20.4,999.0,19.9,19.4
95884.442976,20.4,999.0,20.0,19.4
95894.468299,20.4,999.0,19.9,19.4
95904.492382,20.4,999.0,19.9,19.4
95914.545937,20.4,999.0,19.9,19.4
95924.553374,20.3,999.0,19.9,19.4
95934.600644,20.4,999.0,19.9,19.4
95944.649666,20.4,999.0,20.0,19.4
95954.685358,20.4,999.0,20.0,19.4
95964.741361,20.3,999.0,19.9,19.4
95974.765071,20.4,999.0,19.9,19.4
95984.818732,20.4,999.0,19.9,19.4
95994.84328,20.4,999.0,19.9,19.4
96004.882486,20.4,999.0,19.9,19.4
96014.921892,20.4,999.0,19.9,19.4
96024.944578,20.4,999.0,19.9,19.4
96034.964288,20.4,999.0,19.9,19.4
96044.991497,20.4,999.0,19.9,19.4
96054.998152,20.4,999.0,19.9,19.4
96065.020411,20.4,999.0,19.9,19.4
96075.057884,20.4,999.0,20.0,19.4
96085.081257,20.4,999.0,20.0,19.4
96095.121864,20.3,999.0,19.9,19.4
96105.150413,20.3,999.0,19.9,19.4
96115.180511,20.3,999.0,19.9,19.4
96125.205416,20.3,999.0,19.9,19.4
96135.24881,20.4,999.0,20.0,19.4
96145.267465,20.4,999.0,19.9,19.4
96155.293896,20.4,999.0,19.9,19.4
96165.301355,20.4,999.0,19.9,19.4
96175.341042,20.4,999.0,19.9,19.4
96185.383741,20.4,999.0,19.9,19.4
96195.385887,20.3,999.0,19.9,19.5
96205.426345,20.4,999.0,20.0,19.4
96215.453053,20.3,999.0,19.9,19.4
96225.468263,20.4,999.0,20.0,19.4
96235.482359,20.4,999.0,20.0,19.4
96245.526773,20.4,999.0,19.9,19.4
96255.549525,20.3,999.0,19.9,19.4
96265.573666,20.4,999.0,19.9,19.4
96275.597179,20.4,999.0,19.9,19.4
96285.622752,20.4,999.0,20.0,19.5
96295.663339,20.4,999.0,20.0,19.4
96305.700434,20.4,999.0,19.9,19.4
96315.7246,20.3,999.0,19.9,19.4
96325.73356,20.4,999.0,20.0,19.4
96335.802624,20.4,999.0,19.9,19.4
96345.819602,20.4,999.0,19.9,19.4
96355.854808,20.4,999.0,20.0,19.4
96365.906528,20.4,999.0,19.9,19.4
96375.930853,20.4,999.0,19.9,19.4
96385.959205,20.4,999.0,20.0,19.4
96395.976587,20.4,999.0,19.9,19.4
96406.007199,20.4,999.0,19.9,19.4
96416.031126,20.4,999.0,19.9,19.4
96426.068043,20.3,999.0,19.9,19.4
96436.122633,20.4,999.0,19.9,19.4
96446.145564,20.4,999.0,19.9,19.4
96456.170122,20.4,999.0,19.9,19.4
96466.210091,20.4,999.0,19.9,19.4
96476.27371,20.4,999.0,19.9,19.4
96486.297216,20.4,999.0,19.9,19.4
96496.322191,20.4,999.0,19.9,19.4
96506.360763,20.4,999.0,19.9,19.4
96516.40521,20.4,999.0,20.0,19.4
96526.424024,20.4,999.0,19.9,19.4
96536.463569,20.4,999.0,20.0,19.4
96546.48642,20.4,999.0,19.9,19.4
96556.493727,20.4,999.0,20.0,19.4
96566.531763,20.4,999.0,19.9,19.4
96576.555842,20.4,999.0,20.0,19.4
96586.612479,20.4,999.0,19.9,19.4
96596.649114,20.4,999.0,19.9,19.4
96606.678668,20.4,999.0,19.9,19.4
96616.696009,20.4,999.0,19.9,19.4
96626.724348,20.4,999.0,19.9,19.4
96636.739054,20.3,999.0,19.9,19.4
96646.773056,20.4,999.0,20.0,19.4
96656.812904,20.4,999.0,20.0,19.4
96666.825369,20.3,999.0,19.9,19.4
96676.86085,20.4,999.0,19.9,19.4
96686.888631,20.4,999.0,19.9,19.4
96696.927959,20.4,999.0,19.9,19.4
96706.952685,20.4,999.0,19.9,19.4
96716.975572,20.4,999.0,19.9,19.4
96727.013456,20.4,999.0,19.9,19.4
96737.021345,20.4,999.0,19.9,19.4
96747.05732,20.3,999.0,19.9,19.5
96757.082561,20.4,999.0,19.9,19.4
96767.090577,20.4,999.0,19.9,19.4
96777.160482,20.4,999.0,20.0,19.5
96787.165912,20.3,999.0,19.9,19.4
96797.191107,20.4,999.0,20.0,19.4
96807.230295,20.4,999.0,19.9,19.4
96817.288497,20.3,999.0,19.9,19.4
96827.322267,20.4,999.0,19.9,19.4
96837.349952,20.4,999.0,19.9,19.4
96847.357716,20.4,999.0,19.9,19.4
96857.393804,20.3,999.0,20.0,19.4
96867.418787,20.4,999.0,19.9,19.4
96877.421877,20.4,999.0,20.0,19.4
96887.479616,20.4,999.0,20.0,19.4
96897.509739,20.4,999.0,19.9,19.4
96907.540218,20.4,999.0,20.0,19.4
96917.579218,20.4,999.0,19.9,19.4
96927.595379,20.4,999.0,19.9,19.4
96937.62423,20.4,999.0,20.0,19.4
96947.645125,20.4,999.0,20.0,19.4
96957.67317,20.4,999.0,19.9,19.4
96967.707226,20.4,999.0,19.9,19.4
96977.715046,20.4,999.0,19.9,19.4
96987.754486,20.4,999.0,19.9,19.4
96997.777143,20.4,999.0,19.9,19.4
97007.80954,20.4,999.0,19.9,19.4
97017.825758,20.4,999.0,19.9,19.4
97027.849904,20.4,999.0,19.9,19.4
97037.858915,20.3,999.0,20.0,19.4
97047.897936,20.4,999.0,19.9,19.4
97057.952275,20.4,999.0,19.9,19.4
97067.962497,20.3,999.0,19.9,19.4
97078.007048,20.4,999.0,20.0,19.4
97088.030097,20.3,999.0,19.9,19.4
97098.084294,20.4,999.0,20.0,19.4
97108.092494,20.4,999.0,19.9,19.4
97118.130079,20.4,999.0,20.0,19.4
97128.159623,20.4,999.0,19.9,19.4
97138.175448,20.4,999.0,19.9,19.4
97148.202936,20.4,999.0,20.0,19.4
97158.228686,20.4,999.0,19.9,19.4
97168.254959,20.4,999.0,19.9,19.4
97178.261524,20.4,999.0,19.9,19.4
97188.298387,20.4,999.0,20.0,19.4
97198.322701,20.4,999.0,19.9,19.4
97208.359696,20.4,999.0,19.9,19.4
97218.380762,20.4,999.0,19.9,19.4
97228.408017,20.4,999.0,19.9,19.4
97238.441042,20.3,999.0,19.9,19.4
97248.447612,20.3,999.0,19.9,19.4
97258.474898,20.4,999.0,19.9,19.4
97268.518791,20.4,999.0,19.9,19.4
97278.54637,20.3,999.0,19.9,19.4
97288.568616,20.3,999.0,19.9,19.4
97298.621165,20.4,999.0,20.0,19.4
97308.996831,20.4,999.0,20.0,19.4
97319.4544,20.4,999.0,19.9,19.4
97329.513894,20.4,999.0,20.0,19.4
97339.584009,20.3,999.0,19.9,19.4
97349.631796,20.4,999.0,19.9,19.4
97359.676853,20.4,999.0,20.0,19.4
97369.715914,20.4,999.0,20.0,19.4
97379.745417,20.3,999.0,20.0,19.4
97389.770258,20.4,999.0,19.9,19.4
97399.815655,20.3,999.0,19.9,19.4
97409.840757,20.4,999.0,19.9,19.4
97419.877337,20.3,999.0,20.0,19.4
97429.896861,20.3,999.0,19.9,19.4
97439.918629,20.4,999.0,20.0,19.4
97449.96837,20.4,999.0,20.0,19.4
97459.972695,20.4,999.0,19.9,19.4
97470.010685,20.3,999.0,19.9,19.4
97480.021404,20.3,999.0,19.9,19.4
97490.033074,20.4,999.0,19.9,19.4
97500.05872,20.4,999.0,19.9,19.4
97510.079565,20.4,999.0,20.0,19.4
97520.107099,20.4,999.0,20.0,19.4
97530.135982,20.4,999.0,20.0,19.4
97540.163281,20.4,999.0,20.0,19.4
97550.197896,20.4,999.0,20.0,19.4
97560.25058,20.4,999.0,19.9,19.4
97570.27778,20.4,999.0,20.0,19.4
97580.314289,20.4,999.0,20.0,19.4
97590.327001,20.4,999.0,20.0,19.4
97600.350859,20.4,999.0,20.0,19.4
97610.370078,20.4,999.0,19.9,19.4
97620.395344,20.4,999.0,20.0,19.4
97630.422957,20.4,999.0,20.0,19.4
97640.451492,20.4,999.0,19.9,19.4
97650.46248,20.3,999.0,19.9,19.4
97660.506059,20.4,999.0,19.9,19.4
97670.519513,20.4,999.0,20.0,19.4
97680.529241,20.4,999.0,19.9,19.4
97690.54087,20.3,999.0,19.9,19.4
97700.568362,20.4,999.0,20.0,19.4
97710.599226,20.3,999.0,19.9,19.4
97720.63372,20.4,999.0,19.9,19.4
97730.65138,20.4,999.0,20.0,19.4
97740.678257,20.4,999.0,19.9,19.4
97750.705834,20.4,999.0,19.9,19.4
97760.751764,20.4,999.0,19.9,19.4
97770.77831,20.4,999.0,20.0,19.4
97780.79223,20.3,999.0,19.9,19.4
97790.809731,20.3,999.0,19.9,19.4
97800.829688,20.4,999.0,19.9,19.4
97810.843381,20.4,999.0,19.9,19.4
97820.862858,20.4,999.0,19.9,19.4
97830.881805,20.4,999.0,20.0,19.4
97840.925112,20.4,999.0,20.0,19.4
97850.950353,20.3,999.0,20.0,19.4
97860.986269,20.4,999.0,20.0,19.4
97871.007538,20.4,999.0,20.0,19.4
97881.036115,20.4,999.0,19.9,19.4
97891.069738,20.4,999.0,19.9,19.4
97901.1141,20.4,999.0,19.9,19.4
97911.124458,20.4,999.0,19.9,19.4
97921.129253,20.4,999.0,19.9,19.4
97931.140772,20.4,999.0,19.9,19.4
97941.17771,20.3,999.0,19.9,19.4
97951.19592,20.4,999.0,19.9,19.4
97961.224024,20.4,999.0,19.9,19.4
97971.252039,20.4,999.0,20.0,19.4
97981.280066,20.4,999.0,19.9,19.4
97991.307783,20.3,999.0,19.9,19.4
98001.336145,20.4,999.0,19.9,19.3
98011.365762,20.4,999.0,20.0,19.4
98021.394339,20.4,999.0,19.9,19.4
98031.407256,20.4,999.0,19.9,19.4
98041.435598,20.4,999.0,19.9,19.4
98051.46231,20.4,999.0,20.0,19.4
98061.490025,20.4,999.0,20.0,19.4
98071.526947,20.4,999.0,19.9,19.4
98081.557086,20.4,999.0,20.0,19.4
98091.559509,20.4,999.0,20.0,19.4
98101.571,20.4,999.0,19.9,19.4
98111.583258,20.4,999.0,20.0,19.4
98121.586007,20.4,999.0,20.0,19.4
98131.616738,20.3,999.0,19.9,19.4
98141.643705,20.4,999.0,19.9,19.4
98151.651979,20.4,999.0,20.0,19.4
98161.683038,20.3,999.0,20.0,19.4
98171.692712,20.4,999.0,19.9,19.4
98181.750774,20.4,999.0,19.9,19.4
98191.778981,20.3,999.0,19.9,19.4
98201.806495,20.3,999.0,19.9,19.4
98211.831452,20.4,999.0,19.9,19.4
98221.861724,20.4,999.0,19.9,19.4
98231.889096,20.4,999.0,20.0,19.5
98241.897597,20.4,999.0,19.9,19.4
98251.913683,20.4,999.0,20.0,19.4
98261.926904,20.4,999.0,19.9,19.4
98271.937076,20.4,999.0,19.9,19.4
98281.948801,20.4,999.0,19.9,19.4
98291.972252,20.3,999.0,19.9,19.4
98301.978991,20.4,999.0,19.9,19.4
98311.992006,20.4,999.0,20.0,19.4
98322.00191,20.4,999.0,19.9,19.4
98332.014059,20.4,999.0,19.9,19.4
98342.025993,20.4,999.0,19.9,19.4
98352.068198,20.3,999.0,19.9,19.4
98362.097897,20.4,999.0,20.0,19.4
98372.127284,20.4,999.0,20.0,19.4
98382.15652,20.4,999.0,20.0,19.4
98392.172532,20.4,999.0,19.9,19.4
98402.181274,20.4,999.0,19.9,19.4
98412.22644,20.4,999.0,19.9,19.4
98422.255113,20.3,999.0,19.9,19.4
98432.297863,20.4,999.0,19.9,19.4
98442.325006,20.4,999.0,19.9,19.4
98452.354179,20.4,999.0,19.9,19.4
98462.382684,20.4,999.0,19.9,19.4
98472.409724,20.4,999.0,19.9,19.4
98482.440931,20.4,999.0,20.0,19.4
98492.471264,20.3,999.0,19.9,19.4
98502.497206,20.4,999.0,19.9,19.4
98512.526437,20.4,999.0,19.9,19.4
98522.552844,20.4,999.0,20.0,19.4
98532.587869,20.4,999.0,20.0,19.4
98542.610673,20.4,999.0,20.0,19.4
98552.623348,20.4,999.0,20.0,19.4
98562.63728,20.3,999.0,20.0,19.4
98572.642083,20.4,999.0,20.0,19.4
98582.691478,20.4,999.0,19.9,19.4
98592.713113,20.4,999.0,20.0,19.4
98602.740812,20.3,999.0,20.0,19.4
98612.768382,20.4,999.0,20.0,19.4
98622.800336,20.4,999.0,20.0,19.5
98632.80095,20.4,999.0,19.9,19.4
98642.859656,20.3,999.0,20.0,19.4
98652.882161,20.4,999.0,19.9,19.5
98662.911453,20.3,999.0,19.9,19.4
98672.929769,20.4,999.0,20.0,19.4
98682.956679,20.4,999.0,19.9,19.4
98692.984083,20.4,999.0,20.0,19.4
98703.013893,20.4,999.0,20.0,19.4
98713.043544,20.4,999.0,20.0,19.4
98723.071477,20.3,999.0,20.0,19.4
98733.098688,20.4,999.0,19.9,19.4
98743.126406,20.4,999.0,20.0,19.4
98753.171483,20.3,999.0,20.0,19.4
98763.198215,20.4,999.0,20.0,19.4
98773.248796,20.3,999.0,20.0,19.4
98783.257651,20.4,999.0,20.0,19.4
98793.285083,20.4,999.0,20.0,19.4
98803.298025,20.3,999.0,20.0,19.4
98813.32386,20.4,999.0,19.9,19.4
98823.35158,20.4,999.0,19.9,19.4
98833.409842,20.4,999.0,19.9,19.4
98843.437169,20.3,999.0,19.9,19.4
98853.463854,20.4,999.0,20.0,19.4
98863.490205,20.4,999.0,20.0,19.4
98873.502217,20.4,999.0,19.9,19.4
98883.511815,20.4,999.0,19.9,19.4
98893.535929,20.4,999.0,19.9,19.4
98903.569388,20.4,999.0,19.9,19.4
98913.611736,20.3,999.0,19.9,19.4
98923.653438,20.4,999.0,19.9,19.4
98933.682536,20.4,999.0,20.0,19.4
98943.709897,20.4,999.0,19.9,19.4
98953.753423,20.4,999.0,19.9,19.4
98963.781773,20.4,999.0,19.9,19.4
98973.811283,20.3,999.0,20.0,19.5
98983.844767,20.4,999.0,20.0,19.4
98993.850963,20.4,999.0,19.9,19.4
99003.862185,20.4,999.0,19.9,19.4
99013.878177,20.4,999.0,20.0,19.4
99023.887356,20.4,999.0,19.9,19.4
99033.899796,20.4,999.0,19.9,19.4
99043.910491,20.4,999.0,20.0,19.4
99053.932939,20.4,999.0,19.9,19.4
99063.960907,20.4,999.0,20.0,19.4
99073.987784,20.3,999.0,19.9,19.4
99084.022377,20.4,999.0,20.0,19.4
99094.02875,20.4,999.0,20.0,19.4
99104.039799,20.3,999.0,19.9,19.4
99114.074758,20.4,999.0,19.9,19.4
99124.106539,20.4,999.0,19.9,19.4
99134.122923,20.4,999.0,19.9,19.4
99144.167175,20.4,999.0,19.9,19.4
99154.194767,20.4,999.0,19.9,19.4
99164.236597,20.4,999.0,20.0,19.4
99174.264384,20.4,999.0,20.0,19.4
99184.29085,20.4,999.0,19.9,19.4
99194.325065,20.3,999.0,19.9,19.4
99204.353021,20.4,999.0,20.0,19.4
99214.357659,20.4,999.0,19.9,19.4
99224.369379,20.4,999.0,19.9,19.4
99234.389566,20.4,999.0,19.9,19.4
99244.421785,20.4,999.0,19.9,19.4
99254.451674,20.4,999.0,19.9,19.4
99264.493462,20.3,999.0,20.0,19.4
99274.521691,20.4,999.0,19.9,19.4
99284.548086,20.4,999.0,19.9,19.4
99294.57699,20.4,999.0,20.0,19.4
99304.605591,20.3,999.0,20.0,19.4
99314.634394,20.4,999.0,20.0,19.4
99324.664645,20.3,999.0,19.9,19.4
99334.692605,20.4,999.0,19.9,19.4
99344.705298,20.4,999.0,19.9,19.4
99354.717443,20.4,999.0,19.9,19.4
99364.738932,20.4,999.0,19.9,19.4
99374.783666,20.4,999.0,19.9,19.4
99384.800442,20.4,999.0,20.0,19.4
99394.837155,20.4,999.0,19.9,19.4
99404.850115,20.4,999.0,19.9,19.4
99414.855517,20.3,999.0,19.9,19.4
99424.868261,20.4,999.0,20.0,19.4
99434.880739,20.4,999.0,19.9,19.4
99444.893361,20.4,999.0,19.9,19.4
99454.937228,20.4,999.0,20.0,19.4
99464.980457,20.4,999.0,19.9,19.4
99475.033477,20.3,999.0,20.0,19.4
99485.052822,20.4,999.0,20.0,19.4
99495.083995,20.3,999.0,19.9,19.4
99505.107996,20.3,999.0,19.9,19.4
99515.136177,20.4,999.0,19.9,19.4
99525.146824,20.4,999.0,20.0,19.4
99535.172432,20.4,999.0,19.9,19.4
99545.182906,20.4,999.0,20.0,19.4
99555.225551,20.3,999.0,20.0,19.4
99565.254,20.4,999.0,19.9,19.4
99575.294705,20.4,999.0,19.9,19.4
99585.322924,20.4,999.0,20.0,19.4
99595.347201,20.4,999.0,20.0,19.4
99605.3689,20.3,999.0,20.0,19.4
99615.399627,20.4,999.0,20.0,19.4
99625.402943,20.4,999.0,19.9,19.4
99635.413766,20.4,999.0,20.0,19.4
99645.426801,20.4,999.0,19.9,19.4
99655.439778,20.4,999.0,19.9,19.4
99665.459887,20.4,999.0,20.0,19.4
99675.49215,20.4,999.0,19.9,19.4
99685.499188,20.4,999.0,19.9,19.4
99695.511741,20.4,999.0,19.9,19.4
99705.531913,20.3,999.0,19.9,19.4
99715.554368,20.4,999.0,19.9,19.4
99725.56494,20.3,999.0,19.9,19.4
99735.576985,20.4,999.0,20.0,19.4
99745.58851,20.4,999.0,19.9,19.4
99755.616821,20.4,999.0,20.0,19.4
99765.638575,20.4,999.0,19.9,19.4
99775.666256,20.3,999.0,19.9,19.4
99785.694616,20.4,999.0,19.9,19.4
99795.728767,20.3,999.0,20.0,19.4
99805.744114,20.4,999.0,19.9,19.4
99815.78618,20.4,999.0,19.9,19.4
99825.790252,20.3,999.0,19.9,19.4
99835.828501,20.3,999.0,20.0,19.4
99845.845113,20.4,999.0,20.0,19.4
99855.85658,20.4,999.0,20.0,19.4
99865.892491,20.4,999.0,19.9,19.4
99875.898161,20.4,999.0,19.9,19.4
99885.92758,20.4,999.0,19.9,19.4
99896.001657,20.4,999.0,20.0,19.4
99906.037357,20.3,999.0,19.9,19.4
99916.059309,20.4,999.0,19.9,19.4
99926.094688,20.4,999.0,19.9,19.4
99936.109229,20.4,999.0,19.9,19.4
99946.132004,20.4,999.0,19.9,19.4
99956.157046,20.4,999.0,19.9,19.4
99966.200478,20.4,999.0,20.0,19.4
99976.228554,20.3,999.0,20.0,19.4
99986.256792,20.4,999.0,20.0,19.4
99996.268673,20.4,999.0,19.9,19.4
100006.27991,20.4,999.0,20.0,19.4
100016.29445,20.4,999.0,19.9,19.4
100026.32327,20.4,999.0,20.0,19.4
100036.334193,20.4,999.0,19.9,19.4
100046.361477,20.4,999.0,19.9,19.4
100056.409182,20.4,999.0,19.9,19.4
100066.417599,20.4,999.0,19.9,19.4
100076.446371,20.4,999.0,20.0,19.4
100086.475016,20.3,999.0,19.9,19.4
100096.503625,20.4,999.0,19.9,19.4
100106.543736,20.4,999.0,19.9,19.4
100116.572609,20.3,999.0,20.0,19.4
100126.599385,20.4,999.0,19.9,19.4
100136.627908,20.4,999.0,20.0,19.4
100146.672094,20.4,999.0,19.9,19.4
100156.683637,20.4,999.0,20.0,19.4
100166.71513,20.3,999.0,19.9,19.4
100176.738748,20.4,999.0,20.0,19.4
100186.778626,20.4,999.0,20.0,19.4
100196.823704,20.4,999.0,19.9,19.4
100206.851829,20.4,999.0,19.9,19.4
100216.880539,20.4,999.0,19.9,19.4
100226.9146,20.4,999.0,20.0,19.4
100236.94295,20.4,999.0,20.0,19.4
100246.964241,20.4,999.0,19.9,19.4
100256.991582,20.4,999.0,20.0,19.4
100267.026266,20.4,999.0,20.0,19.4
100277.030218,20.4,999.0,20.0,19.5
100287.042382,20.4,999.0,19.9,19.4
100297.052961,20.4,999.0,19.9,19.4
100307.078331,20.4,999.0,19.9,19.4
100317.109451,20.4,999.0,20.0,19.4
100327.167052,20.4,999.0,19.9,19.4
100337.194813,20.4,999.0,20.0,19.4
100347.221331,20.3,999.0,19.9,19.4
100357.248411,20.4,999.0,20.0,19.4
100367.260084,20.4,999.0,19.9,19.4
100377.272912,20.4,999.0,20.0,19.4
100387.284591,20.4,999.0,19.9,19.4
100397.294463,20.4,999.0,19.9,19.4
100407.305096,20.4,999.0,20.0,19.4
100417.335232,20.4,999.0,20.0,19.4
100427.360309,20.3,999.0,20.0,19.4
100437.388756,20.4,999.0,19.9,19.4
100447.422266,20.4,999.0,19.9,19.4
100457.436092,20.4,999.0,20.0,19.4
100467.462384,20.4,999.0,20.0,19.4
100477.492363,20.4,999.0,20.0,19.4
100487.510706,20.4,999.0,20.0,19.4
100497.52163,20.4,999.0,19.9,19.4
100507.542679,20.4,999.0,19.9,19.4
100517.577064,20.3,999.0,20.0,19.4
100527.604807,20.4,999.0,19.9,19.4
100537.647911,20.4,999.0,19.9,19.4
100547.659249,20.4,999.0,20.0,19.4
100557.665881,20.4,999.0,20.0,19.4
100567.677457,20.4,999.0,19.9,19.4
100577.704466,20.4,999.0,20.0,19.4
100587.7162,20.4,999.0,19.9,19.4
100597.7436,20.4,999.0,19.9,19.4
100607.785916,20.4,999.0,20.0,19.4
100617.811798,20.4,999.0,19.9,19.4
100627.839464,20.4,999.0,19.9,19.4
100637.845035,20.4,999.0,19.9,19.4
100647.869262,20.4,999.0,19.9,19.4
100657.875433,20.4,999.0,20.0,19.4
100667.887239,20.4,999.0,19.9,19.4
100677.8944,20.4,999.0,20.0,19.4
100687.945326,20.4,999.0,20.0,19.4
100697.966689,20.4,999.0,19.9,19.4
100707.999816,20.3,999.0,20.0,19.4
100718.029078,20.4,999.0,19.9,19.4
100728.057294,20.4,999.0,20.0,19.4
100738.058251,20.4,999.0,19.9,19.4
100748.072857,20.4,999.0,19.9,19.4
100758.109005,20.4,999.0,19.9,19.4
100768.134448,20.4,999.0,19.9,19.4
100778.158198,20.4,999.0,19.9,19.4
100788.176211,20.4,999.0,19.9,19.4
100798.2041,20.4,999.0,20.0,19.4
100808.244391,20.3,999.0,19.9,19.4
100818.276102,20.4,999.0,19.9,19.4
100828.302701,20.3,999.0,20.0,19.4
100838.324129,20.4,999.0,20.0,19.4
100848.346374,20.4,999.0,19.9,19.4
100858.373613,20.3,999.0,20.0,19.4
100868.41091,20.4,999.0,19.9,19.4
100878.439733,20.4,999.0,20.0,19.5
100888.462799,20.3,999.0,20.0,19.4
100898.497088,20.4,999.0,20.0,19.4
100908.502676,20.4,999.0,19.9,19.4
100918.513953,20.3,999.0,20.0,19.4
100928.524984,20.4,999.0,19.9,19.4
100938.547796,20.4,999.0,20.0,19.4
100948.57592,20.4,999.0,20.0,19.4
100958.610519,20.4,999.0,20.0,19.4
100968.637195,20.4,999.0,19.9,19.4
100978.654255,20.4,999.0,19.9,19.4
100988.677907,20.4,999.0,19.9,19.4
100998.683537,20.4,999.0,19.9,19.4
101008.728096,20.4,999.0,19.9,19.4
101018.741031,20.4,999.0,19.9,19.4
101028.767843,20.4,999.0,20.0,19.4
101038.780714,20.4,999.0,19.9,19.4
101048.795363,20.4,999.0,19.9,19.4
101058.807687,20.4,999.0,20.0,19.4
101068.817892,20.4,999.0,20.0,19.4
101078.835174,20.4,999.0,19.9,19.4
101088.870983,20.4,999.0,19.9,19.4
101098.899821,20.4,999.0,20.0,19.4
101108.926918,20.3,999.0,19.9,19.4
101118.933487,20.4,999.0,19.9,19.4
101128.960984,20.4,999.0,19.9,19.4
101138.972772,20.4,999.0,20.0,19.4
101149.013503,20.4,999.0,19.9,19.4
101159.057386,20.4,999.0,20.0,19.5
101169.085203,20.4,999.0,19.9,19.4
101179.112716,20.4,999.0,20.0,19.4
101189.139528,20.4,999.0,19.9,19.4
101199.149518,20.3,999.0,19.9,19.4
101209.168484,20.4,999.0,19.9,19.4
101219.2162,20.4,999.0,20.0,19.4
101229.255037,20.4,999.0,20.0,19.4
101239.283874,20.4,999.0,19.9,19.4
101249.333402,20.3,999.0,19.9,19.4
101259.34692,20.3,999.0,19.9,19.4
101269.374783,20.4,999.0,20.0,19.4
101279.380706,20.4,999.0,19.9,19.4
101289.391949,20.4,999.0,19.9,19.4
101299.403918,20.4,999.0,19.9,19.4
101309.415363,20.4,999.0,20.0,19.4
101319.43229,20.4,999.0,19.9,19.4
101329.439208,20.4,999.0,20.0,19.4
101339.46548,20.4,999.0,20.0,19.4
101349.471693,20.4,999.0,20.0,19.4
101359.481997,20.4,999.0,19.9,19.4
101369.494213,20.4,999.0,20.0,19.4
101379.509349,20.4,999.0,19.9,19.4
101389.53801,20.4,999.0,20.0,19.4
101399.550271,20.4,999.0,19.9,19.4
101409.57846,20.4,999.0,19.9,19.4
101419.59039,20.4,999.0,20.0,19.4
101429.61891,20.4,999.0,19.9,19.4
101439.648043,20.4,999.0,20.0,19.4
101449.675697,20.4,999.0,19.9,19.4
101459.704848,20.4,999.0,19.9,19.4
101469.733555,20.4,999.0,20.0,19.4
101479.761017,20.3,999.0,19.9,19.4
101489.819574,20.4,999.0,20.0,19.4
101499.845809,20.3,999.0,19.9,19.4
101509.873785,20.4,999.0,20.0,19.4
101519.884084,20.4,999.0,20.0,19.4
101529.896751,20.4,999.0,19.9,19.4
101539.939744,20.4,999.0,20.0,19.4
101549.963658,20.4,999.0,19.9,19.4
101559.97836,20.4,999.0,20.0,19.5
101570.022882,20.4,999.0,20.0,19.4
101580.065389,20.4,999.0,19.9,19.5
101590.094434,20.4,999.0,19.9,19.4
101600.120274,20.4,999.0,19.9,19.3
101610.146887,20.4,999.0,19.9,19.4
101620.175826,20.3,999.0,19.9,19.4
101630.188097,20.3,999.0,19.9,19.4
101640.2173,20.4,999.0,20.0,19.3
101650.230424,20.4,999.0,20.0,19.4
101660.259762,20.4,999.0,19.9,19.4
101670.275595,20.4,999.0,20.0,19.4
101680.295516,20.3,999.0,19.9,19.4
101690.324152,20.3,999.0,19.9,19.4
101700.35167,20.4,999.0,19.9,19.4
101710.394324,20.4,999.0,19.9,19.4
101720.422496,20.4,999.0,19.9,19.4
101730.454965,20.4,999.0,19.9,19.4
101740.498246,20.4,999.0,20.0,19.5
101750.509174,20.4,999.0,19.9,19.4
101760.514637,20.4,999.0,19.9,19.4
101770.526735,20.4,999.0,20.0,19.4
101780.538017,20.4,999.0,20.0,19.5
101790.578859,20.4,999.0,19.9,19.4
101800.593714,20.3,999.0,19.9,19.4
101810.622517,20.4,999.0,19.9,19.4
101820.681427,20.4,999.0,20.0,19.4
101830.707339,20.4,999.0,20.0,19.4
101840.732911,20.4,999.0,20.0,19.4
101850.742791,20.4,999.0,19.9,19.4
101860.770853,20.4,999.0,19.9,19.4
101870.798964,20.4,999.0,20.0,19.4
101880.826513,20.4,999.0,20.0,19.4
101890.867914,20.4,999.0,19.9,19.4
101900.884618,20.3,999.0,19.9,19.4
101910.903711,20.4,999.0,20.0,19.4
101920.908933,20.4,999.0,19.9,19.4
101930.948539,20.4,999.0,19.9,19.4
101940.993233,20.4,999.0,19.9,19.4
101951.021598,20.4,999.0,20.0,19.4
101961.048278,20.4,999.0,19.9,19.4
101971.076433,20.4,999.0,20.0,19.4
101981.10561,20.4,999.0,19.9,19.4
101991.117844,20.4,999.0,20.0,19.4
102001.137563,20.4,999.0,19.9,19.4
102011.162906,20.4,999.0,19.9,19.4
102021.182693,20.4,999.0,20.0,19.4
102031.217862,20.4,999.0,19.9,19.4
102041.248224,20.4,999.0,19.9,19.4
102051.276935,20.3,999.0,20.0,19.4
102061.305471,20.4,999.0,19.9,19.4
102071.317471,20.4,999.0,20.0,19.4
102081.345906,20.4,999.0,20.0,19.4
102091.373525,20.4,999.0,19.9,19.4
102101.387948,20.4,999.0,20.0,19.4
102111.401407,20.4,999.0,19.9,19.4
102121.407766,20.3,999.0,20.0,19.4
102131.445175,20.4,999.0,19.9,19.4
102141.463991,20.4,999.0,20.0,19.4
102151.493106,20.4,999.0,19.9,19.4
102161.520921,20.4,999.0,19.9,19.5
102171.549879,20.4,999.0,20.0,19.4
102181.577227,20.4,999.0,19.9,19.4
102191.606944,20.3,999.0,20.0,19.4
102201.635332,20.4,999.0,19.9,19.4
102211.663091,20.4,999.0,20.0,19.4
102221.707154,20.4,999.0,19.9,19.4
102231.733651,20.4,999.0,19.9,19.4
102241.772978,20.4,999.0,19.9,19.4
102251.801633,20.4,999.0,19.9,19.4
102261.842462,20.4,999.0,19.9,19.4
102271.845444,20.4,999.0,19.9,19.5
102281.869468,20.4,999.0,20.0,19.4
102291.89699,20.4,999.0,19.9,19.4
102301.922747,20.4,999.0,19.9,19.4
102311.949832,20.4,999.0,20.0,19.4
102321.962177,20.4,999.0,20.0,19.4
102331.973249,20.4,999.0,20.0,19.4
102341.993559,20.4,999.0,20.0,19.4
102352.028904,20.4,999.0,20.0,19.4
102362.048672,20.4,999.0,19.9,19.4
102372.073152,20.4,999.0,19.9,19.4
102382.108826,20.4,999.0,19.9,19.4
102392.115324,20.4,999.0,20.0,19.4
102402.127418,20.4,999.0,20.0,19.4
102412.155995,20.4,999.0,19.9,19.4
102422.168641,20.4,999.0,19.9,19.4
102432.213499,20.3,999.0,19.9,19.5
102442.226473,20.4,999.0,19.9,19.4
102452.255189,20.4,999.0,20.0,19.4
102462.269049,20.4,999.0,20.0,19.4
102472.296646,20.3,999.0,20.0,19.4
102482.30917,20.4,999.0,20.0,19.4
102492.324629,20.4,999.0,19.9,19.4
102502.343684,20.4,999.0,20.0,19.5
102512.379075,20.4,999.0,20.0,19.4
102522.399354,20.4,999.0,19.9,19.4
102532.428546,20.4,999.0,20.0,19.4
102542.456415,20.4,999.0,19.9,19.5
102552.484571,20.3,999.0,20.0,19.4
102562.495908,20.4,999.0,19.9,19.4
102572.508596,20.4,999.0,19.9,19.4
102582.521828,20.4,999.0,19.9,19.4
102592.54959,20.4,999.0,19.9,19.4
102602.571499,20.4,999.0,19.9,19.4
102612.591875,20.3,999.0,20.0,19.4
102622.604699,20.4,999.0,20.0,19.4
102632.616384,20.3,999.0,19.9,19.4
102642.637464,20.4,999.0,20.0,19.4
102652.665378,20.4,999.0,20.0,19.4
102662.692251,20.3,999.0,20.0,19.4
102672.727599,20.4,999.0,20.0,19.4
102682.755329,20.4,999.0,19.9,19.4
102692.797616,20.4,999.0,20.0,19.4
102702.809782,20.3,999.0,19.9,19.4
102712.839246,20.4,999.0,20.0,19.4
102722.854722,20.4,999.0,19.9,19.4
102732.894648,20.4,999.0,20.0,19.4
102742.90192,20.4,999.0,20.0,19.4
102752.930671,20.4,999.0,19.9,19.4
102762.942638,20.4,999.0,20.0,19.5
102772.96958,20.4,999.0,20.0,19.4
102782.997859,20.3,999.0,19.9,19.4
102793.043614,20.3,999.0,20.0,19.4
102803.094969,20.4,999.0,20.0,19.4
102813.114782,20.4,999.0,20.0,19.4
102823.150934,20.4,999.0,20.0,19.4
102833.163667,20.4,999.0,19.9,19.5
102843.183853,20.4,999.0,20.0,19.4
102853.184275,20.4,999.0,19.9,19.4
102863.213107,20.4,999.0,20.0,19.4
102873.241395,20.4,999.0,20.0,19.4
102883.285661,20.4,999.0,20.0,19.4
102893.314786,20.4,999.0,20.0,19.5
102903.342347,20.4,999.0,20.0,19.4
102913.370395,20.4,999.0,19.9,19.4
102923.398036,20.4,999.0,20.0,19.4
102933.424755,20.4,999.0,20.0,19.4
102943.468595,20.4,999.0,19.9,19.4
102953.477859,20.4,999.0,19.9,19.4
102963.51314,20.4,999.0,20.0,19.4
102973.520743,20.4,999.0,19.9,19.4
102983.531392,20.4,999.0,20.0,19.5
102993.542488,20.4,999.0,19.9,19.4
103003.56986,20.4,999.0,19.9,19.4
103013.599058,20.4,999.0,20.0,19.4
103023.64196,20.4,999.0,19.9,19.4
103033.670272,20.4,999.0,19.9,19.4
103043.696577,20.3,999.0,20.0,19.4
103053.724865,20.3,999.0,20.0,19.4
103063.77003,20.4,999.0,20.0,19.4
103073.798156,20.4,999.0,19.9,19.4
103083.828069,20.4,999.0,20.0,19.4
103093.8605,20.4,999.0,20.0,19.4
103103.882265,20.4,999.0,19.9,19.4
103113.912056,20.4,999.0,20.0,19.4
103123.923554,20.4,999.0,20.0,19.4
103133.935921,20.4,999.0,20.0,19.4
103143.948634,20.4,999.0,20.0,19.4
103153.968676,20.4,999.0,19.9,19.4
103163.992944,20.4,999.0,19.9,19.4
103174.027667,20.4,999.0,19.9,19.3
103184.070219,20.4,999.0,20.0,19.4
103194.085596,20.3,999.0,20.0,19.4
103204.125085,20.4,999.0,19.9,19.4
103214.135679,20.4,999.0,19.9,19.5
103224.164765,20.4,999.0,20.0,19.4
103234.170701,20.4,999.0,19.9,19.5
103244.213458,20.4,999.0,19.9,19.4
103254.240662,20.4,999.0,19.9,19.4
103264.267411,20.4,999.0,20.0,19.4
103274.288281,20.4,999.0,19.9,19.4
103284.315791,20.4,999.0,20.0,19.4
103294.375131,20.4,999.0,19.9,19.4
103304.402869,20.4,999.0,20.0,19.4
103314.431334,20.4,999.0,19.9,19.4
103324.439615,20.3,999.0,19.9,19.4
103334.471363,20.3,999.0,20.0,19.4
103344.500127,20.4,999.0,19.9,19.4
103354.543835,20.4,999.0,20.0,19.4
103364.589231,20.4,999.0,19.9,19.4
103374.617535,20.4,999.0,20.0,19.5
103384.661285,20.4,999.0,19.9,19.4
103394.673574,20.4,999.0,20.0,19.4
103404.686407,20.4,999.0,19.9,19.4
103414.698861,20.4,999.0,19.9,19.5
103424.710573,20.4,999.0,20.0,19.4
103434.722858,20.4,999.0,20.0,19.4
103444.744929,20.4,999.0,19.9,19.4
103454.771116,20.4,999.0,20.0,19.4
103464.798645,20.4,999.0,19.9,19.4
103474.832678,20.4,999.0,20.0,19.5
103484.86104,20.4,999.0,20.0,19.4
103494.887298,20.3,999.0,20.0,19.4
103504.892713,20.4,999.0,19.9,19.4
103514.921551,20.3,999.0,19.9,19.4
103524.934947,20.4,999.0,20.0,19.4
103534.962211,20.4,999.0,20.0,19.4
103544.989614,20.4,999.0,20.0,19.4
103555.016792,20.4,999.0,19.9,19.4
103565.050192,20.4,999.0,19.9,19.4
103575.057786,20.4,999.0,20.0,19.4
103585.117561,20.4,999.0,19.9,19.5
103595.144476,20.4,999.0,20.0,19.4
103605.172011,20.4,999.0,19.9,19.4
103615.199618,20.4,999.0,20.0,19.5
103625.210171,20.4,999.0,20.0,19.4
103635.222762,20.4,999.0,20.0,19.4
103645.235779,20.4,999.0,20.0,19.4
103655.249483,20.4,999.0,19.9,19.4
103665.27616,20.4,999.0,19.9,19.5
103675.298126,20.4,999.0,19.9,19.4
103685.316336,20.4,999.0,19.9,19.4
103695.337229,20.4,999.0,20.0,19.4
103705.366836,20.3,999.0,20.0,19.4
103715.394427,20.4,999.0,19.9,19.4
103725.426963,20.4,999.0,20.0,19.5
103735.431568,20.4,999.0,19.9,19.4
103745.441816,20.4,999.0,19.9,19.4
103755.455356,20.4,999.0,19.9,19.4
103765.484461,20.4,999.0,20.0,19.4
103775.49449,20.4,999.0,19.9,19.4
103785.537201,20.4,999.0,20.0,19.4
103795.552698,20.3,999.0,20.0,19.4
103805.580817,20.4,999.0,19.9,19.4
103815.609275,20.4,999.0,19.9,19.4
103825.654358,20.4,999.0,20.0,19.3
103835.713521,20.4,999.0,19.9,19.4
103845.73974,20.4,999.0,20.0,19.4
103855.768454,20.4,999.0,20.0,19.4
103865.795516,20.4,999.0,19.9,19.4
103875.823849,20.3,999.0,20.0,19.5
103885.866716,20.4,999.0,19.9,19.4
103895.877376,20.4,999.0,20.0,19.4
103905.906112,20.3,999.0,19.9,19.4
103915.925672,20.3,999.0,20.0,19.5
103925.930899,20.4,999.0,20.0,19.4
103935.944066,20.4,999.0,19.9,19.4
103945.965149,20.4,999.0,19.9,19.4
103955.993676,20.4,999.0,20.0,19.4
103966.020726,20.4,999.0,20.0,19.4
103976.049464,20.4,999.0,20.0,19.5
103986.059201,20.4,999.0,19.9,19.5
103996.087511,20.4,999.0,20.0,19.4
104006.116004,20.3,999.0,19.9,19.4
104016.138208,20.4,999.0,20.0,19.4
104026.151541,20.4,999.0,20.0,19.4
104036.175036,20.4,999.0,20.0,19.4
104046.203283,20.4,999.0,19.9,19.4
104056.235922,20.4,999.0,20.0,19.5
104066.242085,20.4,999.0,20.0,19.4
104076.254814,20.4,999.0,20.0,19.4
104086.266513,20.4,999.0,19.9,19.4
104096.279224,20.4,999.0,19.9,19.4
104106.30521,20.4,999.0,19.9,19.4
104116.342377,20.4,999.0,19.9,19.4
104126.370052,20.4,999.0,20.0,19.4
104136.40442,20.4,999.0,20.0,19.4
104146.427938,20.4,999.0,19.9,19.4
104156.442151,20.4,999.0,20.0,19.4
104166.446757,20.4,999.0,20.0,19.4
104176.488027,20.4,999.0,20.0,19.4
104186.514485,20.3,999.0,19.9,19.4
104196.543746,20.3,999.0,19.9,19.4
104206.576662,20.4,999.0,20.0,19.3
104216.605221,20.4,999.0,19.9,19.4
104226.633781,20.4,999.0,20.0,19.4
104236.692287,20.3,999.0,19.9,19.5
104246.719628,20.4,999.0,19.9,19.4
104256.7645,20.4,999.0,20.0,19.4
104266.783749,20.4,999.0,20.0,19.4
104276.820424,20.4,999.0,20.0,19.4
104286.848658,20.4,999.0,20.0,19.4
104296.876594,20.4,999.0,19.9,19.4
104306.888682,20.4,999.0,20.0,19.4
104316.932916,20.3,999.0,20.0,19.5
104326.959345,20.4,999.0,20.0,19.4
104336.97132,20.4,999.0,20.0,19.4
104347.000197,20.4,999.0,19.9,19.4
104357.025202,20.4,999.0,19.9,19.4
104367.031662,20.4,999.0,19.9,19.4
104377.075575,20.4,999.0,20.0,19.4
104387.095771,20.4,999.0,19.9,19.4
104397.118276,20.4,999.0,20.0,19.4
104407.123612,20.4,999.0,19.9,19.5
104417.171946,20.4,999.0,20.0,19.4
104427.193298,20.4,999.0,20.0,19.5
104437.222103,20.4,999.0,20.0,19.4
104447.249758,20.4,999.0,20.0,19.4
104457.279102,20.3,999.0,19.9,19.4
104467.313024,20.4,999.0,20.0,19.4
104477.341127,20.4,999.0,19.9,19.4
104487.383194,20.4,999.0,20.0,19.4
104497.413058,20.4,999.0,20.0,19.4
104507.442261,20.4,999.0,19.9,19.4
104517.45506,20.4,999.0,20.0,19.4
104527.460966,20.4,999.0,19.9,19.4
104537.473147,20.4,999.0,20.0,19.4
104547.486242,20.3,999.0,19.9,19.4
104557.499604,20.3,999.0,20.0,19.4
104567.510984,20.4,999.0,19.9,19.4
104577.539946,20.4,999.0,20.0,19.4
104587.552784,20.4,999.0,19.9,19.4
104597.572901,20.4,999.0,19.9,19.4
104607.593065,20.4,999.0,19.9,19.4
104617.631618,20.4,999.0,20.0,19.4
104627.655882,20.3,999.0,19.9,19.4
104637.684981,20.4,999.0,20.0,19.4
