Elapsed [s],T1 [C],T2 [C],T3 [C],T4 [C]
10,17.3,18.8,-999,18.3
20.1,17.4,18.7,-999,18.2
30.1,17.3,18.8,-999,18.1
40.1,17.4,18.8,-999,18.1
50.2,17.4,18.7,-999,18.2
60.2,17.4,18.7,-999,18.1
70.2,17.4,18.8,-999,18.2
80.2,17.3,18.7,-999,18.1
90.2,17.4,18.8,-999,18.3
100.3,17.4,18.8,-999,18.1
110.3,17.4,18.8,-999,18.2
120.3,17.3,18.8,-999,18.2
130.3,17.3,18.8,-999,18.2
140.3,17.4,18.8,-999,18.1
150.3,17.4,18.8,-999,18.1
160.4,17.4,18.8,-999,18.2
170.4,17.3,18.9,-999,18.3
180.4,17.4,18.8,-999,18.2
190.4,17.4,18.8,-999,18.1
200.4,17.4,18.8,-999,18.2
210.5,17.4,18.9,-999,18.2
220.5,17.4,18.8,-999,18.2
230.5,17.4,18.8,-999,18.2
240.5,17.4,18.8,-999,18.2
250.5,17.4,18.8,-999,18.2
260.5,17.4,18.8,-999,18.2
270.6,17.4,18.8,-999,18.2
280.6,17.4,18.8,-999,18.2
290.6,17.4,18.8,-999,18.3
300.6,17.4,18.8,-999,18.2
310.7,17.4,18.8,-999,18.2
320.7,17.4,18.8,-999,18.2
330.7,17.4,18.8,-999,18.2
340.7,17.4,18.8,-999,18.2
350.7,17.4,18.8,-999,18.2
360.8,17.4,18.8,-999,18.2
370.8,17.4,18.9,-999,18.2
380.8,17.4,18.9,-999,18.1
390.8,17.4,18.9,-999,18.3
400.8,17.3,18.9,-999,18.2
410.9,17.4,18.8,-999,18.2
420.9,17.4,18.8,-999,18.2
430.9,17.4,18.9,-999,18.2
441,17.4,18.9,-999,18.2
451,17.4,18.9,-999,18.2
461,17.4,18.8,-999,18.2
471,17.4,18.8,-999,18.3
481,17.4,18.9,-999,18.2
491,17.4,18.8,-999,18.2
501.1,17.4,18.9,-999,18.2
511.1,17.4,18.9,-999,18.2
521.1,17.4,18.8,-999,18.2
531.1,17.4,18.9,-999,18.2
541.1,17.4,18.8,-999,18.2
551.2,17.4,18.9,-999,18.2
561.2,17.4,18.8,-999,18.2
571.2,17.4,18.9,-999,18.2
581.2,17.4,18.9,-999,18.2
591.2,17.4,19,-999,18.3
601.3,17.4,18.9,-999,18.2
611.3,17.4,18.8,-999,18.2
621.3,17.4,18.9,-999,18.2
631.3,17.5,18.9,-999,18.2
641.3,17.4,18.9,-999,18.2
651.4,17.4,18.9,-999,18.3
661.4,17.4,18.9,-999,18.2
671.4,17.4,18.9,-999,18.2
681.5,17.4,18.8,-999,18.2
691.5,17.4,18.9,-999,18.2
701.5,17.4,18.9,-999,18.2
711.5,17.4,18.9,-999,18.2
721.5,17.5,18.9,-999,18.2
731.6,17.4,18.8,-999,18.2
741.6,17.5,18.9,-999,18.2
751.6,17.4,18.9,-999,18.4
761.6,17.5,18.9,-999,18.2
771.6,17.4,18.9,-999,18.2
781.7,17.4,18.9,-999,18.2
791.7,17.4,18.9,-999,18.2
801.7,17.4,18.9,-999,18.2
811.7,17.4,18.9,-999,18.3
821.7,17.5,18.9,-999,18.2
831.8,17.4,18.9,-999,18.2
841.8,17.5,18.9,-999,18.2
851.8,17.5,18.9,-999,18.4
861.8,17.4,18.9,-999,18.2
871.9,17.4,18.9,-999,18.3
881.9,17.5,18.9,-999,18.4
891.9,17.4,18.9,-999,18.2
901.9,17.4,18.9,-999,18.2
912,17.5,18.9,-999,18.4
922,17.4,18.9,-999,18.2
932,17.4,18.9,-999,18.2
942,17.4,18.9,-999,18.2
952.1,17.4,18.9,-999,18.2
962.1,17.5,18.9,-999,18.3
972.1,17.4,18.9,-999,18.2
982.1,17.4,18.9,-999,18.2
992.2,17.5,18.9,-999,18.4
1002.2,17.4,18.9,-999,18.2
1012.2,17.4,18.9,-999,18.2
1022.2,17.5,18.9,-999,18.2
1032.2,17.5,18.9,-999,18.3
1042.3,17.4,18.9,-999,18.4
1052.3,17.5,18.9,-999,18.2
1062.3,17.5,18.9,-999,18.3
1072.4,17.4,18.9,-999,18.2
1082.4,17.5,18.9,-999,18.2
1092.4,17.4,18.9,-999,18.2
1102.4,17.5,18.9,-999,18.4
1112.5,17.4,18.9,-999,18.3
1122.5,17.5,18.9,-999,18.2
1132.5,17.4,18.9,-999,18.3
1142.6,17.5,18.9,-999,18.3
1152.6,17.5,18.9,-999,18.2
1162.6,17.5,18.9,-999,18.2
1172.6,17.5,19,-999,18.2
1182.6,17.5,18.9,-999,18.3
1192.7,17.5,18.9,-999,18.2
1202.7,17.5,19,-999,18.2
1212.7,17.5,18.9,-999,18.2
1222.8,17.4,18.9,-999,18.2
1232.8,17.4,18.9,-999,18.4
1242.8,17.5,18.9,-999,18.2
1252.9,17.4,18.9,-999,18.2
1262.9,17.4,18.8,-999,18.2
1272.9,17.4,18.9,-999,18.2
1282.9,17.4,18.8,-999,18.2
1292.9,17.4,18.9,-999,18.3
1302.9,17.3,18.8,-999,18.1
1313,17.3,18.9,-999,18.2
1323,17.3,18.8,-999,18.1
1333,17.3,18.8,-999,18.2
1343,17.3,18.8,-999,18.1
1353.1,17.3,18.8,-999,18.1
1363.1,17.3,18.8,-999,18.1
1373.1,17.3,18.8,-999,18.1
1383.1,17.3,18.8,-999,18.1
1393.1,17.3,18.8,-999,18.2
1403.2,17.3,18.9,-999,18.1
1413.2,17.3,18.8,-999,18.3
1423.2,17.4,18.8,-999,18.1
1433.2,17.3,18.8,-999,18.3
1443.2,17.4,18.8,-999,18.2
1453.3,17.4,18.8,-999,18.2
1463.3,17.4,18.8,-999,18.2
1473.3,17.4,18.9,-999,18.1
1483.3,17.4,18.9,-999,18.2
1493.3,17.4,18.9,-999,18.2
1503.4,17.4,18.9,-999,18.2
1513.4,17.4,18.8,-999,18.2
1523.4,17.5,18.9,-999,18.2
1533.4,17.4,18.9,-999,18.2
1543.4,17.4,18.9,-999,18.2
1553.5,17.5,18.9,-999,18.2
1563.5,17.5,18.9,-999,18.2
1573.5,17.5,18.9,-999,18.2
1583.5,17.4,18.8,-999,18.2
1593.5,17.5,18.9,-999,18.2
1603.6,17.5,18.9,-999,18.2
1613.6,17.5,18.9,-999,18.4
1623.6,17.5,18.9,-999,18.2
1633.6,17.5,18.9,-999,18.2
1643.7,17.5,18.9,-999,18.4
1653.7,17.5,18.9,-999,18.2
1663.7,17.5,18.9,-999,18.2
1673.7,17.5,18.9,-999,18.2
1683.7,17.5,18.9,-999,18.2
1693.8,17.5,18.9,-999,18.2
1703.8,17.5,18.9,-999,18.2
1713.8,17.5,18.9,-999,18.2
1723.8,17.6,19,-999,18.2
1733.9,17.5,18.9,-999,18.2
1743.9,17.5,18.9,-999,18.2
1753.9,17.5,18.9,-999,18.2
1763.9,17.6,18.9,-999,18.2
1773.9,17.5,18.9,-999,18.2
1784,17.5,19,-999,18.4
1794,17.5,18.9,-999,18.2
1804,17.5,19,-999,18.2
1814,17.6,18.9,-999,18.2
1824,17.6,18.9,-999,18.2
1834,17.5,18.9,-999,18.2
1844.1,17.5,19,-999,18.4
1854.1,17.6,18.9,-999,18.2
1864.1,17.6,18.9,-999,18.2
1874.2,17.5,19,-999,18.4
1884.2,17.5,18.9,-999,18.3
1894.2,17.6,18.9,-999,18.3
1904.2,17.6,18.9,-999,18.2
1914.3,17.6,19,-999,18.4
1924.3,17.5,18.9,-999,18.3
1934.3,17.5,18.9,-999,18.3
1944.3,17.6,18.9,-999,18.3
1954.4,17.5,19,-999,18.4
1964.4,17.6,18.9,-999,18.3
1974.4,17.5,18.9,-999,18.2
1984.5,17.5,18.9,-999,18.2
1994.5,17.6,18.9,-999,18.3
2004.5,17.6,18.9,-999,18.2
2014.5,17.6,19,-999,18.4
2024.6,17.6,18.9,-999,18.2
2034.6,17.6,18.9,-999,18.3
2044.6,17.6,19,-999,18.2
2054.7,17.5,18.9,-999,18.3
2064.7,17.6,18.9,-999,18.2
2074.7,17.6,19,-999,18.2
2084.7,17.6,19,-999,18.4
2094.8,17.6,18.9,-999,18.3
2104.8,17.6,19,-999,18.3
2114.8,17.6,18.9,-999,18.3
2124.8,17.6,19,-999,18.3
2134.8,17.6,18.9,-999,18.3
2144.9,17.6,19,-999,18.2
2154.9,17.6,18.9,-999,18.3
2164.9,17.6,18.9,-999,18.3
2174.9,17.6,18.9,-999,18.4
2185,17.6,18.9,-999,18.2
2195,17.6,18.9,-999,18.3
2205,17.6,19,-999,18.3
2215,17.6,19,-999,18.3
2225.1,17.6,18.9,-999,18.3
2235.1,17.6,18.9,-999,18.4
2245.1,17.6,19,-999,18.3
2255.1,17.6,19,-999,18.4
2265.2,17.6,19,-999,18.3
2275.2,17.6,19,-999,18.3
2285.2,17.6,18.9,-999,18.3
2295.2,17.6,19,-999,18.3
2305.2,17.6,18.9,-999,18.3
2315.3,17.6,19,-999,18.3
2325.3,17.6,19,-999,18.3
2335.3,17.6,19,-999,18.3
2345.3,17.6,19,-999,18.3
2355.4,17.6,19,-999,18.3
2365.4,17.6,18.9,-999,18.5
2375.4,17.6,19,-999,18.3
2385.5,17.6,18.9,-999,18.4
2395.5,17.6,19,-999,18.4
2405.5,17.6,18.9,-999,18.3
2415.5,17.6,18.9,-999,18.3
2425.5,17.6,19.1,-999,18.5
2435.5,17.6,19,-999,18.3
2445.6,17.6,19,-999,18.5
2455.6,17.6,19,-999,18.3
2465.6,17.6,19,-999,18.3
2475.6,17.6,19.1,-999,18.3
2485.7,17.6,19,-999,18.3
2495.7,17.7,19,-999,18.3
2505.7,17.6,19,-999,18.3
2515.7,17.7,19,-999,18.4
2525.7,17.6,19.1,-999,18.5
2535.7,17.6,19,-999,18.3
2545.8,17.6,19,-999,18.4
2555.8,17.6,19,-999,18.3
2565.8,17.6,19,-999,18.3
2575.8,17.6,18.9,-999,18.3
2585.9,17.6,18.9,-999,18.5
2595.9,17.6,19,-999,18.3
2605.9,17.6,19,-999,18.3
2615.9,17.7,19,-999,18.3
2625.9,17.6,19,-999,18.5
2636,17.7,19,-999,18.3
2646,17.7,19,-999,18.3
2656,17.6,19,-999,18.3
2666,17.7,18.9,-999,18.3
2676,17.6,19.1,-999,18.5
2686.1,17.7,19,-999,18.3
2696.1,17.7,19,-999,18.4
2706.1,17.6,19,-999,18.4
2716.1,17.7,19,-999,18.3
2726.1,17.6,19.1,-999,18.5
2736.2,17.6,19,-999,18.3
2746.2,17.7,19,-999,18.3
2756.2,17.7,19,-999,18.3
2766.2,17.6,19,-999,18.5
2776.2,17.7,19,-999,18.3
2786.3,17.7,19,-999,18.4
2796.3,17.8,19.1,-999,18.4
2806.3,17.7,19,-999,18.3
2816.4,17.7,19,-999,18.4
2826.4,17.7,19,-999,18.4
2836.4,17.7,18.9,-999,18.3
2846.4,17.7,19,-999,18.3
2856.4,17.7,19,-999,18.3
2866.5,17.7,19.1,-999,18.4
2876.5,17.7,19,-999,18.3
2886.5,17.7,19.1,-999,18.4
2896.5,17.7,19,-999,18.3
2906.5,17.6,18.9,-999,18.3
2916.6,17.7,19,-999,18.4
2926.6,17.7,19,-999,18.3
2936.6,17.7,19,-999,18.4
2946.6,17.7,19.1,-999,18.3
2956.6,17.7,19,-999,18.4
2966.7,17.6,19.1,-999,18.4
2976.7,17.7,18.9,-999,18.3
2986.7,17.7,19.1,-999,18.4
2996.7,17.7,19,-999,18.3
3006.8,17.7,19,-999,18.4
3016.8,17.7,19,-999,18.4
3026.8,17.8,19,-999,18.4
3036.8,17.7,19,-999,18.4
3046.9,17.6,19.1,-999,18.4
3056.9,17.7,19,-999,18.4
3066.9,17.7,19,-999,18.4
3076.9,17.7,19,-999,18.4
3086.9,17.7,19,-999,18.3
3097,17.7,19,-999,18.4
3107,17.7,19,-999,18.4
3117,17.6,19,-999,18.5
3127,17.7,19,-999,18.4
3137.1,17.7,19.1,-999,18.4
3147.1,17.7,19,-999,18.3
3157.1,17.7,19,-999,18.4
3167.1,17.7,19.1,-999,18.5
3177.2,17.7,19.1,-999,18.3
3187.2,17.7,19.1,-999,18.4
3197.2,17.7,19.1,-999,18.4
3207.2,17.7,19,-999,18.4
3217.2,17.6,19,-999,18.4
3227.3,17.8,19,-999,18.3
3237.3,17.7,19,-999,18.4
3247.3,17.7,19,-999,18.3
3257.3,17.7,19,-999,18.4
3267.4,17.7,19,-999,18.4
3277.4,17.7,19,-999,18.4
3287.4,17.8,19.1,-999,18.4
3297.4,17.7,19.1,-999,18.4
3307.5,17.8,19,-999,18.3
3317.5,17.8,19,-999,18.4
3327.5,17.7,19,-999,18.3
3337.5,17.7,19.1,-999,18.4
3347.6,17.7,19,-999,18.4
3357.6,17.7,19,-999,18.4
3367.6,17.7,19.1,-999,18.4
3377.7,17.8,19,-999,18.4
3387.7,17.7,19,-999,18.4
3397.7,17.7,19,-999,18.3
3407.7,17.7,19,-999,18.4
3417.7,17.8,19,-999,18.4
3427.7,17.7,19,-999,18.4
3437.7,17.7,19,-999,18.3
3447.8,17.8,19.1,-999,18.4
3457.8,17.7,19.1,-999,18.4
3467.8,17.7,19.1,-999,18.5
3477.8,17.7,19,-999,18.4
3487.8,17.8,19.1,-999,18.4
3497.8,17.7,19.1,-999,18.4
3507.8,17.7,19,-999,18.4
3517.9,17.7,19.1,-999,18.4
3527.9,17.7,19,-999,18.3
3537.9,17.8,19,-999,18.3
3547.9,17.8,19,-999,18.4
3557.9,17.7,19,-999,18.4
3568,17.7,19,-999,18.4
3578,17.7,19,-999,18.3
3588,17.8,19.1,-999,18.4
3598,17.7,19,-999,18.4
3608,17.8,19,-999,18.4
3618,17.7,19.1,-999,18.4
3628,17.8,19.1,-999,18.4
3638,17.7,19.1,-999,18.5
3648.1,17.8,19,-999,18.4
3658.1,17.7,19,-999,18.4
3668.1,17.7,19,-999,18.4
3678.1,17.7,19,-999,18.4
3688.1,17.8,19.1,-999,18.4
3698.1,17.8,19,-999,18.4
3708.1,17.8,19,-999,18.3
3718.2,17.7,19,-999,18.3
3728.2,17.8,19.1,-999,18.4
3738.2,17.7,19,-999,18.4
3748.2,17.8,19,-999,18.4
3758.3,17.8,19,-999,18.5
3768.3,17.8,19.1,-999,18.4
3778.3,17.8,19,-999,18.4
3788.3,17.8,19,-999,18.3
3798.3,17.8,19.1,-999,18.4
3808.4,17.8,19.1,-999,18.4
3818.4,17.8,19,-999,18.4
3828.4,17.8,19.1,-999,18.4
3838.4,17.8,19,-999,18.4
3848.5,17.8,19,-999,18.5
3858.5,17.8,19.1,-999,18.4
3868.5,17.8,19,-999,18.4
3878.6,17.8,19.1,-999,18.3
3888.6,17.8,19.1,-999,18.4
3898.6,17.8,19,-999,18.4
3908.7,17.7,19,-999,18.4
3918.7,17.8,19.1,-999,18.3
3928.7,17.8,19,-999,18.4
3938.8,17.8,19.1,-999,18.5
3948.8,17.7,19,-999,18.4
3958.8,17.8,19.1,-999,18.4
3968.9,17.8,19,-999,18.4
3978.9,17.8,19.1,-999,18.5
3988.9,17.8,19,-999,18.4
3998.9,17.8,19,-999,18.4
4008.9,17.8,19,-999,18.5
4019,17.8,19,-999,18.4
4029,17.7,19.1,-999,18.4
4039,17.8,19.1,-999,18.4
4049.1,17.9,19.1,-999,18.4
4059.1,17.8,19,-999,18.4
4069.1,17.8,19,-999,18.4
4079.1,17.8,19,-999,18.5
4089.1,17.7,19,-999,18.4
4099.2,17.7,19.1,-999,18.4
4109.2,17.8,19.1,-999,18.5
4119.2,17.8,19.1,-999,18.4
4129.3,17.8,19.1,-999,18.4
4139.3,17.7,19.1,-999,18.5
4149.3,17.8,19,-999,18.4
4159.3,17.8,19,-999,18.3
4169.4,17.8,19.1,-999,18.4
4179.4,17.8,19,-999,18.5
4189.4,17.8,19.1,-999,18.4
4199.4,17.8,19.1,-999,18.4
4209.5,17.8,19.1,-999,18.4
4219.5,17.8,19.1,-999,18.3
4229.5,17.8,19.1,-999,18.4
4239.5,17.8,19.1,-999,18.4
4249.5,17.8,19,-999,18.3
4259.6,17.8,19.1,-999,18.4
4269.6,17.8,19.1,-999,18.3
4279.6,17.8,19,-999,18.4
4289.7,17.8,19.1,-999,18.4
4299.7,17.8,19.1,-999,18.4
4309.7,17.8,19.1,-999,18.4
4319.7,17.7,19.1,-999,18.3
4329.8,17.8,19,-999,18.4
4339.8,17.8,19.1,-999,18.4
4349.8,17.8,19,-999,18.4
4359.9,17.8,19.1,-999,18.4
4369.9,17.8,19.1,-999,18.4
4379.9,17.8,19,-999,18.4
4389.9,17.8,19.1,-999,18.4
4399.9,17.8,19.1,-999,18.5
4410,17.8,19.1,-999,18.4
4420,17.8,19,-999,18.4
4430,17.9,19.1,-999,18.4
4440,17.9,19.1,-999,18.3
4450.1,17.8,19.1,-999,18.5
4460.1,17.8,19,-999,18.4
4470.1,17.8,19.1,-999,18.3
4480.2,17.8,19,-999,18.4
4490.2,17.8,19.1,-999,18.4
4500.2,17.8,19,-999,18.4
4510.2,17.8,19,-999,18.3
4520.3,17.8,19.1,-999,18.4
4530.3,17.8,19.1,-999,18.4
4540.3,17.8,19.1,-999,18.5
4550.3,17.8,19.1,-999,18.4
4560.3,17.8,19,-999,18.4
4570.4,17.9,19.1,-999,18.4
4580.4,17.8,19.1,-999,18.4
4590.4,17.8,19.1,-999,18.4
4600.4,17.8,19.1,-999,18.4
4610.4,17.9,19.1,-999,18.3
4620.4,17.8,19.1,-999,18.5
4630.4,17.9,19,-999,18.4
4640.5,17.8,19.1,-999,18.3
4650.5,17.9,19.1,-999,18.4
4660.5,17.8,19.1,-999,18.4
4670.5,17.9,19.1,-999,18.4
4680.5,17.8,19.1,-999,18.4
4690.6,17.9,19.1,-999,18.4
4700.6,17.8,19.1,-999,18.4
4710.6,17.9,19.1,-999,18.5
4720.6,17.9,19,-999,18.4
4730.7,17.9,19,-999,18.4
4740.7,17.8,19.1,-999,18.4
4750.7,17.9,19.1,-999,18.4
4760.8,17.8,19.1,-999,18.6
4770.8,17.9,19,-999,18.3
4780.8,17.9,19.1,-999,18.4
4790.8,17.8,19,-999,18.4
4800.9,17.8,19,-999,18.4
4810.9,17.8,19.1,-999,18.4
4820.9,17.9,19.1,-999,18.5
4831,17.9,19.1,-999,18.4
4841,17.9,19.1,-999,18.4
4851,17.8,19.1,-999,18.4
4861,17.8,19.1,-999,18.4
4871.1,17.9,19,-999,18.4
4881.1,17.9,19.1,-999,18.5
4891.1,17.9,19,-999,18.4
4901.1,17.8,19.1,-999,18.5
4911.1,17.9,19.1,-999,18.4
4921.1,17.9,19.1,-999,18.4
4931.2,17.9,19.1,-999,18.4
4941.2,17.9,19.1,-999,18.4
4951.2,17.9,19.1,-999,18.4
4961.2,17.9,19.1,-999,18.5
4971.3,17.9,19.1,-999,18.4
4981.3,17.9,19.1,-999,18.5
4991.3,17.9,19.1,-999,18.4
5001.3,17.9,19.1,-999,18.4
5011.3,17.9,19.1,-999,18.4
5021.4,17.9,19.1,-999,18.4
5031.4,17.9,19.1,-999,18.5
5041.4,17.8,19.1,-999,18.4
5051.4,17.9,19,-999,18.4
5061.4,17.9,19.1,-999,18.4
5071.5,17.9,19.1,-999,18.4
5081.5,17.8,19.1,-999,18.4
5091.5,17.9,19,-999,18.4
5101.5,17.9,19.1,-999,18.4
5111.6,17.9,19.1,-999,18.4
5121.6,17.9,19.1,-999,18.4
5131.6,17.9,19.1,-999,18.4
5141.6,17.8,19.1,-999,18.4
5151.6,17.9,19.1,-999,18.5
5161.7,17.9,19.1,-999,18.4
5171.7,17.9,19.1,-999,18.4
5181.7,17.9,19.1,-999,18.5
5191.7,17.9,19,-999,18.4
5201.7,17.9,19.1,-999,18.4
5211.7,17.9,19.1,-999,18.4
5221.8,17.9,19.1,-999,18.4
5231.8,17.9,19.1,-999,18.5
5241.8,17.9,19.1,-999,18.4
5251.8,17.9,19,-999,18.4
5261.8,17.9,19.1,-999,18.6
5271.9,17.9,19.1,-999,18.4
5281.9,17.9,19.1,-999,18.5
5291.9,17.9,19,-999,18.4
5301.9,17.9,19.1,-999,18.5
5311.9,17.9,19.1,-999,18.4
5322,17.9,19.1,-999,18.4
5332,17.9,19.1,-999,18.4
5342,17.9,19.1,-999,18.4
5352,17.9,19.1,-999,18.4
5362,17.9,19.1,-999,18.6
5372.1,17.8,19.1,-999,18.4
5382.1,17.9,19,-999,18.4
5392.1,17.9,19.1,-999,18.4
5402.1,17.9,19.1,-999,18.3
5412.1,17.9,19.1,-999,18.4
5422.1,17.9,19.1,-999,18.4
5432.2,17.9,19.1,-999,18.4
5442.2,17.9,19.1,-999,18.4
5452.2,17.9,19.1,-999,18.4
5462.2,17.9,19.1,-999,18.3
5472.2,17.9,19.1,-999,18.3
5482.3,17.9,19.1,-999,18.4
5492.3,17.9,19.1,-999,18.6
5502.3,17.9,19.1,-999,18.6
5512.4,17.9,19.1,-999,18.4
5522.4,17.9,19.1,-999,18.4
5532.4,18,19.1,-999,18.5
5542.4,17.9,19.1,-999,18.4
5552.5,17.9,19,-999,18.4
5562.5,17.9,19.1,-999,18.4
5572.5,17.9,19.1,-999,18.5
5582.5,17.9,19.1,-999,18.4
5592.6,17.9,19.1,-999,18.4
5602.6,17.9,19.1,-999,18.4
5612.6,17.9,19.1,-999,18.4
5622.7,17.9,19.1,-999,18.4
5632.7,17.9,19.1,-999,18.4
5642.7,17.9,19.1,-999,18.4
5652.8,18,19.1,-999,18.5
5662.8,17.9,19,-999,18.4
5672.8,17.9,19,-999,18.4
5682.9,18,19.1,-999,18.4
5692.9,17.9,19.1,-999,18.4
5702.9,17.9,19.1,-999,18.4
5712.9,17.9,19.1,-999,18.6
5723,17.9,19.1,-999,18.4
5733,17.9,19.1,-999,18.4
5743,17.9,19.1,-999,18.4
5753,17.9,19.1,-999,18.4
5763.1,17.9,19.1,-999,18.4
5773.1,17.9,19,-999,18.4
5783.1,17.9,19.1,-999,18.4
5793.1,17.9,19.1,-999,18.4
5803.2,17.9,19.1,-999,18.4
5813.2,17.9,19.1,-999,18.4
5823.2,17.9,19.1,-999,18.4
5833.3,17.9,19.1,-999,18.4
5843.3,17.9,19.1,-999,18.4
5853.3,17.9,19.1,-999,18.4
5863.3,17.9,19.1,-999,18.4
5873.3,17.9,19.1,-999,18.4
5883.4,17.9,19.1,-999,18.4
5893.4,18,19.1,-999,18.4
5903.4,17.9,19.1,-999,18.6
5913.5,17.9,19.1,-999,18.4
5923.5,17.9,19.1,-999,18.5
5933.5,18,19.1,-999,18.4
5943.5,17.9,19.1,-999,18.4
5953.6,17.9,19.1,-999,18.4
5963.6,18,19.1,-999,18.4
5973.6,17.9,19.1,-999,18.4
5983.6,18,19.1,-999,18.4
5993.7,17.9,19.1,-999,18.4
6003.7,17.9,19.1,-999,18.6
6013.7,17.9,19.1,-999,18.4
6023.8,18,19.1,-999,18.4
6033.8,17.9,19.1,-999,18.4
6043.8,17.9,19.1,-999,18.4
6053.8,17.9,19.1,-999,18.4
6063.8,17.9,19.1,-999,18.4
6073.9,18,19.1,-999,18.4
6083.9,17.9,19.1,-999,18.4
6093.9,18,19.1,-999,18.4
6103.9,17.9,19.1,-999,18.5
6113.9,17.9,19.1,-999,18.4
6124,17.9,19.1,-999,18.4
6134,18,19.1,-999,18.5
6144,17.9,19.1,-999,18.6
6154.1,17.9,19.1,-999,18.4
6164.1,17.9,19,-999,18.4
6174.1,18,19.1,-999,18.4
6184.1,18,19.1,-999,18.4
6194.1,17.9,19.1,-999,18.4
6204.2,17.9,19.1,-999,18.4
6214.2,17.9,19.1,-999,18.4
6224.2,17.9,19.1,-999,18.4
6234.3,17.9,19.1,-999,18.4
6244.3,17.9,19.1,-999,18.4
6254.3,18,19.1,-999,18.4
6264.3,17.9,19.1,-999,18.4
6274.3,18,19.1,-999,18.4
6284.4,17.9,19,-999,18.4
6294.4,18,19.1,-999,18.4
6304.4,17.9,19.1,-999,18.4
6314.4,18,19.1,-999,18.4
6324.4,17.9,19.1,-999,18.4
6334.5,18,19.1,-999,18.4
6344.5,18,19.1,-999,18.4
6354.5,17.9,19,-999,18.4
6364.5,17.9,19.1,-999,18.6
6374.6,17.9,19.1,-999,18.4
6384.6,18,19.1,-999,18.4
6394.6,17.9,19.1,-999,18.4
6404.6,17.9,19,-999,18.4
6414.7,18,19.1,-999,18.6
6424.7,17.9,19.1,-999,18.4
6434.7,17.9,19.1,-999,18.4
6444.7,18,19,-999,18.4
6454.7,17.9,19.1,-999,18.4
6464.8,17.9,19.1,-999,18.4
6474.8,18,19.1,-999,18.4
6484.8,17.9,19.1,-999,18.4
6494.8,17.9,19.1,-999,18.4
6504.8,17.9,19.1,-999,18.4
6514.9,18,19.1,-999,18.4
6524.9,18,19.1,-999,18.4
6534.9,17.9,19.2,-999,18.6
6544.9,17.9,19.1,-999,18.4
6555,17.9,19.1,-999,18.4
6565,17.9,19.1,-999,18.6
6575,17.9,19.1,-999,18.4
6585,18,19.1,-999,18.6
6595.1,18,19.1,-999,18.4
6605.1,18,19.1,-999,18.4
6615.1,18,19.1,-999,18.4
6625.1,17.9,19.1,-999,18.4
6635.1,18,19.1,-999,18.4
6645.2,18,19.1,-999,18.4
6655.2,18.1,19.1,-999,18.4
6665.3,17.9,19.1,-999,18.4
6675.3,17.9,19.1,-999,18.6
6685.3,17.9,19.1,-999,18.4
6695.4,18,19.1,-999,18.4
6705.4,18,19.1,-999,18.5
6715.4,18,19.1,-999,18.4
6725.5,18,19.1,-999,18.4
6735.5,18.1,19.1,-999,18.4
6745.5,17.9,19.1,-999,18.4
6755.5,18,19.1,-999,18.4
6765.5,18,19.1,-999,18.4
6775.6,17.9,19.1,-999,18.4
6785.6,18,19.1,-999,18.4
6795.6,18,19.1,-999,18.4
6805.6,18,19.1,-999,18.4
6815.6,18,19.1,-999,18.5
6825.7,17.9,19.1,-999,18.4
6835.7,18,19.1,-999,18.4
6845.8,18,19.1,-999,18.4
6855.8,18,19.1,-999,18.4
6865.9,18,19.1,-999,18.4
6875.9,18,19.1,-999,18.4
6885.9,18,19.2,-999,18.6
6895.9,18,19.1,-999,18.4
6906,18,19.1,-999,18.4
6916,18,19.1,-999,18.4
6926,18.1,19.1,-999,18.5
6936.1,18,19.1,-999,18.4
6946.1,18,19.1,-999,18.4
6956.1,18,19.1,-999,18.4
6966.2,18,19.1,-999,18.4
6976.2,18,19.1,-999,18.6
6986.2,18,19.1,-999,18.4
6996.3,18,19.1,-999,18.4
7006.3,18,19.2,-999,18.6
7016.3,18,19.1,-999,18.4
7026.3,17.9,19.1,-999,18.6
7036.3,18,19.1,-999,18.4
7046.4,17.9,19.1,-999,18.4
7056.4,18,19.1,-999,18.4
7066.4,18,19.1,-999,18.4
7076.4,18,19.1,-999,18.4
7086.4,18,19.1,-999,18.4
7096.5,18,19.1,-999,18.4
7106.5,18,19.1,-999,18.6
7116.5,18,19.1,-999,18.4
7126.6,18,19.1,-999,18.4
7136.6,18,19.1,-999,18.4
7146.6,17.9,19.2,-999,18.4
7156.6,18,19.1,-999,18.4
7166.7,18,19.1,-999,18.4
7176.7,18,19.1,-999,18.5
7186.7,18,19.1,-999,18.4
7196.7,18,19.1,-999,18.6
7206.8,18.1,19.1,-999,18.4
7216.8,18,19.1,-999,18.4
7226.8,18,19.1,-999,18.5
7236.8,18,19.1,-999,18.4
7246.8,18,19.1,-999,18.5
7256.9,18,19.1,-999,18.4
7266.9,18.1,19.1,-999,18.4
7276.9,18,19.1,-999,18.4
7286.9,18,19.1,-999,18.4
7296.9,18,19.1,-999,18.4
7307,18,19.1,-999,18.4
7317,18,19.2,-999,18.6
7327,18,19.1,-999,18.4
7337,18.1,19.1,-999,18.5
7347,18,19.1,-999,18.4
7357,18,19,-999,18.4
7367.1,18,19.1,-999,18.4
7377.1,18,19.1,-999,18.4
7387.1,18,19.1,-999,18.6
7397.2,18,19.1,-999,18.4
7407.2,18,19.1,-999,18.4
7417.2,18,19.1,-999,18.4
7427.2,18,19.1,-999,18.4
7437.2,18,19.1,-999,18.4
7447.3,18,19.1,-999,18.4
7457.3,18,19.1,-999,18.5
7467.3,18,19.1,-999,18.4
7477.3,18,19.1,-999,18.4
7487.3,18,19.1,-999,18.4
7497.4,18.1,19.1,-999,18.5
7507.4,18.1,19.1,-999,18.4
7517.4,18,19.1,-999,18.4
7527.5,18.1,19.1,-999,18.4
7537.5,18,19.1,-999,18.5
7547.5,18,19.1,-999,18.4
7557.5,18,19.1,-999,18.4
7567.6,18,19.1,-999,18.4
7577.6,18,19.1,-999,18.6
7587.6,18,19.1,-999,18.4
7597.6,18,19.1,-999,18.4
7607.7,18,19.1,-999,18.6
7617.7,18,19.2,-999,18.4
7627.8,18,19.1,-999,18.4
7637.8,18,19.2,-999,18.5
7647.8,18,19.1,-999,18.4
7657.8,18,19.1,-999,18.6
7667.8,18.1,19.1,-999,18.5
7677.9,18,19.2,-999,18.6
7687.9,18.1,19.1,-999,18.4
7697.9,18.1,19.1,-999,18.4
7707.9,18.1,19.1,-999,18.5
7718,18,19.1,-999,18.4
7728,18,19.1,-999,18.6
7738,18,19.1,-999,18.4
7748.1,18,19.1,-999,18.4
7758.1,18.1,19.1,-999,18.4
7768.1,18.1,19.1,-999,18.4
7778.1,18,19.1,-999,18.4
7788.1,18,19.1,-999,18.4
7798.1,18.1,19.1,-999,18.5
7808.2,18,19.1,-999,18.6
7818.2,18,19.1,-999,18.4
7828.2,18,19.1,-999,18.4
7838.3,18,19.1,-999,18.4
7848.3,18,19.1,-999,18.5
7858.3,18.1,19.1,-999,18.5
7868.3,18,19.1,-999,18.4
7878.3,18.1,19.1,-999,18.4
7888.3,18.1,19.1,-999,18.4
7898.4,18.1,19.1,-999,18.5
7908.4,18.1,19.1,-999,18.4
7918.4,18,19.1,-999,18.5
7928.4,18,19.2,-999,18.6
7938.4,18,19.1,-999,18.5
7948.5,18,19.1,-999,18.4
7958.6,18,19.1,-999,18.4
7968.6,18,19.1,-999,18.4
7978.7,18,19.1,-999,18.4
7988.7,18.1,19.1,-999,18.4
7998.7,18.1,19.1,-999,18.5
8008.7,18.1,19.1,-999,18.5
8018.7,18,19.1,-999,18.6
8028.8,18.1,19.1,-999,18.5
8038.8,18,19.1,-999,18.4
8048.8,18,19.1,-999,18.5
8058.8,18.1,19.1,-999,18.4
8068.8,18.1,19.1,-999,18.4
8078.8,18.1,19.1,-999,18.5
8088.8,18.1,19.1,-999,18.4
8098.9,18,19.2,-999,18.4
8108.9,18.1,19.1,-999,18.4
8118.9,18.1,19.1,-999,18.4
8128.9,18,19.2,-999,18.4
8138.9,18,19.2,-999,18.6
8148.9,18.1,19.1,-999,18.4
8159,18.1,19.1,-999,18.5
8169,18.1,19.1,-999,18.5
8179,18.1,19.1,-999,18.4
8189,18.1,19.1,-999,18.4
8199,18,19.1,-999,18.6
8209.1,18.1,19.1,-999,18.4
8219.1,18,19.1,-999,18.5
8229.1,18.1,19.1,-999,18.5
8239.1,18.1,19.2,-999,18.4
8249.1,18,19.1,-999,18.5
8259.1,18.1,19.1,-999,18.6
8269.2,18,19.1,-999,18.5
8279.2,18.1,19.1,-999,18.4
8289.2,18.1,19.1,-999,18.6
8299.2,18.1,19.1,-999,18.4
8309.2,18.1,19.1,-999,18.5
8319.2,18,19.1,-999,18.4
8329.2,18.1,19.1,-999,18.5
8339.3,18,19.1,-999,18.4
8349.3,18.1,19.1,-999,18.5
8359.3,18.1,19.1,-999,18.5
8369.3,18.1,19.2,-999,18.5
8379.3,18.1,19.1,-999,18.4
8389.4,18.1,19.2,-999,18.5
8399.4,18.1,19.1,-999,18.4
8409.4,18.1,19.1,-999,18.5
8419.4,18.1,19.1,-999,18.5
8429.4,18.1,19.1,-999,18.5
8439.5,18,19.1,-999,18.5
8449.5,18.1,19.1,-999,18.4
8459.5,18.1,19.1,-999,18.5
8469.5,18.1,19.1,-999,18.5
8479.6,18.1,19.1,-999,18.5
8489.6,18.1,19.1,-999,18.4
8499.6,18.1,19.1,-999,18.4
8509.6,18.1,19.1,-999,18.4
8519.7,18.1,19.1,-999,18.4
8529.7,18.1,19.2,-999,18.4
8539.7,18.1,19.1,-999,18.4
8549.7,18.1,19.2,-999,18.5
8559.7,18.1,19.1,-999,18.4
8569.8,18.1,19.1,-999,18.4
8579.8,18.1,19.1,-999,18.4
8589.8,18.1,19.1,-999,18.4
8599.8,18.1,19.1,-999,18.5
8609.9,18.1,19.1,-999,18.5
8619.9,18.1,19.1,-999,18.4
8629.9,18.1,19.2,-999,18.6
8639.9,18.1,19.1,-999,18.5
8650,18.1,19.1,-999,18.4
8660,18.1,19.1,-999,18.5
8670,18.1,19.1,-999,18.5
8680,18.1,19.1,-999,18.4
8690,18.1,19.1,-999,18.5
8700.1,18.1,19.1,-999,18.5
8710.1,18.1,19.1,-999,18.4
8720.1,18.1,19.1,-999,18.5
8730.1,18.1,19.1,-999,18.4
8740.2,18.1,19.1,-999,18.6
8750.2,18.1,19.1,-999,18.5
8760.2,18.1,19.2,-999,18.5
8770.2,18.1,19.1,-999,18.5
8780.2,18.1,19.1,-999,18.5
8790.2,18.1,19.1,-999,18.6
8800.3,18.1,19.1,-999,18.4
8810.3,18.1,19.1,-999,18.5
8820.3,18.1,19.1,-999,18.5
8830.3,18.1,19.1,-999,18.5
8840.3,18.1,19.1,-999,18.5
8850.4,18.1,19.1,-999,18.5
8860.4,18.1,19.2,-999,18.6
8870.4,18.1,19.1,-999,18.4
8880.5,18,19.1,-999,18.6
8890.5,18.1,19.1,-999,18.5
8900.5,18.1,19.1,-999,18.4
8910.5,18.1,19.1,-999,18.4
8920.5,18.1,19.1,-999,18.5
8930.6,18.1,19.1,-999,18.5
8940.6,18.1,19.2,-999,18.4
8950.6,18.1,19.1,-999,18.4
8960.6,18.1,19.1,-999,18.4
8970.6,18.1,19.1,-999,18.4
8980.7,18.1,19.2,-999,18.6
8990.7,18.1,19.1,-999,18.4
9000.7,18.1,19.2,-999,18.6
9010.7,18.1,19.1,-999,18.5
9020.7,18.1,19.1,-999,18.5
9030.7,18.1,19.1,-999,18.5
9040.8,18,19.1,-999,18.6
9050.8,18.1,19.1,-999,18.4
9060.8,18,19.2,-999,18.6
9070.9,18.1,19.1,-999,18.4
9080.9,18.1,19.2,-999,18.4
9090.9,18.1,19.1,-999,18.4
9100.9,18.1,19.1,-999,18.5
9110.9,18.1,19.1,-999,18.5
9121,18.1,19.1,-999,18.4
9131,18.1,19.1,-999,18.5
9141,18.1,19.1,-999,18.5
9151,18.1,19.1,-999,18.4
9161.1,18.1,19.1,-999,18.4
9171.1,18.1,19.1,-999,18.5
9181.1,18.1,19.1,-999,18.4
9191.1,18.1,19.2,-999,18.5
9201.1,18.1,19.1,-999,18.4
9211.1,18.1,19.1,-999,18.5
9221.2,18.1,19.1,-999,18.4
9231.2,18.1,19.1,-999,18.5
9241.2,18.1,19.1,-999,18.6
9251.3,18.1,19.1,-999,18.4
9261.3,18.1,19.1,-999,18.5
9271.3,18.1,19.2,-999,18.7
9281.4,18.1,19.2,-999,18.6
9291.4,18.1,19.1,-999,18.5
9301.4,18.1,19.1,-999,18.5
9311.4,18.1,19.1,-999,18.5
9321.4,18.1,19.1,-999,18.5
9331.5,18.1,19.1,-999,18.5
9341.5,18.1,19.1,-999,18.5
9351.5,18.1,19.1,-999,18.5
9361.6,18.1,19.1,-999,18.5
9371.6,18.1,19.1,-999,18.5
9381.6,18.1,19.1,-999,18.6
9391.6,18.1,19.2,-999,18.5
9401.6,18.1,19.1,-999,18.5
9411.7,18.1,19.1,-999,18.4
9421.7,18.1,19.1,-999,18.5
9431.7,18.1,19.1,-999,18.4
9441.7,18.1,19.1,-999,18.6
9451.7,18.1,19.1,-999,18.5
9461.8,18.1,19.1,-999,18.5
9471.8,18.1,19.1,-999,18.4
9481.8,18.1,19.1,-999,18.5
9491.8,18.1,19.1,-999,18.4
9501.8,18.1,19.1,-999,18.5
9511.9,18.1,19.1,-999,18.5
9521.9,18.1,19.1,-999,18.5
9531.9,18.1,19.1,-999,18.4
9541.9,18.1,19.1,-999,18.6
9551.9,18.1,19.2,-999,18.6
9562,18.1,19.1,-999,18.5
9572,18.1,19.1,-999,18.5
9582,18.1,19.2,-999,18.6
9592,18.1,19.1,-999,18.5
9602,18.1,19.2,-999,18.6
9612,18.1,19.1,-999,18.5
9622,18.1,19.1,-999,18.5
9632,18.1,19.2,-999,18.5
9642.1,18.1,19.1,-999,18.5
9652.1,18.1,19.1,-999,18.4
9662.1,18.1,19.1,-999,18.6
9672.1,18.1,19.1,-999,18.5
9682.1,18.1,19.2,-999,18.5
9692.2,18.1,19.1,-999,18.5
9702.2,18.2,19.2,-999,18.5
9712.2,18.1,19.1,-999,18.5
9722.3,18.1,19.2,-999,18.6
9732.3,18.1,19.1,-999,18.5
9742.3,18.1,19.1,-999,18.5
9752.3,18.1,19.1,-999,18.5
9762.3,18.1,19.1,-999,18.5
9772.4,18.1,19.1,-999,18.5
9782.4,18.1,19.1,-999,18.5
9792.4,18.1,19.1,-999,18.5
9802.4,18.1,19.1,-999,18.5
9812.5,18.1,19.1,-999,18.5
9822.5,18.1,19.1,-999,18.5
9832.5,18.1,19.1,-999,18.6
9842.5,18.1,19.2,-999,18.6
9852.6,18.1,19.2,-999,18.5
9862.6,18.1,19.1,-999,18.5
9872.6,18.1,19.2,-999,18.6
9882.6,18.1,19.1,-999,18.4
9892.6,18.1,19.2,-999,18.5
9902.7,18.1,19.1,-999,18.5
9912.7,18.1,19.1,-999,18.4
9922.7,18.1,19.1,-999,18.4
9932.7,18.2,19.1,-999,18.5
9942.7,18.1,19.1,-999,18.5
9952.8,18.1,19.2,-999,18.6
9962.8,18.1,19.1,-999,18.5
9972.8,18.1,19.1,-999,18.5
9982.8,18.1,19.2,-999,18.6
9992.9,18.1,19.1,-999,18.5
10002.9,18.1,19.2,-999,18.6
10012.9,18.1,19.2,-999,18.5
10022.9,18.1,19.1,-999,18.4
10033,18.1,19.1,-999,18.5
10043,18.1,19.2,-999,18.5
10053,18.1,19.1,-999,18.5
10063.1,18.1,19.1,-999,18.5
10073.1,18.1,19.1,-999,18.4
10083.1,18.1,19.1,-999,18.5
10093.1,18.1,19.2,-999,18.4
10103.2,18.1,19.1,-999,18.6
10113.2,18.1,19.1,-999,18.5
10123.2,18.1,19.2,-999,18.7
10133.2,18.2,19.1,-999,18.5
10143.2,18.1,19.2,-999,18.5
10153.3,18.1,19.1,-999,18.4
10163.3,18.1,19.1,-999,18.5
10173.3,18.1,19.1,-999,18.5
10183.3,18.1,19.2,-999,18.7
10193.4,18.1,19.1,-999,18.5
10203.4,18.1,19.2,-999,18.6
10213.4,18.2,19.2,-999,18.5
10223.4,18.1,19.1,-999,18.5
10233.5,18.1,19.2,-999,18.4
10243.5,18.1,19.2,-999,18.5
10253.5,18.1,19.1,-999,18.5
10263.5,18.1,19.1,-999,18.5
10273.6,18.1,19.1,-999,18.4
10283.6,18.1,19.1,-999,18.5
10293.6,18.2,19.2,-999,18.6
10303.6,18.1,19.2,-999,18.5
10313.6,18.1,19.1,-999,18.4
10323.7,18.2,19.1,-999,18.5
10333.7,18.1,19.1,-999,18.5
10343.7,18.1,19.1,-999,18.5
10353.8,18.2,19.1,-999,18.5
10363.8,18.1,19.1,-999,18.5
10373.8,18.1,19.2,-999,18.6
10383.8,18.1,19.2,-999,18.5
10393.8,18.1,19.1,-999,18.4
10403.9,18.2,19.1,-999,18.5
10413.9,18.2,19.1,-999,18.5
10423.9,18.1,19.1,-999,18.5
10433.9,18.1,19.1,-999,18.5
10443.9,18.1,19.1,-999,18.5
10454,18.1,19.1,-999,18.5
10464,18.2,19.1,-999,18.5
10474,18.1,19.2,-999,18.5
10484,18.1,19.1,-999,18.5
10494,18.1,19.1,-999,18.5
10504.1,18.1,19.1,-999,18.5
10514.1,18.1,19.1,-999,18.5
10524.1,18.1,19.1,-999,18.5
10534.1,18.1,19.2,-999,18.6
10544.2,18.2,19.1,-999,18.5
10554.2,18.1,19.2,-999,18.4
10564.2,18.2,19.2,-999,18.6
10574.2,18.1,19.1,-999,18.5
10584.2,18.1,19.1,-999,18.5
10594.3,18.1,19.2,-999,18.5
10604.3,18.1,19.2,-999,18.5
10614.3,18.1,19.1,-999,18.5
10624.3,18.1,19.1,-999,18.5
10634.3,18.2,19.1,-999,18.5
10644.4,18.1,19.2,-999,18.7
10654.4,18.1,19.2,-999,18.5
10664.4,18.1,19.1,-999,18.5
10674.4,18.1,19.1,-999,18.5
10684.5,18.2,19.2,-999,18.5
10694.5,18.2,19.2,-999,18.5
10704.5,18.1,19.2,-999,18.5
10714.5,18.1,19.1,-999,18.5
10724.6,18.1,19.1,-999,18.5
10734.6,18.2,19.1,-999,18.5
10744.6,18.1,19.1,-999,18.5
10754.6,18.2,19.1,-999,18.4
10764.6,18.2,19.2,-999,18.5
10774.6,18.1,19.1,-999,18.5
10784.7,18.1,19.1,-999,18.6
10794.7,18.1,19.1,-999,18.6
10804.7,18.1,19.2,-999,18.6
10814.7,18.2,19.1,-999,18.5
10824.8,18.2,19.1,-999,18.5
10834.8,18.1,19.2,-999,18.6
10844.8,18.1,19.1,-999,18.4
10854.9,18.1,19.1,-999,18.4
10864.9,18.1,19.2,-999,18.5
10874.9,18.1,19.1,-999,18.4
10884.9,18.2,19.1,-999,18.5
10894.9,18.1,19.2,-999,18.6
10904.9,18.1,19.1,-999,18.4
10915,18.2,19.1,-999,18.6
10925,18.1,19.1,-999,18.5
10935,18.1,19.2,-999,18.5
10945,18.1,19.2,-999,18.6
10955,18.1,19.2,-999,18.5
10965.1,18.1,19.1,-999,18.5
10975.1,18.1,19.1,-999,18.5
10985.1,18.2,19.1,-999,18.6
10995.1,18.1,19.1,-999,18.5
11005.2,18.2,19.2,-999,18.4
11015.2,18.1,19.1,-999,18.5
11025.2,18.2,19.2,-999,18.4
11035.2,18.1,19.2,-999,18.5
11045.3,18.1,19.2,-999,18.5
11055.3,18.1,19.2,-999,18.5
11065.3,18.1,19.2,-999,18.6
11075.3,18.1,19.1,-999,18.5
11085.4,18.2,19.1,-999,18.5
11095.4,18.1,19.2,-999,18.5
11105.4,18.1,19.1,-999,18.5
11115.4,18.2,19.1,-999,18.5
11125.4,18.1,19.1,-999,18.5
11135.5,18.1,19.1,-999,18.4
11145.5,18.2,19.1,-999,18.6
11155.5,18.2,19.1,-999,18.5
11165.5,18.1,19.2,-999,18.5
11175.6,18.1,19.1,-999,18.5
11185.6,18.1,19.1,-999,18.5
11195.6,18.2,19.1,-999,18.5
11205.6,18.2,19.1,-999,18.6
11215.7,18.1,19.1,-999,18.5
11225.7,18.1,19.1,-999,18.5
11235.8,18.2,19.2,-999,18.7
11245.8,18.2,19.1,-999,18.6
11255.8,18.2,19.1,-999,18.5
11265.8,18.2,19.1,-999,18.5
11275.8,18.1,19.2,-999,18.5
11285.8,18.1,19.1,-999,18.5
11295.9,18.2,19.1,-999,18.6
11305.9,18.1,19.2,-999,18.5
11315.9,18.1,19.1,-999,18.5
11325.9,18.1,19.2,-999,18.5
11335.9,18.2,19.1,-999,18.4
11346,18.1,19.1,-999,18.5
11356,18.2,19.1,-999,18.5
11366,18.2,19.2,-999,18.5
11376,18.1,19.2,-999,18.5
11386,18.1,19.1,-999,18.5
11396.1,18.2,19.1,-999,18.5
11406.1,18.2,19.2,-999,18.5
11416.1,18.1,19.1,-999,18.5
11426.1,18.1,19.2,-999,18.5
11436.2,18.2,19.2,-999,18.5
11446.2,18.1,19.2,-999,18.5
11456.2,18.1,19.2,-999,18.7
11466.2,18.2,19.2,-999,18.5
11476.2,18.2,19.2,-999,18.5
11486.3,18.1,19.1,-999,18.6
11496.3,18.1,19.1,-999,18.5
11506.3,18.2,19.2,-999,18.5
11516.3,18.1,19.2,-999,18.5
11526.3,18.2,19.1,-999,18.5
11536.4,18.2,19.1,-999,18.6
11546.4,18.1,19.1,-999,18.6
11556.4,18.1,19.2,-999,18.5
11566.4,18.1,19.2,-999,18.5
11576.5,18.1,19.1,-999,18.7
11586.5,18.2,19.1,-999,18.5
11596.5,18.2,19.1,-999,18.5
11606.5,18.1,19.2,-999,18.6
11616.5,18.1,19.1,-999,18.5
11626.6,18.2,19.2,-999,18.5
11636.6,18.2,19.1,-999,18.5
11646.6,18.2,19.2,-999,18.6
11656.6,18.1,19.1,-999,18.5
11666.6,18.2,19.1,-999,18.5
11676.7,18.1,19.1,-999,18.5
11686.7,18.2,19.1,-999,18.6
11696.7,18.2,19.2,-999,18.6
11706.7,18.2,19.1,-999,18.5
11716.8,18.1,19.2,-999,18.5
11726.8,18.2,19.1,-999,18.5
11736.8,18.2,19.2,-999,18.6
11746.8,18.2,19.1,-999,18.5
11756.8,18.2,19.2,-999,18.5
11766.9,18.1,19.2,-999,18.6
11776.9,18.2,19.2,-999,18.5
11786.9,18.1,19.1,-999,18.5
11796.9,18.2,19.2,-999,18.6
11806.9,18.1,19.1,-999,18.5
11817,18.1,19.2,-999,18.5
11827,18.2,19.1,-999,18.6
11837,18.1,19.2,-999,18.5
11847,18.1,19.2,-999,18.6
11857,18.1,19.1,-999,18.5
11867.1,18.1,19.1,-999,18.5
11877.1,18.2,19.2,-999,18.7
11887.1,18.1,19.1,-999,18.6
11897.1,18.2,19.1,-999,18.5
11907.2,18.2,19.1,-999,18.5
11917.2,18.1,19.2,-999,18.5
11927.2,18.1,19.2,-999,18.5
11937.2,18.2,19.2,-999,18.6
11947.2,18.1,19.2,-999,18.5
11957.2,18.2,19.1,-999,18.5
11967.3,18.2,19.2,-999,18.7
11977.3,18.1,19.1,-999,18.5
11987.3,18.1,19.2,-999,18.6
11997.4,18.1,19.1,-999,18.5
12007.4,18.1,19.2,-999,18.6
12017.4,18.2,19.1,-999,18.5
12027.4,18.2,19.1,-999,18.5
12037.5,18.2,19.2,-999,18.5
12047.5,18.2,19.2,-999,18.5
12057.5,18.1,19.1,-999,18.5
12067.6,18.2,19.2,-999,18.5
12077.6,18.2,19.1,-999,18.6
12087.6,18.2,19.1,-999,18.6
12097.6,18.1,19.1,-999,18.5
12107.7,18.2,19.1,-999,18.7
12117.7,18.2,19.2,-999,18.6
12127.7,18.2,19.2,-999,18.5
12137.8,18.2,19.1,-999,18.5
12147.8,18.2,19.2,-999,18.6
12157.8,18.2,19.1,-999,18.5
12167.8,18.2,19.1,-999,18.5
12177.9,18.2,19.2,-999,18.5
12187.9,18.2,19.1,-999,18.5
12197.9,18.2,19.1,-999,18.4
12207.9,18.1,19.1,-999,18.7
12218,18.2,19.2,-999,18.5
12228,18.2,19.1,-999,18.5
12238,18.2,19.2,-999,18.5
12248,18.1,19.1,-999,18.5
12258.1,18.1,19.2,-999,18.5
12268.1,18.2,19.2,-999,18.5
12278.1,18.2,19.2,-999,18.5
12288.1,18.2,19.1,-999,18.5
12298.1,18.2,19.2,-999,18.5
12308.2,18.2,19.1,-999,18.5
12318.2,18.2,19.2,-999,18.5
12328.2,18.2,19.2,-999,18.5
12338.2,18.2,19.1,-999,18.5
12348.2,18.2,19.1,-999,18.7
12358.3,18.2,19.2,-999,18.5
12368.3,18.2,19.1,-999,18.5
12378.3,18.2,19.2,-999,18.7
12388.3,18.2,19.2,-999,18.5
12398.4,18.2,19.2,-999,18.5
12408.4,18.1,19.2,-999,18.6
12418.4,18.2,19.2,-999,18.5
12428.5,18.2,19.2,-999,18.5
12438.5,18.2,19.1,-999,18.5
12448.5,18.2,19.2,-999,18.5
12458.5,18.2,19.1,-999,18.5
12468.5,18.1,19.1,-999,18.5
12478.6,18.1,19.2,-999,18.5
12488.6,18.2,19.1,-999,18.5
12498.6,18.2,19.1,-999,18.5
12508.6,18.3,19.2,-999,18.5
12518.7,18.2,19.1,-999,18.5
12528.7,18.2,19.1,-999,18.5
12538.7,18.2,19.2,-999,18.7
12548.7,18.2,19.1,-999,18.5
12558.8,18.2,19.2,-999,18.6
12568.8,18.2,19.2,-999,18.5
12578.8,18.2,19.1,-999,18.5
12588.8,18.2,19.2,-999,18.5
12598.9,18.2,19.1,-999,18.5
12608.9,18.2,19.2,-999,18.6
12618.9,18.2,19.2,-999,18.5
12628.9,18.2,19.1,-999,18.5
12639,18.2,19.1,-999,18.5
12649,18.1,19.1,-999,18.5
12659,18.3,19.2,-999,18.5
12669,18.2,19.2,-999,18.5
12679,18.2,19.1,-999,18.5
12689,18.2,19.1,-999,18.4
12699.1,18.2,19.2,-999,18.6
12709.1,18.2,19.2,-999,18.5
12719.1,18.2,19.1,-999,18.5
12729.1,18.2,19.2,-999,18.7
12739.2,18.3,19.1,-999,18.5
12749.2,18.2,19.1,-999,18.5
12759.2,18.1,19.2,-999,18.6
12769.2,18.2,19.1,-999,18.5
12779.3,18.2,19.1,-999,18.5
12789.3,18.2,19.1,-999,18.5
12799.3,18.1,19.1,-999,18.5
12809.3,18.2,19.1,-999,18.5
12819.4,18.1,19.1,-999,18.6
12829.4,18.2,19.2,-999,18.6
12839.4,18.2,19.2,-999,18.5
12849.4,18.3,19.1,-999,18.5
12859.4,18.1,19.1,-999,18.6
12869.5,18.2,19.1,-999,18.5
12879.5,18.2,19.2,-999,18.5
12889.5,18.2,19.2,-999,18.5
12899.6,18.2,19.2,-999,18.5
12909.6,18.2,19.1,-999,18.5
12919.6,18.1,19.1,-999,18.5
12929.6,18.2,19.2,-999,18.6
12939.7,18.2,19.2,-999,18.5
12949.7,18.2,19.2,-999,18.5
12959.7,18.2,19.2,-999,18.5
12969.7,18.2,19.2,-999,18.5
12979.8,18.2,19.1,-999,18.5
12989.8,18.2,19.2,-999,18.5
12999.8,18.2,19.1,-999,18.5
13009.8,18.2,19.1,-999,18.5
13019.9,18.2,19.2,-999,18.5
13029.9,18.2,19.2,-999,18.5
13039.9,18.2,19.2,-999,18.4
13050,18.2,19.1,-999,18.5
13060,18.2,19.2,-999,18.6
13070,18.2,19.1,-999,18.6
13080,18.2,19.1,-999,18.5
13090,18.3,19.2,-999,18.6
13100,18.1,19.1,-999,18.5
13110,18.2,19.2,-999,18.5
13120.1,18.1,19.2,-999,18.5
13130.1,18.2,19.2,-999,18.6
13140.1,18.2,19.2,-999,18.5
13150.1,18.2,19.1,-999,18.5
13160.1,18.2,19.1,-999,18.5
13170.1,18.2,19.2,-999,18.7
13180.2,18.2,19.2,-999,18.5
13190.2,18.2,19.2,-999,18.5
13200.2,18.1,19.2,-999,18.6
13210.2,18.2,19.2,-999,18.5
13220.2,18.2,19.1,-999,18.5
13230.3,18.2,19.1,-999,18.5
13240.3,18.2,19.1,-999,18.5
13250.3,18.3,19.2,-999,18.5
13260.3,18.2,19.2,-999,18.5
13270.3,18.2,19.2,-999,18.5
13280.4,18.2,19.1,-999,18.5
13290.4,18.3,19.2,-999,18.6
13300.4,18.2,19.2,-999,18.5
13310.4,18.3,19.2,-999,18.5
13320.5,18.2,19.2,-999,18.5
13330.5,18.2,19.2,-999,18.5
13340.5,18.2,19.1,-999,18.5
13350.5,18.2,19.2,-999,18.5
13360.6,18.3,19.2,-999,18.6
13370.6,18.2,19.2,-999,18.5
13380.6,18.3,19.2,-999,18.5
13390.6,18.2,19.1,-999,18.5
13400.6,18.3,19.2,-999,18.6
13410.6,18.2,19.2,-999,18.5
13420.7,18.3,19.2,-999,18.6
13430.7,18.2,19.2,-999,18.5
13440.7,18.2,19.2,-999,18.6
13450.7,18.2,19.2,-999,18.5
13460.8,18.2,19.2,-999,18.5
13470.8,18.2,19.2,-999,18.5
13480.8,18.2,19.2,-999,18.5
13490.8,18.2,19.2,-999,18.5
13500.8,18.3,19.2,-999,18.5
13510.9,18.2,19.1,-999,18.5
13520.9,18.2,19.2,-999,18.5
13530.9,18.2,19.2,-999,18.7
13541,18.2,19.2,-999,18.5
13551,18.2,19.2,-999,18.5
13561,18.3,19.2,-999,18.6
13571,18.2,19.2,-999,18.5
13581,18.2,19.2,-999,18.6
13591.1,18.2,19.3,-999,18.5
13601.1,18.2,19.1,-999,18.5
13611.1,18.2,19.2,-999,18.5
13621.1,18.2,19.1,-999,18.5
13631.1,18.2,19.1,-999,18.5
13641.2,18.2,19.2,-999,18.6
13651.2,18.3,19.2,-999,18.6
13661.2,18.2,19.2,-999,18.5
13671.2,18.2,19.1,-999,18.6
13681.2,18.2,19.2,-999,18.6
13691.3,18.2,19.2,-999,18.5
13701.3,18.3,19.1,-999,18.5
13711.3,18.2,19.2,-999,18.5
13721.3,18.2,19.2,-999,18.6
13731.3,18.2,19.1,-999,18.5
13741.4,18.3,19.2,-999,18.5
13751.4,18.2,19.2,-999,18.5
13761.4,18.3,19.2,-999,18.5
13771.4,18.2,19.2,-999,18.6
13781.5,18.2,19.1,-999,18.5
13791.5,18.3,19.2,-999,18.5
13801.5,18.2,19.1,-999,18.5
13811.6,18.2,19.2,-999,18.5
13821.6,18.2,19.2,-999,18.5
13831.6,18.2,19.2,-999,18.6
13841.6,18.2,19.1,-999,18.5
13851.7,18.2,19.2,-999,18.7
13861.7,18.2,19.3,-999,18.5
13871.7,18.2,19.1,-999,18.5
13881.7,18.2,19.2,-999,18.6
13891.8,18.2,19.2,-999,18.5
13901.8,18.2,19.2,-999,18.5
13911.8,18.2,19.2,-999,18.6
13921.9,18.2,19.1,-999,18.5
13931.9,18.2,19.2,-999,18.6
13941.9,18.2,19.2,-999,18.7
13952,18.2,19.2,-999,18.6
13962,18.2,19.2,-999,18.5
13972,18.2,19.1,-999,18.5
13982.1,18.3,19.2,-999,18.6
13992.1,18.2,19.1,-999,18.7
14002.1,18.2,19.1,-999,18.5
14012.2,18.2,19.2,-999,18.6
14022.2,18.2,19.2,-999,18.5
14032.2,18.2,19.1,-999,18.6
14042.2,18.2,19.2,-999,18.6
14052.3,18.2,19.1,-999,18.5
14062.3,18.2,19.2,-999,18.5
14072.3,18.2,19.2,-999,18.5
14082.3,18.2,19.1,-999,18.5
14092.3,18.2,19.1,-999,18.6
14102.4,18.3,19.2,-999,18.6
14112.4,18.2,19.2,-999,18.7
14122.4,18.3,19.2,-999,18.5
14132.4,18.2,19.2,-999,18.5
14142.4,18.2,19.2,-999,18.6
14152.5,18.2,19.2,-999,18.6
14162.5,18.2,19.2,-999,18.5
14172.5,18.3,19.2,-999,18.5
14182.5,18.3,19.2,-999,18.7
14192.5,18.2,19.2,-999,18.5
14202.6,18.3,19.3,-999,18.6
14212.6,18.2,19.3,-999,18.5
14222.6,18.2,19.1,-999,18.5
14232.7,18.3,19.2,-999,18.5
14242.7,18.2,19.2,-999,18.6
14252.7,18.3,19.2,-999,18.5
14262.8,18.2,19.2,-999,18.5
14272.8,18.3,19.2,-999,18.5
14282.8,18.2,19.2,-999,18.5
14292.8,18.3,19.2,-999,18.5
14302.8,18.3,19.2,-999,18.5
14312.9,18.2,19.1,-999,18.5
14322.9,18.2,19.2,-999,18.6
14332.9,18.2,19.3,-999,18.5
14342.9,18.3,19.2,-999,18.5
14352.9,18.3,19.2,-999,18.6
14363,18.2,19.2,-999,18.6
14373,18.3,19.2,-999,18.5
14383,18.2,19.1,-999,18.5
14393,18.3,19.2,-999,18.7
14403,18.2,19.2,-999,18.5
14413.1,18.3,19.2,-999,18.6
14423.1,18.3,19.2,-999,18.6
14433.1,18.2,19.1,-999,18.5
14443.1,18.2,19.2,-999,18.6
14453.2,18.2,19.2,-999,18.5
14463.2,18.2,19.2,-999,18.5
14473.2,18.3,19.3,-999,18.6
14483.2,18.3,19.2,-999,18.5
14493.3,18.2,19.2,-999,18.6
14503.3,18.2,19.2,-999,18.5
14513.3,18.2,19.2,-999,18.5
14523.3,18.2,19.1,-999,18.5
14533.3,18.2,19.1,-999,18.5
14543.3,18.2,19.2,-999,18.5
14553.3,18.3,19.2,-999,18.5
14563.4,18.3,19.3,-999,18.6
14573.4,18.2,19.2,-999,18.5
14583.4,18.3,19.2,-999,18.6
14593.4,18.2,19.2,-999,18.6
14603.5,18.2,19.2,-999,18.6
14613.5,18.2,19.2,-999,18.7
14623.5,18.3,19.2,-999,18.5
14633.5,18.2,19.1,-999,18.5
14643.5,18.2,19.2,-999,18.5
14653.5,18.2,19.1,-999,18.5
14663.5,18.3,19.1,-999,18.5
14673.6,18.2,19.2,-999,18.5
14683.6,18.2,19.2,-999,18.5
14693.6,18.3,19.2,-999,18.6
14703.6,18.3,19.1,-999,18.5
14713.6,18.3,19.2,-999,18.7
14723.7,18.2,19.1,-999,18.5
14733.7,18.3,19.2,-999,18.5
14743.7,18.2,19.2,-999,18.5
14753.7,18.3,19.2,-999,18.6
14763.7,18.3,19.2,-999,18.5
14773.8,18.2,19.2,-999,18.5
14783.8,18.2,19.2,-999,18.5
14793.8,18.2,19.2,-999,18.5
14803.9,18.2,19.1,-999,18.6
14813.9,18.2,19.2,-999,18.6
14823.9,18.3,19.2,-999,18.5
14833.9,18.2,19.2,-999,18.7
14843.9,18.2,19.2,-999,18.5
14854,18.3,19.2,-999,18.6
14864,18.3,19.2,-999,18.6
14874,18.2,19.2,-999,18.5
14884,18.3,19.2,-999,18.6
14894,18.3,19.2,-999,18.6
14904.1,18.2,19.1,-999,18.5
14914.1,18.3,19.2,-999,18.5
14924.1,18.2,19.2,-999,18.5
14934.1,18.3,19.2,-999,18.5
14944.1,18.2,19.1,-999,18.7
14954.2,18.3,19.2,-999,18.5
14964.2,18.2,19.2,-999,18.5
14974.2,18.3,19.2,-999,18.5
14984.2,18.3,19.2,-999,18.5
14994.2,18.2,19.1,-999,18.6
15004.2,18.3,19.2,-999,18.7
15014.3,18.3,19.2,-999,18.5
15024.3,18.2,19.2,-999,18.6
15034.3,18.3,19.1,-999,18.6
15044.3,18.2,19.2,-999,18.5
15054.3,18.3,19.2,-999,18.5
15064.4,18.3,19.2,-999,18.6
15074.4,18.2,19.2,-999,18.5
15084.4,18.3,19.2,-999,18.5
15094.5,18.3,19.2,-999,18.6
15104.5,18.3,19.2,-999,18.5
15114.5,18.2,19.2,-999,18.6
15124.6,18.2,19.2,-999,18.5
15134.6,18.3,19.2,-999,18.6
15144.6,18.3,19.2,-999,18.5
15154.6,18.3,19.2,-999,18.5
15164.7,18.3,19.2,-999,18.6
15174.7,18.2,19.2,-999,18.5
15184.7,18.3,19.1,-999,18.7
15194.7,18.3,19.2,-999,18.6
15204.8,18.2,19.1,-999,18.5
15214.8,18.3,19.2,-999,18.5
15224.8,18.3,19.2,-999,18.6
15234.8,18.3,19.2,-999,18.5
15244.9,18.3,19.1,-999,18.6
15254.9,18.3,19.2,-999,18.6
15264.9,18.3,19.2,-999,18.5
15274.9,18.3,19.2,-999,18.5
15284.9,18.3,19.2,-999,18.5
15295,18.3,19.2,-999,18.5
15305,18.3,19.2,-999,18.6
15315,18.3,19.1,-999,18.5
15325,18.3,19.2,-999,18.7
15335.1,18.3,19.1,-999,18.5
15345.1,18.3,19.2,-999,18.6
15355.1,18.2,19.2,-999,18.5
15365.1,18.2,19.2,-999,18.5
15375.1,18.2,19.2,-999,18.6
15385.2,18.3,19.2,-999,18.7
15395.2,18.3,19.2,-999,18.5
15405.2,18.2,19.1,-999,18.5
15415.2,18.3,19.3,-999,18.6
15425.2,18.3,19.2,-999,18.6
15435.3,18.3,19.2,-999,18.6
15445.3,18.3,19.2,-999,18.5
15455.3,18.3,19.2,-999,18.5
15465.3,18.3,19.2,-999,18.5
15475.3,18.2,19.2,-999,18.6
15485.4,18.3,19.2,-999,18.5
15495.4,18.3,19.2,-999,18.6
15505.4,18.2,19.2,-999,18.5
15515.5,18.3,19.2,-999,18.5
15525.5,18.2,19.1,-999,18.5
15535.5,18.3,19.2,-999,18.5
15545.5,18.3,19.2,-999,18.6
15555.5,18.2,19.3,-999,18.7
15565.6,18.2,19.2,-999,18.5
15575.6,18.3,19.2,-999,18.5
15585.6,18.3,19.2,-999,18.6
15595.6,18.2,19.1,-999,18.6
15605.7,18.3,19.2,-999,18.6
15615.7,18.3,19.1,-999,18.6
15625.7,18.3,19.1,-999,18.5
15635.7,18.3,19.2,-999,18.6
15645.8,18.2,19.2,-999,18.6
15655.8,18.3,19.2,-999,18.5
15665.8,18.3,19.3,-999,18.6
15675.9,18.2,19.2,-999,18.5
15685.9,18.3,19.1,-999,18.5
15696,18.3,19.2,-999,18.6
15706,18.3,19.2,-999,18.5
15716,18.3,19.2,-999,18.5
15726,18.3,19.2,-999,18.5
15736,18.3,19.2,-999,18.6
15746.1,18.3,19.3,-999,18.7
15756.1,18.3,19.2,-999,18.6
15766.1,18.2,19.2,-999,18.5
15776.2,18.3,19.2,-999,18.5
15786.2,18.3,19.2,-999,18.6
15796.2,18.3,19.2,-999,18.6
15806.3,18.3,19.2,-999,18.5
15816.3,18.3,19.2,-999,18.6
15826.3,18.3,19.2,-999,18.5
15836.4,18.3,19.2,-999,18.6
15846.4,18.3,19.1,-999,18.5
15856.4,18.2,19.1,-999,18.5
15866.4,18.2,19.2,-999,18.5
15876.4,18.3,19.2,-999,18.7
15886.5,18.2,19.2,-999,18.5
15896.5,18.3,19.1,-999,18.5
15906.5,18.3,19.2,-999,18.5
15916.6,18.3,19.2,-999,18.6
15926.6,18.2,19.2,-999,18.5
15936.6,18.3,19.2,-999,18.6
15946.6,18.3,19.1,-999,18.6
15956.7,18.3,19.1,-999,18.5
15966.7,18.3,19.2,-999,18.7
15976.7,18.3,19.2,-999,18.6
15986.7,18.3,19.2,-999,18.6
15996.8,18.3,19.1,-999,18.5
16006.8,18.3,19.2,-999,18.7
16016.8,18.3,19.2,-999,18.6
16026.8,18.3,19.2,-999,18.6
16036.8,18.3,19.3,-999,18.7
16046.9,18.3,19.2,-999,18.6
16056.9,18.3,19.2,-999,18.5
16066.9,18.3,19.2,-999,18.5
16076.9,18.2,19.2,-999,18.5
16087,18.3,19.2,-999,18.5
16097,18.3,19.2,-999,18.6
16107,18.3,19.2,-999,18.5
16117.1,18.3,19.2,-999,18.7
16127.1,18.3,19.2,-999,18.5
16137.1,18.3,19.2,-999,18.5
16147.1,18.3,19.1,-999,18.6
16157.1,18.3,19.2,-999,18.5
16167.2,18.3,19.3,-999,18.7
16177.2,18.3,19.2,-999,18.6
16187.2,18.3,19.2,-999,18.6
16197.3,18.3,19.2,-999,18.7
16207.3,18.3,19.1,-999,18.5
16217.3,18.2,19.2,-999,18.6
16227.3,18.3,19.2,-999,18.5
16237.4,18.3,19.2,-999,18.6
16247.4,18.2,19.1,-999,18.5
16257.4,18.3,19.2,-999,18.7
16267.4,18.3,19.2,-999,18.6
16277.5,18.2,19.2,-999,18.5
16287.5,18.3,19.2,-999,18.6
16297.5,18.3,19.2,-999,18.6
16307.5,18.3,19.2,-999,18.5
16317.5,18.3,19.3,-999,18.6
16327.6,18.3,19.2,-999,18.5
16337.6,18.3,19.2,-999,18.6
16347.6,18.3,19.2,-999,18.6
16357.7,18.3,19.2,-999,18.6
16367.7,18.3,19.2,-999,18.5
16377.7,18.2,19.1,-999,18.5
16387.7,18.3,19.2,-999,18.6
16397.7,18.3,19.3,-999,18.7
16407.8,18.3,19.2,-999,18.5
16417.8,18.3,19.2,-999,18.6
16427.8,18.3,19.2,-999,18.6
16437.9,18.3,19.2,-999,18.5
16447.9,18.3,19.2,-999,18.5
16457.9,18.3,19.2,-999,18.6
16467.9,18.3,19.2,-999,18.6
16477.9,18.3,19.2,-999,18.6
16488,18.3,19.2,-999,18.6
16498,18.3,19.2,-999,18.7
16508,18.3,19.2,-999,18.6
16518,18.3,19.2,-999,18.5
16528,18.3,19.2,-999,18.6
16538.1,18.3,19.2,-999,18.6
16548.1,18.3,19.2,-999,18.6
16558.1,18.3,19.2,-999,18.5
16568.1,18.3,19.3,-999,18.7
16578.1,18.3,19.2,-999,18.6
16588.2,18.3,19.1,-999,18.6
16598.2,18.3,19.2,-999,18.6
16608.2,18.3,19.2,-999,18.5
16618.3,18.3,19.2,-999,18.6
16628.3,18.3,19.2,-999,18.6
16638.3,18.3,19.2,-999,18.6
16648.3,18.3,19.2,-999,18.5
16658.3,18.3,19.2,-999,18.6
16668.4,18.3,19.2,-999,18.5
16678.4,18.3,19.1,-999,18.6
16688.4,18.3,19.2,-999,18.6
16698.5,18.3,19.1,-999,18.5
16708.5,18.3,19.2,-999,18.6
16718.5,18.3,19.2,-999,18.5
16728.5,18.3,19.1,-999,18.5
16738.5,18.3,19.2,-999,18.5
16748.6,18.3,19.2,-999,18.5
16758.6,18.3,19.2,-999,18.5
16768.6,18.3,19.2,-999,18.6
16778.6,18.2,19.2,-999,18.5
16788.7,18.3,19.1,-999,18.6
16798.7,18.3,19.2,-999,18.6
16808.7,18.3,19.2,-999,18.7
16818.7,18.3,19.2,-999,18.6
16828.8,18.3,19.3,-999,18.5
16838.8,18.3,19.2,-999,18.5
16848.8,18.3,19.2,-999,18.5
16858.8,18.3,19.2,-999,18.6
16868.8,18.2,19.2,-999,18.6
16878.9,18.3,19.2,-999,18.7
16888.9,18.3,19.2,-999,18.6
16898.9,18.3,19.2,-999,18.6
16909,18.3,19.1,-999,18.5
16919,18.3,19.2,-999,18.6
16929,18.3,19.2,-999,18.6
16939,18.3,19.2,-999,18.6
16949,18.3,19.2,-999,18.7
16959.1,18.3,19.2,-999,18.6
16969.1,18.3,19.2,-999,18.7
16979.1,18.3,19.1,-999,18.5
16989.1,18.3,19.3,-999,18.6
16999.1,18.3,19.2,-999,18.6
17009.2,18.3,19.3,-999,18.6
17019.2,18.3,19.1,-999,18.5
17029.2,18.3,19.2,-999,18.5
17039.2,18.3,19.2,-999,18.7
17049.2,18.3,19.2,-999,18.5
17059.3,18.3,19.2,-999,18.6
17069.3,18.3,19.1,-999,18.6
17079.3,18.3,19.2,-999,18.5
17089.3,18.3,19.2,-999,18.5
17099.3,18.3,19.2,-999,18.6
17109.4,18.3,19.2,-999,18.6
17119.4,18.3,19.3,-999,18.6
17129.4,18.3,19.2,-999,18.6
17139.5,18.3,19.1,-999,18.6
17149.5,18.3,19.3,-999,18.7
17159.5,18.3,19.3,-999,18.6
17169.5,18.3,19.2,-999,18.8
17179.5,18.3,19.2,-999,18.5
17189.5,18.3,19.2,-999,18.6
17199.6,18.3,19.2,-999,18.6
17209.6,18.3,19.2,-999,18.6
17219.6,18.3,19.2,-999,18.6
17229.6,18.3,19.1,-999,18.6
17239.7,18.3,19.2,-999,18.6
17249.7,18.3,19.2,-999,18.6
17259.7,18.3,19.3,-999,18.6
17269.7,18.3,19.2,-999,18.6
17279.7,18.3,19.2,-999,18.5
17289.7,18.3,19.2,-999,18.6
17299.8,18.3,19.2,-999,18.6
17309.8,18.3,19.2,-999,18.7
17319.8,18.3,19.2,-999,18.6
17329.8,18.3,19.2,-999,18.6
17339.8,18.3,19.3,-999,18.5
17349.9,18.3,19.2,-999,18.6
17359.9,18.3,19.2,-999,18.6
17369.9,18.3,19.2,-999,18.6
17379.9,18.3,19.2,-999,18.6
17389.9,18.3,19.1,-999,18.5
17400,18.3,19.2,-999,18.6
17410,18.3,19.2,-999,18.6
17420,18.3,19.3,-999,18.6
17430,18.3,19.2,-999,18.6
17440,18.3,19.2,-999,18.6
17450.1,18.3,19.2,-999,18.6
17460.1,18.3,19.2,-999,18.6
17470.1,18.3,19.2,-999,18.6
17480.1,18.3,19.2,-999,18.5
17490.2,18.3,19.2,-999,18.6
17500.2,18.3,19.2,-999,18.6
17510.2,18.3,19.2,-999,18.7
17520.2,18.3,19.2,-999,18.6
17530.3,18.3,19.1,-999,18.6
17540.3,18.3,19.1,-999,18.6
17550.3,18.3,19.2,-999,18.6
17560.3,18.3,19.2,-999,18.6
17570.3,18.3,19.2,-999,18.6
17580.4,18.3,19.2,-999,18.6
17590.4,18.3,19.2,-999,18.5
17600.4,18.3,19.2,-999,18.7
17610.4,18.3,19.2,-999,18.6
17620.4,18.3,19.2,-999,18.6
17630.5,18.3,19.2,-999,18.6
17640.5,18.3,19.3,-999,18.6
17650.5,18.3,19.2,-999,18.5
17660.5,18.3,19.2,-999,18.6
17670.5,18.3,19.2,-999,18.6
17680.6,18.3,19.2,-999,18.6
17690.6,18.3,19.1,-999,18.6
17700.6,18.3,19.2,-999,18.6
17710.7,18.3,19.2,-999,18.6
17720.7,18.3,19.1,-999,18.5
17730.7,18.3,19.2,-999,18.6
17740.7,18.3,19.2,-999,18.6
17750.8,18.2,19.3,-999,18.6
17760.8,18.3,19.1,-999,18.6
17770.8,18.3,19.2,-999,18.7
17780.8,18.3,19.2,-999,18.6
17790.9,18.3,19.2,-999,18.6
17800.9,18.3,19.2,-999,18.5
17810.9,18.3,19.3,-999,18.6
17821,18.3,19.2,-999,18.6
17831,18.3,19.2,-999,18.6
17841,18.3,19.2,-999,18.6
17851,18.3,19.2,-999,18.6
17861,18.3,19.2,-999,18.5
17871.1,18.3,19.2,-999,18.7
17881.1,18.3,19.2,-999,18.6
17891.1,18.3,19.2,-999,18.6
17901.1,18.3,19.2,-999,18.6
17911.2,18.3,19.2,-999,18.6
17921.2,18.3,19.2,-999,18.6
17931.2,18.3,19.2,-999,18.8
17941.2,18.3,19.2,-999,18.6
17951.2,18.3,19.2,-999,18.5
17961.2,18.3,19.3,-999,18.7
17971.3,18.3,19.2,-999,18.6
17981.3,18.3,19.2,-999,18.6
17991.3,18.3,19.2,-999,18.6
18001.4,18.3,19.2,-999,18.6
18011.4,18.3,19.2,-999,18.6
18021.4,18.3,19.2,-999,18.7
18031.4,18.3,19.2,-999,18.6
18041.5,18.3,19.2,-999,18.6
18051.5,18.3,19.1,-999,18.6
18061.5,18.3,19.3,-999,18.7
18071.5,18.3,19.2,-999,18.6
18081.6,18.3,19.2,-999,18.5
18091.6,18.3,19.2,-999,18.6
18101.6,18.3,19.2,-999,18.6
18111.6,18.3,19.2,-999,18.6
18121.6,18.3,19.2,-999,18.6
18131.6,18.3,19.1,-999,18.6
18141.7,18.3,19.2,-999,18.6
18151.7,18.3,19.3,-999,18.7
18161.7,18.3,19.2,-999,18.5
18171.8,18.3,19.2,-999,18.6
18181.8,18.3,19.2,-999,18.6
18191.8,18.3,19.2,-999,18.6
18201.8,18.3,19.3,-999,18.7
18211.8,18.3,19.2,-999,18.6
18221.9,18.3,19.1,-999,18.6
18231.9,18.3,19.2,-999,18.6
18241.9,18.3,19.2,-999,18.6
18251.9,18.3,19.2,-999,18.6
18262,18.4,19.2,-999,18.6
18272,18.3,19.3,-999,18.6
18282,18.3,19.2,-999,18.6
18292,18.3,19.2,-999,18.6
18302.1,18.3,19.2,-999,18.6
18312.1,18.3,19.2,-999,18.6
18322.1,18.3,19.2,-999,18.6
18332.1,18.3,19.3,-999,18.7
18342.2,18.3,19.2,-999,18.6
18352.2,18.3,19.2,-999,18.6
18362.2,18.3,19.1,-999,18.6
18372.3,18.4,19.2,-999,18.5
18382.3,18.3,19.2,-999,18.6
18392.3,18.3,19.2,-999,18.6
18402.4,18.3,19.2,-999,18.6
18412.4,18.3,19.1,-999,18.6
18422.4,18.3,19.2,-999,18.6
18432.4,18.3,19.2,-999,18.6
18442.5,18.3,19.2,-999,18.6
18452.5,18.3,19.2,-999,18.6
18462.6,18.3,19.3,-999,18.6
18472.6,18.3,19.2,-999,18.6
18482.6,18.3,19.2,-999,18.6
18492.6,18.3,19.2,-999,18.6
18502.7,18.3,19.2,-999,18.7
18512.7,18.3,19.2,-999,18.6
18522.7,18.3,19.3,-999,18.7
18532.8,18.3,19.2,-999,18.6
18542.8,18.3,19.3,-999,18.8
18552.8,18.3,19.2,-999,18.6
18562.9,18.3,19.2,-999,18.6
18572.9,18.3,19.2,-999,18.6
18582.9,18.3,19.2,-999,18.6
18592.9,18.3,19.2,-999,18.6
18602.9,18.3,19.2,-999,18.6
18613,18.3,19.3,-999,18.6
18623,18.3,19.2,-999,18.6
18633.1,18.3,19.2,-999,18.6
18643.1,18.3,19.2,-999,18.6
18653.2,18.3,19.3,-999,18.8
18663.2,18.3,19.2,-999,18.6
18673.2,18.3,19.2,-999,18.5
18683.2,18.3,19.2,-999,18.6
18693.3,18.3,19.3,-999,18.6
18703.3,18.3,19.2,-999,18.6
18713.3,18.3,19.3,-999,18.6
18723.3,18.3,19.2,-999,18.6
18733.4,18.3,19.2,-999,18.6
18743.4,18.3,19.2,-999,18.7
18753.4,18.3,19.2,-999,18.5
18763.4,18.3,19.2,-999,18.6
18773.5,18.4,19.2,-999,18.6
18783.5,18.3,19.2,-999,18.6
18793.5,18.3,19.2,-999,18.6
18803.6,18.3,19.2,-999,18.5
18813.6,18.3,19.2,-999,18.5
18823.6,18.3,19.2,-999,18.6
18833.6,18.3,19.3,-999,18.6
18843.7,18.3,19.2,-999,18.5
18853.7,18.3,19.2,-999,18.6
18863.7,18.3,19.2,-999,18.6
18873.7,18.3,19.2,-999,18.7
18883.8,18.3,19.2,-999,18.6
18893.8,18.3,19.3,-999,18.7
18903.9,18.3,19.2,-999,18.6
18913.9,18.3,19.2,-999,18.6
18923.9,18.3,19.2,-999,18.6
18933.9,18.3,19.2,-999,18.6
18944,18.3,19.1,-999,18.6
18954,18.3,19.2,-999,18.6
18964,18.3,19.2,-999,18.6
18974,18.3,19.1,-999,18.6
18984,18.3,19.2,-999,18.6
18994.1,18.3,19.2,-999,18.6
19004.1,18.4,19.3,-999,18.6
19014.1,18.3,19.1,-999,18.6
19024.2,18.3,19.2,-999,18.6
19034.2,18.3,19.2,-999,18.6
19044.2,18.3,19.2,-999,18.6
19054.3,18.3,19.2,-999,18.6
19064.3,18.3,19.2,-999,18.6
19074.3,18.3,19.2,-999,18.6
19084.3,18.3,19.2,-999,18.5
19094.3,18.3,19.2,-999,18.6
19104.4,18.3,19.2,-999,18.6
19114.4,18.3,19.3,-999,18.8
19124.4,18.3,19.2,-999,18.6
19134.5,18.3,19.2,-999,18.6
19144.5,18.3,19.2,-999,18.6
19154.5,18.3,19.2,-999,18.6
19164.5,18.3,19.2,-999,18.6
19174.5,18.3,19.2,-999,18.6
19184.6,18.3,19.2,-999,18.6
19194.6,18.3,19.3,-999,18.6
19204.6,18.3,19.3,-999,18.7
19214.7,18.3,19.2,-999,18.6
19224.7,18.3,19.3,-999,18.8
19234.7,18.3,19.2,-999,18.6
19244.7,18.3,19.2,-999,18.6
19254.8,18.3,19.2,-999,18.6
19264.8,18.3,19.2,-999,18.6
19274.8,18.3,19.2,-999,18.7
19284.9,18.3,19.2,-999,18.6
19294.9,18.3,19.2,-999,18.6
19304.9,18.3,19.3,-999,18.8
19315,18.3,19.2,-999,18.6
19325,18.3,19.2,-999,18.6
19335,18.4,19.2,-999,18.7
19345.1,18.3,19.2,-999,18.6
19355.1,18.3,19.2,-999,18.6
19365.1,18.3,19.2,-999,18.6
19375.1,18.3,19.2,-999,18.6
19385.2,18.3,19.2,-999,18.6
19395.2,18.3,19.2,-999,18.6
19405.2,18.3,19.2,-999,18.6
19415.3,18.4,19.3,-999,18.8
19425.3,18.3,19.2,-999,18.6
19435.3,18.3,19.2,-999,18.6
19445.3,18.3,19.3,-999,18.7
19455.3,18.3,19.2,-999,18.5
19465.4,18.3,19.3,-999,18.7
19475.4,18.3,19.2,-999,18.6
19485.4,18.3,19.3,-999,18.7
19495.4,18.3,19.2,-999,18.6
19505.5,18.3,19.2,-999,18.6
19515.5,18.3,19.2,-999,18.6
19525.5,18.3,19.2,-999,18.6
19535.5,18.4,19.2,-999,18.6
19545.5,18.3,19.2,-999,18.6
19555.6,18.3,19.2,-999,18.6
19565.6,18.3,19.2,-999,18.6
19575.6,18.3,19.2,-999,18.6
19585.6,18.3,19.2,-999,18.6
19595.6,18.3,19.3,-999,18.7
19605.6,18.3,19.1,-999,18.6
19615.7,18.3,19.3,-999,18.7
19625.7,18.3,19.2,-999,18.6
19635.7,18.3,19.2,-999,18.6
19645.7,18.3,19.2,-999,18.5
19655.7,18.3,19.2,-999,18.6
19665.8,18.3,19.2,-999,18.6
19675.8,18.3,19.2,-999,18.5
19685.8,18.3,19.2,-999,18.6
19695.8,18.3,19.2,-999,18.6
19705.9,18.4,19.2,-999,18.6
19715.9,18.3,19.3,-999,18.6
19725.9,18.3,19.3,-999,18.7
19735.9,18.3,19.2,-999,18.6
19745.9,18.3,19.1,-999,18.6
19756,18.3,19.2,-999,18.6
19766,18.4,19.2,-999,18.6
19776,18.3,19.3,-999,18.6
19786,18.3,19.2,-999,18.6
19796,18.4,19.2,-999,18.7
19806.1,18.3,19.3,-999,18.6
19816.1,18.3,19.2,-999,18.6
19826.1,18.3,19.2,-999,18.6
19836.1,18.3,19.2,-999,18.6
19846.2,18.3,19.3,-999,18.6
19856.2,18.3,19.2,-999,18.6
19866.2,18.3,19.2,-999,18.6
19876.2,18.3,19.2,-999,18.6
19886.2,18.3,19.2,-999,18.6
19896.3,18.3,19.2,-999,18.6
19906.3,18.3,19.2,-999,18.6
19916.3,18.3,19.2,-999,18.6
19926.3,18.3,19.2,-999,18.6
19936.3,18.4,19.1,-999,18.6
19946.4,18.3,19.2,-999,18.6
19956.4,18.3,19.3,-999,18.6
19966.4,18.3,19.2,-999,18.6
19976.4,18.3,19.2,-999,18.6
19986.4,18.3,19.2,-999,18.6
19996.5,18.3,19.2,-999,18.6
20006.5,18.3,19.2,-999,18.6
20016.5,18.3,19.2,-999,18.7
20026.5,18.3,19.3,-999,18.7
20036.6,18.3,19.2,-999,18.6
20046.6,18.3,19.2,-999,18.5
20056.6,18.3,19.3,-999,18.7
20066.6,18.3,19.2,-999,18.6
20076.7,18.3,19.2,-999,18.6
20086.7,18.3,19.2,-999,18.7
20096.7,18.3,19.2,-999,18.6
20106.8,18.3,19.3,-999,18.7
20116.8,18.3,19.2,-999,18.6
20126.8,18.3,19.2,-999,18.6
20136.8,18.3,19.2,-999,18.6
20146.8,18.3,19.3,-999,18.6
20156.9,18.3,19.3,-999,18.6
20166.9,18.3,19.2,-999,18.6
20177,18.3,19.2,-999,18.5
20187,18.3,19.2,-999,18.6
20197,18.3,19.3,-999,18.8
20207,18.3,19.2,-999,18.6
20217,18.3,19.2,-999,18.6
20227.1,18.3,19.2,-999,18.7
20237.1,18.3,19.2,-999,18.6
20247.1,18.3,19.2,-999,18.5
20257.1,18.4,19.2,-999,18.6
20267.2,18.3,19.2,-999,18.6
20277.2,18.3,19.3,-999,18.6
20287.2,18.3,19.3,-999,18.7
20297.2,18.3,19.2,-999,18.6
20307.2,18.3,19.3,-999,18.7
20317.3,18.3,19.2,-999,18.6
20327.3,18.3,19.2,-999,18.6
20337.3,18.3,19.3,-999,18.8
20347.3,18.3,19.2,-999,18.6
20357.3,18.4,19.2,-999,18.6
20367.4,18.3,19.3,-999,18.6
20377.4,18.3,19.2,-999,18.6
20387.4,18.3,19.2,-999,18.6
20397.5,18.3,19.2,-999,18.6
20407.5,18.3,19.1,-999,18.6
20417.5,18.3,19.2,-999,18.7
20427.5,18.3,19.2,-999,18.6
20437.5,18.3,19.2,-999,18.6
20447.5,18.4,19.3,-999,18.7
20457.5,18.3,19.2,-999,18.6
20467.6,18.3,19.2,-999,18.6
20477.6,18.3,19.2,-999,18.6
20487.6,18.3,19.2,-999,18.6
20497.7,18.3,19.2,-999,18.7
20507.7,18.3,19.2,-999,18.6
20517.7,18.3,19.2,-999,18.7
20527.7,18.4,19.2,-999,18.6
20537.8,18.3,19.2,-999,18.6
20547.8,18.3,19.3,-999,18.8
20557.8,18.4,19.2,-999,18.6
20567.8,18.3,19.2,-999,18.6
20577.9,18.3,19.2,-999,18.6
20587.9,18.3,19.2,-999,18.6
20597.9,18.3,19.2,-999,18.6
20607.9,18.5,19.3,-999,18.6
20617.9,18.3,19.3,-999,18.6
20628,18.3,19.3,-999,18.6
20638,18.3,19.2,-999,18.6
20648,18.3,19.2,-999,18.6
20658,18.3,19.2,-999,18.6
20668,18.3,19.2,-999,18.5
20678.1,18.3,19.2,-999,18.8
20688.1,18.3,19.2,-999,18.6
20698.1,18.3,19.2,-999,18.6
20708.1,18.3,19.2,-999,18.6
20718.2,18.3,19.3,-999,18.6
20728.2,18.3,19.2,-999,18.6
20738.2,18.4,19.3,-999,18.6
20748.2,18.3,19.2,-999,18.6
20758.2,18.3,19.3,-999,18.6
20768.3,18.3,19.2,-999,18.6
20778.3,18.3,19.2,-999,18.6
20788.3,18.4,19.2,-999,18.6
20798.3,18.3,19.2,-999,18.6
20808.4,18.3,19.2,-999,18.6
20818.4,18.4,19.2,-999,18.6
20828.4,18.4,19.2,-999,18.7
20838.4,18.3,19.2,-999,18.6
20848.4,18.3,19.2,-999,18.6
20858.5,18.4,19.3,-999,18.6
20868.5,18.3,19.2,-999,18.6
20878.5,18.4,19.2,-999,18.6
20888.5,18.3,19.2,-999,18.6
20898.5,18.3,19.2,-999,18.6
20908.6,18.4,19.2,-999,18.6
20918.6,18.3,19.2,-999,18.6
20928.6,18.3,19.2,-999,18.6
20938.6,18.3,19.2,-999,18.6
20948.7,18.3,19.2,-999,18.6
20958.7,18.4,19.2,-999,18.7
20968.7,18.3,19.2,-999,18.6
20978.7,18.3,19.2,-999,18.6
20988.8,18.3,19.3,-999,18.7
20998.8,18.4,19.3,-999,18.6
21008.8,18.3,19.2,-999,18.6
21018.9,18.3,19.2,-999,18.6
21028.9,18.3,19.2,-999,18.6
21038.9,18.3,19.2,-999,18.6
21049,18.4,19.2,-999,18.6
21059,18.3,19.2,-999,18.6
21069,18.3,19.2,-999,18.6
21079.1,18.3,19.2,-999,18.6
21089.1,18.3,19.2,-999,18.6
21099.1,18.3,19.2,-999,18.6
21109.2,18.3,19.2,-999,18.6
21119.2,18.4,19.2,-999,18.6
21129.2,18.3,19.2,-999,18.6
21139.2,18.4,19.2,-999,18.6
21149.3,18.3,19.2,-999,18.7
21159.3,18.3,19.3,-999,18.7
21169.3,18.3,19.2,-999,18.6
21179.3,18.3,19.3,-999,18.6
21189.4,18.4,19.2,-999,18.6
21199.4,18.3,19.2,-999,18.6
21209.4,18.3,19.2,-999,18.6
21219.4,18.3,19.2,-999,18.6
21229.4,18.3,19.2,-999,18.6
21239.5,18.3,19.2,-999,18.6
21249.5,18.4,19.2,-999,18.5
21259.5,18.3,19.2,-999,18.6
21269.5,18.3,19.3,-999,18.6
21279.6,18.4,19.3,-999,18.6
21289.6,18.3,19.3,-999,18.8
21299.6,18.4,19.2,-999,18.6
21309.6,18.3,19.3,-999,18.6
21319.7,18.3,19.2,-999,18.6
21329.7,18.3,19.2,-999,18.6
21339.7,18.3,19.2,-999,18.7
21349.7,18.3,19.2,-999,18.6
21359.7,18.4,19.2,-999,18.6
21369.8,18.3,19.2,-999,18.5
21379.8,18.3,19.2,-999,18.6
21389.8,18.3,19.2,-999,18.6
21399.9,18.3,19.2,-999,18.6
21409.9,18.3,19.2,-999,18.6
21420,18.4,19.2,-999,18.6
21430,18.3,19.2,-999,18.6
21440,18.3,19.2,-999,18.6
21450,18.3,19.3,-999,18.6
21460.1,18.3,19.2,-999,18.6
21470.1,18.3,19.2,-999,18.6
21480.1,18.3,19.2,-999,18.6
21490.1,18.4,19.2,-999,18.6
21500.1,18.3,19.3,-999,18.8
21510.2,18.4,19.3,-999,18.8
21520.2,18.3,19.2,-999,18.6
21530.2,18.3,19.2,-999,18.6
21540.3,18.4,19.3,-999,18.6
21550.3,18.3,19.2,-999,18.6
21560.3,18.3,19.3,-999,18.8
21570.3,18.3,19.2,-999,18.6
21580.4,18.3,19.3,-999,18.6
21590.4,18.3,19.3,-999,18.7
21600.4,18.4,19.2,-999,18.5
21610.5,18.3,19.2,-999,18.6
21620.5,18.3,19.3,-999,18.6
21630.5,18.3,19.2,-999,18.6
21640.5,18.3,19.2,-999,18.6
21650.6,18.4,19.2,-999,18.6
21660.6,18.3,19.2,-999,18.6
21670.6,18.3,19.3,-999,18.6
21680.6,18.4,19.3,-999,18.6
21690.7,18.4,19.2,-999,18.6
21700.7,18.4,19.2,-999,18.6
21710.7,18.4,19.3,-999,18.6
21720.8,18.4,19.3,-999,18.6
21730.8,18.4,19.2,-999,18.6
21740.8,18.4,19.2,-999,18.6
21750.8,18.4,19.2,-999,18.6
21760.8,18.3,19.2,-999,18.6
21770.9,18.3,19.2,-999,18.6
21780.9,18.3,19.2,-999,18.6
21790.9,18.3,19.3,-999,18.8
21800.9,18.3,19.2,-999,18.6
21811,18.4,19.2,-999,18.6
21821,18.4,19.2,-999,18.6
21831,18.4,19.3,-999,18.6
21841,18.3,19.2,-999,18.6
21851,18.4,19.2,-999,18.6
21861,18.4,19.3,-999,18.6
21871.1,18.3,19.2,-999,18.8
21881.1,18.4,19.2,-999,18.6
21891.1,18.3,19.2,-999,18.6
21901.1,18.3,19.2,-999,18.6
21911.2,18.3,19.3,-999,18.6
21921.2,18.4,19.2,-999,18.6
21931.2,18.4,19.2,-999,18.6
21941.2,18.3,19.2,-999,18.6
21951.2,18.3,19.2,-999,18.6
21961.3,18.4,19.2,-999,18.6
21971.3,18.3,19.3,-999,18.6
21981.3,18.4,19.2,-999,18.6
21991.3,18.3,19.3,-999,18.7
22001.3,18.4,19.3,-999,18.6
22011.4,18.3,19.3,-999,18.6
22021.4,18.3,19.3,-999,18.8
22031.4,18.3,19.2,-999,18.6
22041.5,18.4,19.2,-999,18.6
22051.5,18.3,19.3,-999,18.6
22061.5,18.4,19.2,-999,18.6
22071.5,18.3,19.3,-999,18.6
22081.6,18.3,19.3,-999,18.6
22091.6,18.3,19.2,-999,18.7
22101.6,18.4,19.2,-999,18.6
22111.6,18.4,19.2,-999,18.6
22121.6,18.3,19.3,-999,18.7
22131.7,18.4,19.2,-999,18.6
22141.7,18.3,19.3,-999,18.8
22151.7,18.4,19.3,-999,18.6
22161.8,18.3,19.3,-999,18.8
22171.8,18.3,19.3,-999,18.6
22181.8,18.3,19.3,-999,18.6
22191.8,18.4,19.2,-999,18.6
22201.9,18.3,19.3,-999,18.6
22211.9,18.3,19.2,-999,18.6
22221.9,18.4,19.3,-999,18.6
22231.9,18.4,19.2,-999,18.6
22241.9,18.4,19.2,-999,18.6
22251.9,18.4,19.3,-999,18.6
22262,18.4,19.3,-999,18.6
22272,18.3,19.2,-999,18.6
22282,18.4,19.1,-999,18.6
22292,18.4,19.3,-999,18.6
22302,18.3,19.3,-999,18.8
22312.1,18.3,19.2,-999,18.6
22322.1,18.4,19.3,-999,18.8
22332.1,18.3,19.2,-999,18.6
22342.2,18.3,19.3,-999,18.6
22352.2,18.3,19.3,-999,18.6
22362.2,18.4,19.3,-999,18.6
22372.2,18.4,19.2,-999,18.6
22382.3,18.3,19.2,-999,18.6
22392.3,18.4,19.3,-999,18.6
22402.3,18.3,19.2,-999,18.6
22412.3,18.3,19.2,-999,18.6
22422.4,18.3,19.2,-999,18.6
22432.4,18.4,19.3,-999,18.6
22442.4,18.4,19.2,-999,18.6
22452.4,18.4,19.2,-999,18.6
22462.4,18.4,19.3,-999,18.6
22472.5,18.3,19.2,-999,18.6
22482.5,18.4,19.3,-999,18.6
22492.5,18.3,19.3,-999,18.6
22502.5,18.3,19.2,-999,18.6
22512.5,18.4,19.3,-999,18.6
22522.5,18.4,19.3,-999,18.6
22532.6,18.4,19.3,-999,18.8
22542.6,18.3,19.2,-999,18.6
22552.6,18.4,19.2,-999,18.6
22562.6,18.4,19.2,-999,18.6
22572.7,18.4,19.3,-999,18.6
22582.7,18.4,19.2,-999,18.6
22592.7,18.3,19.2,-999,18.6
22602.7,18.4,19.3,-999,18.6
22612.7,18.4,19.2,-999,18.6
22622.8,18.4,19.3,-999,18.7
22632.8,18.4,19.2,-999,18.6
22642.8,18.4,19.2,-999,18.6
22652.8,18.3,19.3,-999,18.8
22662.8,18.4,19.2,-999,18.6
22672.8,18.4,19.2,-999,18.6
22682.9,18.3,19.2,-999,18.6
22692.9,18.4,19.3,-999,18.6
22702.9,18.4,19.2,-999,18.6
22712.9,18.3,19.2,-999,18.6
22722.9,18.4,19.2,-999,18.6
22733,18.4,19.3,-999,18.6
22743,18.4,19.2,-999,18.6
22753,18.4,19.3,-999,18.6
22763,18.4,19.2,-999,18.6
22773,18.4,19.2,-999,18.6
22783,18.4,19.2,-999,18.6
22793.1,18.4,19.3,-999,18.6
22803.1,18.4,19.2,-999,18.8
22813.1,18.3,19.3,-999,18.6
22823.1,18.4,19.2,-999,18.6
22833.1,18.4,19.3,-999,18.6
22843.1,18.4,19.3,-999,18.7
22853.1,18.4,19.2,-999,18.6
22863.2,18.3,19.2,-999,18.6
22873.2,18.3,19.3,-999,18.6
22883.2,18.3,19.2,-999,18.6
22893.3,18.3,19.2,-999,18.6
22903.3,18.4,19.2,-999,18.6
22913.3,18.4,19.3,-999,18.6
22923.3,18.3,19.3,-999,18.6
22933.3,18.3,19.2,-999,18.6
22943.4,18.3,19.3,-999,18.6
22953.4,18.4,19.2,-999,18.6
22963.4,18.4,19.2,-999,18.6
22973.4,18.4,19.2,-999,18.6
22983.5,18.4,19.3,-999,18.8
22993.5,18.4,19.2,-999,18.6
23003.5,18.4,19.2,-999,18.6
23013.5,18.4,19.3,-999,18.6
23023.6,18.3,19.2,-999,18.6
23033.6,18.3,19.2,-999,18.6
23043.6,18.3,19.3,-999,18.6
23053.6,18.3,19.2,-999,18.6
23063.6,18.4,19.3,-999,18.7
23073.7,18.4,19.2,-999,18.6
23083.7,18.3,19.3,-999,18.8
23093.7,18.4,19.2,-999,18.6
23103.7,18.4,19.3,-999,18.6
23113.7,18.4,19.2,-999,18.6
23123.8,18.4,19.3,-999,18.6
23133.8,18.4,19.3,-999,18.6
23143.8,18.4,19.3,-999,18.6
23153.8,18.3,19.2,-999,18.6
23163.8,18.4,19.2,-999,18.8
23173.8,18.4,19.2,-999,18.6
23183.9,18.4,19.3,-999,18.6
23193.9,18.5,19.3,-999,18.7
23203.9,18.4,19.2,-999,18.6
23213.9,18.3,19.2,-999,18.6
23223.9,18.4,19.3,-999,18.6
23234,18.4,19.2,-999,18.6
23244,18.4,19.3,-999,18.6
23254,18.3,19.3,-999,18.6
23264,18.4,19.3,-999,18.6
23274,18.4,19.2,-999,18.6
23284.1,18.4,19.3,-999,18.6
23294.1,18.4,19.3,-999,18.6
23304.1,18.3,19.3,-999,18.6
23314.2,18.4,19.3,-999,18.6
23324.2,18.4,19.2,-999,18.6
23334.2,18.4,19.2,-999,18.6
23344.3,18.4,19.2,-999,18.6
23354.3,18.4,19.2,-999,18.6
23364.3,18.4,19.3,-999,18.6
23374.3,18.4,19.2,-999,18.6
23384.3,18.4,19.2,-999,18.6
23394.4,18.3,19.2,-999,18.6
23404.4,18.4,19.2,-999,18.8
23414.4,18.4,19.2,-999,18.6
23424.4,18.3,19.3,-999,18.6
23434.5,18.4,19.3,-999,18.8
23444.5,18.4,19.3,-999,18.6
23454.5,18.4,19.3,-999,18.6
23464.5,18.4,19.2,-999,18.6
23474.6,18.4,19.3,-999,18.6
23484.6,18.4,19.3,-999,18.6
23494.6,18.4,19.3,-999,18.6
23504.6,18.4,19.3,-999,18.6
23514.7,18.4,19.3,-999,18.8
23524.7,18.3,19.2,-999,18.6
23534.7,18.4,19.3,-999,18.6
23544.7,18.4,19.3,-999,18.8
23554.7,18.4,19.3,-999,18.6
23564.7,18.4,19.3,-999,18.6
23574.8,18.4,19.3,-999,18.6
23584.8,18.4,19.3,-999,18.6
23594.8,18.4,19.3,-999,18.6
23604.8,18.4,19.2,-999,18.6
23614.8,18.4,19.2,-999,18.6
23624.9,18.4,19.2,-999,18.6
23634.9,18.4,19.2,-999,18.6
23645,18.5,19.3,-999,18.7
23655,18.4,19.2,-999,18.6
23665,18.4,19.3,-999,18.6
23675,18.3,19.3,-999,18.6
23685.1,18.3,19.2,-999,18.6
23695.1,18.3,19.2,-999,18.6
23705.1,18.4,19.3,-999,18.6
23715.1,18.3,19.2,-999,18.6
23725.2,18.3,19.2,-999,18.8
23735.2,18.4,19.2,-999,18.6
23745.2,18.3,19.3,-999,18.8
23755.3,18.4,19.2,-999,18.6
23765.3,18.3,19.2,-999,18.6
23775.3,18.3,19.3,-999,18.6
23785.4,18.4,19.3,-999,18.6
23795.4,18.4,19.3,-999,18.7
23805.4,18.4,19.3,-999,18.6
23815.4,18.4,19.2,-999,18.6
23825.4,18.5,19.3,-999,18.7
23835.5,18.4,19.3,-999,18.6
23845.5,18.4,19.3,-999,18.6
23855.5,18.4,19.3,-999,18.8
23865.6,18.4,19.3,-999,18.6
23875.6,18.4,19.2,-999,18.6
23885.6,18.4,19.2,-999,18.6
23895.6,18.4,19.3,-999,18.6
23905.7,18.4,19.3,-999,18.6
23915.7,18.4,19.3,-999,18.6
23925.7,18.3,19.3,-999,18.6
23935.7,18.4,19.2,-999,18.6
23945.7,18.4,19.2,-999,18.6
23955.7,18.3,19.3,-999,18.6
23965.8,18.4,19.2,-999,18.8
23975.8,18.4,19.2,-999,18.6
23985.8,18.3,19.3,-999,18.8
23995.9,18.4,19.3,-999,18.6
24005.9,18.4,19.2,-999,18.6
24015.9,18.4,19.3,-999,18.7
24025.9,18.4,19.2,-999,18.6
24035.9,18.3,19.2,-999,18.6
24046,18.4,19.3,-999,18.6
24056,18.4,19.2,-999,18.6
24066,18.4,19.2,-999,18.7
24076,18.4,19.3,-999,18.8
24086.1,18.4,19.2,-999,18.6
24096.1,18.3,19.3,-999,18.8
24106.1,18.5,19.2,-999,18.6
24116.1,18.3,19.3,-999,18.6
24126.2,18.4,19.3,-999,18.6
24136.2,18.4,19.2,-999,18.7
24146.2,18.4,19.3,-999,18.6
24156.2,18.4,19.3,-999,18.6
24166.3,18.4,19.3,-999,18.7
24176.3,18.4,19.2,-999,18.6
24186.3,18.3,19.2,-999,18.6
24196.4,18.4,19.3,-999,18.8
24206.4,18.4,19.2,-999,18.6
24216.4,18.4,19.2,-999,18.7
24226.4,18.4,19.3,-999,18.6
24236.5,18.4,19.2,-999,18.6
24246.5,18.4,19.3,-999,18.6
24256.5,18.4,19.3,-999,18.6
24266.5,18.4,19.2,-999,18.6
24276.5,18.4,19.3,-999,18.8
24286.6,18.4,19.2,-999,18.6
24296.6,18.4,19.2,-999,18.6
24306.6,18.4,19.2,-999,18.6
24316.6,18.4,19.3,-999,18.6
24326.7,18.4,19.2,-999,18.6
24336.7,18.4,19.2,-999,18.7
24346.7,18.4,19.3,-999,18.6
24356.7,18.3,19.2,-999,18.6
24366.8,18.4,19.2,-999,18.6
24376.8,18.4,19.2,-999,18.6
24386.8,18.4,19.2,-999,18.6
24396.8,18.4,19.2,-999,18.6
24406.8,18.4,19.2,-999,18.8
24416.9,18.4,19.2,-999,18.6
24426.9,18.4,19.2,-999,18.6
24436.9,18.4,19.3,-999,18.6
24446.9,18.4,19.2,-999,18.6
24456.9,18.4,19.3,-999,18.6
24467,18.4,19.2,-999,18.6
24477,18.3,19.3,-999,18.7
24487,18.4,19.2,-999,18.6
24497,18.4,19.2,-999,18.6
24507,18.4,19.2,-999,18.6
24517.1,18.4,19.3,-999,18.6
24527.1,18.4,19.2,-999,18.6
24537.1,18.4,19.3,-999,18.7
24547.1,18.4,19.3,-999,18.6
24557.1,18.4,19.3,-999,18.6
24567.2,18.4,19.3,-999,18.7
24577.2,18.4,19.2,-999,18.6
24587.2,18.4,19.2,-999,18.6
24597.3,18.4,19.2,-999,18.6
24607.3,18.4,19.2,-999,18.8
24617.3,18.4,19.3,-999,18.6
24627.3,18.4,19.3,-999,18.7
24637.3,18.3,19.3,-999,18.6
24647.4,18.4,19.3,-999,18.6
24657.4,18.4,19.3,-999,18.7
24667.4,18.4,19.3,-999,18.6
24677.4,18.4,19.2,-999,18.6
24687.5,18.5,19.3,-999,18.7
24697.5,18.3,19.3,-999,18.6
24707.5,18.4,19.2,-999,18.6
24717.5,18.3,19.2,-999,18.6
24727.6,18.3,19.3,-999,18.8
24737.6,18.4,19.3,-999,18.6
24747.6,18.4,19.3,-999,18.6
24757.7,18.4,19.3,-999,18.6
24767.7,18.4,19.3,-999,18.7
24777.7,18.3,19.3,-999,18.6
24787.7,18.4,19.2,-999,18.6
24797.7,18.4,19.2,-999,18.6
24807.8,18.4,19.3,-999,18.8
24817.8,18.3,19.3,-999,18.8
24827.8,18.4,19.2,-999,18.6
24837.9,18.4,19.2,-999,18.6
24847.9,18.3,19.3,-999,18.8
24857.9,18.3,19.3,-999,18.7
24867.9,18.4,19.2,-999,18.6
24877.9,18.4,19.2,-999,18.6
24888,18.4,19.3,-999,18.6
24898,18.4,19.2,-999,18.6
24908,18.4,19.2,-999,18.6
24918,18.4,19.3,-999,18.6
24928.1,18.4,19.2,-999,18.7
24938.1,18.4,19.2,-999,18.6
24948.1,18.4,19.2,-999,18.6
24958.2,18.4,19.3,-999,18.7
24968.2,18.4,19.3,-999,18.6
24978.2,18.4,19.2,-999,18.6
24988.2,18.4,19.3,-999,18.6
24998.3,18.4,19.3,-999,18.6
25008.3,18.4,19.3,-999,18.6
25018.3,18.4,19.2,-999,18.6
25028.3,18.4,19.2,-999,18.6
25038.4,18.4,19.3,-999,18.6
25048.4,18.5,19.2,-999,18.7
25058.4,18.4,19.3,-999,18.6
25068.4,18.4,19.3,-999,18.8
25078.4,18.4,19.2,-999,18.6
25088.5,18.4,19.3,-999,18.6
25098.5,18.4,19.3,-999,18.6
25108.5,18.4,19.3,-999,18.6
25118.5,18.4,19.2,-999,18.6
25128.6,18.4,19.3,-999,18.6
25138.6,18.4,19.3,-999,18.6
25148.6,18.4,19.2,-999,18.6
25158.6,18.4,19.3,-999,18.6
25168.6,18.4,19.2,-999,18.8
25178.7,18.4,19.3,-999,18.6
25188.7,18.3,19.2,-999,18.7
25198.7,18.4,19.3,-999,18.6
25208.7,18.4,19.3,-999,18.6
25218.7,18.4,19.3,-999,18.6
25228.8,18.4,19.3,-999,18.6
25238.8,18.4,19.3,-999,18.6
25248.8,18.4,19.3,-999,18.6
25258.9,18.4,19.3,-999,18.6
25268.9,18.4,19.2,-999,18.8
25278.9,18.4,19.2,-999,18.6
25289,18.3,19.3,-999,18.6
25299,18.3,19.3,-999,18.8
25309,18.4,19.2,-999,18.6
25319,18.5,19.3,-999,18.6
25329,18.4,19.3,-999,18.6
25339.1,18.4,19.3,-999,18.6
25349.1,18.4,19.2,-999,18.6
25359.1,18.4,19.3,-999,18.6
25369.1,18.4,19.2,-999,18.6
25379.1,18.4,19.3,-999,18.6
25389.2,18.4,19.3,-999,18.8
25399.2,18.3,19.2,-999,18.6
25409.2,18.4,19.2,-999,18.6
25419.2,18.4,19.2,-999,18.6
25429.2,18.4,19.3,-999,18.6
25439.3,18.4,19.2,-999,18.6
25449.3,18.4,19.3,-999,18.6
25459.3,18.4,19.3,-999,18.7
25469.3,18.3,19.3,-999,18.6
25479.4,18.4,19.2,-999,18.6
25489.4,18.4,19.2,-999,18.6
25499.4,18.4,19.3,-999,18.6
25509.4,18.4,19.2,-999,18.6
25519.4,18.4,19.3,-999,18.8
25529.5,18.4,19.3,-999,18.6
25539.5,18.4,19.2,-999,18.8
25549.5,18.4,19.3,-999,18.7
25559.5,18.4,19.2,-999,18.6
25569.5,18.4,19.2,-999,18.6
25579.5,18.4,19.3,-999,18.6
25589.6,18.3,19.3,-999,18.6
25599.6,18.4,19.3,-999,18.8
25609.7,18.4,19.3,-999,18.6
25619.7,18.4,19.3,-999,18.8
25629.7,18.4,19.3,-999,18.6
25639.7,18.4,19.2,-999,18.6
25649.7,18.4,19.2,-999,18.6
25659.8,18.4,19.3,-999,18.6
25669.8,18.4,19.3,-999,18.8
25679.8,18.4,19.2,-999,18.6
25689.8,18.3,19.3,-999,18.8
25699.8,18.4,19.3,-999,18.6
25709.8,18.4,19.2,-999,18.6
25719.9,18.4,19.3,-999,18.8
25729.9,18.4,19.2,-999,18.6
25739.9,18.4,19.2,-999,18.6
25749.9,18.4,19.3,-999,18.6
25760,18.4,19.2,-999,18.6
25770,18.4,19.3,-999,18.8
25780,18.4,19.2,-999,18.6
25790,18.4,19.2,-999,18.6
25800,18.4,19.3,-999,18.8
25810.1,18.4,19.3,-999,18.6
25820.1,18.4,19.2,-999,18.6
25830.1,18.4,19.3,-999,18.6
25840.1,18.4,19.3,-999,18.6
25850.1,18.4,19.3,-999,18.6
25860.1,18.5,19.3,-999,18.6
25870.2,18.4,19.2,-999,18.6
25880.2,18.4,19.3,-999,18.8
25890.2,18.4,19.3,-999,18.6
25900.2,18.4,19.3,-999,18.6
25910.2,18.4,19.3,-999,18.6
25920.3,18.4,19.2,-999,18.6
25930.3,18.3,19.3,-999,18.6
25940.3,18.4,19.2,-999,18.6
25950.3,18.4,19.2,-999,18.6
25960.3,18.4,19.2,-999,18.6
25970.3,18.3,19.2,-999,18.8
25980.4,18.4,19.3,-999,18.6
25990.4,18.4,19.2,-999,18.6
26000.4,18.4,19.3,-999,18.6
26010.5,18.4,19.3,-999,18.6
26020.5,18.4,19.2,-999,18.6
26030.5,18.3,19.3,-999,18.7
26040.5,18.4,19.2,-999,18.6
26050.5,18.4,19.2,-999,18.6
26060.5,18.4,19.3,-999,18.8
26070.6,18.4,19.3,-999,18.6
26080.6,18.4,19.3,-999,18.6
26090.6,18.3,19.3,-999,18.8
26100.6,18.4,19.2,-999,18.6
26110.6,18.4,19.3,-999,18.6
26120.7,18.4,19.3,-999,18.6
26130.7,18.5,19.2,-999,18.6
26140.7,18.5,19.3,-999,18.6
26150.7,18.4,19.3,-999,18.6
26160.7,18.3,19.3,-999,18.6
26170.8,18.4,19.3,-999,18.8
26180.8,18.4,19.3,-999,18.6
26190.8,18.4,19.3,-999,18.6
26200.9,18.4,19.3,-999,18.6
26210.9,18.4,19.2,-999,18.6
26220.9,18.4,19.3,-999,18.6
26230.9,18.3,19.3,-999,18.6
26241,18.4,19.2,-999,18.6
26251,18.5,19.3,-999,18.6
26261,18.4,19.3,-999,18.6
26271,18.4,19.3,-999,18.8
26281,18.4,19.2,-999,18.6
26291,18.4,19.2,-999,18.6
26301.1,18.3,19.3,-999,18.6
26311.1,18.4,19.3,-999,18.6
26321.1,18.4,19.2,-999,18.6
26331.1,18.3,19.3,-999,18.7
26341.1,18.4,19.3,-999,18.6
26351.2,18.4,19.3,-999,18.8
26361.2,18.4,19.3,-999,18.6
26371.2,18.4,19.3,-999,18.6
26381.3,18.4,19.3,-999,18.6
26391.3,18.4,19.2,-999,18.8
26401.3,18.4,19.3,-999,18.7
26411.3,18.4,19.3,-999,18.6
26421.3,18.4,19.3,-999,18.8
26431.4,18.4,19.3,-999,18.6
26441.4,18.4,19.3,-999,18.8
26451.4,18.4,19.3,-999,18.6
26461.4,18.4,19.2,-999,18.6
26471.4,18.5,19.3,-999,18.7
26481.5,18.4,19.3,-999,18.6
26491.5,18.4,19.2,-999,18.6
26501.5,18.4,19.2,-999,18.6
26511.5,18.4,19.3,-999,18.6
26521.6,18.4,19.3,-999,18.6
26531.6,18.4,19.3,-999,18.6
26541.6,18.4,19.3,-999,18.7
26551.6,18.4,19.3,-999,18.6
26561.7,18.4,19.2,-999,18.6
26571.7,18.4,19.3,-999,18.8
26581.7,18.4,19.3,-999,18.6
26591.7,18.4,19.3,-999,18.6
26601.7,18.4,19.2,-999,18.6
26611.8,18.4,19.2,-999,18.7
26621.8,18.4,19.3,-999,18.6
26631.8,18.4,19.2,-999,18.6
26641.9,18.5,19.2,-999,18.6
26651.9,18.4,19.3,-999,18.7
26661.9,18.5,19.3,-999,18.6
26671.9,18.4,19.3,-999,18.6
26682,18.4,19.3,-999,18.7
26692,18.4,19.3,-999,18.6
26702,18.4,19.3,-999,18.8
26712,18.4,19.3,-999,18.6
26722.1,18.3,19.3,-999,18.6
26732.1,18.5,19.3,-999,18.6
26742.1,18.4,19.3,-999,18.7
26752.1,18.4,19.3,-999,18.6
26762.2,18.4,19.2,-999,18.6
26772.2,18.4,19.3,-999,18.6
26782.2,18.4,19.3,-999,18.6
26792.2,18.4,19.3,-999,18.7
26802.3,18.4,19.3,-999,18.6
26812.3,18.4,19.2,-999,18.6
26822.3,18.5,19.3,-999,18.6
26832.3,18.4,19.3,-999,18.7
26842.3,18.4,19.2,-999,18.6
26852.3,18.4,19.3,-999,18.6
26862.3,18.4,19.3,-999,18.8
26872.4,18.4,19.2,-999,18.6
26882.4,18.5,19.3,-999,18.6
26892.4,18.5,19.2,-999,18.6
26902.4,18.4,19.3,-999,18.6
26912.5,18.4,19.2,-999,18.6
26922.5,18.4,19.3,-999,18.7
26932.5,18.4,19.2,-999,18.7
26942.5,18.4,19.3,-999,18.7
26952.5,18.4,19.3,-999,18.6
26962.6,18.5,19.3,-999,18.6
26972.6,18.4,19.3,-999,18.7
26982.6,18.4,19.3,-999,18.6
26992.6,18.4,19.3,-999,18.6
27002.6,18.4,19.2,-999,18.7
27012.6,18.4,19.3,-999,18.6
27022.7,18.5,19.3,-999,18.6
27032.7,18.5,19.2,-999,18.7
27042.7,18.4,19.3,-999,18.6
27052.7,18.5,19.3,-999,18.6
27062.7,18.5,19.3,-999,18.7
27072.8,18.4,19.3,-999,18.6
27082.8,18.4,19.3,-999,18.6
27092.8,18.4,19.3,-999,18.6
27102.8,18.4,19.2,-999,18.6
27112.8,18.4,19.3,-999,18.6
27122.9,18.4,19.3,-999,18.6
27132.9,18.5,19.3,-999,18.6
27143,18.4,19.3,-999,18.6
27153,18.4,19.3,-999,18.6
27163,18.4,19.2,-999,18.7
27173.1,18.4,19.2,-999,18.7
27183.1,18.4,19.3,-999,18.6
27193.1,18.4,19.2,-999,18.6
27203.1,18.4,19.3,-999,18.6
27213.1,18.4,19.2,-999,18.6
27223.2,18.4,19.3,-999,18.6
27233.2,18.4,19.3,-999,18.6
27243.2,18.5,19.3,-999,18.7
27253.3,18.4,19.3,-999,18.6
27263.3,18.5,19.3,-999,18.6
27273.3,18.5,19.2,-999,18.7
27283.3,18.4,19.3,-999,18.6
27293.4,18.4,19.3,-999,18.8
27303.4,18.4,19.2,-999,18.6
27313.4,18.4,19.3,-999,18.6
27323.5,18.4,19.3,-999,18.6
27333.5,18.5,19.3,-999,18.6
27343.5,18.4,19.3,-999,18.6
27353.6,18.5,19.3,-999,18.7
27363.6,18.4,19.2,-999,18.6
27373.6,18.4,19.3,-999,18.8
27383.6,18.4,19.2,-999,18.6
27393.7,18.5,19.2,-999,18.6
27403.7,18.4,19.3,-999,18.6
27413.7,18.4,19.3,-999,18.6
27423.7,18.4,19.3,-999,18.6
27433.8,18.5,19.3,-999,18.6
27443.8,18.4,19.3,-999,18.6
27453.8,18.4,19.3,-999,18.7
27463.8,18.4,19.3,-999,18.6
27473.9,18.5,19.3,-999,18.6
27483.9,18.5,19.3,-999,18.6
27493.9,18.4,19.3,-999,18.6
27503.9,18.5,19.3,-999,18.7
27513.9,18.4,19.3,-999,18.6
27524,18.4,19.3,-999,18.6
27534,18.5,19.3,-999,18.6
27544,18.4,19.3,-999,18.6
27554,18.5,19.3,-999,18.6
27564,18.4,19.3,-999,18.8
27574.1,18.4,19.3,-999,18.6
27584.1,18.4,19.3,-999,18.6
27594.1,18.5,19.3,-999,18.6
27604.1,18.4,19.2,-999,18.6
27614.2,18.4,19.3,-999,18.6
27624.2,18.5,19.2,-999,18.7
27634.2,18.4,19.3,-999,18.6
27644.2,18.4,19.3,-999,18.7
27654.2,18.4,19.3,-999,18.6
27664.3,18.4,19.3,-999,18.7
27674.3,18.4,19.2,-999,18.6
27684.3,18.4,19.2,-999,18.6
27694.3,18.4,19.3,-999,18.6
27704.3,18.5,19.3,-999,18.7
27714.4,18.4,19.3,-999,18.7
27724.4,18.4,19.3,-999,18.8
27734.4,18.4,19.3,-999,18.6
27744.4,18.4,19.3,-999,18.8
27754.4,18.4,19.3,-999,18.6
27764.5,18.4,19.3,-999,18.6
27774.5,18.5,19.3,-999,18.7
27784.5,18.4,19.2,-999,18.6
27794.6,18.4,19.3,-999,18.6
27804.6,18.4,19.3,-999,18.8
27814.6,18.4,19.2,-999,18.6
27824.6,18.4,19.3,-999,18.6
27834.6,18.4,19.3,-999,18.7
27844.7,18.5,19.3,-999,18.6
27854.7,18.4,19.2,-999,18.6
27864.7,18.4,19.3,-999,18.8
27874.7,18.4,19.3,-999,18.8
27884.8,18.4,19.2,-999,18.6
27894.8,18.4,19.3,-999,18.6
27904.8,18.5,19.2,-999,18.6
27914.8,18.4,19.3,-999,18.6
27924.9,18.5,19.3,-999,18.7
27934.9,18.5,19.3,-999,18.6
27944.9,18.5,19.3,-999,18.6
27954.9,18.4,19.2,-999,18.7
27965,18.4,19.3,-999,18.6
27975,18.5,19.3,-999,18.7
27985,18.5,19.3,-999,18.6
27995,18.4,19.3,-999,18.6
28005,18.4,19.3,-999,18.8
28015.1,18.5,19.3,-999,18.6
28025.1,18.4,19.3,-999,18.6
28035.1,18.4,19.3,-999,18.6
28045.1,18.4,19.3,-999,18.7
28055.1,18.4,19.3,-999,18.8
28065.2,18.4,19.2,-999,18.6
28075.2,18.5,19.3,-999,18.6
28085.2,18.4,19.3,-999,18.6
28095.2,18.4,19.2,-999,18.6
28105.2,18.5,19.3,-999,18.7
28115.3,18.4,19.3,-999,18.6
28125.3,18.4,19.3,-999,18.8
28135.3,18.5,19.3,-999,18.6
28145.3,18.5,19.3,-999,18.6
28155.4,18.5,19.3,-999,18.6
28165.4,18.4,19.3,-999,18.6
28175.5,18.4,19.3,-999,18.6
28185.5,18.4,19.3,-999,18.6
28195.5,18.5,19.3,-999,18.6
28205.5,18.4,19.3,-999,18.6
28215.6,18.4,19.3,-999,18.8
28225.6,18.4,19.3,-999,18.6
28235.6,18.4,19.2,-999,18.6
28245.6,18.4,19.3,-999,18.8
28255.7,18.4,19.3,-999,18.6
28265.7,18.4,19.3,-999,18.7
28275.7,18.5,19.3,-999,18.7
28285.7,18.5,19.3,-999,18.9
28295.7,18.4,19.3,-999,18.6
28305.8,18.5,19.3,-999,18.8
28315.8,18.4,19.2,-999,18.6
28325.8,18.4,19.3,-999,18.6
28335.8,18.4,19.3,-999,18.6
28345.8,18.4,19.3,-999,18.7
28355.9,18.4,19.2,-999,18.6
28365.9,18.4,19.3,-999,18.6
28375.9,18.4,19.3,-999,18.8
28385.9,18.4,19.3,-999,18.6
28396,18.5,19.3,-999,18.7
28406,18.4,19.3,-999,18.8
28416,18.4,19.3,-999,18.6
28426,18.5,19.3,-999,18.6
28436.1,18.4,19.3,-999,18.6
28446.1,18.5,19.3,-999,18.6
28456.1,18.4,19.3,-999,18.7
28466.1,18.5,19.3,-999,18.6
28476.1,18.4,19.3,-999,18.8
28486.2,18.5,19.3,-999,18.6
28496.2,18.5,19.3,-999,18.6
28506.2,18.4,19.3,-999,18.8
28516.2,18.4,19.3,-999,18.6
28526.2,18.4,19.3,-999,18.6
28536.3,18.5,19.2,-999,18.6
28546.3,18.5,19.3,-999,18.6
28556.3,18.5,19.3,-999,18.7
28566.4,18.5,19.2,-999,18.6
28576.4,18.4,19.3,-999,18.7
28586.4,18.4,19.3,-999,18.6
28596.4,18.5,19.3,-999,18.7
28606.4,18.4,19.3,-999,18.6
28616.5,18.4,19.3,-999,18.7
28626.5,18.4,19.3,-999,18.7
28636.5,18.5,19.2,-999,18.6
28646.5,18.4,19.3,-999,18.6
28656.6,18.5,19.3,-999,18.6
28666.6,18.4,19.3,-999,18.6
28676.6,18.4,19.3,-999,18.6
28686.6,18.4,19.2,-999,18.6
28696.6,18.4,19.3,-999,18.8
28706.6,18.4,19.3,-999,18.6
28716.7,18.4,19.3,-999,18.6
28726.7,18.5,19.3,-999,18.7
28736.7,18.4,19.3,-999,18.7
28746.8,18.5,19.3,-999,18.6
28756.8,18.4,19.3,-999,18.6
28766.8,18.6,19.2,-999,18.6
28776.8,18.4,19.3,-999,18.6
28786.9,18.4,19.3,-999,18.6
28796.9,18.5,19.3,-999,18.6
28806.9,18.4,19.3,-999,18.8
28816.9,18.4,19.3,-999,18.6
28826.9,18.4,19.2,-999,18.6
28837,18.4,19.3,-999,18.8
28847,18.4,19.3,-999,18.6
28857,18.4,19.3,-999,18.7
28867,18.5,19.3,-999,18.7
28877,18.5,19.3,-999,18.7
28887,18.4,19.3,-999,18.6
28897.1,18.5,19.3,-999,18.7
28907.1,18.5,19.3,-999,18.6
28917.1,18.5,19.2,-999,18.6
28927.2,18.4,19.3,-999,18.7
28937.2,18.4,19.3,-999,18.6
28947.2,18.5,19.3,-999,18.8
28957.2,18.5,19.2,-999,18.7
28967.2,18.5,19.3,-999,18.6
28977.2,18.4,19.3,-999,18.6
28987.3,18.5,19.3,-999,18.6
28997.3,18.5,19.3,-999,18.6
29007.3,18.4,19.3,-999,18.7
29017.3,18.5,19.3,-999,18.6
29027.4,18.5,19.3,-999,18.6
29037.4,18.4,19.3,-999,18.6
29047.4,18.4,19.3,-999,18.6
29057.5,18.4,19.3,-999,18.6
29067.5,18.4,19.3,-999,18.6
29077.5,18.4,19.3,-999,18.7
29087.6,18.4,19.3,-999,18.6
29097.6,18.5,19.3,-999,18.8
29107.6,18.4,19.3,-999,18.6
29117.7,18.5,19.3,-999,18.6
29127.7,18.4,19.3,-999,18.6
29137.7,18.4,19.3,-999,18.6
29147.8,18.5,19.3,-999,18.6
29157.8,18.5,19.3,-999,18.6
29167.8,18.5,19.3,-999,18.6
29177.9,18.5,19.3,-999,18.6
29187.9,18.5,19.3,-999,18.6
29197.9,18.4,19.3,-999,18.6
29207.9,18.5,19.3,-999,18.6
29217.9,18.4,19.3,-999,18.6
29228,18.5,19.3,-999,18.6
29238,18.5,19.3,-999,18.6
29248,18.5,19.3,-999,18.6
29258,18.5,19.3,-999,18.8
29268.1,18.4,19.2,-999,18.7
29278.1,18.5,19.3,-999,18.7
29288.1,18.5,19.3,-999,18.6
29298.2,18.5,19.2,-999,18.6
29308.2,18.5,19.3,-999,18.9
29318.2,18.5,19.3,-999,18.6
29328.3,18.5,19.3,-999,18.6
29338.3,18.4,19.3,-999,18.7
29348.3,18.4,19.3,-999,18.6
29358.4,18.4,19.3,-999,18.7
29368.4,18.5,19.3,-999,18.6
29378.4,18.4,19.3,-999,18.6
29388.5,18.4,19.3,-999,18.8
29398.5,18.4,19.3,-999,18.7
29408.5,18.4,19.3,-999,18.6
29418.5,18.5,19.3,-999,18.6
29428.5,18.4,19.3,-999,18.6
29438.6,18.4,19.3,-999,18.6
29448.6,18.5,19.3,-999,18.6
29458.7,18.5,19.3,-999,18.6
29468.7,18.5,19.3,-999,18.8
29478.7,18.4,19.3,-999,18.6
29488.8,18.5,19.3,-999,18.6
29498.8,18.4,19.2,-999,18.6
29508.8,18.5,19.3,-999,18.8
29518.8,18.5,19.3,-999,18.7
29528.8,18.4,19.3,-999,18.7
29538.8,18.5,19.3,-999,18.7
29548.9,18.4,19.3,-999,18.7
29558.9,18.4,19.3,-999,18.6
29568.9,18.4,19.3,-999,18.6
29578.9,18.5,19.3,-999,18.6
29588.9,18.5,19.2,-999,18.6
29599,18.5,19.3,-999,18.7
29609,18.4,19.3,-999,18.6
29619,18.5,19.3,-999,18.6
29629,18.5,19.3,-999,18.7
29639,18.5,19.3,-999,18.6
29649.1,18.5,19.3,-999,18.7
29659.1,18.4,19.3,-999,18.7
29669.1,18.4,19.3,-999,18.7
29679.1,18.4,19.2,-999,18.6
29689.2,18.6,19.3,-999,18.7
29699.2,18.5,19.3,-999,18.6
29709.2,18.4,19.3,-999,18.8
29719.2,18.4,19.3,-999,18.6
29729.3,18.4,19.3,-999,18.6
29739.3,18.4,19.3,-999,18.7
29749.3,18.5,19.3,-999,18.7
29759.3,18.4,19.3,-999,18.8
29769.3,18.4,19.3,-999,18.6
29779.4,18.4,19.3,-999,18.6
29789.4,18.4,19.3,-999,18.6
29799.4,18.5,19.3,-999,18.8
29809.5,18.4,19.3,-999,18.6
29819.5,18.4,19.3,-999,18.9
29829.5,18.5,19.3,-999,18.6
29839.5,18.4,19.3,-999,18.6
29849.6,18.5,19.3,-999,18.6
29859.6,18.5,19.3,-999,18.6
29869.6,18.4,19.3,-999,18.6
29879.6,18.4,19.3,-999,18.6
29889.6,18.4,19.3,-999,18.7
29899.7,18.5,19.3,-999,18.6
29909.7,18.4,19.3,-999,18.6
29919.7,18.5,19.3,-999,18.7
29929.8,18.4,19.3,-999,18.6
29939.8,18.5,19.3,-999,18.6
29949.8,18.4,19.3,-999,18.8
29959.8,18.4,19.3,-999,18.6
29969.9,18.4,19.3,-999,18.6
29979.9,18.4,19.3,-999,18.6
29989.9,18.4,19.3,-999,18.6
29999.9,18.4,19.3,-999,18.6
30010,18.5,19.3,-999,18.6
30020,18.4,19.3,-999,18.6
30030,18.5,19.3,-999,18.7
30040,18.5,19.3,-999,18.9
30050,18.4,19.3,-999,18.6
30060.1,18.4,19.3,-999,18.8
30070.1,18.4,19.3,-999,18.6
30080.1,18.5,19.3,-999,18.7
30090.1,18.4,19.3,-999,18.7
30100.2,18.5,19.3,-999,18.6
30110.2,18.5,19.3,-999,18.6
30120.2,18.5,19.3,-999,18.7
30130.2,18.5,19.3,-999,18.7
30140.3,18.5,19.3,-999,18.8
30150.3,18.5,19.3,-999,18.7
30160.3,18.5,19.3,-999,18.6
30170.3,18.4,19.3,-999,18.6
30180.4,18.5,19.3,-999,18.6
30190.4,18.5,19.3,-999,18.7
30200.4,18.5,19.3,-999,18.9
30210.5,18.5,19.3,-999,18.6
30220.5,18.5,19.3,-999,18.6
30230.5,18.4,19.3,-999,18.8
30240.5,18.5,19.2,-999,18.6
30250.6,18.5,19.2,-999,18.6
30260.6,18.5,19.3,-999,18.6
30270.6,18.4,19.3,-999,18.6
30280.6,18.5,19.3,-999,18.9
30290.6,18.4,19.3,-999,18.6
30300.6,18.5,19.3,-999,18.9
30310.7,18.5,19.3,-999,18.7
30320.7,18.5,19.3,-999,18.6
30330.7,18.4,19.3,-999,18.7
30340.7,18.4,19.3,-999,18.8
30350.7,18.4,19.3,-999,18.6
30360.8,18.5,19.3,-999,18.6
30370.8,18.5,19.3,-999,18.8
30380.8,18.5,19.3,-999,18.6
30390.9,18.5,19.3,-999,18.7
30400.9,18.5,19.3,-999,18.7
30410.9,18.5,19.3,-999,18.7
30420.9,18.5,19.3,-999,18.6
30430.9,18.5,19.3,-999,18.7
30441,18.5,19.3,-999,18.7
30451,18.5,19.3,-999,18.7
30461,18.5,19.3,-999,18.7
30471,18.5,19.3,-999,18.6
30481.1,18.5,19.3,-999,18.6
30491.1,18.5,19.3,-999,18.6
30501.1,18.5,19.3,-999,18.6
30511.1,18.5,19.3,-999,18.6
30521.2,18.5,19.3,-999,18.6
30531.2,18.5,19.3,-999,18.9
30541.2,18.5,19.3,-999,18.7
30551.2,18.5,19.3,-999,18.7
30561.3,18.4,19.3,-999,18.7
30571.3,18.5,19.3,-999,18.7
30581.3,18.4,19.3,-999,18.6
30591.3,18.5,19.3,-999,18.7
30601.3,18.5,19.3,-999,18.6
30611.4,18.5,19.3,-999,18.7
30621.4,18.5,19.3,-999,18.7
30631.4,18.5,19.3,-999,18.6
30641.5,18.5,19.3,-999,18.6
30651.5,18.5,19.3,-999,18.6
30661.5,18.4,19.3,-999,18.6
30671.5,18.6,19.3,-999,18.7
30681.6,18.5,19.3,-999,18.6
30691.6,18.5,19.3,-999,18.7
30701.6,18.5,19.3,-999,18.6
30711.6,18.5,19.3,-999,18.7
30721.7,18.4,19.3,-999,18.7
30731.7,18.5,19.3,-999,18.6
30741.7,18.5,19.3,-999,18.6
30751.7,18.5,19.3,-999,18.6
30761.8,18.5,19.3,-999,18.7
30771.8,18.4,19.3,-999,18.6
30781.8,18.5,19.2,-999,18.7
30791.8,18.6,19.3,-999,18.8
30801.8,18.5,19.3,-999,18.6
30811.9,18.5,19.3,-999,18.8
30821.9,18.5,19.3,-999,18.6
30832,18.6,19.3,-999,18.6
30842.1,18.5,19.3,-999,18.6
30852.1,18.5,19.3,-999,18.6
30862.1,18.5,19.3,-999,18.8
30872.2,18.5,19.3,-999,18.7
30882.2,18.4,19.3,-999,18.6
30892.2,18.5,19.3,-999,18.6
30902.3,18.5,19.3,-999,18.6
30912.3,18.5,19.3,-999,18.6
30922.3,18.5,19.3,-999,18.6
30932.3,18.5,19.3,-999,18.7
30942.3,18.5,19.3,-999,18.6
30952.4,18.6,19.3,-999,18.7
30962.4,18.5,19.3,-999,18.7
30972.4,18.5,19.3,-999,18.6
30982.4,18.5,19.3,-999,18.7
30992.5,18.6,19.3,-999,18.7
31002.5,18.5,19.3,-999,18.6
31012.5,18.5,19.3,-999,18.7
31022.5,18.5,19.3,-999,18.6
31032.5,18.5,19.3,-999,18.8
31042.6,18.5,19.3,-999,18.7
31052.6,18.6,19.3,-999,18.8
31062.6,18.5,19.3,-999,18.7
31072.6,18.5,19.3,-999,18.7
31082.6,18.5,19.3,-999,18.7
31092.7,18.5,19.3,-999,18.7
31102.7,18.5,19.3,-999,18.7
31112.7,18.5,19.3,-999,18.7
31122.7,18.4,19.3,-999,18.6
31132.8,18.5,19.3,-999,18.7
31142.8,18.5,19.3,-999,18.6
31152.8,18.5,19.3,-999,18.7
31162.8,18.5,19.3,-999,18.7
31172.8,18.5,19.3,-999,18.7
31182.9,18.5,19.3,-999,18.7
31192.9,18.5,19.3,-999,18.7
31202.9,18.5,19.3,-999,18.7
31212.9,18.5,19.3,-999,18.7
31222.9,18.5,19.3,-999,18.7
31233,18.4,19.3,-999,18.7
31243,18.5,19.3,-999,18.8
31253,18.5,19.3,-999,18.6
31263,18.5,19.3,-999,18.9
31273,18.4,19.3,-999,18.8
31283.1,18.5,19.3,-999,18.6
31293.1,18.5,19.3,-999,18.7
31303.1,18.5,19.3,-999,18.7
31313.1,18.4,19.3,-999,18.6
31323.1,18.4,19.3,-999,18.6
31333.2,18.5,19.3,-999,18.7
31343.2,18.5,19.3,-999,18.6
31353.2,18.5,19.3,-999,18.6
31363.2,18.4,19.3,-999,18.6
31373.2,18.5,19.3,-999,18.8
31383.3,18.5,19.3,-999,18.6
31393.4,18.4,19.3,-999,18.8
31403.4,18.4,19.3,-999,18.7
31413.4,18.4,19.3,-999,18.6
31423.4,18.5,19.3,-999,18.7
31433.4,18.5,19.3,-999,18.6
31443.4,18.5,19.3,-999,18.6
31453.5,18.5,19.3,-999,18.7
31463.5,18.5,19.3,-999,18.8
31473.5,18.5,19.3,-999,18.7
31483.5,18.5,19.3,-999,18.9
31493.6,18.5,19.3,-999,18.7
31503.6,18.4,19.3,-999,18.7
31513.6,18.5,19.3,-999,18.8
31523.6,18.5,19.3,-999,18.7
31533.7,18.5,19.3,-999,18.6
31543.7,18.4,19.3,-999,18.7
31553.7,18.5,19.3,-999,18.7
31563.7,18.5,19.3,-999,18.6
31573.7,18.5,19.4,-999,18.8
31583.7,18.5,19.3,-999,18.7
31593.8,18.5,19.3,-999,18.6
31603.8,18.4,19.3,-999,18.7
31613.8,18.5,19.3,-999,18.6
31623.8,18.5,19.3,-999,18.7
31633.9,18.5,19.3,-999,18.7
31643.9,18.5,19.3,-999,18.7
31653.9,18.5,19.3,-999,18.8
31663.9,18.5,19.3,-999,18.6
31673.9,18.4,19.3,-999,18.7
31684,18.5,19.3,-999,18.7
31694,18.5,19.3,-999,18.8
31704,18.5,19.3,-999,18.6
31714,18.6,19.3,-999,18.7
31724,18.5,19.3,-999,18.7
31734,18.6,19.3,-999,18.8
31744.1,18.5,19.3,-999,18.6
31754.1,18.6,19.3,-999,18.7
31764.2,18.5,19.3,-999,18.9
31774.2,18.5,19.3,-999,18.7
31784.2,18.6,19.3,-999,18.7
31794.2,18.5,19.3,-999,18.7
31804.2,18.5,19.3,-999,18.7
31814.3,18.5,19.3,-999,18.9
31824.3,18.5,19.3,-999,18.7
31834.3,18.5,19.3,-999,18.7
31844.3,18.5,19.3,-999,18.6
31854.4,18.5,19.3,-999,18.7
31864.4,18.4,19.3,-999,18.6
31874.4,18.5,19.3,-999,18.7
31884.5,18.5,19.3,-999,18.7
31894.5,18.5,19.3,-999,18.7
31904.5,18.5,19.3,-999,18.7
31914.5,18.5,19.3,-999,18.7
31924.5,18.5,19.3,-999,18.6
31934.6,18.4,19.3,-999,18.6
31944.6,18.6,19.3,-999,18.8
31954.6,18.5,19.3,-999,18.7
31964.6,18.5,19.3,-999,18.7
31974.6,18.5,19.3,-999,18.7
31984.6,18.5,19.3,-999,18.7
31994.7,18.5,19.3,-999,18.6
32004.7,18.5,19.3,-999,18.7
32014.7,18.5,19.2,-999,18.7
32024.8,18.5,19.3,-999,18.6
32034.8,18.5,19.3,-999,18.6
32044.8,18.4,19.3,-999,18.7
32054.8,18.5,19.3,-999,18.6
32064.8,18.5,19.3,-999,18.8
32074.9,18.5,19.3,-999,18.6
32084.9,18.5,19.3,-999,18.7
32094.9,18.5,19.3,-999,18.6
32105,18.5,19.3,-999,18.7
32115,18.6,19.3,-999,18.7
32125,18.5,19.3,-999,18.6
32135,18.5,19.3,-999,18.8
32145.1,18.5,19.3,-999,18.7
32155.1,18.5,19.3,-999,18.7
32165.1,18.5,19.3,-999,18.7
32175.2,18.5,19.3,-999,18.6
32185.2,18.4,19.3,-999,18.6
32195.2,18.5,19.3,-999,18.6
32205.2,18.5,19.3,-999,18.9
32215.2,18.5,19.3,-999,18.7
32225.3,18.5,19.3,-999,18.7
32235.3,18.5,19.3,-999,18.7
32245.3,18.5,19.3,-999,18.7
32255.3,18.5,19.3,-999,18.6
32265.4,18.5,19.3,-999,18.6
32275.4,18.5,19.3,-999,18.6
32285.4,18.5,19.3,-999,18.6
32295.4,18.6,19.3,-999,18.7
32305.4,18.5,19.3,-999,18.7
32315.5,18.5,19.3,-999,18.6
32325.5,18.5,19.3,-999,18.7
32335.5,18.5,19.3,-999,18.7
32345.6,18.5,19.3,-999,18.6
32355.6,18.5,19.3,-999,18.6
32365.7,18.5,19.3,-999,18.6
32375.7,18.5,19.3,-999,18.6
32385.7,18.6,19.3,-999,18.8
32395.7,18.5,19.3,-999,18.7
32405.8,18.5,19.3,-999,18.6
32415.8,18.5,19.3,-999,18.7
32425.8,18.5,19.3,-999,18.6
32435.8,18.5,19.3,-999,18.8
32445.9,18.5,19.3,-999,18.9
32455.9,18.5,19.3,-999,18.9
32465.9,18.5,19.3,-999,18.6
32475.9,18.5,19.3,-999,18.7
32485.9,18.5,19.3,-999,18.7
32495.9,18.5,19.3,-999,18.8
32505.9,18.5,19.3,-999,18.7
32516,18.5,19.3,-999,18.8
32526,18.5,19.3,-999,18.7
32536,18.5,19.3,-999,18.7
32546,18.5,19.3,-999,18.9
32556,18.5,19.3,-999,18.6
32566.1,18.5,19.3,-999,18.7
32576.1,18.5,19.3,-999,18.7
32586.1,18.5,19.3,-999,18.7
32596.1,18.5,19.3,-999,18.7
32606.2,18.5,19.3,-999,18.6
32616.2,18.5,19.3,-999,18.6
32626.2,18.5,19.3,-999,18.7
32636.2,18.5,19.3,-999,18.6
32646.3,18.5,19.3,-999,18.6
32656.3,18.5,19.3,-999,18.7
32666.3,18.5,19.3,-999,18.9
32676.4,18.5,19.3,-999,18.7
32686.4,18.5,19.3,-999,18.7
32696.4,18.5,19.3,-999,18.8
32706.5,18.5,19.3,-999,18.7
32716.5,18.5,19.3,-999,18.7
32726.5,18.6,19.3,-999,18.6
32736.6,18.5,19.3,-999,18.6
32746.6,18.5,19.3,-999,18.7
32756.6,18.5,19.3,-999,18.7
32766.6,18.5,19.3,-999,18.7
32776.7,18.5,19.3,-999,18.6
32786.7,18.5,19.3,-999,18.7
32796.8,18.5,19.3,-999,18.9
32806.8,18.6,19.3,-999,18.7
32816.8,18.5,19.3,-999,18.7
32826.8,18.5,19.3,-999,18.6
32836.9,18.5,19.3,-999,18.6
32846.9,18.5,19.3,-999,18.7
32856.9,18.5,19.3,-999,18.7
32866.9,18.5,19.3,-999,18.7
32877,18.5,19.3,-999,18.6
32887,18.6,19.3,-999,18.6
32897,18.5,19.3,-999,18.7
32907,18.5,19.3,-999,18.7
32917.1,18.5,19.3,-999,18.7
32927.1,18.5,19.3,-999,18.6
32937.1,18.5,19.3,-999,18.6
32947.1,18.5,19.3,-999,18.8
32957.2,18.5,19.3,-999,18.6
32967.2,18.5,19.3,-999,18.6
32977.2,18.6,19.3,-999,18.6
32987.2,18.5,19.3,-999,18.7
32997.2,18.5,19.3,-999,18.7
33007.3,18.5,19.3,-999,18.6
33017.3,18.5,19.3,-999,18.6
33027.3,18.5,19.3,-999,18.7
33037.3,18.5,19.4,-999,18.9
33047.4,18.5,19.3,-999,18.7
33057.4,18.5,19.3,-999,18.7
33067.4,18.6,19.3,-999,18.8
33077.4,18.5,19.3,-999,18.7
33087.5,18.5,19.3,-999,18.8
33097.5,18.5,19.3,-999,18.8
33107.5,18.5,19.3,-999,18.8
33117.5,18.5,19.3,-999,18.6
33127.5,18.6,19.3,-999,18.7
33137.6,18.6,19.3,-999,18.7
33147.6,18.6,19.3,-999,18.7
33157.6,18.5,19.3,-999,18.7
33167.6,18.5,19.3,-999,18.6
33177.7,18.5,19.3,-999,18.7
33187.7,18.5,19.3,-999,18.6
33197.7,18.5,19.3,-999,18.6
33207.8,18.6,19.3,-999,18.7
33217.8,18.6,19.3,-999,18.8
33227.8,18.4,19.3,-999,18.7
33237.8,18.4,19.3,-999,18.7
33247.8,18.5,19.3,-999,18.7
33257.9,18.5,19.3,-999,18.7
33267.9,18.5,19.3,-999,18.7
33277.9,18.5,19.3,-999,18.6
33287.9,18.5,19.3,-999,18.7
33298,18.5,19.3,-999,18.7
33308,18.5,19.3,-999,18.7
33318,18.5,19.3,-999,18.7
33328,18.5,19.3,-999,18.7
33338,18.5,19.3,-999,18.7
33348,18.5,19.3,-999,18.7
33358,18.5,19.3,-999,18.7
33368.1,18.5,19.3,-999,18.6
33378.1,18.5,19.3,-999,18.6
33388.1,18.6,19.3,-999,18.7
33398.2,18.4,19.3,-999,18.7
33408.2,18.5,19.3,-999,18.6
33418.2,18.5,19.3,-999,18.7
33428.2,18.6,19.3,-999,18.7
33438.2,18.5,19.3,-999,18.7
33448.2,18.5,19.3,-999,18.7
33458.2,18.5,19.3,-999,18.6
33468.3,18.6,19.3,-999,18.8
33478.3,18.5,19.3,-999,18.7
33488.3,18.5,19.3,-999,18.6
33498.4,18.5,19.4,-999,18.8
33508.4,18.5,19.3,-999,18.7
33518.4,18.5,19.3,-999,18.7
33528.4,18.5,19.3,-999,18.7
33538.5,18.6,19.3,-999,18.7
33548.5,18.5,19.3,-999,18.7
33558.5,18.5,19.3,-999,18.7
33568.5,18.5,19.4,-999,18.7
33578.6,18.5,19.3,-999,18.7
33588.6,18.5,19.3,-999,18.7
33598.6,18.5,19.3,-999,18.7
33608.7,18.5,19.3,-999,18.6
33618.7,18.4,19.4,-999,18.8
33628.7,18.6,19.3,-999,18.6
33638.7,18.6,19.3,-999,18.7
33648.7,18.5,19.3,-999,18.7
33658.8,18.5,19.3,-999,18.7
33668.8,18.5,19.4,-999,18.9
33678.8,18.5,19.3,-999,18.7
33688.9,18.5,19.3,-999,18.6
33698.9,18.5,19.3,-999,18.6
33708.9,18.5,19.3,-999,18.6
33718.9,18.5,19.3,-999,18.7
33728.9,18.6,19.3,-999,18.7
33739,18.6,19.3,-999,18.7
33749,18.5,19.3,-999,18.7
33759,18.5,19.3,-999,18.8
33769,18.5,19.3,-999,18.7
33779,18.5,19.3,-999,18.7
33789.1,18.5,19.3,-999,18.7
33799.1,18.5,19.3,-999,18.7
33809.1,18.6,19.3,-999,18.8
33819.1,18.5,19.3,-999,18.7
33829.1,18.5,19.3,-999,18.6
33839.2,18.5,19.3,-999,18.7
33849.2,18.6,19.3,-999,18.7
33859.2,18.6,19.3,-999,18.7
33869.3,18.6,19.3,-999,18.6
33879.3,18.5,19.3,-999,18.7
33889.3,18.5,19.3,-999,18.7
33899.3,18.5,19.4,-999,18.8
33909.3,18.6,19.3,-999,18.7
33919.3,18.5,19.4,-999,18.9
33929.4,18.6,19.3,-999,18.7
33939.4,18.5,19.3,-999,18.7
33949.4,18.6,19.3,-999,18.6
33959.4,18.5,19.3,-999,18.7
33969.5,18.6,19.3,-999,18.7
33979.5,18.5,19.3,-999,18.8
33989.5,18.6,19.3,-999,18.7
33999.6,18.5,19.3,-999,18.7
34009.6,18.5,19.3,-999,18.7
34019.6,18.6,19.3,-999,18.6
34029.6,18.5,19.3,-999,18.7
34039.6,18.5,19.4,-999,18.6
34049.6,18.5,19.3,-999,18.7
34059.7,18.5,19.3,-999,18.7
34069.7,18.5,19.3,-999,18.8
34079.7,18.5,19.3,-999,18.7
34089.7,18.5,19.3,-999,18.6
34099.7,18.5,19.3,-999,18.7
34109.7,18.5,19.3,-999,18.7
34119.7,18.5,19.3,-999,18.7
34129.8,18.5,19.3,-999,18.7
34139.8,18.5,19.3,-999,18.7
34149.8,18.5,19.3,-999,18.8
34159.8,18.5,19.3,-999,18.7
34169.9,18.6,19.3,-999,18.6
34179.9,18.5,19.3,-999,18.7
34189.9,18.6,19.3,-999,18.7
34199.9,18.6,19.3,-999,18.7
34209.9,18.5,19.3,-999,18.7
34220,18.6,19.3,-999,18.7
34230,18.6,19.3,-999,18.7
34240,18.5,19.3,-999,18.7
34250,18.5,19.3,-999,18.6
34260.1,18.5,19.3,-999,18.7
34270.1,18.6,19.3,-999,18.7
34280.1,18.6,19.3,-999,18.7
34290.1,18.5,19.3,-999,18.7
34300.2,18.6,19.3,-999,18.7
34310.2,18.6,19.3,-999,18.7
34320.2,18.5,19.3,-999,18.7
34330.2,18.5,19.3,-999,18.6
34340.2,18.5,19.3,-999,18.6
34350.3,18.5,19.3,-999,18.7
34360.3,18.5,19.3,-999,18.7
34370.3,18.5,19.3,-999,18.8
34380.3,18.5,19.3,-999,18.6
34390.3,18.6,19.3,-999,18.7
34400.4,18.5,19.3,-999,18.8
34410.4,18.5,19.3,-999,18.6
34420.4,18.5,19.3,-999,18.6
34430.5,18.5,19.3,-999,18.8
34440.5,18.6,19.3,-999,18.7
34450.5,18.5,19.3,-999,18.7
34460.5,18.5,19.4,-999,18.8
34470.5,18.5,19.3,-999,18.8
34480.6,18.5,19.3,-999,18.7
34490.6,18.5,19.3,-999,18.8
34500.6,18.5,19.3,-999,18.7
34510.6,18.6,19.3,-999,18.7
34520.7,18.5,19.3,-999,18.7
34530.7,18.5,19.3,-999,18.7
34540.7,18.5,19.3,-999,18.7
34550.7,18.6,19.3,-999,18.6
34560.8,18.5,19.3,-999,18.8
34570.8,18.5,19.3,-999,18.8
34580.8,18.5,19.3,-999,18.7
34590.8,18.5,19.3,-999,18.7
34600.9,18.5,19.3,-999,18.7
34610.9,18.5,19.3,-999,18.7
34620.9,18.5,19.3,-999,18.7
34630.9,18.5,19.3,-999,18.7
34640.9,18.5,19.3,-999,18.7
34651,18.5,19.3,-999,18.7
34661,18.5,19.3,-999,18.7
34671,18.6,19.3,-999,18.7
34681.1,18.5,19.4,-999,18.9
34691.1,18.5,19.3,-999,18.6
34701.1,18.6,19.3,-999,18.7
34711.1,18.5,19.3,-999,18.7
34721.1,18.6,19.3,-999,18.7
34731.2,18.6,19.3,-999,18.7
34741.2,18.5,19.3,-999,18.8
34751.2,18.5,19.3,-999,18.7
34761.2,18.5,19.3,-999,18.9
34771.3,18.5,19.3,-999,18.7
34781.3,18.5,19.3,-999,18.7
34791.3,18.5,19.4,-999,18.7
34801.4,18.5,19.3,-999,18.6
34811.4,18.5,19.3,-999,18.7
34821.4,18.5,19.3,-999,18.7
34831.4,18.5,19.3,-999,18.7
34841.5,18.5,19.3,-999,18.7
34851.6,18.5,19.3,-999,18.7
34861.6,18.5,19.3,-999,18.7
34871.6,18.5,19.3,-999,18.6
34881.6,18.6,19.3,-999,18.7
34891.6,18.6,19.3,-999,18.8
34901.7,18.5,19.3,-999,18.7
34911.7,18.5,19.3,-999,18.7
34921.7,18.5,19.3,-999,18.9
34931.7,18.5,19.3,-999,18.7
34941.7,18.6,19.3,-999,18.7
34951.8,18.5,19.3,-999,18.7
34961.8,18.6,19.3,-999,18.7
34971.8,18.6,19.3,-999,18.7
34981.8,18.5,19.3,-999,18.8
34991.9,18.5,19.3,-999,18.7
35001.9,18.5,19.3,-999,18.7
35011.9,18.5,19.3,-999,18.7
35021.9,18.5,19.3,-999,18.6
35031.9,18.5,19.3,-999,18.6
35041.9,18.5,19.3,-999,18.6
35052,18.5,19.3,-999,18.7
35062,18.5,19.3,-999,18.9
35072,18.5,19.3,-999,18.7
35082,18.5,19.3,-999,18.7
35092.1,18.5,19.3,-999,18.7
35102.1,18.5,19.3,-999,18.7
35112.1,18.6,19.3,-999,18.6
35122.1,18.5,19.3,-999,18.8
35132.2,18.5,19.3,-999,18.7
35142.2,18.5,19.3,-999,18.7
35152.2,18.5,19.3,-999,18.7
35162.2,18.5,19.3,-999,18.6
35172.2,18.5,19.3,-999,18.7
35182.2,18.5,19.3,-999,18.7
35192.3,18.5,19.3,-999,18.6
35202.3,18.5,19.3,-999,18.7
35212.3,18.6,19.3,-999,18.6
35222.4,18.5,19.3,-999,18.7
35232.4,18.5,19.3,-999,18.6
35242.4,18.5,19.3,-999,18.6
35252.4,18.5,19.3,-999,18.7
35262.4,18.5,19.3,-999,18.7
35272.4,18.5,19.3,-999,18.7
35282.4,18.5,19.3,-999,18.7
35292.5,18.6,19.3,-999,18.7
35302.5,18.5,19.3,-999,18.6
35312.5,18.5,19.3,-999,18.7
35322.5,18.5,19.3,-999,18.6
35332.6,18.6,19.3,-999,18.7
35342.6,18.5,19.3,-999,18.7
35352.6,18.5,19.3,-999,18.6
35362.6,18.5,19.3,-999,18.7
35372.6,18.5,19.3,-999,18.7
35382.7,18.5,19.3,-999,18.6
35392.7,18.6,19.3,-999,18.7
35402.7,18.6,19.3,-999,18.7
35412.7,18.6,19.3,-999,18.7
35422.7,18.6,19.4,-999,18.9
35432.8,18.6,19.3,-999,18.7
35442.8,18.5,19.3,-999,18.8
35452.8,18.5,19.3,-999,18.7
35462.8,18.6,19.3,-999,18.7
35472.8,18.6,19.3,-999,18.7
35482.9,18.6,19.3,-999,18.7
35492.9,18.5,19.3,-999,18.7
35502.9,18.5,19.4,-999,18.6
35512.9,18.5,19.3,-999,18.7
35523,18.6,19.3,-999,18.8
35533,18.5,19.3,-999,18.7
35543,18.5,19.3,-999,18.7
35553,18.6,19.3,-999,18.7
35563,18.6,19.3,-999,18.6
35573,18.5,19.3,-999,18.8
35583.1,18.5,19.3,-999,18.6
35593.1,18.5,19.3,-999,18.9
35603.1,18.6,19.3,-999,18.7
35613.1,18.5,19.3,-999,18.7
35623.1,18.5,19.3,-999,18.9
35633.1,18.5,19.3,-999,18.7
35643.2,18.5,19.3,-999,18.7
35653.2,18.6,19.3,-999,18.7
35663.2,18.5,19.3,-999,18.7
35673.2,18.5,19.3,-999,18.7
35683.3,18.6,19.3,-999,18.9
35693.3,18.6,19.3,-999,18.7
35703.4,18.6,19.3,-999,18.7
35713.4,18.6,19.4,-999,18.8
35723.5,18.6,19.3,-999,18.7
35733.5,18.6,19.3,-999,18.8
35743.5,18.5,19.3,-999,18.7
35753.5,18.5,19.3,-999,18.7
35763.5,18.5,19.3,-999,18.8
35773.6,18.5,19.3,-999,18.7
35783.6,18.5,19.3,-999,18.7
35793.6,18.5,19.3,-999,18.7
35803.6,18.5,19.3,-999,18.8
35813.6,18.6,19.3,-999,18.7
35823.7,18.5,19.3,-999,18.7
35833.7,18.6,19.3,-999,18.8
35843.7,18.5,19.3,-999,18.6
35853.8,18.5,19.3,-999,18.9
35863.8,18.5,19.3,-999,18.7
35873.8,18.5,19.3,-999,18.7
35883.9,18.6,19.4,-999,18.7
35893.9,18.5,19.3,-999,18.6
35903.9,18.5,19.3,-999,18.7
35914,18.5,19.3,-999,18.7
35924,18.6,19.3,-999,18.6
35934,18.5,19.3,-999,18.7
35944.1,18.5,19.3,-999,18.7
35954.1,18.6,19.3,-999,18.8
35964.1,18.5,19.3,-999,18.6
35974.2,18.5,19.3,-999,18.6
35984.2,18.5,19.3,-999,18.7
35994.2,18.5,19.3,-999,18.7
36004.2,18.5,19.3,-999,18.6
36014.3,18.5,19.3,-999,18.6
36024.3,18.5,19.3,-999,18.7
36034.4,18.5,19.3,-999,18.7
36044.4,18.5,19.3,-999,18.6
36054.4,18.5,19.3,-999,18.7
36064.5,18.5,19.3,-999,18.7
36074.6,18.5,19.3,-999,18.7
36084.6,18.5,19.3,-999,18.7
36094.6,18.6,19.3,-999,18.6
36104.7,18.5,19.3,-999,18.6
36114.7,18.6,19.3,-999,18.7
36124.7,18.5,19.3,-999,18.7
36134.7,18.6,19.4,-999,18.8
36144.8,18.5,19.3,-999,18.7
36154.8,18.6,19.3,-999,18.6
36164.8,18.5,19.3,-999,18.7
36174.8,18.6,19.3,-999,18.7
36184.9,18.6,19.3,-999,18.7
36194.9,18.6,19.4,-999,18.8
36204.9,18.5,19.3,-999,18.7
36214.9,18.5,19.3,-999,18.7
36225,18.5,19.3,-999,18.7
36235,18.5,19.3,-999,18.7
36245,18.6,19.3,-999,18.7
36255.1,18.6,19.3,-999,18.8
36265.1,18.5,19.3,-999,18.6
36275.1,18.5,19.3,-999,18.7
36285.1,18.5,19.3,-999,18.6
36295.1,18.5,19.3,-999,18.7
36305.1,18.6,19.3,-999,18.7
36315.2,18.5,19.3,-999,18.7
36325.2,18.6,19.3,-999,18.6
36335.2,18.5,19.3,-999,18.9
36345.3,18.6,19.3,-999,18.7
36355.3,18.5,19.3,-999,18.7
36365.3,18.5,19.3,-999,18.6
36375.3,18.5,19.3,-999,18.7
36385.3,18.6,19.3,-999,18.9
36395.4,18.5,19.3,-999,18.6
36405.4,18.5,19.3,-999,18.8
36415.4,18.5,19.3,-999,18.6
36425.4,18.5,19.3,-999,18.9
36435.4,18.5,19.3,-999,18.7
36445.5,18.6,19.3,-999,18.7
36455.5,18.6,19.3,-999,18.7
36465.5,18.5,19.3,-999,18.7
36475.5,18.6,19.3,-999,18.7
36485.5,18.5,19.3,-999,18.7
36495.6,18.6,19.3,-999,18.7
36505.6,18.5,19.3,-999,18.7
36515.6,18.6,19.3,-999,18.8
36525.6,18.6,19.3,-999,18.6
36535.7,18.5,19.3,-999,18.7
36545.7,18.6,19.3,-999,18.7
36555.7,18.5,19.3,-999,18.7
36565.7,18.5,19.3,-999,18.7
36575.7,18.6,19.3,-999,18.7
36585.8,18.6,19.3,-999,18.6
36595.8,18.6,19.3,-999,18.7
36605.8,18.5,19.3,-999,18.7
36615.8,18.6,19.3,-999,18.8
36625.8,18.5,19.3,-999,18.8
36635.9,18.5,19.3,-999,18.8
36645.9,18.6,19.3,-999,18.6
36655.9,18.5,19.3,-999,18.7
36666,18.5,19.3,-999,18.7
36676,18.5,19.3,-999,18.7
36686,18.5,19.3,-999,18.6
36696,18.6,19.3,-999,18.7
36706,18.6,19.3,-999,18.7
36716.1,18.6,19.3,-999,18.7
36726.1,18.5,19.3,-999,18.6
36736.1,18.5,19.4,-999,18.7
36746.1,18.5,19.3,-999,18.7
36756.1,18.5,19.4,-999,18.6
36766.2,18.5,19.3,-999,18.7
36776.2,18.5,19.3,-999,18.6
36786.2,18.6,19.3,-999,18.7
36796.2,18.6,19.4,-999,18.9
36806.3,18.5,19.3,-999,18.7
36816.3,18.6,19.3,-999,18.7
36826.3,18.6,19.3,-999,18.7
36836.4,18.5,19.3,-999,18.7
36846.4,18.6,19.3,-999,18.6
36856.4,18.5,19.3,-999,18.6
36866.4,18.6,19.3,-999,18.7
36876.5,18.5,19.3,-999,18.7
36886.5,18.6,19.3,-999,18.7
36896.5,18.5,19.3,-999,18.7
36906.5,18.6,19.3,-999,18.7
36916.5,18.6,19.3,-999,18.9
36926.5,18.6,19.3,-999,18.7
36936.5,18.6,19.3,-999,18.7
36946.6,18.5,19.3,-999,18.6
36956.6,18.6,19.4,-999,18.7
36966.6,18.5,19.3,-999,18.7
36976.7,18.6,19.3,-999,18.7
36986.7,18.5,19.3,-999,18.7
36996.7,18.5,19.4,-999,18.9
37006.7,18.5,19.3,-999,18.7
37016.7,18.5,19.3,-999,18.7
37026.8,18.6,19.3,-999,18.7
37036.8,18.6,19.3,-999,18.7
37046.8,18.5,19.3,-999,18.7
37056.9,18.5,19.3,-999,18.6
37066.9,18.5,19.3,-999,18.7
37076.9,18.6,19.3,-999,18.7
37086.9,18.5,19.3,-999,18.7
37096.9,18.6,19.3,-999,18.7
37107,18.5,19.3,-999,18.7
37117,18.6,19.3,-999,18.8
37127,18.6,19.3,-999,18.6
37137.1,18.5,19.3,-999,18.7
37147.1,18.5,19.3,-999,18.7
37157.1,18.5,19.3,-999,18.7
37167.1,18.5,19.3,-999,18.7
37177.2,18.5,19.3,-999,18.7
37187.2,18.6,19.3,-999,18.7
37197.2,18.5,19.3,-999,18.7
37207.3,18.5,19.3,-999,18.7
37217.3,18.6,19.4,-999,18.7
37227.3,18.5,19.3,-999,18.7
37237.4,18.5,19.3,-999,18.7
37247.4,18.6,19.3,-999,18.7
37257.4,18.6,19.3,-999,18.7
37267.5,18.6,19.3,-999,18.7
37277.5,18.5,19.3,-999,18.8
37287.5,18.5,19.3,-999,18.7
37297.5,18.6,19.3,-999,18.6
37307.6,18.5,19.3,-999,18.7
37317.6,18.5,19.3,-999,18.7
37327.7,18.5,19.3,-999,18.7
37337.7,18.5,19.3,-999,18.7
37347.7,18.5,19.4,-999,18.8
37357.7,18.5,19.3,-999,18.9
37367.7,18.6,19.3,-999,18.7
37377.8,18.5,19.4,-999,18.7
37387.8,18.6,19.3,-999,18.7
37397.8,18.5,19.3,-999,18.8
37407.8,18.6,19.3,-999,18.7
37417.9,18.5,19.3,-999,18.7
37427.9,18.5,19.3,-999,18.7
37437.9,18.5,19.3,-999,18.9
37448,18.5,19.3,-999,18.8
37458,18.6,19.3,-999,18.7
37468,18.5,19.3,-999,18.7
37478,18.5,19.3,-999,18.8
37488.1,18.5,19.3,-999,18.7
37498.1,18.6,19.3,-999,18.7
37508.1,18.5,19.3,-999,18.6
37518.1,18.5,19.3,-999,18.7
37528.2,18.6,19.3,-999,18.6
37538.2,18.6,19.3,-999,18.7
37548.2,18.6,19.3,-999,18.7
37558.2,18.6,19.4,-999,18.9
37568.3,18.5,19.3,-999,18.7
37578.3,18.6,19.3,-999,18.8
37588.3,18.6,19.3,-999,18.7
37598.4,18.6,19.4,-999,18.7
37608.4,18.5,19.3,-999,18.7
37618.4,18.5,19.3,-999,18.7
37628.4,18.5,19.3,-999,18.8
37638.5,18.6,19.3,-999,18.7
37648.5,18.5,19.3,-999,18.7
37658.5,18.5,19.3,-999,18.7
37668.5,18.6,19.3,-999,18.7
37678.6,18.6,19.3,-999,18.9
37688.6,18.6,19.3,-999,18.6
37698.6,18.5,19.3,-999,18.7
37708.6,18.5,19.3,-999,18.7
37718.7,18.6,19.4,-999,18.8
37728.7,18.6,19.3,-999,18.7
37738.7,18.5,19.3,-999,18.7
37748.8,18.5,19.3,-999,18.7
37758.8,18.5,19.3,-999,18.7
37768.8,18.5,19.3,-999,18.8
37778.8,18.5,19.3,-999,18.7
37788.8,18.5,19.3,-999,18.8
37798.9,18.5,19.3,-999,18.6
37808.9,18.6,19.3,-999,18.6
37818.9,18.6,19.3,-999,18.8
37828.9,18.5,19.3,-999,18.7
37838.9,18.5,19.3,-999,18.7
37849,18.6,19.4,-999,18.7
37859,18.6,19.3,-999,18.6
37869,18.5,19.3,-999,18.7
37879,18.6,19.3,-999,18.7
37889,18.6,19.3,-999,18.7
37899,18.5,19.4,-999,18.8
37909.1,18.6,19.3,-999,18.8
37919.1,18.5,19.3,-999,18.7
37929.1,18.5,19.3,-999,18.7
37939.2,18.5,19.3,-999,18.7
37949.2,18.5,19.3,-999,18.7
37959.2,18.6,19.3,-999,18.7
37969.2,18.5,19.4,-999,18.9
37979.2,18.6,19.3,-999,18.7
37989.3,18.6,19.3,-999,18.7
37999.3,18.5,19.4,-999,18.7
38009.3,18.6,19.3,-999,18.7
38019.3,18.6,19.3,-999,18.7
38029.3,18.6,19.3,-999,18.7
38039.4,18.5,19.3,-999,18.7
38049.4,18.5,19.3,-999,18.6
38059.4,18.6,19.3,-999,18.9
38069.4,18.5,19.3,-999,18.7
38079.5,18.6,19.3,-999,18.7
38089.5,18.5,19.3,-999,18.8
38099.5,18.6,19.3,-999,18.7
38109.6,18.6,19.3,-999,18.7
38119.6,18.6,19.3,-999,18.7
38129.6,18.5,19.3,-999,18.7
38139.6,18.6,19.3,-999,18.7
38149.6,18.6,19.3,-999,18.8
38159.7,18.6,19.3,-999,18.7
38169.7,18.5,19.3,-999,18.9
38179.7,18.5,19.3,-999,18.7
38189.7,18.5,19.3,-999,18.7
38199.8,18.6,19.3,-999,18.7
38209.8,18.5,19.3,-999,18.7
38219.8,18.5,19.3,-999,18.7
38229.9,18.6,19.3,-999,18.7
38239.9,18.5,19.3,-999,18.7
38249.9,18.5,19.3,-999,18.8
38259.9,18.5,19.3,-999,18.7
38270,18.6,19.3,-999,18.8
38280,18.5,19.3,-999,18.7
38290,18.5,19.3,-999,18.9
38300,18.6,19.3,-999,18.7
38310.1,18.6,19.3,-999,18.7
38320.1,18.6,19.3,-999,18.7
38330.1,18.6,19.3,-999,18.7
38340.1,18.6,19.3,-999,18.7
38350.1,18.6,19.3,-999,18.7
38360.2,18.6,19.3,-999,18.7
38370.2,18.6,19.3,-999,18.7
38380.2,18.5,19.3,-999,18.7
38390.2,18.5,19.3,-999,18.9
38400.2,18.6,19.3,-999,18.6
38410.2,18.6,19.3,-999,18.7
38420.2,18.6,19.4,-999,18.9
38430.3,18.5,19.3,-999,18.7
38440.3,18.6,19.3,-999,18.7
38450.3,18.5,19.3,-999,18.7
38460.3,18.6,19.3,-999,18.7
38470.3,18.6,19.3,-999,18.8
38480.3,18.6,19.3,-999,18.7
38490.4,18.6,19.3,-999,18.7
38500.4,18.6,19.3,-999,18.9
38510.4,18.6,19.3,-999,18.7
38520.4,18.5,19.3,-999,18.7
38530.4,18.6,19.3,-999,18.7
38540.5,18.5,19.3,-999,18.6
38550.5,18.5,19.3,-999,18.7
38560.5,18.6,19.3,-999,18.6
38570.5,18.6,19.3,-999,18.7
38580.6,18.6,19.3,-999,18.7
38590.6,18.5,19.4,-999,18.8
38600.6,18.6,19.3,-999,18.7
38610.6,18.5,19.3,-999,18.7
38620.6,18.6,19.3,-999,18.7
38630.6,18.5,19.3,-999,18.7
38640.6,18.6,19.3,-999,18.7
38650.6,18.6,19.3,-999,18.7
38660.7,18.6,19.3,-999,18.7
38670.7,18.6,19.3,-999,18.7
38680.7,18.6,19.3,-999,18.7
38690.8,18.5,19.4,-999,18.8
38700.8,18.5,19.3,-999,18.7
38710.8,18.5,19.3,-999,18.7
38720.8,18.5,19.4,-999,18.9
38730.9,18.5,19.3,-999,18.7
38740.9,18.5,19.3,-999,18.7
38750.9,18.5,19.3,-999,18.7
38760.9,18.6,19.3,-999,18.7
38770.9,18.6,19.3,-999,18.7
38780.9,18.5,19.3,-999,18.7
38791,18.6,19.3,-999,18.8
38801,18.6,19.3,-999,18.7
38811,18.5,19.3,-999,18.7
38821.1,18.6,19.3,-999,18.7
38831.1,18.6,19.3,-999,18.7
38841.1,18.5,19.3,-999,18.8
38851.1,18.6,19.3,-999,18.7
38861.1,18.5,19.3,-999,18.7
38871.2,18.6,19.3,-999,18.7
38881.2,18.5,19.3,-999,18.8
38891.2,18.5,19.3,-999,18.8
38901.3,18.6,19.3,-999,18.7
38911.3,18.5,19.3,-999,18.8
38921.3,18.5,19.3,-999,18.6
38931.3,18.6,19.3,-999,18.7
38941.3,18.5,19.3,-999,18.8
38951.4,18.6,19.3,-999,18.6
38961.4,18.5,19.3,-999,18.7
38971.4,18.5,19.3,-999,18.7
38981.4,18.6,19.3,-999,18.7
38991.5,18.6,19.3,-999,18.9
39001.5,18.6,19.3,-999,18.7
39011.5,18.6,19.3,-999,18.7
39021.5,18.6,19.4,-999,18.9
39031.6,18.6,19.3,-999,18.7
39041.6,18.5,19.4,-999,18.8
39051.6,18.6,19.3,-999,18.7
39061.6,18.6,19.3,-999,18.7
39071.6,18.5,19.3,-999,18.9
39081.7,18.5,19.3,-999,18.7
39091.7,18.6,19.3,-999,18.7
39101.7,18.6,19.4,-999,18.8
39111.8,18.5,19.3,-999,18.7
39121.8,18.5,19.3,-999,18.7
39131.8,18.5,19.3,-999,18.7
39141.8,18.5,19.3,-999,18.7
39151.8,18.6,19.3,-999,18.7
39161.9,18.5,19.3,-999,18.7
39171.9,18.6,19.3,-999,18.7
39181.9,18.6,19.3,-999,18.8
39191.9,18.6,19.3,-999,18.7
39201.9,18.5,19.3,-999,18.7
39212,18.5,19.3,-999,18.7
39222,18.5,19.3,-999,18.7
39232,18.5,19.3,-999,18.7
39242,18.5,19.3,-999,18.7
39252,18.6,19.3,-999,18.7
39262.1,18.6,19.3,-999,18.7
39272.1,18.6,19.3,-999,18.6
39282.1,18.5,19.3,-999,18.8
39292.1,18.5,19.3,-999,18.7
39302.1,18.6,19.3,-999,18.7
39312.2,18.6,19.3,-999,18.9
39322.2,18.5,19.3,-999,18.7
39332.2,18.5,19.3,-999,18.7
39342.2,18.6,19.3,-999,18.7
39352.2,18.6,19.3,-999,18.7
39362.2,18.5,19.3,-999,18.7
39372.3,18.6,19.4,-999,18.9
39382.3,18.6,19.3,-999,18.6
39392.3,18.6,19.3,-999,18.8
39402.3,18.5,19.3,-999,18.7
39412.3,18.6,19.3,-999,18.6
39422.4,18.6,19.3,-999,18.7
39432.4,18.5,19.3,-999,18.7
39442.4,18.6,19.3,-999,18.7
39452.5,18.6,19.3,-999,18.7
39462.5,18.6,19.3,-999,18.7
39472.5,18.6,19.3,-999,18.8
39482.5,18.6,19.3,-999,18.7
39492.5,18.6,19.3,-999,18.8
39502.6,18.5,19.3,-999,18.7
39512.6,18.6,19.3,-999,18.7
39522.6,18.5,19.3,-999,18.7
39532.6,18.6,19.4,-999,18.7
39542.6,18.6,19.3,-999,18.7
39552.7,18.6,19.3,-999,18.7
39562.7,18.6,19.3,-999,18.7
39572.7,18.6,19.3,-999,18.7
39582.8,18.6,19.3,-999,18.7
39592.8,18.6,19.3,-999,18.8
39602.8,18.5,19.3,-999,18.6
39612.8,18.5,19.3,-999,18.7
39622.8,18.6,19.3,-999,18.8
39632.9,18.5,19.4,-999,18.7
39642.9,18.5,19.3,-999,18.7
39652.9,18.6,19.3,-999,18.6
39662.9,18.5,19.3,-999,18.7
39672.9,18.6,19.3,-999,18.7
39682.9,18.6,19.3,-999,18.7
39693,18.5,19.3,-999,18.7
39703,18.5,19.3,-999,18.7
39713,18.5,19.3,-999,18.9
39723,18.6,19.3,-999,18.7
39733,18.5,19.4,-999,18.9
39743.1,18.5,19.3,-999,18.7
39753.1,18.6,19.4,-999,18.6
39763.1,18.6,19.3,-999,18.7
39773.1,18.6,19.3,-999,18.6
39783.1,18.5,19.3,-999,18.7
39793.2,18.6,19.3,-999,18.7
39803.2,18.6,19.3,-999,18.7
39813.2,18.5,19.3,-999,18.7
39823.2,18.5,19.3,-999,18.9
39833.2,18.6,19.3,-999,18.7
39843.3,18.5,19.3,-999,18.9
39853.3,18.5,19.3,-999,18.7
39863.3,18.5,19.3,-999,18.7
39873.4,18.6,19.3,-999,18.7
39883.4,18.6,19.3,-999,18.7
39893.4,18.6,19.3,-999,18.6
39903.5,18.5,19.3,-999,18.6
39913.5,18.5,19.3,-999,18.7
39923.5,18.5,19.3,-999,18.7
39933.6,18.5,19.3,-999,18.7
39943.6,18.6,19.3,-999,18.8
39953.6,18.5,19.3,-999,18.9
39963.6,18.6,19.3,-999,18.7
39973.7,18.5,19.3,-999,18.7
39983.7,18.6,19.3,-999,18.7
39993.7,18.6,19.3,-999,18.7
40003.8,18.6,19.3,-999,18.7
40013.8,18.5,19.3,-999,18.7
40023.8,18.6,19.3,-999,18.7
40033.8,18.6,19.4,-999,18.9
40043.8,18.6,19.3,-999,18.7
40053.9,18.6,19.3,-999,18.8
40063.9,18.5,19.3,-999,18.9
40073.9,18.6,19.3,-999,18.7
40083.9,18.6,19.3,-999,18.7
40093.9,18.6,19.4,-999,18.7
40104,18.6,19.3,-999,18.7
40114,18.6,19.3,-999,18.7
40124,18.5,19.3,-999,18.7
40134,18.6,19.4,-999,18.7
40144.1,18.6,19.3,-999,18.7
40154.1,18.5,19.3,-999,18.7
40164.1,18.6,19.3,-999,18.9
40174.1,18.5,19.3,-999,18.7
40184.2,18.6,19.3,-999,18.7
40194.2,18.6,19.3,-999,18.7
40204.2,18.6,19.3,-999,18.6
40214.2,18.6,19.3,-999,18.6
40224.2,18.6,19.3,-999,18.7
40234.3,18.6,19.3,-999,18.7
40244.3,18.5,19.4,-999,18.9
40254.3,18.5,19.3,-999,18.6
40264.3,18.5,19.3,-999,18.7
40274.3,18.6,19.3,-999,18.7
40284.4,18.6,19.3,-999,18.7
40294.4,18.6,19.4,-999,18.7
40304.4,18.6,19.3,-999,18.8
40314.4,18.5,19.4,-999,18.7
40324.5,18.5,19.3,-999,18.8
40334.5,18.6,19.3,-999,18.7
40344.5,18.6,19.3,-999,18.7
40354.5,18.6,19.3,-999,18.7
40364.5,18.6,19.3,-999,18.7
40374.6,18.6,19.3,-999,18.7
40384.6,18.6,19.3,-999,18.7
40394.6,18.6,19.3,-999,18.7
40404.6,18.5,19.3,-999,18.9
40414.6,18.6,19.3,-999,18.8
40424.7,18.6,19.3,-999,18.6
40434.7,18.6,19.3,-999,18.7
40444.7,18.5,19.3,-999,18.7
40454.7,18.5,19.3,-999,18.7
40464.8,18.5,19.3,-999,18.8
40474.8,18.6,19.3,-999,18.7
40484.8,18.5,19.3,-999,18.8
40494.8,18.6,19.3,-999,18.6
40504.9,18.6,19.3,-999,18.8
40514.9,18.6,19.3,-999,18.7
40524.9,18.5,19.3,-999,18.7
40534.9,18.6,19.3,-999,18.7
40545,18.6,19.4,-999,18.7
40555,18.6,19.3,-999,18.7
40565,18.6,19.3,-999,18.7
40575,18.5,19.3,-999,18.7
40585,18.6,19.3,-999,18.9
40595.1,18.6,19.3,-999,18.7
40605.1,18.6,19.3,-999,18.7
40615.1,18.5,19.3,-999,18.6
40625.1,18.5,19.4,-999,18.8
40635.1,18.6,19.3,-999,18.7
40645.2,18.5,19.3,-999,18.9
40655.2,18.6,19.3,-999,18.7
40665.2,18.6,19.3,-999,18.7
40675.2,18.5,19.3,-999,18.7
40685.3,18.5,19.3,-999,18.7
40695.3,18.5,19.3,-999,18.7
40705.3,18.6,19.3,-999,18.7
40715.3,18.5,19.3,-999,18.9
40725.4,18.5,19.3,-999,18.7
40735.4,18.6,19.3,-999,18.7
40745.4,18.6,19.3,-999,18.7
40755.4,18.5,19.3,-999,18.7
40765.5,18.6,19.3,-999,18.7
40775.5,18.6,19.3,-999,18.7
40785.5,18.6,19.3,-999,18.7
40795.5,18.6,19.3,-999,18.7
40805.5,18.6,19.3,-999,18.8
40815.5,18.6,19.3,-999,18.7
40825.6,18.6,19.3,-999,18.7
40835.6,18.6,19.3,-999,18.6
40845.6,18.6,19.3,-999,18.7
40855.6,18.6,19.3,-999,18.6
40865.6,18.6,19.3,-999,18.7
40875.6,18.5,19.3,-999,18.7
40885.7,18.6,19.3,-999,18.9
40895.7,18.5,19.3,-999,18.7
40905.7,18.6,19.4,-999,18.9
40915.7,18.6,19.3,-999,18.7
40925.7,18.6,19.3,-999,18.7
40935.7,18.6,19.4,-999,18.6
40945.8,18.5,19.3,-999,18.7
40955.8,18.6,19.3,-999,18.6
40965.8,18.5,19.3,-999,18.7
40975.8,18.6,19.3,-999,18.7
40985.9,18.6,19.3,-999,18.7
40995.9,18.6,19.3,-999,18.8
41005.9,18.5,19.3,-999,18.6
41015.9,18.6,19.3,-999,18.8
41026,18.5,19.3,-999,18.7
41036,18.6,19.3,-999,18.7
41046,18.6,19.3,-999,18.6
41056,18.5,19.3,-999,18.7
41066.1,18.6,19.3,-999,18.7
41076.1,18.6,19.3,-999,18.7
41086.1,18.6,19.3,-999,18.7
41096.1,18.6,19.3,-999,18.7
41106.1,18.6,19.3,-999,18.7
41116.2,18.6,19.4,-999,18.8
41126.2,18.6,19.3,-999,18.7
41136.2,18.6,19.4,-999,18.8
41146.2,18.6,19.3,-999,18.7
41156.2,18.6,19.3,-999,18.7
41166.3,18.6,19.3,-999,18.7
41176.3,18.6,19.3,-999,18.7
41186.3,18.6,19.3,-999,18.7
41196.3,18.6,19.3,-999,18.8
41206.4,18.5,19.3,-999,18.9
41216.4,18.6,19.3,-999,18.7
41226.4,18.5,19.3,-999,18.6
41236.4,18.6,19.3,-999,18.7
41246.4,18.5,19.3,-999,18.7
41256.5,18.6,19.3,-999,18.7
41266.5,18.6,19.3,-999,18.9
41276.5,18.5,19.3,-999,18.7
41286.5,18.6,19.3,-999,18.6
41296.5,18.6,19.3,-999,18.7
41306.6,18.5,19.4,-999,18.9
41316.6,18.6,19.3,-999,18.7
41326.6,18.5,19.4,-999,18.7
41336.6,18.5,19.3,-999,18.7
41346.6,18.6,19.3,-999,18.7
41356.7,18.6,19.4,-999,18.7
41366.7,18.5,19.3,-999,18.7
41376.7,18.6,19.3,-999,18.7
41386.7,18.6,19.3,-999,18.8
41396.7,18.6,19.3,-999,18.7
41406.8,18.6,19.3,-999,18.7
41416.8,18.6,19.3,-999,18.9
41426.8,18.6,19.3,-999,18.7
41436.8,18.6,19.3,-999,18.7
41446.8,18.6,19.3,-999,18.7
41456.8,18.6,19.3,-999,18.8
41466.9,18.5,19.3,-999,18.8
41476.9,18.6,19.3,-999,18.7
41486.9,18.6,19.3,-999,18.9
41496.9,18.5,19.3,-999,18.7
41506.9,18.5,19.3,-999,18.7
41517,18.5,19.3,-999,18.7
41527,18.5,19.3,-999,18.7
41537,18.6,19.3,-999,18.7
41547.1,18.6,19.3,-999,18.7
41557.1,18.6,19.3,-999,18.7
41567.1,18.6,19.3,-999,18.7
41577.1,18.6,19.3,-999,18.7
41587.1,18.5,19.3,-999,18.7
41597.2,18.6,19.3,-999,18.7
41607.2,18.5,19.3,-999,18.6
41617.2,18.6,19.3,-999,18.6
41627.2,18.6,19.4,-999,18.9
41637.2,18.6,19.3,-999,18.7
41647.3,18.5,19.4,-999,18.8
41657.3,18.6,19.3,-999,18.7
41667.4,18.6,19.3,-999,18.9
41677.4,18.6,19.3,-999,18.7
41687.4,18.5,19.3,-999,18.7
41697.5,18.6,19.3,-999,18.9
41707.5,18.5,19.4,-999,18.9
41717.5,18.5,19.3,-999,18.7
41727.5,18.6,19.3,-999,18.7
41737.6,18.6,19.3,-999,18.7
41747.6,18.5,19.3,-999,18.6
41757.6,18.5,19.3,-999,18.8
41767.6,18.5,19.3,-999,18.7
41777.7,18.6,19.3,-999,18.7
41787.7,18.6,19.3,-999,18.7
41797.7,18.5,19.3,-999,18.7
41807.7,18.5,19.4,-999,18.6
41817.8,18.6,19.3,-999,18.7
41827.8,18.6,19.3,-999,18.8
41837.8,18.6,19.3,-999,18.6
41847.8,18.6,19.3,-999,18.7
41857.9,18.5,19.3,-999,18.8
41867.9,18.6,19.3,-999,18.7
41877.9,18.6,19.3,-999,18.9
41888,18.6,19.3,-999,18.7
41898,18.6,19.3,-999,18.7
41908,18.6,19.3,-999,18.7
41918,18.6,19.4,-999,18.8
41928.1,18.6,19.3,-999,18.9
41938.1,18.6,19.3,-999,18.7
41948.1,18.6,19.3,-999,18.6
41958.2,18.6,19.4,-999,18.7
41968.2,18.6,19.3,-999,18.7
41978.2,18.6,19.3,-999,18.7
41988.2,18.6,19.3,-999,18.8
41998.3,18.6,19.3,-999,18.7
42008.3,18.6,19.3,-999,18.9
42018.3,18.5,19.3,-999,18.7
42028.4,18.6,19.3,-999,18.7
42038.4,18.6,19.3,-999,18.7
42048.4,18.6,19.3,-999,18.7
42058.4,18.6,19.3,-999,18.7
42068.4,18.6,19.3,-999,18.7
42078.5,18.5,19.3,-999,18.6
42088.5,18.6,19.3,-999,18.7
42098.5,18.6,19.3,-999,18.7
42108.5,18.6,19.3,-999,18.6
42118.6,18.5,19.3,-999,18.9
42128.6,18.6,19.3,-999,18.7
42138.6,18.6,19.4,-999,18.7
42148.7,18.6,19.3,-999,18.7
42158.7,18.6,19.3,-999,18.7
42168.7,18.5,19.3,-999,18.7
42178.8,18.6,19.3,-999,18.7
42188.8,18.6,19.4,-999,18.7
42198.8,18.5,19.3,-999,18.7
42208.9,18.6,19.3,-999,18.7
42218.9,18.6,19.3,-999,18.7
42228.9,18.6,19.3,-999,18.7
42238.9,18.6,19.3,-999,18.8
42248.9,18.6,19.3,-999,18.6
42259,18.6,19.3,-999,18.7
42269,18.6,19.3,-999,18.7
42279,18.6,19.3,-999,18.7
42289,18.6,19.3,-999,18.7
42299.1,18.6,19.3,-999,18.9
42309.1,18.6,19.3,-999,18.7
42319.1,18.6,19.3,-999,18.7
42329.1,18.6,19.3,-999,18.8
42339.1,18.6,19.3,-999,18.8
42349.1,18.6,19.3,-999,18.7
42359.2,18.6,19.3,-999,18.7
42369.2,18.6,19.3,-999,18.7
42379.2,18.6,19.3,-999,18.7
42389.2,18.6,19.3,-999,18.7
42399.3,18.6,19.3,-999,18.8
42409.3,18.6,19.3,-999,18.7
42419.3,18.6,19.3,-999,18.7
42429.3,18.6,19.3,-999,18.8
42439.3,18.6,19.3,-999,18.7
42449.4,18.6,19.3,-999,18.6
42459.4,18.6,19.3,-999,18.7
42469.4,18.6,19.3,-999,18.7
42479.4,18.6,19.3,-999,18.7
42489.4,18.6,19.3,-999,18.8
42499.5,18.6,19.3,-999,18.7
42509.5,18.6,19.3,-999,18.6
42519.5,18.6,19.3,-999,18.7
42529.5,18.6,19.3,-999,18.7
42539.5,18.6,19.3,-999,18.7
42549.6,18.6,19.3,-999,18.7
42559.6,18.6,19.3,-999,18.7
42569.6,18.6,19.3,-999,18.7
42579.7,18.6,19.3,-999,18.7
42589.7,18.6,19.3,-999,18.7
42599.7,18.5,19.3,-999,18.7
42609.8,18.6,19.3,-999,18.8
42619.8,18.6,19.3,-999,18.6
42629.8,18.6,19.3,-999,18.7
42639.8,18.6,19.3,-999,18.7
42649.8,18.6,19.3,-999,18.7
42659.9,18.5,19.3,-999,18.7
42669.9,18.6,19.3,-999,18.9
42679.9,18.6,19.3,-999,18.7
42689.9,18.6,19.3,-999,18.7
42699.9,18.6,19.3,-999,18.9
42710,18.6,19.3,-999,18.7
42720,18.5,19.3,-999,18.7
42730,18.6,19.3,-999,18.6
42740,18.6,19.3,-999,18.7
42750,18.6,19.3,-999,18.6
42760.1,18.6,19.3,-999,18.7
42770.1,18.6,19.3,-999,18.8
42780.1,18.5,19.3,-999,18.7
42790.1,18.6,19.3,-999,18.7
42800.2,18.6,19.3,-999,18.7
42810.2,18.6,19.3,-999,18.7
42820.2,18.6,19.3,-999,18.7
42830.2,18.6,19.3,-999,18.8
42840.3,18.6,19.3,-999,18.7
42850.3,18.5,19.4,-999,18.7
42860.4,18.5,19.3,-999,18.8
42870.4,18.5,19.3,-999,18.7
42880.4,18.6,19.3,-999,18.7
42890.5,18.6,19.3,-999,18.7
42900.5,18.5,19.3,-999,18.7
42910.5,18.6,19.3,-999,18.8
42920.5,18.6,19.3,-999,18.7
42930.5,18.6,19.3,-999,18.7
42940.6,18.5,19.3,-999,18.7
42950.6,18.5,19.3,-999,18.7
42960.6,18.6,19.3,-999,18.7
42970.6,18.6,19.3,-999,18.7
42980.6,18.6,19.3,-999,18.8
42990.6,18.5,19.3,-999,18.7
43000.7,18.6,19.3,-999,18.7
43010.7,18.5,19.3,-999,18.7
43020.7,18.6,19.3,-999,18.7
43030.8,18.6,19.3,-999,18.7
43040.8,18.6,19.3,-999,18.7
43050.8,18.6,19.3,-999,18.7
43060.9,18.6,19.3,-999,18.7
43070.9,18.6,19.4,-999,18.9
43080.9,18.6,19.3,-999,18.7
43090.9,18.6,19.3,-999,18.7
43100.9,18.6,19.4,-999,18.7
43111,18.6,19.3,-999,18.7
43121,18.6,19.3,-999,18.7
43131,18.6,19.3,-999,18.6
43141,18.5,19.3,-999,18.7
43151,18.5,19.3,-999,18.7
43161.1,18.6,19.3,-999,18.9
43171.1,18.6,19.3,-999,18.7
43181.1,18.5,19.3,-999,18.7
43191.1,18.6,19.3,-999,18.8
43201.1,18.6,19.3,-999,18.7
43211.2,18.6,19.3,-999,18.7
43221.2,18.6,19.3,-999,18.7
43231.2,18.6,19.3,-999,18.7
43241.2,18.6,19.3,-999,18.7
43251.2,18.5,19.3,-999,18.7
43261.3,18.6,19.3,-999,18.7
43271.3,18.6,19.3,-999,18.7
43281.3,18.6,19.3,-999,18.7
43291.3,18.6,19.3,-999,18.8
43301.4,18.6,19.3,-999,18.7
43311.4,18.6,19.3,-999,18.7
43321.4,18.6,19.3,-999,18.7
43331.4,18.5,19.3,-999,18.7
43341.4,18.6,19.3,-999,18.7
43351.5,18.6,19.3,-999,18.7
43361.5,18.6,19.3,-999,18.7
43371.5,18.6,19.3,-999,18.7
43381.5,18.6,19.3,-999,18.7
43391.6,18.6,19.3,-999,18.7
43401.6,18.5,19.4,-999,18.7
43411.6,18.6,19.3,-999,18.7
43421.6,18.6,19.3,-999,18.7
43431.6,18.6,19.3,-999,18.7
43441.7,18.6,19.3,-999,18.7
43451.7,18.6,19.3,-999,18.7
43461.7,18.5,19.3,-999,18.9
43471.8,18.5,19.3,-999,18.7
43481.8,18.6,19.4,-999,18.8
43491.8,18.6,19.3,-999,18.7
43501.8,18.5,19.3,-999,18.7
43511.9,18.6,19.3,-999,18.8
43521.9,18.6,19.4,-999,18.9
43531.9,18.5,19.3,-999,18.7
43541.9,18.6,19.3,-999,18.7
43551.9,18.5,19.4,-999,18.9
43562,18.5,19.3,-999,18.7
43572,18.5,19.3,-999,18.7
43582,18.6,19.3,-999,18.7
43592,18.5,19.3,-999,18.7
43602,18.6,19.3,-999,18.7
43612.1,18.5,19.3,-999,18.8
43622.1,18.5,19.3,-999,18.7
43632.1,18.5,19.3,-999,18.7
43642.2,18.6,19.3,-999,18.7
43652.2,18.5,19.3,-999,18.7
43662.2,18.6,19.3,-999,18.7
43672.2,18.5,19.3,-999,18.8
43682.2,18.6,19.3,-999,18.9
43692.3,18.6,19.3,-999,18.7
43702.3,18.6,19.3,-999,18.8
43712.3,18.6,19.3,-999,18.7
43722.3,18.6,19.3,-999,18.7
43732.3,18.6,19.4,-999,18.7
43742.4,18.6,19.3,-999,18.7
43752.4,18.5,19.3,-999,18.7
43762.4,18.6,19.3,-999,18.7
43772.4,18.6,19.3,-999,18.7
43782.4,18.6,19.3,-999,18.7
43792.5,18.6,19.3,-999,18.7
43802.5,18.6,19.3,-999,18.8
43812.5,18.6,19.3,-999,18.6
43822.5,18.6,19.3,-999,18.7
43832.5,18.6,19.3,-999,18.7
43842.6,18.6,19.4,-999,18.7
43852.6,18.6,19.3,-999,18.7
43862.6,18.6,19.3,-999,18.9
43872.7,18.5,19.3,-999,18.7
43882.7,18.6,19.3,-999,18.9
43892.7,18.5,19.3,-999,18.7
43902.7,18.5,19.3,-999,18.6
43912.7,18.6,19.3,-999,18.8
43922.8,18.6,19.3,-999,18.7
43932.8,18.6,19.3,-999,18.7
43942.8,18.6,19.3,-999,18.7
43952.9,18.5,19.3,-999,18.7
43962.9,18.5,19.3,-999,18.8
43972.9,18.6,19.3,-999,18.7
43982.9,18.6,19.3,-999,18.7
43993,18.5,19.3,-999,18.8
44003,18.6,19.3,-999,18.7
44013,18.6,19.3,-999,18.7
44023,18.5,19.3,-999,18.7
44033.1,18.6,19.3,-999,18.7
44043.1,18.6,19.3,-999,18.7
44053.1,18.5,19.3,-999,18.7
44063.1,18.6,19.3,-999,18.7
44073.1,18.6,19.3,-999,18.7
44083.2,18.5,19.3,-999,18.7
44093.2,18.6,19.3,-999,18.7
44103.2,18.6,19.3,-999,18.6
44113.2,18.6,19.3,-999,18.7
44123.2,18.6,19.3,-999,18.7
44133.3,18.6,19.3,-999,18.7
44143.3,18.6,19.3,-999,18.7
44153.3,18.6,19.3,-999,18.9
44163.3,18.6,19.3,-999,18.7
44173.3,18.5,19.3,-999,18.7
44183.4,18.5,19.4,-999,18.8
44193.4,18.6,19.3,-999,18.7
44203.4,18.6,19.3,-999,18.7
44213.4,18.5,19.4,-999,18.6
44223.5,18.6,19.3,-999,18.7
44233.5,18.6,19.3,-999,18.7
44243.5,18.6,19.3,-999,18.7
44253.5,18.6,19.3,-999,18.7
44263.6,18.6,19.4,-999,18.8
44273.6,18.6,19.3,-999,18.7
44283.6,18.6,19.3,-999,18.7
44293.7,18.6,19.4,-999,18.7
44303.7,18.6,19.3,-999,18.7
44313.7,18.5,19.3,-999,18.9
44323.7,18.6,19.3,-999,18.7
44333.8,18.6,19.3,-999,18.7
44343.8,18.6,19.3,-999,18.7
44353.8,18.6,19.3,-999,18.8
44363.8,18.6,19.3,-999,18.7
44373.9,18.6,19.3,-999,18.7
44383.9,18.6,19.3,-999,18.7
44393.9,18.6,19.3,-999,18.7
44404,18.6,19.3,-999,18.7
44414,18.6,19.3,-999,18.7
44424,18.5,19.3,-999,18.7
44434.1,18.6,19.3,-999,18.7
44444.1,18.6,19.3,-999,18.7
44454.1,18.6,19.3,-999,18.6
44464.2,18.6,19.3,-999,18.7
44474.2,18.6,19.3,-999,18.7
44484.2,18.5,19.3,-999,18.8
44494.3,18.6,19.3,-999,18.7
44504.3,18.6,19.3,-999,18.7
44514.3,18.6,19.3,-999,18.7
44524.3,18.6,19.3,-999,18.9
44534.4,18.6,19.3,-999,18.7
44544.4,18.6,19.3,-999,18.7
44554.4,18.5,19.3,-999,18.7
44564.4,18.6,19.3,-999,18.7
44574.4,18.6,19.3,-999,18.7
44584.5,18.6,19.3,-999,18.8
44594.5,18.5,19.4,-999,18.9
44604.5,18.6,19.3,-999,18.7
44614.5,18.6,19.3,-999,18.7
44624.5,18.6,19.3,-999,18.8
44634.6,18.6,19.3,-999,18.7
44644.6,18.6,19.3,-999,18.7
44654.6,18.6,19.3,-999,18.7
44664.6,18.6,19.3,-999,18.8
44674.6,18.6,19.3,-999,18.7
44684.7,18.6,19.3,-999,18.8
44694.7,18.6,19.3,-999,18.9
44704.7,18.6,19.3,-999,18.7
44714.8,18.6,19.3,-999,18.7
44724.8,18.6,19.3,-999,18.7
44734.8,18.6,19.3,-999,18.7
44744.8,18.6,19.3,-999,18.7
44754.8,18.6,19.3,-999,18.7
44764.9,18.5,19.3,-999,18.7
44774.9,18.5,19.3,-999,18.7
44784.9,18.6,19.3,-999,18.7
44794.9,18.6,19.3,-999,18.7
44804.9,18.6,19.3,-999,18.7
44815,18.5,19.3,-999,18.9
44825,18.6,19.3,-999,18.7
44835,18.6,19.3,-999,18.7
44845,18.6,19.3,-999,18.7
44855.1,18.6,19.3,-999,18.7
44865.1,18.6,19.3,-999,18.7
44875.1,18.5,19.3,-999,18.6
44885.1,18.6,19.3,-999,18.9
44895.2,18.6,19.3,-999,18.6
44905.2,18.6,19.3,-999,18.7
44915.2,18.6,19.3,-999,18.7
44925.2,18.6,19.3,-999,18.7
44935.3,18.6,19.3,-999,18.7
44945.3,18.6,19.3,-999,18.7
44955.3,18.6,19.3,-999,18.7
44965.3,18.6,19.3,-999,18.8
44975.3,18.6,19.3,-999,18.9
44985.4,18.6,19.3,-999,18.7
44995.4,18.6,19.3,-999,18.7
45005.4,18.5,19.3,-999,18.7
45015.4,18.6,19.3,-999,18.7
45025.4,18.6,19.3,-999,18.7
45035.4,18.6,19.3,-999,18.9
45045.5,18.6,19.3,-999,18.7
45055.5,18.6,19.3,-999,18.7
45065.5,18.6,19.4,-999,18.9
45075.5,18.6,19.3,-999,18.7
45085.6,18.6,19.3,-999,18.7
45095.6,18.6,19.3,-999,18.9
45105.6,18.6,19.3,-999,18.7
45115.6,18.6,19.3,-999,18.7
45125.7,18.5,19.3,-999,18.7
45135.7,18.6,19.3,-999,18.9
45145.7,18.6,19.3,-999,18.7
45155.7,18.6,19.3,-999,18.7
45165.8,18.6,19.3,-999,18.7
45175.8,18.5,19.3,-999,18.7
45185.8,18.6,19.3,-999,18.8
45195.8,18.6,19.3,-999,18.7
45205.8,18.6,19.4,-999,18.7
45215.8,18.6,19.3,-999,18.7
45225.9,18.5,19.3,-999,18.7
45235.9,18.6,19.3,-999,18.6
45246,18.6,19.3,-999,18.7
45256,18.6,19.3,-999,18.7
45266,18.5,19.3,-999,18.7
45276,18.6,19.3,-999,18.7
45286.1,18.6,19.3,-999,18.7
45296.1,18.6,19.3,-999,18.7
45306.1,18.6,19.3,-999,18.7
45316.1,18.6,19.3,-999,18.8
45326.2,18.6,19.3,-999,18.7
45336.2,18.6,19.3,-999,18.7
45346.2,18.6,19.3,-999,18.7
45356.2,18.6,19.3,-999,18.7
45366.3,18.5,19.3,-999,18.7
45376.3,18.5,19.3,-999,18.7
45386.3,18.5,19.3,-999,18.9
45396.3,18.6,19.3,-999,18.7
45406.4,18.5,19.3,-999,18.7
45416.4,18.6,19.4,-999,18.9
45426.4,18.6,19.3,-999,18.7
45436.4,18.6,19.3,-999,18.7
45446.5,18.6,19.3,-999,18.7
45456.5,18.6,19.3,-999,18.7
45466.5,18.6,19.3,-999,18.6
45476.5,18.6,19.3,-999,18.8
45486.5,18.6,19.3,-999,18.7
45496.6,18.5,19.3,-999,18.9
45506.6,18.6,19.3,-999,18.7
45516.6,18.6,19.3,-999,18.7
45526.6,18.6,19.3,-999,18.7
45536.7,18.5,19.3,-999,18.9
45546.7,18.5,19.3,-999,18.7
45556.7,18.6,19.3,-999,18.8
45566.7,18.6,19.4,-999,18.9
45576.7,18.6,19.3,-999,18.7
45586.7,18.6,19.3,-999,18.7
45596.8,18.6,19.3,-999,18.9
45606.8,18.6,19.3,-999,18.7
45616.8,18.5,19.3,-999,18.7
45626.8,18.6,19.4,-999,18.7
45636.9,18.6,19.3,-999,18.7
45646.9,18.6,19.3,-999,18.7
45656.9,18.6,19.3,-999,18.7
45666.9,18.5,19.3,-999,18.7
45676.9,18.6,19.3,-999,18.7
45687,18.6,19.4,-999,18.9
45697,18.6,19.3,-999,18.7
45707,18.6,19.4,-999,18.7
45717.1,18.5,19.4,-999,18.7
45727.1,18.6,19.3,-999,18.7
45737.1,18.6,19.3,-999,18.7
45747.1,18.6,19.3,-999,18.7
45757.1,18.6,19.3,-999,18.7
45767.2,18.6,19.4,-999,18.9
45777.2,18.6,19.3,-999,18.7
45787.2,18.6,19.3,-999,18.7
45797.2,18.6,19.3,-999,18.7
45807.2,18.6,19.3,-999,18.8
45817.3,18.5,19.3,-999,18.7
45827.3,18.6,19.3,-999,18.6
45837.3,18.5,19.3,-999,18.7
45847.3,18.6,19.3,-999,18.7
45857.3,18.6,19.3,-999,18.7
45867.4,18.6,19.3,-999,18.7
45877.4,18.6,19.3,-999,18.9
45887.4,18.6,19.3,-999,18.7
45897.4,18.5,19.4,-999,18.9
45907.5,18.6,19.3,-999,18.7
45917.5,18.6,19.3,-999,18.7
45927.5,18.6,19.3,-999,18.7
45937.5,18.6,19.3,-999,18.7
45947.5,18.6,19.3,-999,18.7
45957.6,18.6,19.3,-999,18.7
45967.6,18.6,19.3,-999,18.8
45977.6,18.6,19.3,-999,18.7
45987.6,18.6,19.3,-999,18.7
45997.7,18.6,19.3,-999,18.7
46007.7,18.6,19.3,-999,18.7
46017.7,18.6,19.3,-999,18.6
46027.7,18.6,19.3,-999,18.9
46037.8,18.6,19.3,-999,18.7
46047.8,18.6,19.4,-999,18.7
46057.8,18.6,19.3,-999,18.7
46067.8,18.6,19.3,-999,18.7
46077.9,18.6,19.3,-999,18.7
46087.9,18.6,19.3,-999,18.7
46097.9,18.6,19.3,-999,18.7
46107.9,18.6,19.4,-999,18.7
46117.9,18.6,19.4,-999,18.9
46128,18.6,19.3,-999,18.7
46138,18.6,19.3,-999,18.7
46148,18.6,19.4,-999,18.9
46158,18.5,19.3,-999,18.7
46168.1,18.6,19.3,-999,18.7
46178.1,18.6,19.3,-999,18.7
46188.2,18.6,19.3,-999,18.7
46198.2,18.6,19.3,-999,18.7
46208.2,18.6,19.4,-999,18.9
46218.3,18.6,19.3,-999,18.7
46228.3,18.6,19.3,-999,18.7
46238.3,18.6,19.3,-999,18.7
46248.3,18.6,19.3,-999,18.7
46258.3,18.6,19.3,-999,18.7
46268.4,18.6,19.3,-999,18.7
46278.4,18.6,19.3,-999,18.8
46288.4,18.6,19.3,-999,18.7
46298.4,18.6,19.3,-999,18.7
46308.4,18.6,19.3,-999,18.7
46318.5,18.6,19.3,-999,18.8
46328.5,18.6,19.3,-999,18.9
46338.5,18.6,19.3,-999,18.7
46348.6,18.6,19.4,-999,18.8
46358.6,18.6,19.3,-999,18.7
46368.6,18.6,19.3,-999,18.7
46378.7,18.6,19.3,-999,18.7
46388.7,18.6,19.3,-999,18.7
46398.7,18.6,19.3,-999,18.7
46408.7,18.5,19.3,-999,18.7
46418.7,18.6,19.3,-999,18.9
46428.8,18.6,19.3,-999,18.7
46438.8,18.6,19.3,-999,18.7
46448.8,18.6,19.3,-999,18.7
46458.8,18.6,19.4,-999,18.7
46468.9,18.6,19.4,-999,18.9
46478.9,18.6,19.3,-999,18.7
46488.9,18.6,19.3,-999,18.7
46498.9,18.6,19.4,-999,18.7
46508.9,18.5,19.3,-999,18.7
46519,18.5,19.3,-999,18.7
46529,18.5,19.3,-999,18.7
46539,18.6,19.3,-999,18.7
46549,18.6,19.3,-999,18.7
46559.1,18.5,19.3,-999,18.7
46569.1,18.5,19.3,-999,18.8
46579.1,18.5,19.3,-999,18.7
46589.1,18.6,19.4,-999,18.8
46599.2,18.6,19.3,-999,18.7
46609.2,18.6,19.3,-999,18.7
46619.2,18.6,19.3,-999,18.7
46629.2,18.6,19.3,-999,18.7
46639.2,18.6,19.3,-999,18.7
46649.2,18.5,19.3,-999,18.7
46659.3,18.6,19.3,-999,18.7
46669.3,18.6,19.3,-999,18.9
46679.3,18.6,19.3,-999,18.7
46689.3,18.6,19.3,-999,18.8
46699.3,18.6,19.3,-999,18.7
46709.4,18.6,19.3,-999,18.6
46719.4,18.6,19.3,-999,18.7
46729.4,18.6,19.3,-999,18.6
46739.5,18.5,19.3,-999,18.7
46749.5,18.6,19.3,-999,18.6
46759.5,18.6,19.3,-999,18.7
46769.5,18.6,19.3,-999,18.6
46779.6,18.6,19.3,-999,18.7
46789.6,18.5,19.3,-999,18.7
46799.6,18.5,19.3,-999,18.7
46809.6,18.5,19.3,-999,18.8
46819.6,18.6,19.3,-999,18.7
46829.6,18.6,19.3,-999,18.7
46839.7,18.6,19.3,-999,18.8
46849.7,18.6,19.3,-999,18.7
46859.7,18.6,19.3,-999,18.7
46869.7,18.6,19.3,-999,18.7
46879.8,18.6,19.3,-999,18.7
46889.8,18.6,19.3,-999,18.7
46899.8,18.6,19.3,-999,18.7
46909.8,18.6,19.3,-999,18.7
46919.8,18.6,19.3,-999,18.7
46929.9,18.6,19.3,-999,18.7
46939.9,18.6,19.3,-999,18.7
46949.9,18.6,19.3,-999,18.7
46959.9,18.6,19.3,-999,18.7
46970,18.6,19.3,-999,18.7
46980,18.6,19.3,-999,18.7
46990,18.6,19.3,-999,18.7
47000,18.6,19.3,-999,18.7
47010.1,18.6,19.3,-999,18.7
47020.1,18.6,19.3,-999,18.7
47030.1,18.5,19.3,-999,18.8
47040.1,18.6,19.3,-999,18.7
47050.2,18.6,19.3,-999,18.6
47060.2,18.6,19.3,-999,18.7
47070.2,18.5,19.3,-999,18.7
47080.2,18.6,19.3,-999,18.7
47090.3,18.6,19.3,-999,18.7
47100.3,18.6,19.3,-999,18.7
47110.3,18.6,19.3,-999,18.7
47120.3,18.6,19.4,-999,18.7
47130.3,18.6,19.3,-999,18.6
47140.4,18.6,19.3,-999,18.7
47150.4,18.6,19.3,-999,18.7
47160.4,18.6,19.3,-999,18.7
47170.5,18.6,19.3,-999,18.7
47180.5,18.5,19.3,-999,18.7
47190.5,18.6,19.3,-999,18.7
47200.5,18.6,19.3,-999,18.7
47210.5,18.6,19.3,-999,18.7
47220.6,18.6,19.3,-999,18.7
47230.6,18.5,19.3,-999,18.9
47240.6,18.6,19.3,-999,18.7
47250.7,18.5,19.3,-999,18.7
47260.7,18.6,19.3,-999,18.7
47270.7,18.6,19.3,-999,18.7
47280.7,18.6,19.3,-999,18.6
47290.8,18.5,19.3,-999,18.6
47300.8,18.5,19.3,-999,18.7
47310.8,18.5,19.3,-999,18.8
47320.9,18.4,19.2,-999,18.6
47330.9,18.5,19.2,-999,18.6
47340.9,18.4,19.2,-999,18.6
47350.9,18.4,19.3,-999,18.7
47360.9,18.3,19.2,-999,18.5
47371,18.3,19.1,-999,18.5
47381,18.3,19.1,-999,18.6
47391,18.3,19.1,-999,18.4
47401,18.2,19.1,-999,18.6
47411.1,18.1,19,-999,18.4
47421.1,18.1,19.1,-999,18.6
47431.1,18.1,19,-999,18.4
47441.1,18,18.9,-999,18.4
47451.2,18,18.9,-999,18.3
47461.2,18,18.9,-999,18.3
47471.2,17.9,18.9,-999,18.2
47481.2,17.9,18.9,-999,18.3
47491.3,17.9,18.8,-999,18.2
47501.3,17.8,18.7,-999,18.2
47511.3,17.8,18.7,-999,18.1
47521.3,17.7,18.7,-999,18
47531.4,17.6,18.6,-999,18
47541.4,17.6,18.6,-999,18.1
47551.4,17.5,18.6,-999,17.9
47561.4,17.5,18.5,-999,17.9
47571.4,17.4,18.4,-999,17.8
47581.5,17.4,18.4,-999,17.8
47591.5,17.4,18.4,-999,17.8
47601.5,17.3,18.4,-999,17.7
47611.6,17.2,18.2,-999,17.7
47621.6,17.2,18.2,-999,17.7
47631.6,17.1,18.2,-999,17.6
47641.6,17.1,18.1,-999,17.6
47651.7,17,18.1,-999,17.6
47661.7,17,18.1,-999,17.5
47671.7,16.9,18,-999,17.6
47681.7,16.9,18,-999,17.3
47691.7,16.8,17.9,-999,17.3
47701.7,16.7,18,-999,17.4
47711.8,16.7,17.8,-999,17.2
47721.8,16.6,17.7,-999,17.2
47731.8,16.6,17.7,-999,17.1
47741.9,16.5,17.7,-999,17
47751.9,16.5,17.6,-999,17
47761.9,16.4,17.6,-999,16.9
47771.9,16.3,17.5,-999,16.8
47781.9,16.3,17.5,-999,16.8
47792,16.3,17.4,-999,16.8
47802,16.2,17.4,-999,16.9
47812,16.1,17.3,-999,16.7
47822,16,17.2,-999,16.5
47832,16,17.1,-999,16.6
47842.1,15.9,17,-999,16.5
47852.1,15.9,17.1,-999,16.6
47862.1,15.8,16.8,-999,16.4
47872.1,15.8,17.1,-999,16.3
47882.1,15.8,16.7,-999,16.1
47892.2,15.7,16.7,-999,16.2
47902.2,15.6,16.6,-999,16
47912.2,15.6,16.6,-999,15.9
47922.2,15.5,16.5,-999,15.9
47932.3,15.4,16.5,-999,16
47942.3,15.4,16.4,-999,15.7
47952.3,15.3,16.4,-999,15.6
47962.3,15.3,16.2,-999,15.6
47972.4,15.2,16.2,-999,15.6
47982.4,14.9,16.2,-999,15.4
47992.4,14.9,16.1,-999,15.6
48002.5,14.9,16.1,-999,15.3
48012.5,14.9,16.1,-999,15.3
48022.5,14.7,15.9,-999,15.2
48032.5,14.6,15.9,-999,15.2
48042.6,14.6,15.9,-999,15.3
48052.6,14.5,15.8,-999,15
48062.6,14.5,15.7,-999,15
48072.6,14.4,15.6,-999,14.9
48082.7,14.4,15.7,-999,15
48092.7,14.3,15.5,-999,14.8
48102.7,14.3,15.5,-999,14.9
48112.8,14.2,15.4,-999,14.6
48122.8,14.2,15.4,-999,14.6
48132.8,14.1,15.3,-999,14.6
48142.8,14.1,15.3,-999,14.6
48152.9,14,15.2,-999,14.4
48162.9,13.9,15.1,-999,14.4
48172.9,13.9,15.1,-999,14.4
48182.9,13.8,15,-999,14.3
48193,13.8,14.9,-999,14.2
48203,13.7,14.9,-999,14.1
48213,13.6,14.8,-999,14.2
48223.1,13.6,14.8,-999,14
48233.1,13.5,14.7,-999,14
48243.1,13.4,14.6,-999,13.9
48253.2,13.3,14.6,-999,13.9
48263.2,13.3,14.5,-999,13.8
48273.2,13.3,14.4,-999,13.8
48283.2,13.2,14.3,-999,13.6
48293.2,13.1,14.3,-999,13.8
48303.3,13.1,14.2,-999,13.5
48313.3,13,14.1,-999,13.5
48323.3,13,14.2,-999,13.4
48333.4,13,14,-999,13.4
48343.4,12.9,13.9,-999,13.3
48353.4,12.8,13.9,-999,13.2
48363.4,12.7,13.9,-999,13.1
48373.4,12.6,13.8,-999,13
48383.5,12.6,13.8,-999,13.1
48393.5,12.5,13.6,-999,12.9
48403.5,12.4,13.6,-999,12.9
48413.6,12.4,13.6,-999,12.8
48423.6,12.4,13.5,-999,12.8
48433.6,12.3,13.4,-999,12.8
48443.6,12.2,13.4,-999,12.6
48453.7,12.2,13.2,-999,12.5
48463.7,12.1,13.3,-999,12.6
48473.7,12,13.1,-999,12.4
48483.8,11.9,13.1,-999,12.3
48493.8,11.9,12.9,-999,12.3
48503.8,11.8,13,-999,12.4
48513.9,11.8,12.6,-999,12.1
48523.9,11.7,12.6,-999,11.9
48533.9,11.7,12.5,-999,11.8
48543.9,11.6,12.5,-999,11.8
48554,11.5,12.4,-999,11.7
48564,11.5,12.4,-999,11.6
48574,11.4,12.3,-999,11.6
48584,11.4,12.2,-999,11.4
48594.1,11.3,12.1,-999,11.4
48604.1,11.2,12.1,-999,11.4
48614.1,11.2,12,-999,11.3
48624.1,10.9,11.9,-999,11.2
48634.1,10.9,11.9,-999,11.1
48644.2,10.8,11.8,-999,11
48654.2,10.7,11.8,-999,11.1
48664.2,10.6,11.6,-999,10.9
48674.2,10.6,11.6,-999,11
48684.3,10.5,11.5,-999,10.8
48694.3,10.5,11.5,-999,10.9
48704.3,10.4,11.4,-999,10.6
48714.3,10.3,11.4,-999,10.5
48724.4,10.3,11.2,-999,10.5
48734.4,10.2,11.2,-999,10.4
48744.4,10.2,11.2,-999,10.4
48754.4,10.1,11.1,-999,10.3
48764.4,10,11,-999,10.2
48774.5,10,10.9,-999,10.2
48784.5,9.9,10.9,-999,10.1
48794.5,9.8,10.8,-999,10
48804.5,9.8,10.8,-999,10.1
48814.5,9.8,10.6,-999,9.9
48824.6,9.6,10.5,-999,9.8
48834.7,9.6,10.5,-999,9.7
48844.7,9.5,10.4,-999,9.7
48854.8,9.5,10.3,-999,9.6
48864.8,9.4,10.3,-999,9.6
48874.8,9.3,10.2,-999,9.5
48884.8,9.2,10.1,-999,9.4
48894.9,9.2,10.1,-999,9.4
48904.9,9.2,10.1,-999,9.2
48914.9,9,9.9,-999,9.2
48924.9,9,9.9,-999,9.1
48935,8.9,9.8,-999,9
48945,8.8,9.8,-999,9.1
48955,8.8,9.7,-999,8.9
48965.1,8.7,9.6,-999,8.8
48975.1,8.7,9.5,-999,8.8
48985.1,8.6,9.5,-999,8.8
48995.1,8.6,9.4,-999,8.6
49005.2,8.5,9.3,-999,8.5
49015.2,8.4,9.2,-999,8.5
49025.2,8.3,9.2,-999,8.4
49035.2,8.3,9.2,-999,8.3
49045.3,8.2,8.8,-999,8.4
49055.3,8.1,9,-999,8.2
49065.3,8,8.7,-999,8.1
49075.4,8,8.7,-999,8.2
49085.4,7.9,8.8,-999,7.8
49095.4,7.8,8.6,-999,7.9
49105.5,7.8,8.5,-999,7.8
49115.5,7.8,8.4,-999,7.5
49125.5,7.7,8.3,-999,7.5
49135.6,7.6,8.3,-999,7.6
49145.6,7.5,8.2,-999,7.3
49155.6,7.5,8,-999,7.3
49165.6,7.4,8,-999,7.2
49175.6,7.3,8,-999,7.1
49185.7,7.4,7.9,-999,7
49195.7,7.3,7.8,-999,7.1
49205.7,7.2,7.8,-999,6.9
49215.8,6.9,7.7,-999,7
49225.8,7,7.5,-999,6.8
49235.8,6.8,7.5,-999,6.7
49245.9,6.7,7.4,-999,6.6
49255.9,6.6,7.4,-999,6.5
49265.9,6.5,7.3,-999,6.6
49275.9,6.5,7.2,-999,6.4
49285.9,6.4,7.1,-999,6.3
49296,6.4,7,-999,6.2
49306,6.3,7,-999,6.2
49316,6.2,6.9,-999,6.1
49326,6.2,6.9,-999,6.2
49336,6.1,6.8,-999,6.1
49346.1,6,6.7,-999,5.9
49356.1,6,6.7,-999,5.8
49366.1,5.9,6.6,-999,5.9
49376.2,5.9,6.5,-999,5.7
49386.2,5.7,6.4,-999,5.6
49396.2,5.7,6.3,-999,5.6
49406.2,5.7,6.3,-999,5.5
49416.2,5.5,6.2,-999,5.5
49426.2,5.5,6.1,-999,5.3
49436.3,5.5,6,-999,5.3
49446.3,5.4,6,-999,5.2
49456.3,5.3,6,-999,5.1
49466.3,5.2,5.8,-999,5
49476.4,5.2,5.8,-999,5.1
49486.4,5.1,5.7,-999,4.9
49496.4,5,5.7,-999,4.8
49506.4,5,5.6,-999,4.8
49516.4,4.9,5.5,-999,4.7
49526.5,4.8,5.5,-999,4.6
49536.5,4.7,5.3,-999,4.6
49546.5,4.7,5.3,-999,4.5
49556.5,4.6,5.2,-999,4.4
49566.5,4.5,5.1,-999,4.3
49576.6,4.5,5.1,-999,4.4
49586.6,4.5,5,-999,4.2
49596.6,4.4,4.9,-999,4.1
49606.6,4.3,4.8,-999,4
49616.6,4.2,4.8,-999,3.9
49626.7,4.2,4.7,-999,4.1
49636.7,4.1,4.6,-999,3.7
49646.7,4.1,4.5,-999,3.7
49656.7,3.9,4.3,-999,3.8
49666.8,3.9,4.3,-999,3.4
49676.8,3.7,4.2,-999,3.4
49686.8,3.7,4.1,-999,3.2
49696.8,3.7,4,-999,3.2
49706.8,3.7,3.9,-999,3
49716.9,3.5,3.9,-999,3.1
49726.9,3.5,3.8,-999,2.9
49736.9,3.4,3.8,-999,3
49746.9,3.3,3.7,-999,2.8
49757,3.3,3.5,-999,2.7
49767,3.2,3.5,-999,2.8
49777,3.1,3.4,-999,2.6
49787,3.1,3.3,-999,2.5
49797.1,3,3.3,-999,2.5
49807.1,2.9,3.3,-999,2.4
49817.1,2.9,3.1,-999,2.3
49827.1,2.6,3,-999,2.2
49837.2,2.7,3,-999,2.1
49847.2,2.5,3,-999,2.1
49857.2,2.4,2.8,-999,1.9
49867.2,2.4,2.8,-999,1.9
49877.3,2.3,2.7,-999,1.9
49887.3,2.3,2.6,-999,1.8
49897.3,2.1,2.6,-999,1.9
49907.3,2,2.5,-999,1.7
49917.4,2.1,2.4,-999,1.5
49927.4,1.9,2.4,-999,1.6
49937.4,1.9,2.2,-999,1.4
49947.5,1.8,2.2,-999,1.3
49957.5,1.7,2.1,-999,1.2
49967.5,1.7,2,-999,1.2
49977.5,1.6,1.9,-999,1.1
49987.5,1.5,1.9,-999,1
49997.5,1.5,1.9,-999,1
50007.6,1.3,1.8,-999,1.1
50017.6,1.3,1.7,-999,0.8
50027.6,1.3,1.7,-999,0.9
50037.6,1.2,1.5,-999,0.7
50047.6,1.1,1.5,-999,0.6
50057.7,1.1,1.4,-999,0.5
50067.7,1,1.3,-999,0.5
50077.7,0.9,1.3,-999,0.3
50087.7,0.8,1.2,-999,0.3
50097.8,0.8,1.1,-999,0.3
50107.8,0.7,1,-999,0.2
50117.8,0.6,1,-999,0
50127.9,0.6,0.9,-999,0
50137.9,0.5,0.8,-999,0
50147.9,0.5,0.8,-999,-0.1
50158,0.4,0.8,-999,-0.1
50168,0.3,0.7,-999,-0.3
50178,0.3,0.6,-999,-0.6
50188,0.3,0.5,-999,-0.4
50198.1,0.3,0.3,-999,-0.7
50208.1,0.3,0.4,-999,-0.4
50218.1,0.4,0.1,-999,-0.7
50228.1,0.4,0.1,-999,-0.9
50238.2,0.3,0,-999,-0.8
50248.2,0.3,-0.1,-999,-1.1
50258.2,0.3,-0.1,-999,-1
50268.3,0.3,-0.2,-999,-1.2
50278.3,0.2,-0.2,-999,-1.3
50288.3,0.1,-0.3,-999,-1.2
50298.4,0,-0.4,-999,-1.4
50308.4,-0.1,-0.5,-999,-1.5
50318.4,-0.1,-0.5,-999,-1.6
50328.4,-0.2,-0.6,-999,-1.6
50338.5,-0.4,-0.7,-999,-1.6
50348.5,-0.4,-0.8,-999,-1.8
50358.5,-0.6,-0.8,-999,-1.7
50368.6,-0.7,-0.9,-999,-1.9
50378.6,-0.8,-1,-999,-2
50388.6,-0.8,-1.1,-999,-2
50398.6,-0.9,-1.1,-999,-2
50408.7,-1,-1.2,-999,-2.2
50418.7,-1.1,-1.2,-999,-2.3
50428.8,-1.2,-1.3,-999,-2.3
50438.8,-1.3,-1.4,-999,-2.4
50448.8,-1.5,-1.5,-999,-2.5
50458.8,-1.7,-1.5,-999,-2.5
50468.9,-1.8,-1.6,-999,-2.6
50478.9,-1.9,-1.7,-999,-2.8
50488.9,-1.9,-1.7,-999,-2.8
50498.9,-2,-1.8,-999,-2.9
50509,-2.1,-1.9,-999,-2.9
50519,-2.3,-2,-999,-2.9
50529,-2.3,-2,-999,-3.1
50539,-2.4,-2,-999,-3.2
50549.1,-2.5,-2.2,-999,-3.3
50559.1,-2.5,-2.2,-999,-3.3
50569.1,-2.7,-2.2,-999,-3.4
50579.1,-2.7,-2.4,-999,-3.5
50589.2,-2.8,-2.3,-999,-3.4
50599.2,-2.9,-2.5,-999,-3.7
50609.2,-3,-2.5,-999,-3.7
50619.3,-3.1,-2.6,-999,-3.8
50629.3,-3.2,-2.7,-999,-3.7
50639.4,-3.1,-2.8,-999,-3.9
50649.4,-3.3,-2.8,-999,-4
50659.4,-3.4,-2.9,-999,-4.1
50669.4,-3.5,-3,-999,-4.1
50679.5,-3.5,-3,-999,-4.3
50689.5,-3.7,-3.1,-999,-4.2
50699.6,-3.7,-3.1,-999,-4.4
50709.6,-3.7,-3.2,-999,-4.4
50719.6,-3.8,-3.3,-999,-4.5
50729.7,-3.9,-3.3,-999,-4.7
50739.7,-4,-3.4,-999,-4.7
50749.7,-4.1,-3.5,-999,-4.6
50759.8,-4.1,-3.6,-999,-4.8
50769.8,-4.2,-3.8,-999,-5.1
50779.8,-4.3,-3.9,-999,-5.1
50789.8,-4.4,-4,-999,-5.2
50799.9,-4.4,-4.1,-999,-5.3
50809.9,-4.5,-4.1,-999,-5.4
50819.9,-4.6,-4.2,-999,-5.4
50830,-4.6,-4.2,-999,-5.5
50840,-4.7,-4.4,-999,-5.6
50850,-4.8,-4.4,-999,-5.5
50860.1,-4.9,-4.5,-999,-5.8
50870.1,-4.9,-4.5,-999,-5.9
50880.1,-5.1,-4.6,-999,-5.9
50890.2,-5,-4.7,-999,-6
50900.2,-5.1,-4.8,-999,-6.1
50910.2,-5.2,-4.8,-999,-6.2
50920.2,-5.3,-4.9,-999,-6.2
50930.2,-5.4,-5,-999,-6.3
50940.3,-5.4,-5,-999,-6.4
50950.3,-5.7,-5.1,-999,-6.4
50960.3,-5.8,-5.2,-999,-6.6
50970.4,-5.9,-5.3,-999,-6.7
50980.4,-5.9,-5.3,-999,-6.5
50990.4,-6,-5.4,-999,-6.7
51000.5,-6.1,-5.5,-999,-6.8
51010.5,-6.2,-5.5,-999,-6.8
51020.5,-6.2,-5.7,-999,-7
51030.6,-6.3,-5.7,-999,-7
51040.6,-6.4,-0.2,-999,-7.1
51050.6,-6.4,0,-999,-7.2
51060.6,-6.5,0,-999,-7.3
51070.6,-6.6,0,-999,-7.4
51080.7,-6.7,0,-999,-7.4
51090.7,-6.7,0,-999,-7.5
51100.7,-6.8,0,-999,-7.5
51110.7,-6.9,0,-999,-7.6
51120.8,-7,0,-999,-7.7
51130.8,-6.9,0,-999,-7.8
51140.8,-6.3,0,-999,-7.9
51150.8,-5.4,0,-999,-7.9
51160.9,-4.6,0,-999,-8
51170.9,-4.1,0,-999,-8
51180.9,-3.8,0,-999,-8.1
51190.9,-3.6,0,-999,-8.2
51200.9,-3.5,0,-999,-8.2
51211,-3.3,0,-999,-8.4
51221,-3.3,0,-999,-8.4
51231,-3.3,0,-999,-8.4
51241.1,-3.2,0,-999,-8.6
51251.1,-3.2,0,-999,-8.6
51261.1,-3.3,0,-999,-8.8
51271.1,-3.3,0,-999,-9
51281.2,-3.5,-0.1,-999,-8.9
51291.2,-3.7,0,-999,-9.1
51301.2,-3.9,0,-999,-9
51311.2,-4.2,-0.1,-999,-9.3
51321.3,-4.5,0,-999,-9
51331.3,-4.9,-0.1,-999,-9.4
51341.3,-5.2,-0.1,-999,-9.5
51351.3,-5.8,-0.1,-999,-9.5
51361.3,-6.1,-0.1,-999,-9.7
51371.4,-6.4,-0.1,-999,-9.7
51381.4,-6.8,-0.1,-999,-9.8
51391.4,-7.1,-0.1,-999,-9.8
51401.5,-7.4,-0.1,-999,-9.7
51411.5,-7.7,-0.1,-999,-10
51421.5,-7.9,-0.1,-999,-10
51431.5,-8.1,-0.1,-999,-10.1
51441.6,-8.3,-0.2,-999,-10.2
51451.6,-8.6,-0.1,-999,-10.2
51461.6,-8.7,-0.2,-999,-10.3
51471.6,-9,-0.2,-999,-10.4
51481.6,-9.2,-0.2,-999,-10.5
51491.7,-9.3,-0.3,-999,-10.6
51501.7,-9.4,-0.3,-999,-10.7
51511.7,-9.5,-0.3,-999,-10.7
51521.7,-9.7,-0.3,-999,-10.8
51531.8,-9.8,-0.4,-999,-10.9
51541.8,-10.1,-0.3,-999,-10.9
51551.8,-10.2,-0.4,-999,-11
51561.9,-10.4,-0.4,-999,-11
51571.9,-10.5,-0.5,-999,-11.2
51581.9,-10.6,-0.5,-999,-11.2
51591.9,-10.7,-0.6,-999,-11.3
51602,-10.7,-0.6,-999,-11.3
51612,-10.8,-0.6,-999,-11.5
51622.1,-10.9,-0.6,-999,-11.5
51632.1,-11,-0.7,-999,-11.6
51642.2,-11,-0.8,-999,-11.7
51652.2,-11.1,-0.8,-999,-11.8
51662.2,-11.2,-0.9,-999,-11.8
51672.2,-11.3,-0.9,-999,-11.8
51682.2,-11.4,-1,-999,-12
51692.3,-11.5,-1,-999,-12.1
51702.3,-11.6,-1.1,-999,-12.1
51712.3,-11.7,-1.2,-999,-12.3
51722.3,-11.8,-1.2,-999,-12.2
51732.4,-11.9,-1.2,-999,-12.4
51742.4,-11.9,-1.3,-999,-12.4
51752.4,-12,-1.4,-999,-12.4
51762.4,-12.1,-1.5,-999,-12.6
51772.5,-12.1,-1.5,-999,-12.7
51782.5,-12.3,-1.6,-999,-12.7
51792.5,-12.3,-1.7,-999,-12.9
51802.5,-12.4,-1.8,-999,-12.9
51812.5,-12.5,-1.8,-999,-13
51822.6,-12.6,-1.9,-999,-13.1
51832.6,-12.7,-2,-999,-13.5
51842.6,-12.8,-2,-999,-13
51852.7,-12.8,-2.1,-999,-13.3
51862.7,-12.9,-2.2,-999,-13.6
51872.7,-13,-2.3,-999,-13.4
51882.7,-13.1,-2.4,-999,-13.7
51892.7,-13.1,-2.4,-999,-13.9
51902.8,-13.2,-2.5,-999,-13.9
51912.8,-13.3,-2.6,-999,-14
51922.8,-13.4,-2.7,-999,-14.1
51932.9,-13.4,-2.7,-999,-14
51942.9,-13.5,-2.9,-999,-14.2
51952.9,-13.5,-2.9,-999,-14.3
51962.9,-13.7,-3,-999,-14.3
51972.9,-13.7,-3.1,-999,-14.4
51983,-13.8,-3.2,-999,-14.5
51993,-13.8,-3.2,-999,-14.5
52003,-14,-3.4,-999,-14.6
52013,-14,-3.7,-999,-14.8
52023.1,-14.3,-3.6,-999,-14.8
52033.1,-14.3,-3.7,-999,-14.8
52043.1,-14.3,-3.7,-999,-14.9
52053.1,-14.4,-4.1,-999,-14.9
52063.1,-14.3,-4.2,-999,-15.1
52073.1,-14.5,-4.3,-999,-0.6
52083.2,-14.5,-4.3,-999,-0.8
52093.2,-14.5,-4.5,-999,-0.8
52103.2,-14.6,-4.6,-999,-0.9
52113.3,-14.6,-4.7,-999,-0.7
52123.3,-14.6,-4.9,-999,-0.9
52133.3,-14.7,-5,-999,-0.8
52143.3,-14.7,-5.1,-999,-0.8
52153.3,-14.8,-5.3,-999,-0.9
52163.4,-14.9,-5.5,-999,-0.7
52173.4,-14.9,-5.7,-999,-0.9
52183.5,-14.9,-5.9,-999,-0.9
52193.5,-14.9,-6.1,-999,-0.5
52203.5,-14.9,-6.3,-999,-0.9
52213.5,-15.1,-6.5,-999,-0.7
52223.5,-15.1,-6.9,-999,-0.9
52233.6,-15.2,-7.1,-999,-0.9
52243.6,-15.2,-7.4,-999,-0.8
52253.6,-15.2,-7.7,-999,-0.9
52263.6,-15.3,-8,-999,-1
52273.7,-15.3,-8.5,-999,-1
52283.7,-15.4,-8.8,-999,-1
52293.7,-15.5,-9.1,-999,-0.9
52303.7,-15.5,-9.4,-999,-1
52313.8,-15.6,-9.7,-999,-1.1
52323.8,-15.6,-9.9,-999,-1.1
52333.8,-15.7,-10.2,-999,-1.2
52343.8,-15.8,-10.4,-999,-1
52353.9,-15.8,-10.6,-999,-1.2
52363.9,-15.9,-10.9,-999,-1.1
52373.9,-15.9,-11.1,-999,-1.2
52383.9,-16,-11.3,-999,-1.4
52393.9,-16.1,-11.5,-999,-1.4
52404,-16.1,-11.7,-999,-1.5
52414,-16.2,-11.9,-999,-1.6
52424,-16.2,-12.1,-999,-1.6
52434,-16.3,-12.3,-999,-1.7
52444.1,-16.4,-12.7,-999,-1.8
52454.1,-16.5,-12.9,-999,-1.9
52464.1,-16.4,-13.1,-999,-2
52474.2,-16.6,-13.2,-999,-2
52484.2,-16.6,-13.4,-999,-2.2
52494.2,-16.7,-13.5,-999,-2.3
52504.3,-16.7,-13.6,-999,-2.3
52514.3,-16.7,-13.8,-999,-2.4
52524.3,-16.8,-13.9,-999,-2.5
52534.3,-16.9,-14.1,-999,-2.6
52544.4,-16.9,-14.1,-999,-2.6
52554.4,-17,-14.2,-999,-2.8
52564.4,-17,-14.2,-999,-3
52574.4,-17.1,-14.2,-999,-2.9
52584.5,-17,-14.3,-999,-3.2
52594.5,-17.1,-14.4,-999,-3.3
52604.5,-17.2,-14.4,-999,-3.3
52614.5,-17.2,-14.4,-999,-3.5
52624.6,-17.3,-14.3,-999,-3.6
52634.6,-17.3,-14.4,-999,-3.7
52644.6,-17.5,-14.3,-999,-3.8
52654.6,-17.5,-14.3,-999,-3.8
52664.7,-17.5,-14.3,-999,-4.1
52674.7,-17.6,-14.3,-999,-4.2
52684.7,-17.8,-14.4,-999,-4.2
52694.8,-17.7,-14.4,-999,-4.5
52704.8,-17.8,-14.4,-999,-4.6
52714.8,-17.9,-14.3,-999,-4.6
52724.8,-17.9,-14.4,-999,-5
52734.8,-18.1,-14.4,-999,-5
52744.8,-18,-14.4,-999,-5.3
52754.8,-18.1,-14.5,-999,-5.4
52764.9,-18.3,-14.5,-999,-5.4
52774.9,-18.3,-14.6,-999,-5.7
52784.9,-18.3,-14.6,-999,-5.7
52795,-18.6,-14.6,-999,-6
52805,-18.5,-14.6,-999,-6.1
52815,-18.8,-14.6,-999,-6.1
52825,-18.8,-14.8,-999,-6.4
52835,-18.9,-14.8,-999,-6.5
52845.1,-18.9,-14.8,-999,-6.8
52855.1,-19.1,-14.8,-999,-7
52865.1,-19.2,-14.8,-999,-7.2
52875.1,-19.2,-14.8,-999,-7.6
52885.1,-19.3,-14.8,-999,-7.9
52895.2,-19.4,-14.8,-999,-8.1
52905.2,-19.4,-14.8,-999,-8.7
52915.2,-19.5,-14.9,-999,-9.2
52925.2,-19.6,-14.9,-999,-9.6
52935.3,-19.7,-14.9,-999,-10.1
52945.3,-19.7,-14.9,-999,-10.6
52955.3,-19.8,-14.9,-999,-11
52965.3,-20,-15,-999,-11.4
52975.4,-20,-15,-999,-11.9
52985.4,-20,-15.1,-999,-12.2
52995.4,-20.1,-15.1,-999,-12.6
53005.4,-20.3,-15.2,-999,-13
53015.5,-20.4,-15.2,-999,-13.4
53025.5,-20.4,-15.3,-999,-14.2
53035.5,-20.5,-15.3,-999,-14.5
53045.5,-20.6,-15.5,-999,-14.9
53055.5,-20.6,-15.5,-999,-15.3
53065.6,-20.7,-15.6,-999,-15.6
53075.6,-20.7,-15.6,-999,-15.9
53085.7,-20.9,-15.7,-999,-16.4
53095.7,-21,-15.8,-999,-16.6
53105.7,-21.1,-15.9,-999,-17
53115.7,-21.2,-16,-999,-17.4
53125.7,-21.2,-16.1,-999,-17.8
53135.8,-21.4,-16.2,-999,-18.1
53145.8,-21.4,-16.2,-999,-18.4
53155.8,-21.5,-16.6,-999,-18.8
53165.8,-21.6,-16.7,-999,-19
53175.9,-21.7,-16.8,-999,-19.3
53185.9,-21.7,-16.9,-999,-19.6
53195.9,-21.9,-17,-999,-19.8
53205.9,-21.9,-17.1,-999,-20.1
53215.9,-22.1,-17.3,-999,-20.4
53226,-22.1,-17.3,-999,-20.6
53236,-22.2,-17.5,-999,-20.9
53246,-22.2,-17.6,-999,-21.2
53256.1,-22.4,-17.7,-999,-21.4
53266.1,-22.4,-17.8,-999,-21.6
53276.1,-22.5,-18,-999,-22.1
53286.1,-22.6,-18.2,-999,-22.3
53296.2,-22.7,-18.3,-999,-22.6
53306.2,-23,-18.4,-999,-22.8
53316.2,-23,-18.5,-999,-22.9
53326.2,-23.1,-18.7,-999,-23.2
53336.2,-23.3,-18.9,-999,-23.4
53346.3,-23.4,-19,-999,-23.6
53356.3,-23.4,-19.3,-999,-23.8
53366.3,-23.6,-19.4,-999,-24
53376.4,-23.6,-19.6,-999,-24.3
53386.4,-23.7,-19.7,-999,-24.3
53396.4,-23.9,-19.9,-999,-24.6
53406.5,-23.9,-20.1,-999,-24.7
53416.5,-24,-20.3,-999,-24.9
53426.5,-24.1,-20.4,-999,-25
53436.6,-24.2,-20.8,-999,-25.3
53446.6,-24.3,-21,-999,-25.4
53456.6,-24.4,-21.1,-999,-25.7
53466.6,-24.4,-21.3,-999,-25.8
53476.7,-24.6,-21.5,-999,-26
53486.7,-24.6,-21.6,-999,-26.1
53496.7,-24.8,-21.9,-999,-26.4
53506.8,-24.8,-22.1,-999,-26.7
53516.8,-24.9,-22.2,-999,-26.8
53526.9,-25,-22.5,-999,-27
53536.9,-25.1,-22.6,-999,-27
53546.9,-25.2,-22.8,-999,-27.2
53556.9,-25.3,-23.1,-999,-27.3
53567,-25.4,-23.2,-999,-27.6
53577,-25.4,-23.4,-999,-27.7
53587,-25.6,-23.5,-999,-27.6
53597.1,-25.6,-23.7,-999,-28
53607.1,-25.7,-23.9,-999,-28.1
53617.2,-25.8,-24.1,-999,-28.2
53627.2,-25.9,-24.3,-999,-28.1
53637.2,-26,-24.4,-999,-28.4
53647.2,-26.1,-24.6,-999,-28.5
53657.3,-26.2,-25.1,-999,-28.5
53667.3,-26.2,-25.3,-999,-28.8
53677.3,-26.4,-25.4,-999,-29
53687.3,-26.4,-25.6,-999,-29
53697.3,-26.5,-25.8,-999,-29.1
53707.4,-26.7,-26,-999,-29.1
53717.4,-26.7,-26.2,-999,-29.4
53727.4,-26.8,-26.3,-999,-29.5
53737.4,-26.9,-26.5,-999,-29.5
53747.4,-26.9,-26.6,-999,-29.7
53757.5,-27,-26.8,-999,-29.8
53767.5,-27.3,-27,-999,-29.9
53777.5,-27.4,-27.2,-999,-30
53787.6,-27.6,-27.3,-999,-30.1
53797.6,-27.6,-27.5,-999,-30.3
53807.6,-27.6,-27.7,-999,-30.6
53817.7,-27.6,-27.8,-999,-30.4
53827.7,-27.8,-28,-999,-30.8
53837.7,-27.9,-28.1,-999,-30.7
53847.7,-28,-28.3,-999,-31
53857.8,-28.1,-28.4,-999,-31.1
53867.8,-28.2,-28.7,-999,-31.2
53877.8,-28.2,-28.7,-999,-31.2
53887.8,-28.4,-28.8,-999,-31.4
53897.9,-28.4,-29,-999,-31.4
53907.9,-28.5,-29.4,-999,-31.6
53918,-28.5,-29.3,-999,-31.7
53928,-28.7,-29.6,-999,-31.8
53938,-28.7,-29.7,-999,-31.9
53948,-28.8,-29.9,-999,-32
53958.1,-28.9,-30.1,-999,-32.1
53968.1,-29,-30.1,-999,-32.1
53978.1,-29.1,-30.3,-999,-32.3
53988.2,-29.1,-30.4,-999,-32.3
53998.2,-29.2,-30.5,-999,-32.4
54008.2,-29.3,-30.6,-999,-32.6
54018.2,-29.4,-30.8,-999,-32.6
54028.3,-29.5,-30.8,-999,-32.6
54038.3,-29.5,-31,-999,-32.8
54048.3,-29.6,-31.1,-999,-32.9
54058.4,-29.7,-31.2,-999,-33
54068.4,-29.8,-31.3,-999,-33.1
54078.4,-29.9,-31.5,-999,-33.2
54088.5,-29.9,-31.6,-999,-33.2
54098.5,-30,-31.7,-999,-33.4
54108.5,-30.1,-31.8,-999,-33.5
54118.5,-30.2,-31.9,-999,-33.6
54128.6,-30.2,-32.1,-999,-33.7
54138.6,-30.3,-32.2,-999,-33.8
54148.6,-30.4,-32.2,-999,-33.8
54158.6,-30.5,-32.4,-999,-33.9
54168.7,-30.5,-32.5,-999,-34
54178.7,-30.6,-32.5,-999,-34
54188.7,-30.7,-32.6,-999,-34.1
54198.8,-30.8,-32.7,-999,-34.2
54208.8,-30.8,-32.9,-999,-34.4
54218.8,-30.9,-33,-999,-34.4
54228.8,-31,-33,-999,-34.4
54238.9,-31.2,-33.1,-999,-34.7
54248.9,-31.1,-33.2,-999,-34.8
54258.9,-31.3,-33.3,-999,-34.8
54269,-31.3,-33.6,-999,-35.1
54279,-31.4,-33.5,-999,-34.8
54289,-31.5,-33.8,-999,-35.2
54299.1,-31.8,-33.9,-999,-35.2
54309.1,-31.6,-34,-999,-35.3
54319.1,-31.9,-34.2,-999,-35.5
54329.1,-32,-34.2,-999,-35.5
54339.1,-32.1,-34.3,-999,-35.6
54349.2,-32.2,-34.4,-999,-35.7
54359.2,-32.2,-34.5,-999,-35.9
54369.2,-32.3,-34.6,-999,-35.9
54379.2,-32.4,-34.6,-999,-35.8
54389.3,-32.5,-34.8,-999,-36.1
54399.3,-32.6,-34.9,-999,-36.2
54409.3,-32.6,-34.9,-999,-36.2
54419.3,-32.7,-35,-999,-36.3
54429.4,-32.8,-35.2,-999,-36.4
54439.4,-32.9,-35.2,-999,-36.4
54449.4,-32.9,-35.3,-999,-36.5
54459.5,-33,-35.4,-999,-36.5
54469.5,-33,-35.5,-999,-36.7
54479.5,-33.1,-35.5,-999,-36.8
54489.5,-33.1,-35.6,-999,-36.8
54499.5,-33.2,-35.7,-999,-36.9
54509.6,-33.3,-35.8,-999,-36.9
54519.6,-33.4,-35.9,-999,-36.9
54529.6,-33.4,-35.9,-999,-36.9
54539.6,-33.5,-36,-999,-37.2
54549.6,-33.6,-36.1,-999,-37.2
54559.7,-33.5,-36.1,-999,-37.2
54569.7,-33.7,-36.2,-999,-37.3
54579.7,-33.7,-36.2,-999,-37.3
54589.7,-33.8,-36.3,-999,-37.5
54599.8,-33.8,-36.4,-999,-37.4
54609.8,-33.8,-36.5,-999,-37.5
54619.8,-33.8,-36.4,-999,-37.5
54629.8,-33.8,-36.5,-999,-37.5
54639.9,-33.9,-36.5,-999,-37.6
54649.9,-33.9,-36.5,-999,-37.6
54659.9,-34,-36.6,-999,-37.7
54669.9,-34,-36.6,-999,-37.7
54680,-34.1,-36.7,-999,-37.7
54690,-34.1,-36.7,-999,-37.7
54700,-34.1,-36.8,-999,-37.7
54710,-34.1,-36.8,-999,-37.8
54720.1,-34.2,-36.8,-999,-37.9
54730.1,-34.2,-36.9,-999,-37.8
54740.1,-34.2,-36.9,-999,-37.9
54750.1,-34.2,-36.9,-999,-37.9
54760.1,-34.2,-36.9,-999,-37.9
54770.2,-34.2,-36.9,-999,-37.9
54780.2,-34.2,-37,-999,-37.9
54790.2,-34.3,-36.9,-999,-38
54800.3,-34.3,-37,-999,-38
54810.3,-34.3,-37.1,-999,-38
54820.3,-34.4,-37.1,-999,-37.9
54830.3,-34.4,-37.1,-999,-38
54840.3,-34.4,-37.1,-999,-38
54850.4,-34.4,-37.2,-999,-38
54860.4,-34.4,-37.2,-999,-38.1
54870.4,-34.4,-37.2,-999,-38.1
54880.4,-34.4,-37.3,-999,-38.1
54890.5,-34.5,-37.2,-999,-38
54900.5,-34.5,-37.3,-999,-38.1
54910.5,-34.5,-37.3,-999,-38.2
54920.5,-34.5,-37.3,-999,-38.2
54930.6,-34.6,-37.3,-999,-38.2
54940.6,-34.6,-37.3,-999,-38.2
54950.6,-34.6,-37.4,-999,-38.2
54960.6,-34.6,-37.4,-999,-38.2
54970.7,-34.6,-37.4,-999,-38.2
54980.7,-34.6,-37.4,-999,-38.2
54990.7,-34.6,-37.4,-999,-38.2
55000.7,-34.7,-37.4,-999,-38.2
55010.8,-34.7,-37.5,-999,-38.3
55020.8,-34.6,-37.4,-999,-38.2
55030.8,-34.7,-37.4,-999,-38.2
55040.8,-34.7,-37.5,-999,-38.2
55050.8,-34.7,-37.5,-999,-38.2
55060.9,-34.8,-37.6,-999,-38.3
55070.9,-34.7,-37.5,-999,-38.3
55080.9,-34.8,-37.5,-999,-38.3
55090.9,-34.8,-37.6,-999,-38.4
55100.9,-34.8,-37.6,-999,-38.3
55111,-34.8,-37.6,-999,-38.3
55121,-34.8,-37.6,-999,-38.4
55131,-34.8,-37.6,-999,-38.4
55141.1,-34.9,-37.6,-999,-38.3
55151.1,-34.9,-37.6,-999,-38.4
55161.1,-35,-37.7,-999,-38.5
55171.2,-34.9,-37.6,-999,-38.4
55181.2,-35,-37.7,-999,-38.4
55191.2,-34.9,-37.6,-999,-38.5
55201.3,-34.9,-37.7,-999,-38.3
55211.3,-35,-37.7,-999,-38.4
55221.3,-35,-37.7,-999,-38.4
55231.3,-35,-37.7,-999,-38.4
55241.3,-35,-37.8,-999,-38.5
55251.4,-35,-37.7,-999,-38.4
55261.4,-35.1,-37.7,-999,-38.3
55271.4,-35.1,-37.7,-999,-38.4
55281.5,-35.1,-37.8,-999,-38.4
55291.5,-35.1,-37.9,-999,-38.5
55301.5,-35.1,-37.8,-999,-38.5
55311.5,-35.1,-37.8,-999,-38.5
55321.6,-35.1,-37.8,-999,-38.5
55331.6,-35.1,-37.8,-999,-38.5
55341.6,-35.2,-37.8,-999,-38.5
55351.7,-35.2,-37.8,-999,-38.6
55361.7,-35.2,-37.8,-999,-38.6
55371.7,-35.2,-37.8,-999,-38.6
55381.7,-35.2,-38.1,-999,-38.6
55391.8,-35.3,-37.9,-999,-38.6
55401.8,-35.2,-38,-999,-38.6
55411.8,-35.2,-37.9,-999,-38.5
55421.9,-35.3,-37.9,-999,-38.6
55431.9,-35.3,-37.8,-999,-38.6
55441.9,-35.3,-37.9,-999,-38.5
55451.9,-35.3,-37.9,-999,-38.6
55462,-35.4,-38.2,-999,-38.7
55472,-35.3,-37.9,-999,-38.6
55482,-35.4,-37.9,-999,-38.5
55492,-35.3,-37.8,-999,-38.6
55502,-35.4,-37.9,-999,-38.6
55512.1,-35.4,-38.1,-999,-38.6
55522.1,-35.4,-37.9,-999,-38.7
55532.1,-35.4,-38.1,-999,-38.6
55542.1,-35.4,-37.9,-999,-38.6
55552.1,-35.4,-37.9,-999,-38.7
55562.2,-35.4,-37.9,-999,-38.7
55572.2,-35.4,-38.1,-999,-38.6
55582.2,-35.4,-37.9,-999,-38.6
55592.3,-35.5,-38.2,-999,-38.7
55602.3,-35.5,-37.9,-999,-38.6
55612.3,-35.5,-38.2,-999,-38.6
55622.3,-35.5,-38.2,-999,-38.7
55632.4,-35.4,-37.9,-999,-38.7
55642.4,-35.5,-38.3,-999,-38.7
55652.4,-35.5,-38.2,-999,-38.7
55662.4,-35.5,-38.2,-999,-38.7
55672.5,-35.6,-38.2,-999,-38.8
55682.5,-35.5,-38.1,-999,-38.7
55692.5,-35.5,-38.2,-999,-38.7
55702.6,-35.6,-38.3,-999,-38.7
55712.6,-35.7,-38.1,-999,-38.9
55722.6,-35.6,-38.2,-999,-38.7
55732.6,-35.7,-38.1,-999,-38.8
55742.6,-35.6,-38.2,-999,-38.9
55752.7,-35.7,-38.1,-999,-38.8
55762.7,-35.7,-38.2,-999,-38.8
55772.7,-35.7,-38.2,-999,-38.8
55782.7,-35.7,-38,-999,-38.8
55792.7,-35.7,-38.2,-999,-38.8
55802.8,-35.7,-38.2,-999,-38.9
55812.8,-35.7,-38.3,-999,-38.9
55822.8,-35.7,-38.2,-999,-38.8
55832.8,-35.8,-38.1,-999,-38.8
55842.8,-35.7,-38.2,-999,-38.9
55852.9,-35.8,-38.3,-999,-38.8
55862.9,-35.8,-38.3,-999,-38.8
55872.9,-35.8,-38.3,-999,-38.9
55883,-35.8,-38.1,-999,-38.8
55893,-35.8,-38.3,-999,-38.9
55903,-36,-38.1,-999,-38.8
55913,-35.8,-38.4,-999,-38.9
55923,-35.8,-38.4,-999,-38.9
55933.1,-35.8,-38.3,-999,-38.9
55943.1,-35.8,-38.4,-999,-38.9
55953.1,-35.8,-38.4,-999,-38.9
55963.1,-35.8,-38.4,-999,-38.9
55973.1,-35.8,-38.3,-999,-38.9
55983.2,-35.9,-38.3,-999,-39.2
55993.2,-36.1,-38.4,-999,-38.9
56003.2,-35.9,-38.3,-999,-38.9
56013.2,-36.2,-38.4,-999,-38.9
56023.3,-35.9,-38.4,-999,-38.9
56033.3,-35.9,-38.4,-999,-38.8
56043.3,-36.2,-38.4,-999,-39.1
56053.3,-35.9,-38.3,-999,-38.9
56063.4,-36.2,-38.4,-999,-39
56073.4,-36,-38.4,-999,-38.9
56083.4,-36,-38.4,-999,-39.3
56093.5,-36,-38.2,-999,-38.9
56103.5,-36.2,-38.4,-999,-39
56113.5,-36.2,-38.4,-999,-39.2
56123.6,-36,-38.4,-999,-39
56133.6,-36.1,-38.5,-999,-39.1
56143.6,-36,-38.4,-999,-39
56153.6,-36.1,-38.5,-999,-39
56163.7,-36.3,-38.5,-999,-39
56173.7,-36.3,-38.5,-999,-39.1
56183.7,-36.3,-38.5,-999,-39.2
56193.8,-36.3,-38.5,-999,-39.1
56203.8,-36.3,-38.5,-999,-39
56213.8,-36.4,-38.5,-999,-39.1
56223.8,-36.3,-38.5,-999,-39
56233.9,-36.1,-38.6,-999,-39.1
56243.9,-36.3,-38.5,-999,-39.3
56253.9,-36.2,-38.6,-999,-39.2
56263.9,-36.4,-38.5,-999,-39.1
56274,-36.2,-38.5,-999,-39.4
56284,-36.4,-38.5,-999,-39
56294,-36.4,-38.6,-999,-39.3
56304,-36.4,-38.6,-999,-39.1
56314,-36.2,-38.6,-999,-39.3
56324.1,-36.4,-38.6,-999,-39.1
56334.1,-36.5,-38.5,-999,-39.2
56344.1,-36.2,-38.6,-999,-39.4
56354.2,-36.5,-38.6,-999,-39.2
56364.2,-36.5,-38.6,-999,-39.3
56374.2,-36.5,-38.6,-999,-39.3
56384.2,-36.5,-38.6,-999,-39.2
56394.2,-36.5,-38.6,-999,-39.3
56404.3,-36.2,-38.6,-999,-39.1
56414.3,-36.5,-38.6,-999,-39.3
56424.3,-36.5,-38.6,-999,-39.4
56434.3,-36.5,-38.6,-999,-39.4
56444.4,-36.5,-38.6,-999,-39.3
56454.4,-36.5,-38.6,-999,-39.2
56464.4,-36.6,-38.6,-999,-39.1
56474.4,-36.5,-38.6,-999,-39.2
56484.4,-36.5,-38.6,-999,-39.2
56494.5,-36.6,-38.6,-999,-39.2
56504.5,-36.6,-38.6,-999,-39.2
56514.5,-36.6,-38.6,-999,-39.4
56524.5,-36.6,-38.6,-999,-39.4
56534.6,-36.6,-38.6,-999,-39.2
56544.6,-36.7,-38.6,-999,-39.5
56554.6,-36.6,-38.6,-999,-39.4
56564.6,-36.7,-38.6,-999,-39.1
56574.6,-36.7,-38.7,-999,-39.6
56584.7,-36.6,-38.6,-999,-39.5
56594.7,-36.7,-38.6,-999,-39.2
56604.7,-36.6,-38.7,-999,-39.3
56614.7,-36.7,-38.7,-999,-39.5
56624.8,-36.7,-38.6,-999,-39.5
56634.8,-36.7,-38.7,-999,-39.6
56644.8,-36.7,-38.7,-999,-39.4
56654.8,-36.7,-38.6,-999,-39.5
56664.8,-36.7,-38.7,-999,-39.5
56674.8,-36.7,-38.7,-999,-39.3
56684.9,-36.7,-38.7,-999,-39.2
56694.9,-36.7,-38.7,-999,-39.6
56704.9,-36.7,-38.7,-999,-39.3
56714.9,-36.7,-38.7,-999,-39.5
56724.9,-36.7,-38.7,-999,-39.2
56734.9,-36.7,-38.7,-999,-39.6
56745,-36.7,-38.7,-999,-39.3
56755,-36.7,-38.7,-999,-39.6
56765,-36.8,-38.8,-999,-39.5
56775,-36.7,-38.7,-999,-39.5
56785,-36.8,-38.8,-999,-39.6
56795.1,-36.7,-38.7,-999,-39.6
56805.1,-36.8,-38.7,-999,-39.6
56815.1,-36.8,-38.8,-999,-39.4
56825.1,-36.8,-38.8,-999,-39.5
56835.2,-36.8,-38.7,-999,-39.5
56845.2,-36.8,-38.7,-999,-39.3
56855.2,-36.9,-38.8,-999,-39.5
56865.2,-36.9,-38.7,-999,-39.6
56875.3,-36.8,-38.7,-999,-39.6
56885.3,-36.8,-38.7,-999,-39.5
56895.3,-36.9,-38.8,-999,-39.6
56905.3,-36.8,-38.7,-999,-39.6
56915.4,-36.8,-38.8,-999,-39.6
56925.4,-36.9,-38.8,-999,-39.6
56935.4,-36.9,-38.8,-999,-39.6
56945.5,-36.9,-38.8,-999,-39.6
56955.5,-36.9,-38.8,-999,-39.6
56965.5,-36.9,-38.8,-999,-39.7
56975.5,-36.9,-38.7,-999,-39.6
56985.6,-36.9,-38.8,-999,-39.6
56995.6,-36.9,-38.8,-999,-39.6
57005.6,-36.9,-38.8,-999,-39.7
57015.6,-36.8,-38.8,-999,-39.6
57025.7,-37,-38.8,-999,-39.7
57035.7,-36.9,-38.8,-999,-39.6
57045.7,-36.9,-38.8,-999,-39.6
57055.7,-37,-38.9,-999,-39.7
57065.7,-36.9,-38.8,-999,-39.6
57075.8,-37,-38.8,-999,-39.6
57085.8,-37,-38.8,-999,-39.7
57095.8,-36.9,-38.8,-999,-39.6
57105.8,-37,-38.8,-999,-39.6
57115.9,-37,-38.8,-999,-39.7
57125.9,-37,-38.8,-999,-39.6
57135.9,-37.1,-38.8,-999,-39.6
57145.9,-37,-38.9,-999,-39.7
57155.9,-37,-38.9,-999,-39.6
57165.9,-37,-38.8,-999,-39.7
57176,-37,-38.8,-999,-39.7
57186,-37,-38.9,-999,-39.7
57196,-37.1,-38.8,-999,-39.6
57206,-37,-38.9,-999,-39.8
57216.1,-37.1,-38.8,-999,-39.6
57226.1,-37.1,-38.8,-999,-39.7
57236.1,-37.1,-38.9,-999,-39.6
57246.1,-37.1,-38.9,-999,-39.7
57256.2,-37.1,-38.9,-999,-39.7
57266.2,-37.1,-38.8,-999,-39.6
57276.2,-37.1,-38.9,-999,-39.8
57286.2,-37.1,-38.9,-999,-39.6
57296.3,-37.1,-38.9,-999,-39.7
57306.3,-37.1,-38.9,-999,-39.7
57316.3,-37.2,-38.8,-999,-39.6
57326.3,-37.1,-38.9,-999,-39.7
57336.5,-37.1,-38.9,-999,-39.7
57346.5,-37.1,-38.9,-999,-39.7
57356.5,-37.1,-38.9,-999,-39.8
57366.6,-37.2,-38.9,-999,-39.7
57376.6,-37.1,-38.9,-999,-39.7
57386.6,-37.1,-38.9,-999,-39.7
57396.6,-37.1,-38.9,-999,-39.8
57406.6,-37.1,-38.9,-999,-39.7
57416.7,-37.2,-38.9,-999,-39.8
57426.7,-37.2,-38.9,-999,-39.7
57436.7,-37.2,-38.9,-999,-39.7
57446.8,-37.2,-38.9,-999,-39.7
57456.8,-37.2,-38.9,-999,-39.7
57466.8,-37.2,-38.9,-999,-39.7
57476.8,-37.2,-38.9,-999,-39.8
57486.9,-37.1,-38.9,-999,-39.7
57496.9,-37.2,-38.9,-999,-39.7
57506.9,-37.2,-38.9,-999,-39.7
57516.9,-37.1,-38.9,-999,-39.8
57527,-37.1,-38.9,-999,-39.8
57537,-37.2,-38.8,-999,-39.6
57547,-37.2,-38.9,-999,-39.8
57557,-37.3,-38.9,-999,-39.6
57567.1,-37.2,-38.9,-999,-39.7
57577.1,-37.2,-38.9,-999,-39.9
57587.1,-37.2,-38.9,-999,-39.8
57597.1,-37.2,-38.9,-999,-39.9
57607.1,-37.2,-38.9,-999,-39.8
57617.2,-37.3,-38.9,-999,-39.9
57627.2,-37.2,-38.9,-999,-39.7
57637.2,-37.2,-39,-999,-39.8
57647.2,-37.2,-38.9,-999,-39.8
57657.3,-37.2,-38.9,-999,-39.8
57667.3,-37.2,-38.9,-999,-39.7
57677.3,-37.2,-38.9,-999,-39.8
57687.3,-37.2,-38.9,-999,-39.8
57697.3,-37.3,-38.9,-999,-39.8
57707.4,-37.3,-38.9,-999,-39.7
57717.4,-37.3,-39,-999,-39.8
57727.4,-37.4,-38.9,-999,-39.7
57737.4,-37.3,-38.9,-999,-39.8
57747.4,-37.3,-39,-999,-39.8
57757.5,-37.3,-38.9,-999,-39.8
57767.5,-37.3,-39,-999,-39.8
57777.5,-37.3,-38.9,-999,-39.9
57787.6,-37.4,-39,-999,-39.9
57797.6,-37.3,-38.9,-999,-39.8
57807.6,-37.3,-39,-999,-39.8
57817.6,-37.4,-38.9,-999,-39.8
57827.7,-37.3,-38.9,-999,-39.8
57837.7,-37.4,-39,-999,-39.7
57847.7,-37.3,-38.9,-999,-39.9
57857.7,-37.4,-38.9,-999,-39.8
57867.8,-37.4,-39,-999,-39.9
57877.8,-37.4,-38.9,-999,-39.8
57887.8,-37.3,-38.9,-999,-39.8
57897.9,-37.4,-39,-999,-39.9
57907.9,-37.4,-38.9,-999,-39.9
57917.9,-37.4,-39,-999,-39.8
57927.9,-37.3,-39,-999,-39.8
57937.9,-37.4,-38.9,-999,-39.9
57948,-37.4,-39,-999,-39.8
57958,-37.3,-39,-999,-39.8
57968,-37.4,-39,-999,-39.9
57978,-37.4,-38.9,-999,-39.7
57988.1,-37.4,-38.9,-999,-39.9
57998.1,-37.5,-39,-999,-40
58008.2,-37.4,-38.9,-999,-39.8
58018.2,-37.4,-39,-999,-39.9
58028.2,-37.3,-39,-999,-39.8
58038.2,-37.4,-39,-999,-39.9
58048.2,-37.4,-38.9,-999,-39.8
58058.3,-37.3,-38.9,-999,-39.7
58068.3,-37.3,-38.9,-999,-39.7
58078.3,-37.4,-38.8,-999,-39.6
58088.3,-37.2,-38.9,-999,-39.7
58098.4,-37.2,-38.8,-999,-39.6
58108.4,-37.2,-38.8,-999,-39.6
58118.4,-37.2,-38.8,-999,-39.6
58128.4,-37.2,-38.8,-999,-39.6
58138.4,-37.1,-38.7,-999,-39.3
58148.5,-37.2,-38.6,-999,-39.2
58158.5,-37,-38.6,-999,-39.3
58168.5,-37,-38.6,-999,-39.2
58178.5,-37,-38.5,-999,-39.2
58188.5,-36.9,-38.5,-999,-39.3
58198.6,-36.9,-38.5,-999,-38.9
58208.6,-36.8,-38.4,-999,-39
58218.6,-36.8,-38.4,-999,-39.2
58228.6,-36.7,-38.3,-999,-38.9
58238.7,-36.7,-38.3,-999,-38.9
58248.7,-36.7,-38.2,-999,-38.9
58258.7,-36.7,-38,-999,-38.8
58268.7,-36.6,-38.1,-999,-38.8
58278.7,-36.5,-38.2,-999,-38.7
58288.8,-36.4,-37.8,-999,-38.6
58298.8,-36.4,-37.8,-999,-38.5
58308.8,-36.4,-37.7,-999,-38.5
58318.8,-36.3,-37.6,-999,-38.5
58328.9,-36.3,-37.6,-999,-38.4
58338.9,-36,-37.6,-999,-38.2
58348.9,-36.2,-37.5,-999,-38.2
58358.9,-35.9,-37.5,-999,-38.2
58368.9,-35.8,-37.3,-999,-38.2
58379,-35.8,-37.3,-999,-38
58389,-35.7,-37.2,-999,-37.9
58399,-35.7,-37.2,-999,-37.9
58409,-35.6,-37.2,-999,-37.9
58419.1,-35.6,-37,-999,-37.9
58429.1,-35.5,-37,-999,-37.8
58439.1,-35.4,-37,-999,-37.7
58449.1,-35.4,-36.9,-999,-37.6
58459.2,-35.3,-36.9,-999,-37.6
58469.2,-35.3,-36.8,-999,-37.5
58479.2,-35.3,-36.7,-999,-37.4
58489.2,-35.2,-36.8,-999,-37.5
58499.3,-35.1,-36.5,-999,-37.3
58509.3,-35,-36.5,-999,-37.3
58519.3,-35,-36.5,-999,-37.2
58529.3,-35,-36.4,-999,-37.1
58539.4,-34.9,-36.3,-999,-37
58549.4,-34.8,-36.3,-999,-37
58559.4,-34.7,-36.2,-999,-36.9
58569.4,-34.7,-36.2,-999,-36.9
58579.5,-34.7,-36.1,-999,-36.8
58589.5,-34.6,-36,-999,-36.6
58599.5,-34.6,-36,-999,-36.7
58609.5,-34.5,-35.9,-999,-36.7
58619.5,-34.4,-35.9,-999,-36.6
58629.6,-34.3,-35.8,-999,-36.5
58639.6,-34.3,-35.7,-999,-36.5
58649.6,-34.2,-35.5,-999,-36.2
58659.6,-34.2,-35.6,-999,-36.3
58669.6,-34.2,-35.5,-999,-36.3
58679.7,-34.1,-35.5,-999,-36.2
58689.7,-34,-35.4,-999,-36.2
58699.7,-33.9,-35.3,-999,-36.1
58709.7,-33.9,-35.2,-999,-35.9
58719.7,-33.8,-35.2,-999,-35.9
58729.8,-33.8,-35.2,-999,-35.7
58739.8,-33.8,-35.1,-999,-35.9
58749.8,-33.7,-35,-999,-35.7
58759.9,-33.7,-35,-999,-35.6
58769.9,-33.6,-34.9,-999,-35.6
58780,-33.5,-34.8,-999,-35.5
58790,-33.5,-34.8,-999,-35.5
58800,-33.4,-34.7,-999,-35.4
58810,-33.4,-34.6,-999,-35.3
58820.1,-33.3,-34.6,-999,-35.2
58830.1,-33.2,-34.5,-999,-35.2
58840.1,-33.2,-34.5,-999,-35.2
58850.2,-33.1,-34.3,-999,-35.1
58860.2,-33,-34.3,-999,-34.8
58870.2,-33,-34.2,-999,-34.9
58880.2,-33,-34.1,-999,-34.7
58890.3,-32.9,-34.2,-999,-34.9
58900.3,-32.8,-34,-999,-34.5
58910.3,-32.7,-33.9,-999,-34.5
58920.4,-32.7,-33.7,-999,-34.4
58930.4,-32.7,-33.6,-999,-34.5
58940.4,-32.6,-33.6,-999,-34.3
58950.5,-32.5,-33.5,-999,-34.2
58960.5,-32.4,-33.4,-999,-34.2
58970.5,-32.4,-33.3,-999,-34
58980.5,-32.3,-33.3,-999,-34
58990.5,-32.2,-33.3,-999,-34
59000.6,-32.2,-33.1,-999,-33.9
59010.6,-32.2,-33.1,-999,-33.8
59020.6,-32.1,-33,-999,-33.7
59030.7,-32,-32.9,-999,-33.6
59040.7,-32,-32.8,-999,-33.4
59050.7,-31.7,-32.8,-999,-33.5
59060.7,-31.8,-32.7,-999,-33.4
59070.7,-31.6,-32.7,-999,-33.4
59080.8,-31.7,-32.7,-999,-33.3
59090.8,-31.4,-32.5,-999,-33.3
59100.8,-31.4,-32.5,-999,-33.1
59110.9,-31.3,-32.5,-999,-33.1
59120.9,-31.3,-32.4,-999,-33.1
59130.9,-31.2,-32.3,-999,-33
59140.9,-31.1,-32.2,-999,-32.9
59151,-31,-32.1,-999,-32.8
59161,-30.9,-32.1,-999,-32.8
59171,-30.9,-32,-999,-32.6
59181.1,-30.9,-31.9,-999,-32.6
59191.1,-30.9,-31.8,-999,-32.5
59201.1,-30.8,-31.8,-999,-32.5
59211.1,-30.7,-31.8,-999,-32.4
59221.2,-30.6,-31.7,-999,-32.4
59231.2,-30.5,-31.5,-999,-32.3
59241.2,-30.5,-31.4,-999,-32.1
59251.2,-30.4,-31.4,-999,-32.1
59261.3,-30.3,-31.4,-999,-32
59271.4,-30.3,-31.3,-999,-32
59281.4,-30.2,-31.2,-999,-31.9
59291.4,-30.2,-31.1,-999,-31.8
59301.4,-30.1,-31.1,-999,-31.8
59311.5,-30.1,-31.1,-999,-31.7
59321.5,-30.1,-31,-999,-31.7
59331.5,-29.9,-30.8,-999,-31.6
59341.5,-29.9,-30.8,-999,-31.4
59351.5,-29.8,-30.7,-999,-31.4
59361.6,-29.7,-30.7,-999,-31.3
59371.6,-29.7,-30.6,-999,-31.2
59381.6,-29.7,-30.4,-999,-31.2
59391.7,-29.5,-30.4,-999,-31.1
59401.7,-29.5,-30.4,-999,-31.1
59411.7,-29.4,-30.2,-999,-31
59421.7,-29.3,-30.2,-999,-30.9
59431.8,-29.3,-30.1,-999,-30.8
59441.8,-29.2,-30.1,-999,-30.8
59451.8,-29.1,-30,-999,-30.4
59461.9,-29.2,-29.9,-999,-30.4
59471.9,-29,-29.8,-999,-30.4
59481.9,-29,-29.8,-999,-30.3
59491.9,-28.9,-29.7,-999,-30.3
59502,-28.9,-29.7,-999,-30
59512,-28.8,-29.6,-999,-30.1
59522,-28.7,-29.5,-999,-30
59532.1,-28.6,-29.4,-999,-29.9
59542.1,-28.6,-29.3,-999,-29.9
59552.1,-28.5,-29.1,-999,-29.8
59562.1,-28.5,-29,-999,-29.7
59572.2,-28.4,-28.9,-999,-29.6
59582.2,-28.4,-28.9,-999,-29.7
59592.2,-28.3,-28.8,-999,-29.6
59602.2,-28.2,-28.7,-999,-29.4
59612.2,-28.1,-28.7,-999,-29.4
59622.3,-28,-28.6,-999,-29.3
59632.3,-28,-28.5,-999,-29.3
59642.4,-27.9,-28.5,-999,-29.2
59652.4,-27.8,-28.4,-999,-29.1
59662.4,-27.8,-28.3,-999,-29
59672.4,-27.7,-28.3,-999,-29.1
59682.4,-27.6,-28.1,-999,-29
59692.5,-27.6,-28.1,-999,-28.9
59702.5,-27.5,-28,-999,-28.7
59712.5,-27.5,-28,-999,-28.8
59722.5,-27.3,-27.9,-999,-28.6
59732.5,-27.1,-27.9,-999,-28.7
59742.6,-27,-27.8,-999,-28.6
59752.6,-26.9,-27.7,-999,-28.4
59762.6,-26.9,-27.7,-999,-28.4
59772.6,-26.8,-27.6,-999,-28.4
59782.6,-26.7,-27.5,-999,-28.3
59792.7,-26.7,-27.5,-999,-28.2
59802.7,-26.6,-27.4,-999,-28.2
59812.7,-26.5,-27.3,-999,-28.1
59822.7,-26.5,-27.3,-999,-28
59832.7,-26.4,-27.2,-999,-27.9
59842.8,-26.3,-27.1,-999,-27.8
59852.8,-26.3,-27,-999,-27.7
59862.8,-26.1,-27,-999,-27.5
59872.8,-26.1,-26.9,-999,-27.6
59882.8,-26,-26.8,-999,-27.5
59892.9,-26,-26.8,-999,-27.4
59902.9,-25.9,-26.6,-999,-27.3
59912.9,-25.9,-26.6,-999,-27.2
59923,-25.8,-26.5,-999,-27.1
59933,-25.7,-26.4,-999,-27
59943,-25.6,-26.3,-999,-26.9
59953,-25.5,-26.2,-999,-26.9
59963,-25.5,-26.2,-999,-26.7
59973.1,-25.4,-26.1,-999,-26.7
59983.1,-25.3,-26,-999,-26.6
59993.1,-25.3,-25.9,-999,-26.4
60003.1,-25.2,-25.8,-999,-26.2
60013.1,-25.1,-25.7,-999,-26.1
60023.1,-25.1,-25.6,-999,-26
60033.2,-25.1,-25.5,-999,-25.9
60043.2,-24.8,-25.5,-999,-25.9
60053.2,-24.8,-25.3,-999,-25.8
60063.2,-24.8,-25.2,-999,-25.6
60073.2,-24.7,-24.9,-999,-25.6
60083.3,-24.7,-24.8,-999,-25.5
60093.3,-24.5,-24.7,-999,-25.3
60103.4,-24.5,-24.6,-999,-25.3
60113.4,-24.4,-24.5,-999,-25.2
60123.4,-24.3,-24.4,-999,-25.1
60133.4,-24.2,-24.3,-999,-25
60143.4,-24.2,-24.3,-999,-25
60153.4,-24.1,-24.1,-999,-24.9
60163.5,-24,-24.1,-999,-24.8
60173.5,-24,-24,-999,-24.7
60183.5,-23.9,-23.9,-999,-24.6
60193.5,-23.8,-23.7,-999,-24.5
60203.5,-23.7,-23.7,-999,-24.4
60213.6,-23.7,-23.6,-999,-24.3
60223.6,-23.6,-23.5,-999,-24.3
60233.6,-23.6,-23.4,-999,-24
60243.7,-23.5,-23.3,-999,-24
60253.7,-23.4,-23.2,-999,-24
60263.7,-23.3,-23.1,-999,-23.9
60273.7,-23.2,-23,-999,-23.8
60283.8,-23.2,-23,-999,-23.7
60293.8,-23.1,-22.9,-999,-23.6
60303.8,-23,-22.8,-999,-23.6
60313.9,-23,-22.7,-999,-23.4
60323.9,-22.7,-22.6,-999,-23.4
60333.9,-22.8,-22.5,-999,-23.3
60344,-22.6,-22.4,-999,-23
60354,-22.5,-22.4,-999,-23.1
60364,-22.4,-22.2,-999,-23
60374,-22.4,-22.2,-999,-22.9
60384,-22.3,-22.1,-999,-22.8
60394.1,-22.2,-22,-999,-22.8
60404.1,-22.2,-21.9,-999,-22.5
60414.1,-22.1,-21.9,-999,-22.5
60424.1,-22,-21.7,-999,-22.4
60434.2,-22,-21.7,-999,-22.3
60444.2,-21.9,-21.6,-999,-22.3
60454.2,-21.8,-21.5,-999,-22.2
60464.2,-21.8,-21.4,-999,-22.1
60474.3,-21.6,-21.3,-999,-22
60484.3,-21.6,-21.2,-999,-21.7
60494.3,-21.5,-21.1,-999,-21.6
60504.3,-21.5,-21.1,-999,-21.6
60514.3,-21.5,-21,-999,-21.4
60524.4,-21.3,-20.9,-999,-21.3
60534.4,-21.3,-20.8,-999,-21.3
60544.5,-21.2,-20.7,-999,-21.2
60554.5,-21.1,-20.5,-999,-21.1
60564.5,-21.1,-20.3,-999,-21
60574.5,-21,-20.3,-999,-21
60584.6,-20.9,-20.2,-999,-20.8
60594.6,-20.9,-20.1,-999,-20.7
60604.6,-20.8,-20.1,-999,-20.7
60614.7,-20.7,-20,-999,-20.7
60624.7,-20.7,-19.9,-999,-20.5
60634.7,-20.6,-19.9,-999,-20.4
60644.7,-20.5,-19.8,-999,-20.4
60654.7,-20.4,-19.7,-999,-20.3
60664.8,-20.4,-19.6,-999,-20.2
60674.8,-20.4,-19.5,-999,-20.1
60684.8,-20.2,-19.5,-999,-20.1
60694.9,-20.2,-19.4,-999,-20
60704.9,-20.1,-19.3,-999,-19.9
60714.9,-20.1,-19.3,-999,-19.8
60724.9,-20,-19.2,-999,-19.8
60735,-19.8,-19.1,-999,-19.7
60745,-19.8,-19,-999,-19.7
60755,-19.8,-18.9,-999,-19.6
60765,-19.7,-18.9,-999,-19.5
60775.1,-19.7,-18.9,-999,-19.5
60785.1,-19.6,-18.7,-999,-19.5
60795.1,-19.5,-18.7,-999,-19.3
60805.1,-19.4,-18.6,-999,-19.3
60815.2,-19.4,-18.5,-999,-19.2
60825.2,-19.3,-18.5,-999,-19.2
60835.2,-19.2,-18.4,-999,-19.1
60845.3,-19.1,-18.4,-999,-19
60855.3,-19.1,-18.3,-999,-19.1
60865.3,-19,-18.2,-999,-18.9
60875.3,-18.9,-18.2,-999,-18.9
60885.3,-18.8,-18.1,-999,-18.9
60895.3,-18.8,-18,-999,-18.8
60905.4,-18.7,-18,-999,-18.7
60915.4,-18.7,-17.9,-999,-18.6
60925.4,-18.4,-17.8,-999,-18.6
60935.4,-18.3,-17.8,-999,-18.5
60945.5,-18.3,-17.7,-999,-18.3
60955.5,-18.2,-17.7,-999,-18.4
60965.5,-18.1,-17.6,-999,-18.3
60975.6,-18.1,-17.6,-999,-18.3
60985.6,-17.9,-17.5,-999,-18.2
60995.6,-17.9,-17.4,-999,-18.1
61005.6,-17.9,-17.4,-999,-18.1
61015.7,-17.8,-17.3,-999,-18
61025.7,-17.8,-17.3,-999,-18
61035.7,-17.7,-17.2,-999,-18
61045.8,-17.7,-17.2,-999,-17.9
61055.8,-17.6,-17.1,-999,-17.9
61065.8,-17.6,-17.1,-999,-17.8
61075.8,-17.6,-17,-999,-17.8
61085.9,-17.5,-17,-999,-17.7
61095.9,-17.5,-17,-999,-17.5
61105.9,-17.4,-17,-999,-17.5
61116,-17.4,-16.9,-999,-17.5
61126,-17.4,-16.9,-999,-17.6
61136,-17.3,-16.8,-999,-17.6
61146.1,-17.3,-16.8,-999,-17.4
61156.1,-17.3,-16.8,-999,-17.4
61166.1,-17.3,-16.7,-999,-17.2
61176.1,-17.3,-16.7,-999,-17.3
61186.1,-17.2,-16.5,-999,-17.4
61196.2,-17.2,-16.7,-999,-17.2
61206.2,-17.1,-16.7,-999,-17.3
61216.2,-17.2,-16.6,-999,-17.2
61226.2,-17.1,-16.6,-999,-17.2
61236.3,-17.1,-16.5,-999,-17.1
61246.3,-17,-16.3,-999,-17.2
61256.3,-17.1,-16.4,-999,-17.1
61266.3,-17.1,-16.5,-999,-17.1
61276.4,-17.1,-16.3,-999,-17.2
61286.4,-17,-16.3,-999,-17.1
61296.4,-17,-16.4,-999,-17
61306.5,-17,-16.2,-999,-17.1
61316.5,-17,-16.2,-999,-17.1
61326.5,-17,-16.2,-999,-17.1
61336.6,-17,-16.1,-999,-17
61346.6,-17,-16.1,-999,-17.1
61356.6,-17,-16.1,-999,-17
61366.6,-17,-16.1,-999,-17
61376.6,-17,-16.1,-999,-16.9
61386.7,-16.9,-16.1,-999,-16.9
61396.7,-16.9,-16.1,-999,-16.9
61406.7,-16.9,-16.1,-999,-16.9
61416.7,-16.9,-16.1,-999,-16.9
61426.7,-16.9,-16.1,-999,-16.9
61436.8,-16.9,-16.1,-999,-16.9
61446.8,-16.8,-16,-999,-16.9
61456.8,-16.9,-16,-999,-16.8
61466.9,-16.8,-15.9,-999,-16.8
61476.9,-16.9,-16,-999,-16.8
61486.9,-16.8,-16,-999,-16.8
61496.9,-16.8,-16,-999,-16.8
61507,-16.8,-16,-999,-16.8
61517,-16.9,-15.9,-999,-16.6
61527,-16.8,-16,-999,-16.8
61537,-16.8,-15.9,-999,-16.8
61547.1,-16.8,-15.9,-999,-16.8
61557.1,-16.8,-15.9,-999,-16.8
61567.1,-16.8,-15.9,-999,-16.8
61577.1,-16.8,-15.9,-999,-16.7
61587.2,-16.7,-15.9,-999,-16.8
61597.2,-16.8,-15.9,-999,-16.7
61607.2,-16.7,-15.8,-999,-16.7
61617.2,-16.8,-15.8,-999,-16.8
61627.3,-16.7,-15.9,-999,-16.7
61637.3,-16.7,-15.9,-999,-16.7
61647.3,-16.7,-15.9,-999,-16.7
61657.3,-16.7,-15.9,-999,-16.7
61667.3,-16.7,-15.9,-999,-16.6
61677.4,-16.7,-15.8,-999,-16.7
61687.4,-16.7,-15.8,-999,-16.7
61697.4,-16.7,-15.8,-999,-16.7
61707.4,-16.7,-15.8,-999,-16.6
61717.5,-16.7,-15.8,-999,-16.7
61727.5,-16.7,-15.8,-999,-16.7
61737.5,-16.6,-15.8,-999,-16.7
61747.5,-16.6,-15.8,-999,-16.8
61757.6,-16.6,-15.8,-999,-16.5
61767.6,-16.6,-15.8,-999,-16.6
61777.6,-16.6,-15.8,-999,-16.7
61787.6,-16.7,-15.8,-999,-16.5
61797.6,-16.6,-15.8,-999,-16.7
61807.7,-16.6,-15.8,-999,-16.6
61817.7,-16.6,-15.8,-999,-16.6
61827.7,-16.6,-15.8,-999,-16.5
61837.7,-16.5,-15.7,-999,-16.6
61847.7,-16.6,-15.7,-999,-16.6
61857.8,-16.6,-15.7,-999,-16.6
61867.8,-16.6,-15.7,-999,-16.6
61877.8,-16.6,-15.7,-999,-16.6
61887.8,-16.5,-15.7,-999,-16.6
61897.8,-16.5,-15.6,-999,-16.6
61907.9,-16.5,-15.7,-999,-16.6
61917.9,-16.5,-15.7,-999,-16.5
61927.9,-16.5,-15.7,-999,-16.6
61937.9,-16.5,-15.7,-999,-16.5
61947.9,-16.5,-15.6,-999,-16.4
61958,-16.4,-15.7,-999,-16.5
61968,-16.5,-15.6,-999,-16.5
61978,-16.5,-15.7,-999,-16.5
61988.1,-16.4,-15.6,-999,-16.6
61998.1,-16.5,-15.6,-999,-16.5
62008.1,-16.4,-15.6,-999,-16.4
62018.1,-16.4,-15.6,-999,-16.5
62028.1,-16.4,-15.6,-999,-16.5
62038.2,-16.4,-15.6,-999,-16.5
62048.2,-16.4,-15.6,-999,-16.5
62058.2,-16.4,-15.5,-999,-16.5
62068.2,-16.4,-15.6,-999,-16.5
62078.3,-16.4,-15.6,-999,-16.5
62088.3,-16.4,-15.5,-999,-16.5
62098.3,-16.4,-15.6,-999,-16.5
62108.3,-16.4,-15.5,-999,-16.5
62118.4,-16.4,-15.6,-999,-16.5
62128.4,-16.4,-15.5,-999,-16.5
62138.4,-16.4,-15.5,-999,-16.3
62148.4,-16.4,-15.5,-999,-16.5
62158.4,-16.3,-15.5,-999,-16.3
62168.5,-16.4,-15.6,-999,-16.5
62178.5,-16.4,-15.5,-999,-16.5
62188.5,-16.4,-15.5,-999,-16.5
62198.5,-16.3,-15.5,-999,-16.4
62208.5,-16.3,-15.5,-999,-16.4
62218.5,-16.3,-15.6,-999,-16.5
62228.6,-16.3,-15.6,-999,-16.4
62238.6,-16.3,-15.5,-999,-16.5
62248.6,-16.3,-15.5,-999,-16.4
62258.6,-16.3,-15.5,-999,-16.5
62268.7,-16.3,-15.5,-999,-16.4
62278.7,-16.4,-15.6,-999,-16.3
62288.7,-16.3,-15.5,-999,-16.4
62298.8,-16.3,-15.5,-999,-16.4
62308.8,-16.2,-15.5,-999,-16.4
62318.8,-16.3,-15.5,-999,-16.4
62328.8,-16.3,-15.5,-999,-16.5
62338.8,-16.3,-15.5,-999,-16.4
62348.9,-16.2,-15.5,-999,-16.4
62358.9,-16.2,-15.5,-999,-16.4
62368.9,-16.2,-15.5,-999,-16.4
62379,-16.2,-15.5,-999,-16.4
62389,-16.2,-15.5,-999,-16.4
62399,-16.2,-15.5,-999,-16.4
62409.1,-16.2,-15.5,-999,-16.4
62419.1,-16.3,-15.5,-999,-16.3
62429.1,-16.2,-15.5,-999,-16.3
62439.2,-16.2,-15.5,-999,-16.4
62449.2,-16.2,-15.5,-999,-16.4
62459.2,-16.2,-15.5,-999,-16.4
62469.2,-16.2,-15.5,-999,-16.3
62479.2,-16.2,-15.5,-999,-16.3
62489.3,-16.1,-15.5,-999,-16.3
62499.3,-16.2,-15.5,-999,-16.3
62509.3,-16.2,-15.5,-999,-16.4
62519.4,-16.2,-15.5,-999,-16.4
62529.4,-16.1,-15.5,-999,-16.4
62539.4,-16.1,-15.5,-999,-16.4
62549.5,-16.1,-15.4,-999,-16.2
62559.5,-16.1,-15.4,-999,-16.3
62569.5,-16.1,-15.4,-999,-16.4
62579.5,-16.1,-15.4,-999,-16.3
62589.6,-16.1,-15.4,-999,-16.3
62599.6,-16.1,-15.5,-999,-16.2
62609.6,-16.1,-15.4,-999,-16.4
62619.6,-16.1,-15.4,-999,-16.3
62629.7,-16.1,-15.4,-999,-16.4
62639.7,-16.1,-15.4,-999,-16.3
62649.7,-16.1,-15.4,-999,-16.3
62659.7,-16.1,-15.4,-999,-16.2
62669.8,-16.1,-15.4,-999,-16.3
62679.8,-16.1,-15.4,-999,-16.3
62689.8,-16,-15.3,-999,-16.4
62699.8,-16.1,-15.4,-999,-16.2
62709.9,-16,-15.3,-999,-16.3
62719.9,-16,-15.4,-999,-16.3
62729.9,-16,-15.4,-999,-16.2
62739.9,-16.1,-15.3,-999,-16.3
62750,-16.1,-15.4,-999,-16.3
62760,-16.1,-15.4,-999,-16.2
62770,-16.1,-15.4,-999,-16.3
62780,-16.1,-15.4,-999,-16.2
62790,-16.1,-15.3,-999,-16.2
62800.1,-16,-15.4,-999,-16.3
62810.1,-16,-15.5,-999,-16.3
62820.1,-16,-15.4,-999,-16.2
62830.2,-16,-15.3,-999,-16.2
62840.2,-16,-15.4,-999,-16.2
62850.2,-16,-15.4,-999,-16.3
62860.2,-16,-15.4,-999,-16.3
62870.2,-16,-15.4,-999,-16.3
62880.3,-16,-15.3,-999,-16.2
62890.3,-16,-15.4,-999,-16.2
62900.3,-16.1,-15.3,-999,-16.2
62910.4,-16,-15.4,-999,-16.3
62920.4,-16,-15.4,-999,-16.2
62930.4,-16,-15.4,-999,-16.2
62940.4,-16,-15.3,-999,-16.2
62950.4,-16.1,-15.4,-999,-16.2
62960.5,-15.9,-15.4,-999,-16.2
62970.5,-16,-15.3,-999,-16.2
62980.5,-16,-15.3,-999,-16.2
62990.5,-16,-15.4,-999,-16.3
63000.5,-16,-15.4,-999,-16.3
63010.6,-15.9,-15.3,-999,-16.2
63020.6,-16,-15.3,-999,-16.2
63030.6,-15.9,-15.3,-999,-16.3
63040.6,-16,-15.3,-999,-16.2
63050.7,-15.9,-15.4,-999,-16.3
63060.7,-16,-15.4,-999,-16.2
63070.7,-15.9,-15.3,-999,-16.2
63080.7,-15.9,-15.3,-999,-16.2
63090.7,-15.9,-15.3,-999,-16.2
63100.8,-15.9,-15.4,-999,-16.2
63110.8,-15.9,-15.3,-999,-16.2
63120.8,-15.9,-15.3,-999,-16.2
63130.8,-15.9,-15.3,-999,-16.2
63140.8,-15.9,-15.3,-999,-16.2
63150.8,-15.9,-15.3,-999,-16.2
63160.9,-15.9,-15.3,-999,-16.2
63170.9,-15.9,-15.3,-999,-16.2
63180.9,-15.9,-15.3,-999,-16.2
63190.9,-15.9,-15.3,-999,-16.2
63201,-15.9,-15.3,-999,-16.2
63211,-15.8,-15.3,-999,-16.2
63221,-15.9,-15.3,-999,-16.2
63231,-15.9,-15.2,-999,-16.2
63241.1,-15.9,-15.3,-999,-16.2
63251.1,-15.9,-15.3,-999,-16.2
63261.1,-15.9,-15.3,-999,-16.2
63271.1,-15.8,-15.2,-999,-16.2
63281.2,-15.9,-15.3,-999,-16.2
63291.2,-15.9,-15.2,-999,-16.2
63301.2,-15.9,-15.3,-999,-16.1
63311.3,-15.9,-15.3,-999,-16.1
63321.3,-15.8,-15.3,-999,-16.2
63331.3,-15.9,-15.3,-999,-16.2
63341.3,-15.8,-15.3,-999,-16.2
63351.4,-15.8,-15.3,-999,-16.2
63361.4,-15.9,-15.2,-999,-16.2
63371.4,-15.8,-15.2,-999,-16.2
63381.4,-15.8,-15.2,-999,-16.1
63391.4,-15.8,-15.2,-999,-16.1
63401.4,-15.8,-15.2,-999,-16.2
63411.5,-15.8,-15.3,-999,-16.2
63421.5,-15.8,-15.3,-999,-16.2
63431.5,-15.8,-15.3,-999,-16.2
63441.5,-15.8,-15.2,-999,-16.2
63451.6,-15.8,-15.2,-999,-16.1
63461.6,-15.8,-15.2,-999,-16.2
63471.6,-15.8,-15.2,-999,-16.2
63481.6,-15.8,-15.2,-999,-16.2
63491.7,-15.8,-15.3,-999,-16.2
63501.7,-15.8,-15.2,-999,-16.2
63511.7,-15.9,-15.2,-999,-16.1
63521.7,-15.8,-15.2,-999,-16.1
63531.7,-15.8,-15.2,-999,-16.1
63541.8,-15.8,-15.3,-999,-16.1
63551.8,-15.8,-15.2,-999,-16.2
63561.8,-15.8,-15.2,-999,-16.1
63571.8,-15.8,-15.2,-999,-16.1
63581.8,-15.8,-15.2,-999,-16.1
63591.9,-15.8,-15.2,-999,-16.1
63601.9,-15.8,-15.2,-999,-16.1
63611.9,-15.8,-15.2,-999,-16.1
63621.9,-15.8,-15.2,-999,-16.1
63631.9,-15.8,-15.2,-999,-16.1
63642,-15.8,-15.2,-999,-16.1
63652,-15.8,-15.2,-999,-16.1
63662,-15.8,-15.2,-999,-16.1
63672,-15.7,-15.2,-999,-16.2
63682.1,-15.8,-15.2,-999,-16
63692.1,-15.8,-15.2,-999,-16.1
63702.1,-15.8,-15.2,-999,-16.1
63712.1,-15.8,-15.2,-999,-16.1
63722.2,-15.7,-15.2,-999,-16.1
63732.2,-15.8,-15.2,-999,-16.1
63742.2,-15.8,-15.2,-999,-16
63752.2,-15.7,-15.2,-999,-16.1
63762.3,-15.8,-15.2,-999,-16.1
63772.3,-15.8,-15.2,-999,-16.2
63782.3,-15.7,-15.2,-999,-16
63792.3,-15.8,-15.2,-999,-16.1
63802.3,-15.8,-15.2,-999,-16
63812.4,-15.7,-15.2,-999,-16.1
63822.4,-15.7,-15.2,-999,-16.2
63832.4,-15.8,-15.2,-999,-16
63842.4,-15.8,-15.2,-999,-16.1
63852.5,-15.7,-15.2,-999,-16.1
63862.5,-15.8,-15.2,-999,-15.9
63872.5,-15.7,-15.2,-999,-16.1
63882.5,-15.8,-15.2,-999,-16.1
63892.6,-15.7,-15.2,-999,-16.1
63902.6,-15.7,-15.2,-999,-16.1
63912.6,-15.8,-15.2,-999,-16
63922.6,-15.7,-15.2,-999,-16.1
63932.7,-15.7,-15.2,-999,-16
63942.7,-15.7,-15.2,-999,-16.1
63952.7,-15.7,-15.2,-999,-16.1
63962.7,-15.7,-15.2,-999,-16.1
63972.7,-15.8,-15.2,-999,-15.9
63982.8,-15.7,-15.2,-999,-16
63992.8,-15.8,-15.2,-999,-16
64002.8,-15.7,-15.2,-999,-16.1
64012.8,-15.7,-15.2,-999,-16
64022.8,-15.7,-15.1,-999,-15.9
64032.8,-15.7,-15.2,-999,-16.1
64042.9,-15.7,-15.1,-999,-16.1
64052.9,-15.7,-15.2,-999,-16
64062.9,-15.7,-15.2,-999,-16.1
64072.9,-15.7,-15.2,-999,-16
64082.9,-15.7,-15.2,-999,-16
64093,-15.7,-15.2,-999,-16
64103,-15.7,-15.2,-999,-16
64113,-15.7,-15.2,-999,-15.9
64123,-15.7,-15.2,-999,-16
64133.1,-15.7,-15.2,-999,-16
64143.2,-15.6,-15.2,-999,-16.1
64153.2,-15.7,-15.2,-999,-16.1
64163.2,-15.6,-15.2,-999,-16
64173.2,-15.7,-15.2,-999,-16
64183.2,-15.8,-15.2,-999,-16.1
64193.3,-15.6,-15.2,-999,-16
64203.3,-15.6,-15.2,-999,-16
64213.3,-15.7,-15.2,-999,-16
64223.3,-15.7,-15.2,-999,-16
64233.3,-15.6,-15.2,-999,-16
64243.3,-15.6,-15.2,-999,-16
64253.4,-15.6,-15.2,-999,-16
64263.4,-15.6,-15.2,-999,-16
64273.4,-15.6,-15.2,-999,-16
64283.4,-15.6,-15.2,-999,-16
64293.5,-15.7,-15.2,-999,-16
64303.5,-15.6,-15.2,-999,-16
64313.5,-15.7,-15.2,-999,-16
64323.6,-15.6,-15.2,-999,-16
64333.6,-15.7,-15.2,-999,-16
64343.6,-15.7,-15.2,-999,-16
64353.6,-15.6,-15.2,-999,-16
64363.6,-15.7,-15.2,-999,-16
64373.6,-15.6,-15.2,-999,-16
64383.7,-15.6,-15.2,-999,-16
64393.7,-15.7,-15.2,-999,-16
64403.7,-15.6,-15.2,-999,-16
64413.7,-15.6,-15.2,-999,-16
64423.7,-15.6,-15.2,-999,-16
64433.8,-15.6,-15.1,-999,-15.9
64443.8,-15.6,-15.2,-999,-16
64453.8,-15.6,-15.2,-999,-16
64463.9,-15.6,-15.2,-999,-16
64473.9,-15.6,-15.2,-999,-16
64483.9,-15.7,-15.2,-999,-16
64493.9,-15.5,-15.2,-999,-16
64503.9,-15.7,-15.2,-999,-16
64513.9,-15.6,-15.2,-999,-16
64523.9,-15.6,-15.1,-999,-16
64534,-15.6,-15.2,-999,-16
64544,-15.6,-15.2,-999,-16
64554,-15.6,-15.1,-999,-16
64564.1,-15.6,-15.2,-999,-15.8
64574.1,-15.6,-15.2,-999,-16
64584.2,-15.6,-15.1,-999,-16
64594.2,-15.6,-15.2,-999,-16
64604.2,-15.6,-15.2,-999,-16
64614.2,-15.6,-15.2,-999,-16
64624.3,-15.7,-15.2,-999,-16
64634.3,-15.6,-15.2,-999,-16
64644.3,-15.7,-15.2,-999,-16
64654.4,-15.6,-15.1,-999,-16
64664.4,-15.6,-15.2,-999,-16
64674.4,-15.7,-15.1,-999,-15.9
64684.4,-15.6,-15.2,-999,-16
64694.4,-15.5,-15.1,-999,-16
64704.5,-15.6,-15.2,-999,-16
64714.5,-15.6,-15.2,-999,-16
64724.5,-15.6,-15.1,-999,-16
64734.6,-15.6,-15.2,-999,-16
64744.6,-15.7,-15.2,-999,-16
64754.6,-15.6,-15.2,-999,-16
64764.6,-15.6,-15.1,-999,-16
64774.6,-15.6,-15.2,-999,-16
64784.7,-15.6,-15.1,-999,-16
64794.7,-15.7,-15.1,-999,-15.9
64804.7,-15.6,-15.1,-999,-16
64814.7,-15.6,-15.1,-999,-16.1
64824.8,-15.6,-15.1,-999,-16
64834.8,-15.6,-15.2,-999,-16
64844.8,-15.6,-15.1,-999,-15.8
64854.9,-15.6,-15.2,-999,-16
64864.9,-15.6,-15.2,-999,-16
64874.9,-15.5,-15.1,-999,-16
64885,-15.5,-15.1,-999,-16
64895,-15.5,-15.1,-999,-16
64905,-15.5,-15.2,-999,-16
64915.1,-15.6,-15.1,-999,-15.9
64925.1,-15.5,-15.2,-999,-16
64935.1,-15.7,-15.1,-999,-16
64945.1,-15.6,-15.1,-999,-16
64955.2,-15.6,-15.2,-999,-16
64965.2,-15.5,-15.1,-999,-16
64975.2,-15.6,-15.1,-999,-16
64985.3,-15.6,-15.1,-999,-16
64995.3,-15.5,-15.1,-999,-16
65005.3,-15.5,-15.2,-999,-16
65015.3,-15.7,-15.1,-999,-15.9
65025.4,-15.5,-15.1,-999,-16
65035.4,-15.6,-15.1,-999,-16
65045.4,-15.6,-15.1,-999,-16
65055.5,-15.5,-15.1,-999,-16
65065.5,-15.5,-15.1,-999,-16
65075.5,-15.6,-15.2,-999,-15.9
65085.6,-15.5,-15.2,-999,-16
65095.6,-15.5,-15.1,-999,-16
65105.6,-15.5,-15.1,-999,-16
65115.6,-15.5,-15.1,-999,-16
65125.7,-15.5,-15.2,-999,-16
65135.7,-15.5,-15.2,-999,-16
65145.7,-15.5,-15.1,-999,-16
65155.8,-15.6,-15.1,-999,-16
65165.8,-15.5,-15.2,-999,-16
65175.8,-15.5,-15.2,-999,-16
65185.9,-15.5,-15.1,-999,-16
65195.9,-15.5,-15.1,-999,-16
65205.9,-15.5,-15.1,-999,-16
65216,-15.6,-15.2,-999,-16
65226,-15.5,-15.1,-999,-16
65236,-15.5,-15.1,-999,-16
65246,-15.5,-15.1,-999,-16
65256,-15.5,-15.2,-999,-16
65266.1,-15.5,-15.1,-999,-15.9
65276.1,-15.5,-15.2,-999,-16
65286.1,-15.5,-15.1,-999,-16
65296.2,-15.5,-15.1,-999,-16
65306.2,-15.5,-15.1,-999,-16
65316.2,-15.5,-15.1,-999,-16
65326.2,-15.5,-15.1,-999,-16
65336.3,-15.5,-15.1,-999,-16
65346.3,-15.5,-15.1,-999,-15.9
65356.3,-15.4,-15.2,-999,-16
65366.3,-15.5,-15.2,-999,-16
65376.4,-15.5,-15.1,-999,-16
65386.4,-15.5,-15.1,-999,-15.9
65396.4,-15.5,-15.1,-999,-15.9
65406.4,-15.5,-15.1,-999,-16
65416.4,-15.5,-15.1,-999,-15.9
65426.5,-15.5,-15.1,-999,-16
65436.5,-15.5,-15.1,-999,-16
65446.5,-15.5,-15.1,-999,-15.8
65456.5,-15.5,-15.1,-999,-15.9
65466.6,-15.5,-15.1,-999,-16
65476.6,-15.5,-15.1,-999,-16
65486.6,-15.5,-15.1,-999,-16
65496.6,-15.5,-15.1,-999,-15.8
65506.6,-15.5,-15.1,-999,-16
65516.6,-15.5,-15.1,-999,-16
65526.7,-15.5,-15.1,-999,-16
65536.7,-15.5,-15.1,-999,-16
65546.7,-15.5,-15.1,-999,-15.9
65556.8,-15.5,-15.1,-999,-16
65566.8,-15.5,-15.1,-999,-16
65576.8,-15.5,-15.1,-999,-16
65586.8,-15.5,-15.1,-999,-16
65596.8,-15.5,-15.1,-999,-16
65606.9,-15.5,-15.1,-999,-16
65616.9,-15.5,-15.1,-999,-16
65626.9,-15.5,-15.1,-999,-16
65636.9,-15.5,-15.1,-999,-15.9
65646.9,-15.5,-15.1,-999,-16
65656.9,-15.5,-15.1,-999,-16
65667,-15.5,-15.2,-999,-16
65677,-15.5,-15.1,-999,-16
65687,-15.5,-15.2,-999,-15.9
65697,-15.5,-15.1,-999,-16
65707,-15.5,-15.1,-999,-16
65717.1,-15.5,-15.1,-999,-15.8
65727.1,-15.5,-15.1,-999,-15.9
65737.1,-15.5,-15.1,-999,-16
65747.1,-15.5,-15.2,-999,-15.9
65757.2,-15.5,-15.1,-999,-15.9
65767.2,-15.5,-15.1,-999,-16
65777.2,-15.5,-15.1,-999,-15.9
65787.2,-15.5,-15.1,-999,-15.9
65797.3,-15.5,-15.2,-999,-16
65807.3,-15.5,-15.1,-999,-16
65817.3,-15.5,-15.1,-999,-16
65827.3,-15.5,-15.1,-999,-16
65837.3,-15.5,-15.1,-999,-16
65847.4,-15.5,-15.1,-999,-16
65857.4,-15.5,-15.1,-999,-15.9
65867.4,-15.5,-15.1,-999,-15.9
65877.4,-15.4,-15.1,-999,-15.8
65887.5,-15.5,-15.1,-999,-16
65897.5,-15.5,-15.1,-999,-16
65907.5,-15.5,-15.1,-999,-15.9
65917.5,-15.5,-15.1,-999,-15.8
65927.6,-15.5,-15.1,-999,-15.9
65937.6,-15.5,-15.1,-999,-16
65947.6,-15.5,-15.1,-999,-16
65957.7,-15.5,-15.1,-999,-16
65967.7,-15.5,-15.1,-999,-16
65977.7,-15.5,-15.1,-999,-16
65987.7,-15.4,-15,-999,-15.8
65997.8,-15.5,-15.1,-999,-16
66007.8,-15.5,-15.1,-999,-16
66017.8,-15.5,-15.1,-999,-16
66027.9,-15.5,-15.1,-999,-15.8
66037.9,-15.5,-15.1,-999,-16
66047.9,-15.4,-15.1,-999,-16
66057.9,-15.5,-15.1,-999,-16
66068,-15.5,-15.1,-999,-15.9
66078,-15.5,-15.1,-999,-15.9
66088,-15.5,-15.1,-999,-15.9
66098,-15.5,-15.1,-999,-15.9
66108.1,-15.5,-15.1,-999,-15.9
66118.1,-15.5,-15.1,-999,-16
66128.1,-15.5,-15.2,-999,-15.9
66138.1,-15.5,-15.1,-999,-15.9
66148.1,-15.5,-15.1,-999,-15.9
66158.2,-15.4,-15,-999,-15.9
66168.2,-15.5,-15.1,-999,-16
66178.2,-15.5,-15.1,-999,-16
66188.2,-15.5,-15.1,-999,-16
66198.2,-15.5,-15.1,-999,-15.7
66208.3,-15.5,-15.1,-999,-16
66218.3,-15.4,-15.1,-999,-15.9
66228.3,-15.5,-15.1,-999,-16
66238.3,-15.5,-15.1,-999,-16
66248.4,-15.5,-15.1,-999,-15.7
66258.4,-15.5,-15.1,-999,-16
66268.4,-15.4,-15.1,-999,-15.7
66278.4,-15.5,-15.1,-999,-16
66288.5,-15.4,-15.1,-999,-16
66298.5,-15.5,-15.2,-999,-15.8
66308.5,-15.5,-15.1,-999,-15.9
66318.5,-15.5,-15.1,-999,-15.9
66328.5,-15.4,-15.1,-999,-16
66338.5,-15.5,-15.1,-999,-15.9
66348.6,-15.5,-15.1,-999,-16
66358.6,-15.5,-15.1,-999,-16
66368.6,-15.5,-15.1,-999,-16
66378.6,-15.4,-15.1,-999,-15.8
66388.6,-15.4,-15.1,-999,-16
66398.7,-15.4,-15.1,-999,-15.9
66408.7,-15.5,-15,-999,-15.9
66418.7,-15.4,-15.1,-999,-15.9
66428.7,-15.4,-15,-999,-15.8
66438.7,-15.4,-15.1,-999,-15.9
66448.8,-15.4,-15.1,-999,-15.9
66458.8,-15.4,-15.1,-999,-15.9
66468.8,-15.4,-15.1,-999,-15.9
66478.8,-15.5,-15.1,-999,-15.9
66488.8,-15.4,-15.1,-999,-16
66498.9,-15.4,-15.1,-999,-16
66508.9,-15.4,-15.1,-999,-15.9
66518.9,-15.4,-15.1,-999,-15.9
66528.9,-15.4,-15.1,-999,-15.9
66538.9,-15.4,-15,-999,-15.7
66548.9,-15.4,-15.1,-999,-15.9
66559,-15.5,-15.1,-999,-16
66569,-15.5,-15.2,-999,-15.9
66579,-15.5,-15.1,-999,-15.9
66589,-15.4,-15.1,-999,-16
66599.1,-15.5,-15.1,-999,-16
66609.1,-15.4,-15.1,-999,-15.9
66619.1,-15.4,-15.1,-999,-15.9
66629.1,-15.4,-15.1,-999,-16
66639.1,-15.4,-15.1,-999,-15.9
66649.2,-15.5,-15.1,-999,-15.9
66659.2,-15.4,-15.1,-999,-15.9
66669.2,-15.3,-15.1,-999,-15.9
66679.3,-15.4,-15.1,-999,-15.8
66689.3,-15.4,-15.1,-999,-16
66699.3,-15.4,-15.1,-999,-16
66709.3,-15.4,-15.1,-999,-15.9
66719.4,-15.4,-15,-999,-16
66729.4,-15.4,-15.1,-999,-15.9
66739.4,-15.4,-15.1,-999,-15.9
66749.4,-15.5,-15.1,-999,-15.9
66759.5,-15.4,-15.1,-999,-15.9
66769.5,-15.5,-15.1,-999,-16
66779.5,-15.4,-15.1,-999,-16
66789.6,-15.4,-15.1,-999,-15.9
66799.6,-15.4,-15.1,-999,-15.9
66809.6,-15.4,-15.1,-999,-15.9
66819.6,-15.4,-15,-999,-15.8
66829.7,-15.4,-15.1,-999,-15.9
66839.7,-15.4,-15.1,-999,-15.9
66849.7,-15.3,-15.1,-999,-16
66859.7,-15.4,-15.1,-999,-15.9
66869.8,-15.3,-15.1,-999,-15.9
66879.8,-15.4,-15.1,-999,-15.9
66889.8,-15.4,-15.1,-999,-15.9
66899.9,-15.4,-15.1,-999,-15.9
66909.9,-15.4,-15.1,-999,-15.9
66919.9,-15.5,-15.1,-999,-16
66929.9,-15.4,-15.1,-999,-15.9
66940,-15.4,-15.1,-999,-15.9
66950,-15.4,-15.1,-999,-15.8
66960.1,-15.4,-15,-999,-15.9
66970.1,-15.5,-15.1,-999,-15.8
66980.1,-15.4,-15.1,-999,-15.9
66990.2,-15.4,-15.1,-999,-15.9
67000.2,-15.4,-15.1,-999,-15.9
67010.2,-15.3,-15.1,-999,-15.9
67020.2,-15.4,-15.1,-999,-16
67030.3,-15.4,-15.1,-999,-15.9
67040.3,-15.4,-15.1,-999,-15.9
67050.3,-15.4,-15.1,-999,-15.9
67060.4,-15.3,-15.1,-999,-15.7
67070.4,-15.4,-15.1,-999,-15.9
67080.4,-15.4,-15.1,-999,-15.9
67090.4,-15.4,-15.1,-999,-15.9
67100.5,-15.3,-15.1,-999,-15.9
67110.5,-15.4,-15.1,-999,-15.9
67120.5,-15.4,-15.1,-999,-15.9
67130.5,-15.3,-15.1,-999,-15.9
67140.5,-15.4,-15.1,-999,-15.9
67150.6,-15.4,-15.1,-999,-15.8
67160.6,-15.4,-15.1,-999,-15.9
67170.6,-15.3,-15.1,-999,-15.8
67180.6,-15.4,-15.1,-999,-15.9
67190.7,-15.4,-15.1,-999,-15.9
67200.7,-15.4,-15.1,-999,-15.9
67210.7,-15.4,-15.1,-999,-15.9
67220.7,-15.4,-15,-999,-15.7
67230.7,-15.4,-15.1,-999,-16
67240.7,-15.4,-15.1,-999,-15.9
67250.7,-15.3,-15.1,-999,-15.9
67260.8,-15.3,-15.1,-999,-15.9
67270.8,-15.4,-15.1,-999,-15.9
67280.9,-15.4,-15.1,-999,-15.9
67290.9,-15.5,-15.1,-999,-15.9
67300.9,-15.4,-15.1,-999,-15.9
67310.9,-15.3,-15.1,-999,-15.9
67320.9,-15.4,-15.1,-999,-16
67331,-15.4,-15.1,-999,-15.9
67341,-15.3,-15.1,-999,-15.9
67351,-15.4,-15.1,-999,-15.9
67361,-15.4,-15.1,-999,-15.9
67371,-15.4,-15.1,-999,-15.9
67381.1,-15.4,-15.1,-999,-15.9
67391.1,-15.4,-15.1,-999,-15.9
67401.1,-15.4,-15.1,-999,-15.8
67411.1,-15.4,-15.1,-999,-15.9
67421.2,-15.4,-15.1,-999,-15.9
67431.2,-15.3,-15.1,-999,-15.8
67441.2,-15.3,-15.1,-999,-15.9
67451.2,-15.4,-15.1,-999,-15.7
67461.3,-15.4,-15.1,-999,-15.9
67471.3,-15.4,-15.1,-999,-15.9
67481.3,-15.3,-15.1,-999,-15.9
67491.3,-15.3,-15.1,-999,-15.9
67501.4,-15.3,-15,-999,-15.9
67511.4,-15.4,-15.1,-999,-15.8
67521.4,-15.3,-15.1,-999,-15.9
67531.4,-15.4,-15.1,-999,-15.9
67541.4,-15.4,-15.1,-999,-15.9
67551.4,-15.3,-15.1,-999,-15.9
67561.5,-15.4,-15.1,-999,-15.9
67571.5,-15.3,-15.1,-999,-15.9
67581.5,-15.3,-15,-999,-15.9
67591.5,-15.4,-15.1,-999,-15.9
67601.5,-15.3,-15.1,-999,-15.9
67611.6,-15.3,-15.1,-999,-15.9
67621.6,-15.4,-15.1,-999,-15.9
67631.6,-15.3,-15.1,-999,-15.9
67641.7,-15.3,-15.1,-999,-15.9
67651.7,-15.3,-15.1,-999,-15.8
67661.7,-15.3,-15.1,-999,-15.9
67671.7,-15.3,-15.1,-999,-15.9
67681.7,-15.4,-15.1,-999,-15.9
67691.8,-15.3,-15.1,-999,-15.9
67701.8,-15.3,-15.1,-999,-15.9
67711.8,-15.3,-15,-999,-16
67721.8,-15.3,-15.1,-999,-15.9
67731.8,-15.3,-15.1,-999,-15.9
67741.9,-15.3,-15.1,-999,-15.9
67751.9,-15.3,-15.1,-999,-15.9
67761.9,-15.5,-15.1,-999,-15.9
67772,-15.3,-15,-999,-15.9
67782,-15.3,-15.1,-999,-15.9
67792,-15.4,-15,-999,-15.8
67802.1,-15.3,-15.1,-999,-15.9
67812.1,-15.3,-15.1,-999,-15.9
67822.1,-15.3,-15.1,-999,-15.9
67832.1,-15.3,-15.1,-999,-15.9
67842.2,-15.3,-15,-999,-15.9
67852.2,-15.3,-15.1,-999,-15.9
67862.2,-15.3,-15.1,-999,-15.9
67872.2,-15.3,-15,-999,-15.9
67882.3,-15.4,-15,-999,-15.9
67892.3,-15.4,-15,-999,-15.7
67902.3,-15.4,-15.1,-999,-15.9
67912.3,-15.3,-15.1,-999,-15.9
67922.4,-15.3,-15.1,-999,-15.9
67932.4,-15.3,-15.1,-999,-15.9
67942.4,-15.4,-15.1,-999,-15.9
67952.4,-15.3,-15.1,-999,-15.9
67962.5,-15.3,-15.1,-999,-15.9
67972.5,-15.4,-15.2,-999,-15.9
67982.5,-15.3,-15.1,-999,-15.8
67992.5,-15.3,-15.1,-999,-15.9
68002.6,-15.4,-15.1,-999,-15.8
68012.6,-15.3,-15.1,-999,-15.9
68022.6,-15.3,-15.1,-999,-15.9
68032.6,-15.4,-15.1,-999,-15.8
68042.6,-15.3,-15.1,-999,-15.9
68052.7,-15.3,-15.1,-999,-15.9
68062.7,-15.3,-15.1,-999,-15.9
68072.7,-15.3,-15.1,-999,-15.9
68082.7,-15.3,-15.1,-999,-15.9
68092.8,-15.3,-15.1,-999,-15.8
68102.8,-15.3,-15.1,-999,-15.9
68112.8,-15.3,-15.1,-999,-15.8
68122.8,-15.4,-15.1,-999,-15.8
68132.8,-15.4,-15.1,-999,-15.9
68142.8,-15.3,-15.1,-999,-15.9
68152.8,-15.3,-15.1,-999,-15.9
68162.9,-15.3,-15,-999,-15.9
68172.9,-15.3,-15,-999,-15.9
68182.9,-15.4,-15.1,-999,-15.7
68192.9,-15.3,-15,-999,-15.9
68202.9,-15.3,-15.1,-999,-15.9
68213,-15.4,-15,-999,-15.8
68223,-15.4,-15,-999,-15.9
68233,-15.4,-15.1,-999,-15.9
68243,-15.3,-15.1,-999,-15.9
68253.1,-15.2,-15.1,-999,-15.9
68263.1,-15.3,-15,-999,-15.9
68273.2,-15.2,-15.1,-999,-15.8
68283.2,-15.3,-15.1,-999,-15.9
68293.2,-15.3,-15.1,-999,-15.9
68303.2,-15.3,-15,-999,-15.8
68313.3,-15.3,-15,-999,-15.8
68323.3,-15.3,-15.1,-999,-15.9
68333.4,-15.4,-15.1,-999,-15.8
68343.4,-15.3,-15.1,-999,-15.9
68353.4,-15.3,-15.1,-999,-15.9
68363.4,-15.3,-15,-999,-15.8
68373.5,-15.3,-15.1,-999,-15.9
68383.5,-15.4,-15.1,-999,-15.9
68393.5,-15.3,-15.1,-999,-15.9
68403.6,-15.3,-15,-999,-15.8
68413.6,-15.3,-15.1,-999,-15.9
68423.6,-15.3,-15.1,-999,-16
68433.7,-15.3,-15.1,-999,-15.9
68443.7,-15.3,-15.1,-999,-16
68453.7,-15.3,-15,-999,-15.9
68463.7,-15.3,-15.1,-999,-15.9
68473.7,-15.3,-15.1,-999,-15.9
68483.7,-15.3,-15.1,-999,-15.9
68493.8,-15.3,-15,-999,-15.9
68503.8,-15.4,-15.1,-999,-15.8
68513.8,-15.3,-15.1,-999,-15.9
68523.8,-15.3,-15,-999,-15.8
68533.9,-15.3,-15.1,-999,-15.9
68543.9,-15.3,-15.1,-999,-15.9
68553.9,-15.3,-15.1,-999,-15.8
68563.9,-15.3,-15.1,-999,-15.9
68573.9,-15.4,-15.1,-999,-15.8
68584,-15.3,-15.1,-999,-15.8
68594,-15.3,-15.1,-999,-15.9
68604,-15.3,-15,-999,-15.9
68614,-15.3,-15.1,-999,-15.9
68624.1,-15.3,-15.1,-999,-15.7
68634.1,-15.4,-15,-999,-15.9
68644.1,-15.3,-15.1,-999,-15.9
68654.1,-15.3,-15,-999,-15.9
68664.1,-15.3,-15.1,-999,-15.9
68674.2,-15.3,-15,-999,-15.9
68684.2,-15.3,-15.1,-999,-15.9
68694.2,-15.4,-15.1,-999,-15.8
68704.2,-15.2,-15,-999,-15.9
68714.3,-15.3,-15,-999,-15.8
68724.3,-15.3,-15.1,-999,-15.9
68734.3,-15.3,-15.1,-999,-15.9
68744.4,-15.4,-15.1,-999,-15.8
68754.4,-15.3,-15.1,-999,-15.9
68764.4,-15.4,-15,-999,-15.9
68774.4,-15.3,-15,-999,-15.7
68784.5,-15.3,-15.1,-999,-15.9
68794.5,-15.3,-15.1,-999,-15.8
68804.5,-15.3,-15.1,-999,-15.9
68814.6,-15.4,-15.1,-999,-15.9
68824.6,-15.3,-15.1,-999,-15.9
68834.6,-15.3,-15.1,-999,-15.9
68844.6,-15.3,-15.1,-999,-15.9
68854.6,-15.3,-15,-999,-15.9
68864.7,-15.3,-15.1,-999,-15.9
68874.7,-15.3,-15,-999,-15.9
68884.7,-15.3,-15.1,-999,-15.9
68894.7,-15.3,-15.1,-999,-15.9
68904.7,-15.3,-15,-999,-15.9
68914.7,-15.3,-15.1,-999,-15.9
68924.8,-15.3,-15.1,-999,-15.9
68934.8,-15.3,-15.1,-999,-15.9
68944.8,-15.3,-15,-999,-15.8
68954.8,-15.3,-15,-999,-15.8
68964.9,-15.3,-15.1,-999,-15.9
68974.9,-15.4,-15.1,-999,-15.9
68984.9,-15.4,-15.1,-999,-15.9
68994.9,-15.3,-15.1,-999,-15.8
69005,-15.3,-15.1,-999,-15.9
69015,-15.3,-15.1,-999,-15.9
69025,-15.3,-15.1,-999,-15.9
69035,-15.3,-15,-999,-15.9
69045,-15.3,-15,-999,-15.8
69055.1,-15.3,-15,-999,-15.8
69065.1,-15.3,-15,-999,-15.8
69075.1,-15.3,-15.1,-999,-15.9
69085.1,-15.3,-15.1,-999,-15.9
69095.1,-15.3,-15.1,-999,-15.8
69105.1,-15.3,-15.1,-999,-15.7
69115.2,-15.3,-15.1,-999,-15.8
69125.2,-15.3,-15,-999,-15.9
69135.2,-15.3,-15.1,-999,-15.8
69145.2,-15.3,-15.1,-999,-15.8
69155.2,-15.3,-15,-999,-15.8
69165.3,-15.3,-15,-999,-15.9
69175.3,-15.3,-15.1,-999,-15.8
69185.3,-15.3,-15.1,-999,-15.8
69195.3,-15.3,-15.1,-999,-15.9
69205.3,-15.3,-15.1,-999,-15.9
69215.3,-15.3,-15,-999,-15.9
69225.4,-15.3,-15,-999,-15.9
69235.4,-15.3,-15.1,-999,-15.9
69245.4,-15.3,-15.1,-999,-15.9
69255.4,-15.3,-15,-999,-15.9
69265.4,-15.3,-15.1,-999,-15.9
69275.5,-15.3,-15.1,-999,-15.9
69285.5,-15.3,-15,-999,-15.7
69295.5,-15.3,-15.1,-999,-15.9
69305.5,-15.3,-15.1,-999,-15.9
69315.5,-15.4,-15.1,-999,-15.8
69325.6,-15.3,-15.1,-999,-15.8
69335.6,-15.3,-15.1,-999,-15.9
69345.6,-15.3,-15.1,-999,-15.9
69355.6,-15.3,-15.1,-999,-15.9
69365.6,-15.4,-15.1,-999,-15.9
69375.6,-15.3,-15,-999,-15.9
69385.7,-15.3,-15.1,-999,-15.8
69395.7,-15.3,-15.1,-999,-15.9
69405.7,-15.3,-15.1,-999,-15.9
69415.8,-15.3,-15,-999,-15.8
69425.8,-15.3,-15,-999,-15.8
69435.8,-15.3,-15.1,-999,-15.8
69445.8,-15.3,-15,-999,-15.9
69455.8,-15.3,-15,-999,-15.8
69465.9,-15.3,-15.1,-999,-15.9
69475.9,-15.3,-15,-999,-15.9
69485.9,-15.2,-15,-999,-15.8
69495.9,-15.3,-15.1,-999,-15.9
69506,-15.3,-15.1,-999,-15.8
69516,-15.3,-15.1,-999,-15.8
69526,-15.2,-15,-999,-15.8
69536,-15.3,-15,-999,-15.9
69546.1,-15.3,-15,-999,-15.8
69556.1,-15.3,-15.1,-999,-15.9
69566.1,-15.3,-15,-999,-15.9
69576.2,-15.3,-15,-999,-15.7
69586.2,-15.2,-15,-999,-15.8
69596.3,-15.3,-15.1,-999,-15.8
69606.3,-15.3,-15.1,-999,-15.9
69616.3,-15.3,-15,-999,-15.9
69626.4,-15.3,-15.1,-999,-15.9
69636.4,-15.3,-15.1,-999,-15.8
69646.4,-15.3,-15.1,-999,-15.8
69656.4,-15.3,-15.1,-999,-15.9
69666.5,-15.2,-15.1,-999,-15.9
69676.5,-15.3,-15.1,-999,-15.9
69686.5,-15.3,-15.1,-999,-15.8
69696.5,-15.3,-15,-999,-15.9
69706.6,-15.3,-15,-999,-15.8
69716.6,-15.3,-15.1,-999,-15.8
69726.6,-15.2,-15.1,-999,-15.9
69736.6,-15.2,-15.1,-999,-15.9
69746.6,-15.3,-15.1,-999,-15.9
69756.7,-15.3,-15,-999,-15.9
69766.7,-15.3,-15.1,-999,-15.9
69776.7,-15.3,-15.1,-999,-15.9
69786.7,-15.3,-15,-999,-15.8
69796.7,-15.2,-15.1,-999,-15.8
69806.8,-15.2,-15,-999,-15.8
69816.8,-15.3,-15.1,-999,-15.9
69826.8,-15.2,-15.1,-999,-15.9
69836.8,-15.2,-15,-999,-15.8
69846.8,-15.4,-15.1,-999,-15.8
69856.9,-15.3,-15,-999,-15.9
69866.9,-15.3,-15,-999,-15.9
69876.9,-15.3,-15.1,-999,-15.9
69886.9,-15.3,-15.1,-999,-15.8
69896.9,-15.2,-15,-999,-15.8
69907,-15.3,-15.1,-999,-15.9
69917,-15.3,-15,-999,-15.8
69927,-15.3,-15,-999,-15.7
69937,-15.3,-15,-999,-15.9
69947,-15.3,-15.1,-999,-15.9
69957,-15.3,-15.1,-999,-15.9
69967.1,-15.3,-15.1,-999,-15.8
69977.1,-15.2,-15.1,-999,-15.9
69987.1,-15.3,-15,-999,-15.8
69997.2,-15.3,-15,-999,-15.9
70007.2,-15.2,-15.1,-999,-15.8
70017.2,-15.3,-15,-999,-15.9
70027.2,-15.3,-15,-999,-15.8
70037.3,-15.3,-15.1,-999,-15.9
70047.3,-15.3,-15.1,-999,-15.8
70057.3,-15.2,-15,-999,-15.9
70067.3,-15.2,-15.1,-999,-15.9
70077.3,-15.3,-15,-999,-15.8
70087.4,-15.3,-15.1,-999,-15.8
70097.4,-15.4,-15.1,-999,-15.8
70107.4,-15.3,-15.1,-999,-15.8
70117.4,-15.3,-15.1,-999,-15.9
70127.4,-15.3,-15.1,-999,-15.8
70137.5,-15.3,-15.1,-999,-15.8
70147.5,-15.3,-15.1,-999,-15.7
70157.5,-15.3,-15,-999,-15.8
70167.5,-15.3,-15.1,-999,-15.9
70177.5,-15.3,-15,-999,-15.8
70187.5,-15.3,-15.1,-999,-15.9
70197.6,-15.3,-15,-999,-15.9
70207.6,-15.2,-15.1,-999,-15.9
70217.6,-15.3,-15.1,-999,-15.9
70227.6,-15.3,-15.1,-999,-15.8
70237.6,-15.3,-15.1,-999,-15.8
70247.7,-15.3,-15.1,-999,-15.9
70257.7,-15.2,-15.1,-999,-15.9
70267.7,-15.3,-15.1,-999,-15.8
70277.7,-15.3,-15.1,-999,-15.8
70287.7,-15.3,-15.1,-999,-15.9
70297.7,-15.3,-15,-999,-15.9
70307.8,-15.3,-15.1,-999,-15.9
70317.8,-15.2,-15,-999,-15.7
70327.8,-15.3,-15.1,-999,-15.9
70337.8,-15.3,-15.1,-999,-15.9
70347.8,-15.2,-15.1,-999,-15.9
70357.8,-15.2,-15,-999,-15.9
70367.9,-15.4,-15.1,-999,-15.8
70377.9,-15.3,-15.1,-999,-15.8
70387.9,-15.3,-15,-999,-15.9
70397.9,-15.3,-15,-999,-15.8
70407.9,-15.2,-15.1,-999,-15.9
70417.9,-15.2,-15,-999,-15.8
70428,-15.3,-15.1,-999,-15.8
70438,-15.2,-15.1,-999,-15.8
70448,-15.3,-15.1,-999,-15.8
70458,-15.2,-15,-999,-15.8
70468.1,-15.3,-15.1,-999,-15.8
70478.1,-15.3,-15,-999,-15.9
70488.2,-15.2,-15,-999,-15.8
70498.2,-15.3,-15,-999,-15.8
70508.2,-15.2,-15,-999,-15.9
70518.3,-15.2,-15,-999,-15.8
70528.3,-15.3,-15,-999,-15.7
70538.3,-15.2,-15,-999,-15.9
70548.4,-15.3,-15.1,-999,-15.9
70558.4,-15.3,-15,-999,-15.8
70568.5,-15.2,-15,-999,-15.9
70578.5,-15.3,-15,-999,-15.8
70588.6,-15.2,-15.1,-999,-15.8
70598.6,-15.3,-15,-999,-15.9
70608.6,-15.3,-15,-999,-15.8
70618.6,-15.3,-15.1,-999,-15.8
70628.6,-15.3,-15,-999,-15.9
70638.7,-15.2,-15.1,-999,-15.8
70648.7,-15.3,-15,-999,-15.9
70658.7,-15.2,-15.1,-999,-15.8
70668.8,-15.3,-15.1,-999,-15.8
70678.8,-15.3,-15,-999,-15.8
70688.8,-15.3,-15.1,-999,-15.8
70698.9,-15.2,-15,-999,-15.8
70708.9,-15.3,-15,-999,-15.8
70718.9,-15.2,-15.1,-999,-15.9
70728.9,-15.2,-15.1,-999,-15.8
70738.9,-15.3,-15,-999,-15.9
70749,-15.2,-15,-999,-15.9
70759,-15.3,-15,-999,-15.9
70769,-15.2,-15.1,-999,-15.7
70779,-15.2,-15,-999,-15.8
70789,-15.3,-15,-999,-15.8
70799.1,-15.2,-15.1,-999,-15.9
70809.1,-15.2,-15,-999,-15.9
70819.1,-15.2,-15,-999,-15.8
70829.1,-15.3,-15.1,-999,-15.9
70839.1,-15.2,-15.1,-999,-15.8
70849.2,-15.4,-15.1,-999,-15.9
70859.2,-15.3,-15.1,-999,-15.9
70869.2,-15.2,-15,-999,-15.9
70879.2,-15.3,-15.1,-999,-15.9
70889.2,-15.3,-15.1,-999,-15.8
70899.2,-15.3,-15.1,-999,-15.8
70909.3,-15.3,-15.1,-999,-15.8
70919.3,-15.3,-15.1,-999,-15.9
70929.3,-15.2,-15.1,-999,-15.8
70939.3,-15.4,-15.1,-999,-15.8
70949.4,-15.2,-15.1,-999,-15.8
70959.4,-15.3,-15,-999,-15.9
70969.4,-15.2,-15.1,-999,-15.8
70979.4,-15.3,-15.1,-999,-15.9
70989.5,-15.3,-15.1,-999,-15.9
70999.5,-15.3,-15.1,-999,-15.8
71009.5,-15.3,-15,-999,-15.8
71019.5,-15.3,-15.1,-999,-15.8
71029.5,-15.2,-15.1,-999,-15.9
71039.6,-15.2,-15,-999,-15.8
71049.6,-15.2,-15.1,-999,-15.7
71059.6,-15.2,-15.1,-999,-15.9
71069.6,-15.3,-15.1,-999,-15.8
71079.6,-15.3,-15,-999,-15.8
71089.7,-15.3,-15.1,-999,-15.9
71099.7,-15.3,-15,-999,-15.9
71109.7,-15.2,-15.1,-999,-15.8
71119.8,-15.3,-15,-999,-15.8
71129.8,-15.3,-15.1,-999,-15.9
71139.8,-15.3,-15,-999,-15.8
71149.8,-15.2,-15,-999,-15.8
71159.9,-15.3,-14.9,-999,-15.9
71169.9,-15.3,-15.1,-999,-15.8
71179.9,-15.3,-15,-999,-15.8
71189.9,-15.2,-15,-999,-15.8
71199.9,-15.3,-15,-999,-15.8
71209.9,-15.2,-15,-999,-15.8
71220,-15.2,-15,-999,-15.8
71230,-15.3,-15.1,-999,-15.9
71240,-15.2,-15.1,-999,-15.8
71250,-15.3,-15,-999,-15.8
71260,-15.2,-15,-999,-15.8
71270.1,-15.2,-15,-999,-15.8
71280.1,-15.2,-15,-999,-15.9
71290.1,-15.2,-15.1,-999,-15.9
71300.1,-15.2,-15.1,-999,-15.7
71310.1,-15.2,-15,-999,-15.8
71320.2,-15.2,-15,-999,-15.9
71330.2,-15.3,-15,-999,-15.8
71340.2,-15.2,-15,-999,-15.8
71350.3,-15.2,-15.1,-999,-15.8
71360.3,-15.3,-15,-999,-15.8
71370.4,-15.2,-15,-999,-15.8
71380.4,-15.2,-14.9,-999,-15.8
71390.4,-15.2,-15,-999,-15.8
71400.4,-15.2,-15.1,-999,-15.8
71410.4,-15.2,-15,-999,-15.9
71420.5,-15.2,-15,-999,-15.7
71430.5,-15.2,-15,-999,-15.8
71440.5,-15.2,-15.1,-999,-15.8
71450.5,-15.2,-15,-999,-15.9
71460.6,-15.3,-15,-999,-15.8
71470.6,-15.3,-15,-999,-15.8
71480.6,-15.3,-15.1,-999,-15.9
71490.6,-15.2,-15.1,-999,-15.8
71500.6,-15.2,-15,-999,-15.7
71510.7,-15.2,-15,-999,-15.9
71520.7,-15.2,-15,-999,-15.8
71530.7,-15.2,-15,-999,-15.9
71540.7,-15.2,-15,-999,-15.7
71550.7,-15.2,-15.1,-999,-15.9
71560.8,-15.3,-15.1,-999,-15.9
71570.8,-15.2,-15.1,-999,-15.8
71580.8,-15.2,-15.1,-999,-15.9
71590.9,-15.2,-15.1,-999,-15.8
71600.9,-15.3,-15,-999,-15.9
71610.9,-15.3,-15.1,-999,-15.8
71620.9,-15.3,-15,-999,-15.8
71630.9,-15.2,-15.1,-999,-15.8
71641,-15.3,-15,-999,-15.8
71651,-15.2,-15,-999,-15.8
71661,-15.3,-15.1,-999,-15.7
71671.1,-15.2,-15.1,-999,-15.9
71681.1,-15.3,-15.1,-999,-15.8
71691.1,-15.2,-15,-999,-15.8
71701.1,-15.3,-15,-999,-15.9
71711.1,-15.2,-15,-999,-15.8
71721.2,-15.2,-15,-999,-15.8
71731.2,-15.3,-15,-999,-15.7
71741.2,-15.2,-15,-999,-15.9
71751.2,-15.2,-15.1,-999,-15.8
71761.3,-15.2,-15.1,-999,-15.8
71771.3,-15.3,-15.1,-999,-15.8
71781.3,-15.3,-15,-999,-15.8
71791.4,-15.2,-15.1,-999,-15.8
71801.4,-15.3,-15,-999,-15.8
71811.4,-15.3,-15,-999,-15.9
71821.4,-15.3,-15.1,-999,-15.8
71831.5,-15.2,-15.1,-999,-15.9
71841.6,-15.2,-15,-999,-15.9
71851.6,-15.3,-15,-999,-15.8
71861.6,-15.3,-15.1,-999,-15.9
71871.6,-15.2,-15,-999,-15.7
71881.7,-15.2,-15.1,-999,-15.9
71891.7,-15.3,-15.1,-999,-15.8
71901.7,-15.3,-15,-999,-15.9
71911.7,-15.2,-15,-999,-15.9
71921.8,-15.2,-15,-999,-15.7
71931.8,-15.2,-15.1,-999,-15.9
71941.8,-15.3,-15,-999,-15.8
71951.8,-15.2,-15.1,-999,-15.8
71961.8,-15.2,-15.1,-999,-15.8
71971.8,-15.2,-15.1,-999,-15.8
71981.8,-15.2,-15,-999,-15.7
71991.9,-15.2,-15.1,-999,-15.9
72001.9,-15.2,-15,-999,-15.9
72011.9,-15.3,-15,-999,-15.8
72021.9,-15.2,-15,-999,-15.8
72031.9,-15.3,-15,-999,-15.8
72042,-15.3,-15,-999,-15.8
72052,-15.3,-15,-999,-15.8
72062,-15.2,-15.1,-999,-15.9
72072,-15.3,-15.1,-999,-15.9
72082.1,-15.2,-15,-999,-15.9
72092.1,-15.2,-15.1,-999,-15.8
72102.1,-15.2,-15.1,-999,-15.9
72112.1,-15.2,-15,-999,-15.8
72122.2,-15.2,-15,-999,-15.8
72132.2,-15.3,-15,-999,-15.8
72142.2,-15.2,-15.1,-999,-15.8
72152.2,-15.2,-15,-999,-15.8
72162.3,-15.3,-15.1,-999,-15.7
72172.3,-15.2,-15,-999,-15.8
72182.3,-15.2,-15.1,-999,-15.9
72192.3,-15.2,-15.1,-999,-15.8
72202.4,-15.2,-15.1,-999,-15.8
72212.4,-15.2,-15.1,-999,-15.9
72222.4,-15.2,-15.1,-999,-15.7
72232.5,-15.2,-15,-999,-15.8
72242.5,-15.2,-15.1,-999,-15.8
72252.5,-15.2,-15.1,-999,-15.8
72262.5,-15.3,-15.1,-999,-15.9
72272.6,-15.2,-15,-999,-15.9
72282.6,-15.3,-15,-999,-15.8
72292.6,-15.2,-15,-999,-15.9
72302.6,-15.2,-15,-999,-15.9
72312.7,-15.2,-15.1,-999,-15.9
72322.7,-15.3,-15,-999,-15.9
72332.7,-15.3,-15,-999,-15.9
72342.8,-15.3,-15,-999,-15.8
72352.8,-15.2,-15,-999,-15.9
72362.8,-15.3,-15.1,-999,-15.8
72372.8,-15.2,-15,-999,-15.9
72382.9,-15.3,-15,-999,-15.8
72392.9,-15.3,-15.1,-999,-15.8
72402.9,-15.2,-15,-999,-15.8
72413,-15.2,-15,-999,-15.9
72423,-15.2,-15,-999,-15.8
72433,-15.3,-15.1,-999,-15.9
72443.1,-15.2,-15.1,-999,-15.8
72453.1,-15.2,-15,-999,-15.8
72463.1,-15.3,-15,-999,-15.9
72473.2,-15.3,-15.1,-999,-15.8
72483.2,-15.2,-15.1,-999,-15.9
72493.2,-15.2,-15,-999,-15.8
72503.3,-15.2,-15.1,-999,-15.8
72513.3,-15.2,-15.1,-999,-15.8
72523.3,-15.3,-15,-999,-15.8
72533.3,-15.2,-15,-999,-15.9
72543.3,-15.2,-15,-999,-15.9
72553.4,-15.3,-15,-999,-15.7
72563.4,-15.2,-15,-999,-15.9
72573.4,-15.2,-15,-999,-15.9
72583.5,-15.2,-15.1,-999,-15.7
72593.5,-15.3,-15.1,-999,-15.8
72603.5,-15.2,-15,-999,-15.8
72613.5,-15.3,-15,-999,-15.8
72623.6,-15.2,-15,-999,-15.8
72633.6,-15.2,-15.1,-999,-15.8
72643.7,-15.2,-15,-999,-15.8
72653.7,-15.3,-15.1,-999,-15.8
72663.7,-15.2,-15.1,-999,-15.8
72673.7,-15.2,-15.1,-999,-15.8
72683.8,-15.2,-15.1,-999,-15.8
72693.8,-15.2,-15,-999,-15.9
72703.8,-15.2,-15,-999,-15.9
72713.9,-15.2,-15,-999,-15.7
72723.9,-15.3,-15.1,-999,-15.8
72733.9,-15.2,-15.1,-999,-15.9
72743.9,-15.2,-15,-999,-15.9
72754,-15.2,-15.1,-999,-15.8
72764,-15.2,-15.1,-999,-15.8
72774,-15.3,-15,-999,-15.8
72784,-15.2,-15,-999,-15.8
72794.1,-15.2,-15.1,-999,-15.8
72804.1,-15.2,-15,-999,-15.8
72814.1,-15.3,-15,-999,-15.8
72824.1,-15.2,-15.1,-999,-15.9
72834.2,-15.2,-15.1,-999,-15.8
72844.2,-15.3,-15,-999,-15.8
72854.2,-15.2,-15.1,-999,-15.8
72864.2,-15.2,-15.1,-999,-15.8
72874.3,-15.2,-15,-999,-15.9
72884.3,-15.2,-15,-999,-15.9
72894.3,-15.2,-15.1,-999,-15.8
72904.4,-15.3,-15,-999,-15.8
72914.4,-15.2,-15,-999,-15.8
72924.4,-15.2,-15,-999,-15.8
72934.5,-15.2,-15,-999,-15.8
72944.5,-15.2,-15.1,-999,-15.9
72954.5,-15.2,-15.1,-999,-15.8
72964.5,-15.2,-15,-999,-15.8
72974.5,-15.2,-15.1,-999,-15.8
72984.6,-15.3,-14.9,-999,-15.8
72994.6,-15.2,-15,-999,-15.8
73004.6,-15.2,-15.1,-999,-15.8
73014.6,-15.3,-15,-999,-15.8
73024.7,-15.2,-15.1,-999,-15.8
73034.7,-15.3,-15,-999,-15.9
73044.7,-15.2,-15.1,-999,-15.8
73054.8,-15.2,-15,-999,-15.8
73064.8,-15.2,-15,-999,-15.9
73074.8,-15.3,-15,-999,-15.8
73084.8,-15.2,-15.1,-999,-15.8
73094.9,-15.2,-15.1,-999,-15.9
73104.9,-15.2,-15,-999,-15.8
73114.9,-15.2,-15.1,-999,-15.8
73125,-15.2,-15.1,-999,-15.8
73135,-15.2,-15,-999,-15.8
73145.1,-15.2,-15,-999,-15.7
73155.1,-15.2,-15,-999,-15.8
73165.1,-15.3,-15,-999,-15.8
73175.1,-15.3,-15.1,-999,-15.8
73185.1,-15.2,-15.1,-999,-15.8
73195.2,-15.2,-15,-999,-15.8
73205.2,-15.3,-15,-999,-15.8
73215.2,-15.2,-15.1,-999,-15.8
73225.2,-15.2,-15,-999,-15.8
73235.2,-15.2,-15.1,-999,-15.9
73245.3,-15.2,-15,-999,-15.8
73255.3,-15.3,-15,-999,-15.8
73265.3,-15.2,-15.1,-999,-15.8
73275.3,-15.2,-15,-999,-15.8
73285.3,-15.2,-15.1,-999,-15.9
73295.4,-15.3,-15,-999,-15.9
73305.4,-15.2,-15,-999,-15.8
73315.4,-15.2,-15.1,-999,-15.8
73325.5,-15.2,-15,-999,-15.8
73335.5,-15.2,-15.1,-999,-15.8
73345.5,-15.3,-15,-999,-15.8
73355.5,-15.2,-15,-999,-15.9
73365.5,-15.3,-15,-999,-15.8
73375.6,-15.2,-15.1,-999,-15.9
73385.6,-15.3,-15,-999,-15.8
73395.6,-15.2,-15,-999,-15.8
73405.6,-15.2,-15,-999,-15.9
73415.7,-15.2,-15,-999,-15.8
73425.7,-15.2,-15,-999,-15.8
73435.7,-15.3,-15,-999,-15.8
73445.7,-15.2,-15.1,-999,-15.7
73455.8,-15.2,-15,-999,-15.9
73465.9,-15.2,-15,-999,-15.8
73475.9,-15.2,-15.1,-999,-15.9
73485.9,-15.2,-15,-999,-15.8
73495.9,-15.3,-15,-999,-15.8
73506,-15.2,-15.1,-999,-15.8
73516.1,-15.3,-15,-999,-15.8
73526.1,-15.2,-15.1,-999,-15.9
73536.1,-15.3,-15,-999,-15.9
73546.1,-15.2,-15,-999,-15.8
73556.2,-15.2,-15.1,-999,-15.8
73566.2,-15.3,-15,-999,-15.8
73576.3,-15.2,-15,-999,-15.9
73586.3,-15.2,-15,-999,-15.8
73596.3,-15.2,-15,-999,-15.9
73606.3,-15.2,-15.1,-999,-15.9
73616.3,-15.2,-15.1,-999,-15.8
73626.4,-15.2,-15,-999,-15.8
73636.4,-15.2,-15,-999,-15.9
73646.4,-15.2,-15,-999,-15.7
73656.4,-15.2,-15,-999,-15.9
73666.4,-15.3,-15,-999,-15.7
73676.5,-15.2,-15.1,-999,-15.8
73686.5,-15.3,-15,-999,-15.8
73696.5,-15.3,-15.1,-999,-15.8
73706.5,-15.2,-15.1,-999,-15.8
73716.5,-15.2,-15,-999,-15.8
73726.6,-15.2,-15.1,-999,-15.8
73736.6,-15.2,-15,-999,-15.8
73746.6,-15.2,-15,-999,-15.8
73756.6,-15.2,-15.1,-999,-15.9
73766.6,-15.2,-15,-999,-15.8
73776.7,-15.2,-15,-999,-15.8
73786.7,-15.2,-15,-999,-15.8
73796.7,-15.2,-15.1,-999,-15.8
73806.7,-15.3,-15.1,-999,-15.8
73816.7,-15.2,-15,-999,-15.8
73826.8,-15.3,-15,-999,-15.8
73836.8,-15.3,-15,-999,-15.7
73846.8,-15.2,-15,-999,-15.8
73856.8,-15.2,-15,-999,-15.8
73866.9,-15.2,-15,-999,-15.8
73876.9,-15.2,-15.1,-999,-15.8
73886.9,-15.2,-15.1,-999,-15.9
73896.9,-15.2,-15,-999,-15.8
73907,-15.3,-15,-999,-15.8
73917,-15.2,-15.1,-999,-15.8
73927,-15.2,-15.1,-999,-15.8
73937.1,-15.3,-15.1,-999,-15.9
73947.1,-15.3,-15,-999,-15.9
73957.1,-15.3,-15,-999,-15.7
73967.1,-15.2,-15,-999,-15.9
73977.1,-15.2,-15,-999,-15.9
73987.2,-15.2,-15,-999,-15.8
73997.2,-15.3,-15,-999,-15.8
74007.2,-15.2,-15.1,-999,-15.7
74017.2,-15.3,-15,-999,-15.9
74027.3,-15.3,-15,-999,-15.7
74037.3,-15.3,-15.1,-999,-15.9
74047.3,-15.2,-15,-999,-15.8
74057.3,-15.2,-15.1,-999,-15.7
74067.4,-15.2,-15,-999,-15.8
74077.4,-15.3,-15,-999,-15.8
74087.4,-15.2,-15,-999,-15.8
74097.4,-15.2,-15.1,-999,-15.8
74107.4,-15.2,-15,-999,-15.9
74117.5,-15.2,-15,-999,-15.8
74127.5,-15.3,-15,-999,-15.8
74137.5,-15.2,-15.1,-999,-15.8
74147.5,-15.2,-15,-999,-15.8
74157.6,-15.3,-15,-999,-15.8
74167.6,-15.2,-15,-999,-15.8
74177.6,-15.3,-15.1,-999,-15.8
74187.7,-15.2,-15.1,-999,-15.8
74197.7,-15.2,-15,-999,-15.8
74207.7,-15.2,-15,-999,-15.8
74217.7,-15.2,-15.1,-999,-15.8
74227.7,-15.2,-15,-999,-15.8
74237.7,-15.2,-15.1,-999,-15.7
74247.8,-15.2,-15.1,-999,-15.9
74257.8,-15.2,-15.1,-999,-15.8
74267.8,-15.2,-15,-999,-15.8
74277.8,-15.2,-15,-999,-15.8
74287.8,-15.2,-15,-999,-15.8
74297.9,-15.2,-15,-999,-15.8
74307.9,-15.3,-15,-999,-15.7
74317.9,-15.2,-15.1,-999,-15.8
74327.9,-15.2,-15,-999,-15.8
74338,-15.2,-15,-999,-15.8
74348,-15.3,-15,-999,-15.8
74358,-15.2,-15,-999,-15.8
74368,-15.2,-15,-999,-15.8
74378,-15.2,-15.1,-999,-15.8
74388.1,-15.3,-15,-999,-15.9
74398.1,-15.2,-15,-999,-15.8
74408.2,-15.2,-15,-999,-15.8
74418.2,-15.2,-15,-999,-15.8
74428.2,-15.2,-15,-999,-15.9
74438.2,-15.2,-15.1,-999,-15.8
74448.2,-15.3,-15.1,-999,-15.8
74458.3,-15.3,-15,-999,-15.8
74468.3,-15.2,-15,-999,-15.8
74478.3,-15.2,-15.1,-999,-15.8
74488.3,-15.2,-15,-999,-15.8
74498.3,-15.2,-15,-999,-15.8
74508.4,-15.2,-15,-999,-15.8
74518.4,-15.2,-15,-999,-15.8
74528.4,-15.2,-15,-999,-15.8
74538.4,-15.2,-15,-999,-15.7
74548.5,-15.3,-15.1,-999,-15.9
74558.5,-15.2,-15,-999,-15.8
74568.5,-15.2,-15.1,-999,-15.8
74578.5,-15.2,-15.1,-999,-15.8
74588.5,-15.2,-15,-999,-15.8
74598.6,-15.2,-15,-999,-15.8
74608.6,-15.2,-15,-999,-15.8
74618.6,-15.2,-15,-999,-15.8
74628.6,-15.3,-15.1,-999,-15.9
74638.6,-15.2,-15.1,-999,-15.8
74648.7,-15.2,-15,-999,-15.8
74658.7,-15.2,-15,-999,-15.8
74668.7,-15.2,-15,-999,-15.8
74678.7,-15.2,-15,-999,-15.8
74688.8,-15.2,-15.1,-999,-15.8
74698.8,-15.2,-15.1,-999,-15.8
74708.8,-15.2,-15,-999,-15.7
74718.8,-15.2,-15.1,-999,-15.8
74728.9,-15.2,-15.1,-999,-15.7
74738.9,-15.2,-15,-999,-15.8
74748.9,-15.2,-15.1,-999,-15.8
74758.9,-15.3,-15,-999,-15.7
74768.9,-15.2,-15,-999,-15.7
74779,-15.2,-15,-999,-15.8
74789,-15.3,-15,-999,-15.8
74799,-15.3,-15,-999,-15.7
74809,-15.2,-15,-999,-15.8
74819,-15.2,-15,-999,-15.8
74829.1,-15.2,-15,-999,-15.9
74839.1,-15.3,-15.1,-999,-15.8
74849.1,-15.2,-15,-999,-15.8
74859.2,-15.3,-15,-999,-15.8
74869.2,-15.2,-15,-999,-15.8
74879.2,-15.2,-14.9,-999,-15.8
74889.2,-15.2,-15,-999,-15.7
74899.2,-15.2,-15,-999,-15.8
74909.3,-15.2,-15.1,-999,-15.8
74919.3,-15.3,-15,-999,-15.8
74929.3,-15.2,-15,-999,-15.8
74939.3,-15.2,-15,-999,-15.8
74949.4,-15.3,-15.1,-999,-15.8
74959.4,-15.2,-15,-999,-15.8
74969.4,-15.2,-15,-999,-15.8
74979.4,-15.2,-15,-999,-15.8
74989.5,-15.2,-15,-999,-15.8
74999.5,-15.3,-15.1,-999,-15.8
75009.5,-15.2,-15,-999,-15.7
75019.6,-15.2,-15,-999,-15.8
75029.6,-15.2,-15,-999,-15.8
75039.6,-15.3,-15,-999,-15.8
75049.6,-15.2,-15,-999,-15.8
75059.6,-15.2,-15,-999,-15.8
75069.7,-15.2,-15,-999,-15.8
75079.7,-15.2,-15,-999,-15.8
75089.7,-15.2,-15,-999,-15.8
75099.8,-15.2,-15,-999,-15.8
75109.8,-15.2,-15,-999,-15.8
75119.8,-15.2,-15,-999,-15.8
75129.8,-15.2,-15,-999,-15.8
75139.9,-15.2,-15,-999,-15.8
75149.9,-15.2,-15,-999,-15.8
75159.9,-15.2,-15,-999,-15.7
75169.9,-15.3,-15.1,-999,-15.8
75180,-15.3,-14.9,-999,-15.8
75190,-15.2,-15,-999,-15.8
75200,-15.2,-15,-999,-15.8
75210.1,-15.2,-15,-999,-15.8
75220.1,-15.2,-15,-999,-15.8
75230.1,-15.2,-15,-999,-15.7
75240.1,-15.2,-15,-999,-15.8
75250.2,-15.2,-15,-999,-15.8
75260.2,-15.3,-15,-999,-15.8
75270.2,-15.3,-15,-999,-15.8
75280.3,-15.4,-15,-999,-15.7
75290.3,-15.5,-15.1,-999,-15.8
75300.3,-15.7,-15,-999,-15.8
75310.3,-15.8,-15.1,-999,-15.8
75320.3,-15.8,-15,-999,-15.9
75330.4,-15.9,-15,-999,-15.9
75340.4,-15.9,-15,-999,-16
75350.4,-16,-15,-999,-15.9
75360.4,-16,-15,-999,-15.9
75370.5,-16.1,-15,-999,-15.9
75380.5,-16.1,-15.1,-999,-15.8
75390.5,-16.1,-15,-999,-15.9
75400.5,-16.1,-15.1,-999,-15.9
75410.5,-16.1,-15.1,-999,-16
75420.6,-16.1,-15.1,-999,-16
75430.6,-16.1,-15.1,-999,-15.9
75440.7,-16.1,-15.1,-999,-15.9
75450.8,-16,-15.1,-999,-16
75460.9,-16,-15.1,-999,-16
75470.9,-16,-15.1,-999,-16
75480.9,-16,-15.1,-999,-16
75490.9,-16,-15,-999,-15.8
75500.9,-15.9,-15.1,-999,-16
75510.9,-16,-15.1,-999,-15.9
75520.9,-15.9,-15.1,-999,-16
75531,-15.9,-15,-999,-15.9
75541,-15.9,-15.2,-999,-16
75551,-15.8,-15.1,-999,-15.9
75561,-15.9,-15.1,-999,-16
75571,-15.8,-15.1,-999,-16
75581,-15.8,-15.1,-999,-16
75591,-15.9,-15.1,-999,-16
75601,-15.8,-15.1,-999,-16
75611.1,-15.8,-15.1,-999,-16
75621.1,-15.8,-15.2,-999,-16
75631.1,-15.8,-15.1,-999,-16
75641.1,-15.8,-15.2,-999,-16
75651.1,-15.8,-15.1,-999,-16
75661.2,-15.8,-15.1,-999,-16
75671.2,-15.8,-15.1,-999,-15.9
75681.2,-15.7,-15.2,-999,-16
75691.2,-15.8,-15.1,-999,-16
75701.2,-15.8,-15.1,-999,-16
75711.3,-15.8,-15.1,-999,-16
75721.3,-15.8,-15.1,-999,-16
75731.3,-15.8,-15.2,-999,-16
75741.3,-15.7,-15.2,-999,-16.1
75751.3,-15.8,-15.2,-999,-16
75761.4,-15.8,-15.2,-999,-16
75771.4,-16,-15.4,-999,-16.3
75781.4,-16.2,-16,-999,-17
75791.4,-16.7,-17,-999,-18.3
75801.4,-17.3,-18,-999,-19.1
75811.4,-18.1,-19.1,-999,-20.2
75821.5,-18.9,-20.2,-999,-21.3
75831.5,-19.5,-21.3,-999,-22.5
75841.6,-20.2,-22.2,-999,-23.6
75851.6,-20.7,-23.1,-999,-24.6
75861.6,-21.1,-23.8,-999,-25.3
75871.6,-21.6,-24.7,-999,-26.4
75881.6,-22,-25.7,-999,-27.2
75891.7,-22.5,-26.4,-999,-27.7
75901.7,-22.7,-27.1,-999,-28.6
75911.7,-23.3,-27.6,-999,-29.2
75921.7,-23.6,-28.2,-999,-29.7
75931.7,-23.9,-28.7,-999,-30.6
75941.8,-23.9,-29.4,-999,-31
75951.8,-24.2,-29.7,-999,-31.4
75961.8,-24.4,-30.2,-999,-31.9
75971.8,-24.5,-30.6,-999,-32.3
75981.9,-24.6,-30.8,-999,-32.7
75991.9,-24.8,-31.1,-999,-32.9
76001.9,-24.9,-31.4,-999,-33.3
76011.9,-24.9,-31.7,-999,-33.5
76021.9,-25,-32,-999,-33.7
76031.9,-25.1,-32.1,-999,-33.9
76042,-25.2,-32.4,-999,-34.2
76052,-25.2,-32.5,-999,-34.3
76062,-25.2,-32.7,-999,-34.5
76072.1,-25.2,-32.7,-999,-34.6
76082.1,-25.2,-32.8,-999,-34.7
76092.1,-25.2,-32.9,-999,-34.7
76102.1,-25.2,-33,-999,-35.1
76112.2,-25.2,-33.1,-999,-35.3
76122.2,-25.2,-33.2,-999,-35.3
76132.2,-25.2,-33.2,-999,-35.4
76142.2,-25.2,-33.3,-999,-35.5
76152.3,-25.1,-33.3,-999,-35.5
76162.3,-25.1,-33.4,-999,-35.6
76172.3,-25.1,-33.4,-999,-35.5
76182.3,-25,-33.6,-999,-35.6
76192.3,-25,-33.5,-999,-35.7
76202.4,-24.9,-33.5,-999,-35.6
76212.4,-24.9,-33.5,-999,-35.7
76222.4,-24.8,-33.4,-999,-35.6
76232.4,-24.6,-33.5,-999,-35.7
76242.4,-24.4,-33.3,-999,-35.5
76252.4,-24,-33.2,-999,-35.5
76262.5,-23.3,-33,-999,-35.2
76272.5,-23,-32.8,-999,-35
76282.5,-22.1,-32.6,-999,-34.5
76292.6,-21.6,-32.5,-999,-34.5
76302.6,-21,-32.2,-999,-34.2
76312.6,-20.4,-32,-999,-34
76322.7,-19.8,-31.9,-999,-33.8
76332.7,-19.4,-31.8,-999,-33.7
76342.7,-18.8,-31.6,-999,-33.5
76352.7,-18.2,-31.5,-999,-33.3
76362.7,-17.8,-31.4,-999,-33.2
76372.7,-17.4,-31.2,-999,-33.1
76382.8,-17,-31.1,-999,-32.9
76392.8,-16.6,-30.9,-999,-32.8
76402.8,-16.2,-30.8,-999,-32.6
76412.9,-15.9,-30.8,-999,-32.6
76422.9,-15.5,-30.7,-999,-32.4
76432.9,-15.2,-30.5,-999,-32.3
76443,-15,-30.5,-999,-32.2
76453,-15.1,-30.5,-999,-32.4
76463,-15.2,-30.6,-999,-32.4
76473,-15.1,-30.5,-999,-32.3
76483,-14.9,-30.4,-999,-32.3
76493,-14.7,-30.3,-999,-32.1
76503.1,-14.5,-30.2,-999,-32
76513.1,-14,-30.1,-999,-31.8
76523.1,-13.7,-30,-999,-31.6
76533.2,-13.4,-29.9,-999,-31.6
76543.2,-13.2,-29.8,-999,-31.6
76553.2,-13,-29.8,-999,-31.4
76563.3,-12.8,-29.7,-999,-31.4
76573.3,-12.5,-29.4,-999,-31.3
76583.3,-12.3,-29.3,-999,-31.2
76593.3,-12.1,-29.4,-999,-31.1
76603.4,-11.9,-29.1,-999,-31.1
76613.4,-11.8,-29,-999,-31.1
76623.4,-11.6,-29,-999,-30.9
76633.4,-11.4,-28.8,-999,-30.7
76643.4,-11.3,-28.8,-999,-30.8
76653.5,-11.1,-28.7,-999,-30.4
76663.5,-10.9,-28.6,-999,-30.4
76673.5,-10.8,-28.6,-999,-30.4
76683.5,-10.5,-28.5,-999,-30.2
76693.6,-10.4,-28.4,-999,-30.2
76703.6,-9.9,-28.4,-999,-30.1
76713.6,-9.7,-28.2,-999,-29.9
76723.6,-9.5,-28.2,-999,-29.9
76733.6,-9.4,-28.1,-999,-29.8
76743.7,-9.2,-28,-999,-29.7
76753.7,-9,-28,-999,-29.5
76763.7,-8.9,-27.9,-999,-29.6
76773.8,-8.7,-27.8,-999,-29.5
76783.8,-8.5,-27.8,-999,-29.4
76793.9,-8.3,-27.7,-999,-29.3
76803.9,-8.2,-27.7,-999,-29.3
76813.9,-8.1,-27.6,-999,-29.2
76823.9,-7.9,-27.5,-999,-29.1
76833.9,-7.8,-27.5,-999,-29.1
76843.9,-7.6,-27.4,-999,-29.1
76853.9,-7.5,-27.4,-999,-28.9
76864,-7.3,-27.2,-999,-28.8
76874,-7.2,-27.2,-999,-28.7
76884,-7.1,-27.2,-999,-28.7
76894,-6.9,-27.1,-999,-28.7
76904.1,-6.8,-27.1,-999,-28.6
76914.1,-6.7,-27,-999,-28.6
76924.1,-6.5,-26.9,-999,-28.4
76934.1,-6.4,-26.9,-999,-28.4
76944.1,-6.2,-26.7,-999,-28.3
76954.2,-6.1,-26.7,-999,-28.3
76964.2,-5.9,-26.7,-999,-28.2
76974.2,-5.5,-26.5,-999,-28
76984.2,-5.5,-26.6,-999,-28.1
76994.2,-5.3,-26.5,-999,-28
77004.3,-5.2,-26.4,-999,-28
77014.3,-5,-26.4,-999,-27.9
77024.3,-4.9,-26.3,-999,-27.8
77034.3,-4.7,-26.3,-999,-27.7
77044.4,-4.6,-26.3,-999,-27.7
77054.4,-4.5,-26.2,-999,-27.6
77064.4,-4.3,-26,-999,-27.4
77074.4,-4.3,-26,-999,-27.5
77084.5,-4.1,-26,-999,-27.4
77094.5,-4,-26,-999,-27.4
77104.5,-3.8,-25.9,-999,-27.2
77114.6,-3.7,-25.8,-999,-27.3
77124.6,-3.6,-25.8,-999,-27.1
77134.6,-3.5,-25.7,-999,-27.1
77144.6,-3.3,-25.7,-999,-27.1
77154.6,-3.2,-25.7,-999,-27.1
77164.7,-3.1,-25.5,-999,-26.9
77174.7,-2.9,-25.5,-999,-26.9
77184.7,-2.8,-25.5,-999,-26.8
77194.7,-2.7,-25.5,-999,-26.8
77204.7,-2.6,-25.4,-999,-26.8
77214.7,-2.5,-25.3,-999,-26.7
77224.7,-2.3,-25.3,-999,-26.7
77234.8,-2.2,-25.3,-999,-26.6
77244.8,-2,-25.2,-999,-26.6
77254.8,-1.9,-24.9,-999,-26.4
77264.9,-1.8,-24.9,-999,-26.5
77274.9,-1.5,-25,-999,-26.4
77284.9,-1.4,-24.8,-999,-26.4
77294.9,-1.2,-24.7,-999,-26
77304.9,-1.1,-24.7,-999,-26.3
77315,-1,-24.6,-999,-26
77325,-0.9,-24.6,-999,-26.1
77335,-0.8,-24.6,-999,-26
77345.1,-0.6,-24.5,-999,-25.9
77355.1,-0.5,-24.5,-999,-25.9
77365.1,-0.4,-24.5,-999,-25.7
77375.1,-0.3,-24.5,-999,-25.8
77385.2,-0.2,-24.4,-999,-25.7
77395.2,-0.1,-24.4,-999,-25.7
77405.2,0,-24.3,-999,-25.6
77415.2,0.1,-24.3,-999,-25.6
77425.3,0.2,-24.2,-999,-25.5
77435.3,0.3,-24.2,-999,-25.5
77445.3,0.5,-24.1,-999,-25.3
77455.3,0.6,-24.1,-999,-25.3
77465.4,0.7,-24,-999,-25.3
77475.4,0.8,-24,-999,-25.3
77485.4,1,-24.1,-999,-25.3
77495.4,1,-23.9,-999,-25.2
77505.4,1.1,-23.9,-999,-25.1
77515.5,1.2,-23.9,-999,-25.1
77525.5,1.3,-23.8,-999,-25.1
77535.5,1.5,-23.8,-999,-25
77545.5,1.6,-23.8,-999,-25
77555.6,1.7,-23.7,-999,-25
77565.6,1.8,-23.7,-999,-25
77575.6,1.9,-23.6,-999,-24.9
77585.6,2.1,-23.6,-999,-24.6
77595.6,2.1,-23.7,-999,-24.8
77605.7,2.3,-23.5,-999,-24.8
77615.7,2.3,-23.5,-999,-24.7
77625.7,2.4,-23.5,-999,-24.7
77635.9,2.6,-23.4,-999,-24.6
77645.9,2.6,-23.4,-999,-24.6
77655.9,2.9,-23.3,-999,-24.4
77665.9,3,-23.3,-999,-24.6
77676,3.1,-23.3,-999,-24.4
77686,3.3,-23.2,-999,-24.4
77696,3.4,-23.2,-999,-24.4
77706,3.4,-23.2,-999,-24.4
77716.1,3.5,-23.1,-999,-24.3
77726.1,3.6,-23.1,-999,-24.4
77736.1,3.7,-23.1,-999,-24.3
77746.1,3.9,-22.9,-999,-24.1
77756.1,3.9,-23,-999,-24.2
77766.2,4,-23,-999,-24.2
77776.2,4.1,-23,-999,-24.2
77786.2,4.1,-22.9,-999,-24.2
77796.2,4.2,-22.9,-999,-24.1
77806.3,4.3,-22.8,-999,-24.1
77816.3,4.4,-22.8,-999,-24
77826.3,4.6,-22.8,-999,-24
77836.4,4.6,-22.7,-999,-23.9
77846.4,4.7,-22.7,-999,-23.9
77856.4,4.8,-22.7,-999,-23.8
77866.4,4.9,-22.6,-999,-23.8
77876.5,4.9,-22.7,-999,-23.9
77886.5,5.1,-22.5,-999,-23.8
77896.5,5.1,-22.5,-999,-23.7
77906.5,5.2,-22.5,-999,-23.7
77916.5,5.3,-22.5,-999,-23.7
77926.6,5.5,-22.4,-999,-23.6
77936.6,5.5,-22.4,-999,-23.6
77946.6,5.6,-22.3,-999,-23.5
77956.6,5.7,-22.3,-999,-23.5
77966.7,5.7,-22.3,-999,-23.5
77976.7,5.8,-22.3,-999,-23.4
77986.7,6,-22.2,-999,-23.4
77996.7,6.1,-22.2,-999,-23.2
78006.7,6.1,-22.2,-999,-23.4
78016.7,6.2,-22.1,-999,-23.3
78026.7,6.2,-22.1,-999,-23.3
78036.8,6.4,-22.2,-999,-23.3
78046.8,6.5,-22.1,-999,-23.3
78056.8,6.6,-22.1,-999,-23.2
78066.8,6.7,-21.9,-999,-23
78076.8,6.9,-21.9,-999,-23.1
78086.9,6.8,-21.9,-999,-23.1
78096.9,7.1,-21.9,-999,-23.1
78106.9,7.2,-21.9,-999,-23
78117,7.4,-21.9,-999,-23
78127,7.4,-21.8,-999,-22.8
78137,7.5,-21.8,-999,-22.9
78147,7.6,-21.7,-999,-22.9
78157.1,7.8,-21.8,-999,-22.8
78167.1,7.8,-21.7,-999,-22.8
78177.1,7.9,-21.6,-999,-22.8
78187.2,8.1,-21.6,-999,-22.8
78197.2,8.2,-21.6,-999,-22.7
78207.2,8.3,-21.6,-999,-22.7
78217.2,8.4,-21.6,-999,-22.7
78227.3,8.6,-21.6,-999,-22.5
78237.3,8.7,-21.6,-999,-22.5
78247.3,8.8,-21.4,-999,-22.5
78257.3,8.9,-21.5,-999,-22.5
78267.4,9,-21.4,-999,-22.4
78277.4,9.1,-21.4,-999,-22.4
78287.4,9.2,-21.3,-999,-22.4
78297.5,9.4,-21.3,-999,-22.3
78307.5,9.4,-21.3,-999,-22.3
78317.5,9.5,-21.3,-999,-22.3
78327.5,9.7,-21.2,-999,-22.2
78337.5,9.8,-21.3,-999,-22.2
78347.6,9.9,-21.2,-999,-22.2
78357.6,10,-21.1,-999,-22.2
78367.6,10.1,-21.2,-999,-22.2
78377.6,10.2,-21.1,-999,-22.2
78387.6,10.3,-21,-999,-21.8
78397.6,10.5,-21,-999,-21.8
78407.7,10.6,-21,-999,-21.7
78417.7,10.6,-21,-999,-21.9
78427.7,11,-21,-999,-21.9
78437.8,11.1,-20.9,-999,-21.7
78447.8,11.3,-20.9,-999,-21.7
78457.8,11.4,-20.9,-999,-21.6
78467.8,11.5,-20.6,-999,-21.6
78477.8,11.7,-20.6,-999,-21.6
78487.8,11.7,-20.6,-999,-21.5
78497.9,11.9,-20.8,-999,-21.5
78507.9,12,-20.5,-999,-21.5
78517.9,12.2,-20.7,-999,-21.4
78527.9,12.4,-20.5,-999,-21.4
78538,12.5,-20.5,-999,-21.3
78548,12.7,-20.4,-999,-21.3
78558,12.8,-20.4,-999,-21.3
78568,13,-20.3,-999,-21.3
78578.1,13.1,-20.4,-999,-21.2
78588.1,13.2,-20.3,-999,-21.1
78598.1,13.4,-20.3,-999,-21.1
78608.2,13.5,-20.2,-999,-21
78618.2,13.7,-20.3,-999,-21.1
78628.2,13.8,-20.2,-999,-21
78638.2,13.9,-20.2,-999,-21
78648.3,14.2,-20.1,-999,-21
78658.3,14.3,-20.1,-999,-21
78668.3,14.4,-20.2,-999,-21
78678.3,14.6,-20.1,-999,-20.9
78688.3,14.7,-20,-999,-20.9
78698.4,14.9,-20.1,-999,-20.8
78708.4,15.3,-20,-999,-20.8
78718.4,15.4,-20,-999,-20.8
78728.5,15.6,-19.9,-999,-20.7
78738.5,15.8,-19.9,-999,-20.7
78748.5,16,-19.9,-999,-20.7
78758.5,16.1,-19.9,-999,-20.7
78768.5,16.3,-19.9,-999,-20.6
78778.6,16.5,-19.9,-999,-20.6
78788.6,16.8,-19.8,-999,-20.5
78798.6,17,-19.8,-999,-20.5
78808.6,17.2,-19.7,-999,-20.4
78818.6,17.4,-19.7,-999,-20.4
78828.7,17.7,-19.7,-999,-20.4
78838.7,18,-19.6,-999,-20.3
78848.7,18.2,-19.7,-999,-20.3
78858.8,18.4,-19.7,-999,-20.3
78868.8,18.8,-19.6,-999,-20.2
78878.8,19.1,-19.6,-999,-20.2
78888.8,19.3,-19.6,-999,-20.2
78898.9,19.8,-19.5,-999,-20.2
78908.9,20,-19.5,-999,-20.1
78918.9,20.3,-19.5,-999,-20.1
78928.9,20.5,-19.5,-999,-20.1
78939,20.8,-19.5,-999,-20.1
78949,21.1,-19.4,-999,-20
78959,21.2,-19.4,-999,-20
78969,21.4,-19.4,-999,-19.9
78979.1,21.6,-19.3,-999,-19.9
78989.1,21.8,-19.3,-999,-19.9
78999.1,22.1,-19.3,-999,-19.8
79009.1,22.2,-19.3,-999,-19.8
79019.1,22.4,-19.3,-999,-19.8
79029.1,22.6,-19.3,-999,-19.8
79039.2,22.8,-19.3,-999,-19.7
79049.2,22.9,-19.2,-999,-19.7
79059.2,23.1,-19.3,-999,-19.7
79069.3,23.4,-19.2,-999,-19.6
79079.3,23.3,-19.2,-999,-19.7
79089.3,23.7,-19.1,-999,-19.6
79099.3,23.8,-19.1,-999,-19.6
79109.4,23.9,-19.1,-999,-19.5
79119.4,24,-19.1,-999,-19.5
79129.4,24.2,-19.1,-999,-19.5
79139.4,24.3,-19.1,-999,-19.5
79149.5,24.4,-19.1,-999,-19.5
79159.5,24.4,-19,-999,-19.5
79169.6,24.6,-19,-999,-19.4
79179.6,24.7,-19,-999,-19.4
79189.6,24.8,-19,-999,-19.4
79199.6,24.9,-19,-999,-19.4
79209.6,24.9,-19,-999,-19.4
79219.7,25.1,-19,-999,-19.3
79229.7,25.1,-19,-999,-19.3
79239.7,25.2,-19,-999,-19.3
79249.7,25.3,-18.9,-999,-19.3
79259.7,25.4,-19,-999,-19.3
79269.8,25.4,-18.9,-999,-19.3
79279.8,25.5,-18.9,-999,-19.3
79289.8,25.6,-18.8,-999,-19.2
79299.9,25.7,-18.9,-999,-19.2
79309.9,25.7,-18.9,-999,-19.2
79319.9,25.8,-18.8,-999,-19.1
79330,25.8,-18.8,-999,-19.2
79340,25.9,-18.8,-999,-19.1
79350,25.9,-18.8,-999,-19.1
79360,26.1,-18.8,-999,-19.1
79370,26.1,-18.8,-999,-19.1
79380.1,26.2,-18.8,-999,-19
79390.1,26.2,-18.7,-999,-19
79400.1,26.2,-18.7,-999,-19
79410.1,26.3,-18.7,-999,-19
79420.1,26.4,-18.7,-999,-19
79430.2,26.5,-18.7,-999,-18.9
79440.2,26.5,-18.7,-999,-18.9
79450.2,26.5,-18.7,-999,-18.9
79460.3,26.6,-18.7,-999,-18.9
79470.3,26.7,-18.6,-999,-18.9
79480.3,26.6,-18.7,-999,-18.9
79490.4,26.7,-18.7,-999,-18.8
79500.4,26.7,-18.6,-999,-18.9
79510.4,26.8,-18.6,-999,-18.9
79520.5,26.9,-18.6,-999,-18.8
79530.5,27,-18.6,-999,-18.8
79540.5,27,-18.6,-999,-18.7
79550.5,27,-18.5,-999,-18.8
79560.6,27.1,-18.5,-999,-18.8
79570.6,27.1,-18.5,-999,-18.7
79580.6,27.2,-18.5,-999,-18.7
79590.6,27.4,-18.5,-999,-18.6
79600.7,27.4,-18.5,-999,-18.6
79610.7,27.3,-18.5,-999,-18.7
79620.7,27.3,-18.5,-999,-18.6
79630.7,27.5,-18.4,-999,-18.6
79640.7,27.4,-18.4,-999,-18.6
79650.8,27.4,-18.4,-999,-18.6
79660.8,27.6,-18.4,-999,-18.6
79670.8,27.6,-18.4,-999,-18.5
79680.8,27.6,-18.4,-999,-18.5
79690.8,27.7,-18.4,-999,-18.6
79700.9,27.8,-18.4,-999,-18.5
79710.9,27.8,-18.4,-999,-18.5
79720.9,27.8,-18.3,-999,-18.5
79730.9,27.8,-18.3,-999,-18.4
79740.9,27.8,-18.3,-999,-18.4
79751,27.9,-18.4,-999,-18.5
79761,27.9,-18.3,-999,-18.4
79771,27.9,-18.3,-999,-18.4
79781,28,-18.2,-999,-18.4
79791.1,28,-18.2,-999,-18.4
79801.1,28.1,-18.2,-999,-18.4
79811.1,28.1,-18.2,-999,-18.3
79821.1,28.1,-18.2,-999,-18.3
79831.2,28.1,-18.2,-999,-18.3
79841.2,28.2,-18.2,-999,-18.3
79851.2,28.1,-18.2,-999,-18.3
79861.2,28.2,-18.1,-999,-18.3
79871.2,28.2,-18.1,-999,-18.2
79881.3,28.3,-18.1,-999,-18.2
79891.3,28.3,-18.1,-999,-18.2
79901.3,28.3,-18.1,-999,-18.2
79911.3,28.3,-18.1,-999,-18.2
79921.3,28.4,-18.1,-999,-18.2
79931.4,28.4,-18.1,-999,-18.2
79941.4,28.4,-18.1,-999,-18.1
79951.4,28.5,-18.1,-999,-18.1
79961.4,28.5,-18,-999,-18.1
79971.4,28.5,-18,-999,-18
79981.5,28.5,-18,-999,-18
79991.5,28.5,-18,-999,-18
80001.5,28.6,-18.1,-999,-18
80011.5,28.6,-18,-999,-18
80021.5,28.5,-18,-999,-18
80031.6,28.7,-18,-999,-18
80041.6,28.7,-17.9,-999,-18
80051.6,28.7,-17.9,-999,-18
80061.6,28.7,-17.9,-999,-17.9
80071.7,28.7,-17.9,-999,-18
80081.7,28.8,-17.9,-999,-17.7
80091.7,28.8,-17.9,-999,-17.9
80101.7,28.8,-17.9,-999,-17.9
80111.7,28.8,-17.9,-999,-17.9
80121.7,28.8,-17.8,-999,-17.8
80131.8,28.8,-17.8,-999,-17.9
80141.8,28.8,-17.9,-999,-17.8
80151.8,28.9,-17.8,-999,-17.8
80161.8,28.9,-17.8,-999,-17.8
80171.8,28.9,-17.8,-999,-17.8
80181.9,28.9,-17.8,-999,-17.8
80191.9,28.9,-17.8,-999,-17.8
80201.9,29,-17.8,-999,-17.7
80211.9,29,-17.8,-999,-17.7
80222,29,-17.8,-999,-17.7
80232,29,-17.8,-999,-17.5
80242,29,-17.7,-999,-17.7
80252,29,-17.8,-999,-17.7
80262,29,-17.8,-999,-17.7
80272.1,29.1,-17.8,-999,-17.4
80282.1,29,-17.7,-999,-17.7
80292.1,29.1,-17.7,-999,-17.6
80302.1,29.1,-17.7,-999,-17.4
80312.1,29.1,-17.8,-999,-17.4
80322.2,29.1,-17.7,-999,-17.4
80332.3,29.1,-17.7,-999,-17.6
80342.3,29.1,-17.7,-999,-17.4
80352.4,29.1,-17.7,-999,-17.3
80362.4,29.2,-17.7,-999,-17.3
80372.4,29.2,-17.7,-999,-17.3
80382.5,29.2,-17.6,-999,-17.3
80392.5,29.3,-17.7,-999,-17.3
80402.5,29.2,-17.7,-999,-17.3
80412.5,29.3,-17.6,-999,-17.2
80422.6,29.3,-17.6,-999,-17.2
80432.6,29.3,-17.6,-999,-17.2
80442.6,29.3,-17.6,-999,-17.2
80452.6,29.3,-17.6,-999,-17.3
80462.7,29.3,-17.6,-999,-17.2
80472.7,29.4,-17.6,-999,-17.2
80482.7,29.3,-17.6,-999,-17.1
80492.7,29.3,-17.6,-999,-17.2
80502.8,29.3,-17.6,-999,-17.1
80512.8,29.4,-17.6,-999,-17.2
80522.8,29.4,-17.6,-999,-17.1
80532.8,29.5,-17.5,-999,-17.1
80542.8,29.4,-17.5,-999,-17.1
80552.9,29.4,-17.6,-999,-17.2
80562.9,29.4,-17.6,-999,-17.1
80572.9,29.5,-17.5,-999,-17.1
80582.9,29.5,-17.6,-999,-17.1
80593,29.5,-17.5,-999,-17.1
80603,29.5,-17.6,-999,-17.1
80613,29.5,-17.5,-999,-17.1
80623,29.5,-17.5,-999,-17.1
80633.1,29.5,-17.5,-999,-17.1
80643.1,29.6,-17.5,-999,-17
80653.2,29.6,-17.5,-999,-17
80663.3,29.6,-17.5,-999,-17
80673.3,29.6,-17.5,-999,-17
80683.3,29.6,-17.5,-999,-17
80693.3,29.6,-17.5,-999,-17.1
80703.4,29.7,-17.4,-999,-16.9
80713.4,29.7,-17.5,-999,-17
80723.4,29.7,-17.5,-999,-17
80733.4,29.7,-17.4,-999,-17
80743.4,29.7,-17.5,-999,-16.9
80753.5,29.8,-17.5,-999,-16.9
80763.5,29.8,-17.4,-999,-17
80773.5,29.8,-17.5,-999,-16.9
80783.5,29.8,-17.4,-999,-16.9
80793.5,29.8,-17.5,-999,-16.9
80803.6,29.8,-17.5,-999,-16.9
80813.6,29.9,-17.4,-999,-16.9
80823.6,29.8,-17.4,-999,-16.9
80833.7,29.8,-17.4,-999,-16.9
80843.7,29.9,-17.4,-999,-16.9
80853.8,29.9,-17.5,-999,-16.9
80863.8,29.9,-17.4,-999,-16.9
80873.8,29.9,-17.4,-999,-17
80883.8,29.9,-17.4,-999,-16.9
80893.9,30,-17.5,-999,-16.9
80903.9,30,-17.3,-999,-16.9
80913.9,30,-17.4,-999,-16.9
80923.9,30,-17.4,-999,-16.8
80933.9,30,-17.4,-999,-16.9
80943.9,30.1,-17.5,-999,-16.9
80954,30.1,-17.5,-999,-16.9
80964,30.1,-17.4,-999,-16.9
80974,30.1,-17.5,-999,-16.9
80984,30.1,-17.4,-999,-16.8
80994,30.1,-17.5,-999,-16.9
81004.1,30.2,-17.3,-999,-16.8
81014.1,30.2,-17.4,-999,-16.8
81024.1,30.2,-17.4,-999,-16.8
81034.1,30.2,-17.4,-999,-16.8
81044.2,30.3,-17.5,-999,-16.8
81054.2,30.3,-17.4,-999,-16.9
81064.2,30.3,-17.4,-999,-16.9
81074.3,30.3,-17.4,-999,-16.9
81084.3,30.3,-17.4,-999,-16.9
81094.3,30.4,-17.4,-999,-16.9
81104.3,30.3,-17.4,-999,-16.8
81114.3,30.4,-17.4,-999,-16.8
81124.4,30.4,-17.4,-999,-16.8
81134.4,30.5,-17.4,-999,-16.8
81144.4,30.5,-17.4,-999,-16.8
81154.4,30.5,-17.5,-999,-16.8
81164.4,30.5,-17.4,-999,-16.8
81174.5,30.5,-17.4,-999,-16.8
81184.5,30.5,-17.5,-999,-16.8
81194.5,30.5,-17.4,-999,-16.8
81204.5,30.6,-17.4,-999,-16.8
81214.5,30.6,-17.5,-999,-16.9
81224.6,30.6,-17.4,-999,-16.9
81234.6,30.6,-17.4,-999,-16.8
81244.6,30.7,-17.4,-999,-16.9
81254.6,30.7,-17.5,-999,-16.8
81264.6,30.7,-17.4,-999,-16.8
81274.7,30.7,-17.4,-999,-16.9
81284.7,30.8,-17.3,-999,-16.7
81294.7,30.7,-17.4,-999,-16.8
81304.8,30.7,-17.4,-999,-16.9
81314.8,30.8,-17.4,-999,-16.8
81324.8,30.8,-17.4,-999,-16.8
81334.8,30.9,-17.4,-999,-16.8
81344.8,30.9,-17.4,-999,-16.8
81354.9,30.9,-17.4,-999,-16.8
81364.9,30.9,-17.4,-999,-16.8
81374.9,30.9,-17.4,-999,-16.8
81384.9,30.9,-17.4,-999,-16.8
81394.9,31,-17.4,-999,-16.8
81405,31,-17.4,-999,-16.8
81415,31,-17.4,-999,-16.9
81425,31,-17.4,-999,-16.8
81435,31,-17.4,-999,-16.9
81445,31,-17.4,-999,-16.8
81455.1,31.1,-17.4,-999,-16.8
81465.1,31.1,-17.4,-999,-16.8
81475.1,31.1,-17.4,-999,-16.8
81485.1,31.1,-17.4,-999,-16.8
81495.2,31.1,-17.5,-999,-16.8
81505.2,31.1,-17.4,-999,-16.9
81515.2,31.3,-17.4,-999,-16.9
81525.2,31.3,-17.4,-999,-16.9
81535.3,31.2,-17.4,-999,-16.8
81545.3,31.4,-17.4,-999,-16.8
81555.3,31.2,-17.4,-999,-16.9
81565.3,31.4,-17.3,-999,-16.8
81575.3,31.5,-17.4,-999,-16.9
81585.4,31.5,-17.4,-999,-16.9
81595.4,31.5,-17.4,-999,-16.8
81605.4,31.3,-17.3,-999,-16.9
81615.4,31.5,-17.4,-999,-16.8
81625.4,31.5,-17.4,-999,-16.9
81635.4,31.3,-17.4,-999,-16.8
81645.5,31.3,-17.4,-999,-16.8
81655.5,31.6,-17.4,-999,-16.9
81665.5,31.6,-17.4,-999,-16.8
81675.5,31.6,-17.4,-999,-16.8
81685.6,31.6,-17.4,-999,-16.8
81695.6,31.7,-17.4,-999,-16.8
81705.6,31.7,-17.4,-999,-16.8
81715.6,31.7,-17.3,-999,-16.8
81725.7,31.7,-17.4,-999,-16.8
81735.7,31.7,-17.5,-999,-16.8
81745.7,31.7,-17.3,-999,-16.8
81755.7,31.8,-17.4,-999,-16.8
81765.8,31.8,-17.3,-999,-16.9
81775.8,31.8,-17.4,-999,-16.8
81785.8,31.8,-17.4,-999,-16.8
81795.8,31.8,-17.3,-999,-16.8
81805.8,31.8,-17.4,-999,-16.8
81815.9,31.9,-17.3,-999,-16.8
81825.9,31.9,-17.4,-999,-16.8
81835.9,31.9,-17.4,-999,-16.8
81845.9,32,-17.4,-999,-16.8
81856,31.9,-17.4,-999,-16.8
81866,32,-17.3,-999,-16.8
81876,32,-17.3,-999,-16.8
81886,32,-17.3,-999,-16.8
81896.1,32,-17.4,-999,-16.8
81906.1,32.1,-17.3,-999,-16.8
81916.1,32.1,-17.3,-999,-16.8
81926.2,32.1,-17.3,-999,-16.8
81936.2,32.2,-17.3,-999,-16.8
81946.2,32.2,-17.4,-999,-16.8
81956.2,32.2,-17.3,-999,-16.8
81966.3,32.2,-17.4,-999,-16.8
81976.3,32.2,-17.4,-999,-16.8
81986.3,32.2,-17.3,-999,-16.8
81996.3,32.2,-17.3,-999,-16.7
82006.4,32.3,-17.3,-999,-16.8
82016.4,32.3,-17.4,-999,-16.8
82026.4,32.3,-17.3,-999,-16.8
82036.5,32.4,-17.3,-999,-16.6
82046.5,32.4,-17.3,-999,-16.8
82056.5,32.4,-17.3,-999,-16.7
82066.5,32.4,-17.3,-999,-16.7
82076.5,32.4,-17.3,-999,-16.8
82086.6,32.5,-17.3,-999,-16.7
82096.6,32.5,-17.4,-999,-16.7
82106.6,32.5,-17.3,-999,-16.7
82116.6,32.5,-17.3,-999,-16.7
82126.6,32.5,-17.3,-999,-16.7
82136.7,32.6,-17.3,-999,-16.7
82146.7,32.6,-17.3,-999,-16.7
82156.7,32.6,-17.3,-999,-16.7
82166.8,32.6,-17.3,-999,-16.7
82176.8,32.6,-17.3,-999,-16.7
82186.8,32.7,-17.3,-999,-16.7
82196.9,32.7,-17.3,-999,-16.7
82206.9,32.7,-17.3,-999,-16.7
82216.9,32.7,-17.3,-999,-16.7
82226.9,32.8,-17.3,-999,-16.7
82237,32.8,-17.3,-999,-16.6
82247,32.8,-17.3,-999,-16.6
82257,32.8,-17.3,-999,-16.7
82267,32.8,-17.3,-999,-16.7
82277,32.8,-17.3,-999,-16.7
82287.1,32.9,-17.3,-999,-16.6
82297.1,32.9,-17.3,-999,-16.7
82307.2,32.9,-17.3,-999,-16.7
82317.2,32.9,-17.3,-999,-16.6
82327.2,33,-17.3,-999,-16.6
82337.2,33,-17.3,-999,-16.6
82347.3,33,-17.3,-999,-16.6
82357.3,33,-17.3,-999,-16.6
82367.3,33,-17.3,-999,-16.5
82377.3,33.1,-17.3,-999,-16.5
82387.3,33.1,-17.3,-999,-16.5
82397.4,33.1,-17.3,-999,-16.5
82407.4,33.1,-17.3,-999,-16.6
82417.4,33.1,-17.3,-999,-16.5
82427.5,33.2,-17.3,-999,-16.5
82437.5,33.2,-17.3,-999,-16.5
82447.5,33.2,-17.4,-999,-16.6
82457.5,33.2,-17.3,-999,-16.5
82467.6,33.2,-17.3,-999,-16.5
82477.6,33.3,-17.3,-999,-16.5
82487.6,33.3,-17.3,-999,-16.5
82497.6,33.3,-17.2,-999,-16.5
82507.7,33.3,-17.3,-999,-16.5
82517.7,33.4,-17.3,-999,-16.5
82527.7,33.3,-17.3,-999,-16.5
82537.7,33.4,-17.3,-999,-16.5
82547.7,33.4,-17.3,-999,-16.5
82557.8,33.4,-17.3,-999,-16.5
82567.8,33.4,-17.3,-999,-16.5
82577.8,33.4,-17.3,-999,-16.5
82587.8,33.5,-17.3,-999,-16.5
82597.8,33.5,-17.3,-999,-16.5
82607.9,33.4,-17.3,-999,-16.5
82617.9,33.5,-17.3,-999,-16.5
82627.9,33.6,-17.3,-999,-16.5
82637.9,33.5,-17.3,-999,-16.5
82648,33.5,-17.3,-999,-16.5
82658,33.5,-17.3,-999,-16.4
82668,33.6,-17.3,-999,-16.5
82678,33.6,-17.3,-999,-16.4
82688.1,33.6,-17.3,-999,-16.5
82698.1,33.6,-17.3,-999,-16.5
82708.1,33.6,-17.3,-999,-16.5
82718.1,33.6,-17.3,-999,-16.4
82728.1,33.6,-17.3,-999,-16.5
82738.2,33.7,-17.3,-999,-16.4
82748.2,33.8,-17.3,-999,-16.4
82758.2,33.7,-17.3,-999,-16.4
82768.3,33.8,-17.3,-999,-16.4
82778.3,33.8,-17.3,-999,-16.4
82788.3,33.8,-17.3,-999,-16.4
82798.4,33.8,-17.3,-999,-16.4
82808.4,33.8,-17.3,-999,-16.4
82818.4,33.9,-17.3,-999,-16.4
82828.4,33.8,-17.3,-999,-16.4
82838.4,33.9,-17.3,-999,-16.4
82848.5,33.9,-17.3,-999,-16.4
82858.5,33.9,-17.3,-999,-16.4
82868.5,33.9,-17.3,-999,-16.3
82878.6,34,-17.3,-999,-16.4
82888.6,34,-17.3,-999,-16.4
82898.6,34,-17.3,-999,-16.3
82908.7,34,-17.3,-999,-16.4
82918.7,34,-17.3,-999,-16.3
82928.7,34,-17.3,-999,-16.3
82938.7,34,-17.3,-999,-16.2
82948.7,34.1,-17.3,-999,-16.3
82958.8,34.1,-17.3,-999,-16.3
82968.8,34.1,-17.3,-999,-16.4
82978.8,34.2,-17.3,-999,-16.2
82988.8,34.2,-17.3,-999,-16.3
82998.8,34.2,-17.3,-999,-16.3
83008.8,34.2,-17.3,-999,-16.3
83018.8,34.3,-17.3,-999,-16.3
83028.9,34.3,-17.3,-999,-16.3
83038.9,34.3,-17.3,-999,-16.2
83048.9,34.3,-17.3,-999,-16.3
83058.9,34.3,-17.3,-999,-16.3
83068.9,34.4,-17.3,-999,-16.2
83079,34.4,-17.3,-999,-16.2
83089,34.4,-17.3,-999,-16.3
83099,34.4,-17.3,-999,-16.2
83109.1,34.4,-17.3,-999,-16.2
83119.1,34.5,-17.3,-999,-16.2
83129.1,34.5,-17.3,-999,-16.2
83139.1,34.5,-17.3,-999,-16.2
83149.1,34.6,-17.3,-999,-16.3
83159.2,34.6,-17.3,-999,-16.2
83169.2,34.6,-17.3,-999,-16.2
83179.2,34.6,-17.3,-999,-16.3
83189.3,34.6,-17.3,-999,-16.3
83199.3,34.6,-17.3,-999,-16.3
83209.3,34.7,-17.3,-999,-16.2
83219.4,34.7,-17.3,-999,-16.3
83229.4,34.7,-17.3,-999,-16.3
83239.4,34.8,-17.3,-999,-16.3
83249.4,34.8,-17.3,-999,-16.3
83259.4,34.8,-17.3,-999,-16.3
83269.5,34.8,-17.3,-999,-16.3
83279.5,34.9,-17.3,-999,-16.2
83289.5,34.9,-17.3,-999,-16.3
83299.5,34.9,-17.3,-999,-16.3
83309.5,34.9,-17.3,-999,-16.2
83319.6,34.9,-17.3,-999,-16.3
83329.6,35,-17.3,-999,-16.2
83339.6,35,-17.3,-999,-16.1
83349.7,35,-17.3,-999,-16.2
83359.7,35,-17.3,-999,-16.2
83369.7,35.2,-17.4,-999,-16.2
83379.7,35.1,-17.3,-999,-16.1
83389.7,35.1,-17.3,-999,-16.2
83399.8,35.1,-17.3,-999,-16.2
83409.8,35.1,-17.3,-999,-16.2
83419.8,35.2,-17.3,-999,-16
83429.8,35.2,-17.3,-999,-16.2
83439.9,35.2,-17.3,-999,-16.1
83449.9,35.4,-17.3,-999,-16.2
83459.9,35.5,-17.3,-999,-16.2
83469.9,35.3,-17.3,-999,-16.2
83480,35.3,-17.3,-999,-16
83490,35.5,-17.3,-999,-16.1
83500,35.4,-17.3,-999,-16.1
83510.1,35.6,-17.3,-999,-16.1
83520.1,35.6,-17.3,-999,-16.2
83530.1,35.6,-17.3,-999,-16.1
83540.2,35.7,-17.3,-999,-16.1
83550.2,35.7,-17.3,-999,-16.1
83560.2,35.7,-17.3,-999,-16.1
83570.2,35.8,-17.3,-999,-16.1
83580.2,35.7,-17.3,-999,-16
83590.3,35.8,-17.3,-999,-16
83600.3,35.8,-17.3,-999,-16.1
83610.3,35.8,-17.3,-999,-16
83620.3,35.8,-17.3,-999,-16.1
83630.3,35.9,-17.3,-999,-16.1
83640.4,35.9,-17.3,-999,-16
83650.4,35.9,-17.4,-999,-16
83660.4,35.9,-17.3,-999,-16
83670.4,36,-17.3,-999,-16
83680.4,36,-17.3,-999,-16
83690.5,36.1,-17.3,-999,-16
83700.5,36.1,-17.3,-999,-16
83710.5,36.1,-17.3,-999,-16
83720.5,36.1,-17.3,-999,-16
83730.5,36.2,-17.3,-999,-16
83740.6,36.2,-17.4,-999,-16
83750.6,36.2,-17.4,-999,-16
83760.6,36.2,-17.3,-999,-16.1
83770.7,36.2,-17.3,-999,-16
83780.7,36.3,-17.3,-999,-16
83790.7,36.3,-17.4,-999,-16
83800.7,36.3,-17.3,-999,-16
83810.7,36.4,-17.3,-999,-16
83820.8,36.4,-17.4,-999,-16
83830.8,36.4,-17.4,-999,-16
83840.8,36.4,-17.3,-999,-16
83850.8,36.5,-17.4,-999,-16
83860.8,36.4,-17.4,-999,-16
83870.8,36.5,-17.4,-999,-16
83880.8,36.5,-17.4,-999,-16
83890.9,36.6,-17.4,-999,-16
83900.9,36.6,-17.4,-999,-16
83910.9,36.6,-17.3,-999,-16
83921,36.7,-17.4,-999,-16
83931,36.7,-17.4,-999,-16.1
83941,36.7,-17.4,-999,-16
83951,36.7,-17.4,-999,-16
83961,36.7,-17.4,-999,-16
83971.1,36.8,-17.4,-999,-16
83981.1,36.8,-17.4,-999,-16
83991.1,36.8,-17.4,-999,-16
84001.2,36.9,-17.4,-999,-16
84011.2,36.8,-17.4,-999,-16
84021.2,36.9,-17.4,-999,-16
84031.2,37,-17.3,-999,-16
84041.3,37,-17.4,-999,-16
84051.3,37,-17.4,-999,-16
84061.3,37,-17.4,-999,-16
84071.3,37,-17.3,-999,-16
84081.3,37,-17.4,-999,-16
84091.3,37.1,-17.4,-999,-16
84101.4,37.1,-17.4,-999,-16
84111.4,37.1,-17.4,-999,-16
84121.4,37.2,-17.4,-999,-16
84131.5,37.2,-17.4,-999,-16
84141.5,37.3,-17.4,-999,-15.9
84151.5,37.2,-17.4,-999,-16
84161.5,37.2,-17.4,-999,-16
84171.5,37.4,-17.4,-999,-16
84181.6,37.3,-17.4,-999,-16
84191.6,37.3,-17.5,-999,-16
84201.6,37.3,-17.4,-999,-16
84211.6,37.4,-17.4,-999,-16.1
84221.6,37.4,-17.4,-999,-16
84231.7,37.4,-17.4,-999,-16
84241.8,37.4,-17.5,-999,-16.1
84251.8,37.4,-17.4,-999,-16
84261.8,37.4,-17.4,-999,-16.1
84271.8,37.5,-17.5,-999,-16
84281.9,37.5,-17.4,-999,-16
84291.9,37.4,-17.5,-999,-16
84301.9,37.5,-17.4,-999,-15.9
84311.9,37.5,-17.4,-999,-16.1
84322,37.5,-17.4,-999,-16.1
84332,37.6,-17.4,-999,-16
84342,37.6,-17.5,-999,-16.1
84352,37.6,-17.4,-999,-16
84362,37.6,-17.5,-999,-16
84372.1,37.7,-17.4,-999,-16
84382.1,37.6,-17.4,-999,-16
84392.1,37.7,-17.4,-999,-16
84402.1,37.7,-17.5,-999,-16.1
84412.2,37.7,-17.5,-999,-16
84422.2,37.8,-17.5,-999,-16
84432.2,37.8,-17.5,-999,-16
84442.2,37.8,-17.5,-999,-16
84452.2,37.8,-17.4,-999,-16.1
84462.3,37.9,-17.5,-999,-16.1
84472.3,37.8,-17.5,-999,-16
84482.3,37.9,-17.5,-999,-16
84492.3,37.9,-17.4,-999,-16
84502.4,37.9,-17.5,-999,-16
84512.4,37.9,-17.5,-999,-16
84522.4,38,-17.5,-999,-16
84532.4,38,-17.4,-999,-16
84542.4,38,-17.5,-999,-16
84552.5,38.1,-17.4,-999,-16
84562.5,38.1,-17.4,-999,-16
84572.5,38.1,-17.5,-999,-16
84582.5,38.1,-17.4,-999,-16
84592.5,38.1,-17.4,-999,-16
84602.6,38.1,-17.4,-999,-16
84612.6,38.2,-17.4,-999,-15.9
84622.6,38.2,-17.4,-999,-16
84632.7,38.2,-17.5,-999,-16
84642.7,38.2,-17.4,-999,-16
84652.7,38.2,-17.5,-999,-16
84662.7,38.2,-17.4,-999,-16
84672.7,38.2,-17.5,-999,-15.9
84682.8,38.3,-17.4,-999,-16
84692.8,38.4,-17.4,-999,-16
84702.9,38.4,-17.4,-999,-16
84713,38.4,-17.4,-999,-16
84723,38.4,-17.5,-999,-16
84733,38.4,-17.4,-999,-16
84743.1,38.4,-17.4,-999,-16
84753.1,38.5,-17.4,-999,-16
84763.1,38.5,-17.3,-999,-16
84773.1,38.5,-17.4,-999,-16
84783.1,38.6,-17.5,-999,-16
84793.2,38.6,-17.4,-999,-16
84803.2,38.6,-17.5,-999,-16
84813.2,38.6,-17.5,-999,-16
84823.2,38.6,-17.4,-999,-16
84833.3,38.6,-17.5,-999,-16
84843.3,38.6,-17.5,-999,-16
84853.3,38.7,-17.4,-999,-16
84863.3,38.7,-17.5,-999,-16
84873.4,38.8,-17.5,-999,-16
84883.4,38.7,-17.5,-999,-16
84893.4,38.8,-17.4,-999,-16
84903.4,38.8,-17.4,-999,-16
84913.5,38.8,-17.5,-999,-16
84923.5,38.8,-17.4,-999,-15.9
84933.5,38.9,-17.4,-999,-16
84943.5,38.8,-17.4,-999,-15.9
84953.6,38.9,-17.5,-999,-16
84963.6,38.9,-17.5,-999,-16
84973.6,39,-17.5,-999,-16
84983.7,38.9,-17.4,-999,-15.9
84993.7,39,-17.4,-999,-16
85003.7,39,-17.5,-999,-16
85013.7,39,-17.4,-999,-15.9
85023.7,39,-17.5,-999,-16
85033.8,39,-17.5,-999,-15.9
85043.8,39.1,-17.4,-999,-16
85053.8,39.1,-17.4,-999,-15.9
85063.9,39.1,-17.5,-999,-16
85073.9,39.1,-17.4,-999,-15.9
85083.9,39.2,-17.5,-999,-15.9
85094,39.1,-17.5,-999,-15.9
85104,39.2,-17.5,-999,-16
85114,39.2,-17.5,-999,-15.9
85124,39.4,-17.5,-999,-16
85134,39.2,-17.5,-999,-15.9
85144.1,39.4,-17.5,-999,-15.9
85154.1,39.5,-17.4,-999,-15.9
85164.1,39.2,-17.5,-999,-15.9
85174.1,39.3,-17.5,-999,-16
85184.2,39.5,-17.5,-999,-15.9
85194.2,39.3,-17.5,-999,-15.9
85204.2,39.5,-17.5,-999,-15.9
85214.2,39.5,-17.5,-999,-15.9
85224.2,39.6,-17.4,-999,-15.9
85234.3,39.6,-17.5,-999,-15.9
85244.3,39.4,-17.5,-999,-16
85254.3,39.4,-17.5,-999,-15.9
85264.3,39.6,-17.4,-999,-15.8
85274.3,39.6,-17.5,-999,-15.9
85284.4,39.6,-17.5,-999,-15.7
85294.4,39.6,-17.5,-999,-15.9
85304.4,39.6,-17.5,-999,-15.9
85314.4,39.7,-17.5,-999,-15.9
85324.5,39.6,-17.5,-999,-15.9
85334.5,39.6,-17.5,-999,-15.9
85344.5,39.7,-17.5,-999,-15.9
85354.5,39.7,-17.6,-999,-15.8
85364.6,39.7,-17.5,-999,-15.9
85374.6,39.8,-17.5,-999,-15.9
85384.6,39.8,-17.5,-999,-15.9
85394.6,39.7,-17.5,-999,-15.8
85404.6,39.8,-17.6,-999,-15.9
85414.7,39.8,-17.6,-999,-15.8
85424.7,39.8,-17.6,-999,-15.8
85434.7,39.8,-17.5,-999,-15.9
85444.7,39.8,-17.5,-999,-15.8
85454.8,39.8,-17.6,-999,-15.8
85464.8,39.8,-17.6,-999,-15.8
85474.8,39.8,-17.5,-999,-15.9
85484.9,39.9,-17.6,-999,-15.8
85494.9,39.8,-17.5,-999,-15.8
85504.9,39.9,-17.5,-999,-15.8
85514.9,39.9,-17.5,-999,-15.8
85525,39.9,-17.5,-999,-15.8
85535,39.9,-17.5,-999,-15.8
85545,39.9,-17.6,-999,-15.8
85555.1,40,-17.6,-999,-15.8
85565.1,40,-17.5,-999,-15.7
85575.1,40,-17.5,-999,-15.8
85585.1,40,-17.5,-999,-15.8
85595.1,40,-17.5,-999,-15.7
85605.2,40,-17.5,-999,-15.7
85615.2,40,-17.5,-999,-15.7
85625.2,40,-17.5,-999,-15.7
85635.2,40.1,-17.6,-999,-15.8
85645.3,40.1,-17.5,-999,-15.8
85655.3,40.1,-17.6,-999,-15.7
85665.3,40.1,-17.5,-999,-15.7
85675.3,40.1,-17.5,-999,-15.8
85685.4,40.1,-17.6,-999,-15.7
85695.4,40.1,-17.5,-999,-15.7
85705.4,40.2,-17.5,-999,-15.7
85715.4,40.2,-17.5,-999,-15.7
85725.4,40.2,-17.5,-999,-15.7
85735.5,40.2,-17.5,-999,-15.7
85745.5,40.2,-17.5,-999,-15.7
85755.5,40.2,-17.6,-999,-15.7
85765.6,40.2,-17.5,-999,-15.7
85775.6,40.2,-17.6,-999,-15.7
85785.6,40.2,-17.5,-999,-15.7
85795.6,40.2,-17.5,-999,-15.7
85805.7,40.2,-17.5,-999,-15.7
85815.7,40.2,-17.5,-999,-15.7
85825.7,40.2,-17.5,-999,-15.7
85835.7,40.2,-17.5,-999,-15.7
85845.7,40.2,-17.5,-999,-15.6
85855.8,40.2,-17.5,-999,-15.7
85865.8,40.3,-17.5,-999,-15.7
85875.8,40.3,-17.5,-999,-15.6
85885.8,40.3,-17.5,-999,-15.7
85895.9,40.3,-17.4,-999,-15.7
85905.9,40.3,-17.5,-999,-15.6
85915.9,40.3,-17.5,-999,-15.6
85925.9,40.3,-17.5,-999,-15.6
85935.9,40.3,-17.5,-999,-15.6
85946,40.3,-17.5,-999,-15.7
85956,40.3,-17.5,-999,-15.7
85966,40.4,-17.5,-999,-15.6
85976,40.3,-17.5,-999,-15.6
85986.1,40.3,-17.5,-999,-15.6
85996.1,40.4,-17.5,-999,-15.6
86006.2,40.3,-17.4,-999,-15.6
86016.2,40.3,-17.5,-999,-15.6
86026.2,40.3,-17.5,-999,-15.6
86036.2,40.3,-17.4,-999,-15.6
86046.3,40.3,-17.5,-999,-15.6
86056.3,40.4,-17.4,-999,-15.6
86066.3,40.3,-17.4,-999,-15.6
86076.3,40.4,-17.4,-999,-15.6
86086.4,40.4,-17.4,-999,-15.6
86096.4,40.3,-17.4,-999,-15.6
86106.4,40.4,-17.4,-999,-15.5
86116.4,40.4,-17.4,-999,-15.5
86126.4,40.4,-17.4,-999,-15.5
86136.5,40.3,-17.4,-999,-15.5
86146.5,40.4,-17.4,-999,-15.5
86156.5,40.4,-17.5,-999,-15.5
86166.6,40.4,-17.4,-999,-15.5
86176.6,40.4,-17.4,-999,-15.3
86186.6,40.4,-17.4,-999,-15.6
86196.6,40.4,-17.4,-999,-15.5
86206.7,40.4,-17.4,-999,-15.4
86216.7,40.4,-17.4,-999,-15.5
86226.7,40.4,-17.4,-999,-15.5
86236.7,40.4,-17.3,-999,-15.5
86246.8,40.4,-17.4,-999,-15.5
86256.8,40.4,-17.4,-999,-15.5
86266.8,40.5,-17.4,-999,-15.4
86276.9,40.4,-17.4,-999,-15.4
86286.9,40.4,-17.4,-999,-15.5
86296.9,40.4,-17.4,-999,-15.4
86306.9,40.4,-17.3,-999,-15.4
86316.9,40.4,-17.4,-999,-15.4
86327,40.5,-17.4,-999,-15.4
86337,40.4,-17.3,-999,-15.4
86347,40.4,-17.4,-999,-15.4
86357.1,40.5,-17.3,-999,-15.4
86367.1,40.5,-17.3,-999,-15.4
86377.1,40.5,-17.3,-999,-15.4
86387.1,40.6,-17.3,-999,-15.4
86397.2,40.6,-17.4,-999,-15.3
86407.2,40.5,-17.3,-999,-15.3
86417.2,40.5,-17.3,-999,-15.4
86427.2,40.6,-17.3,-999,-15.4
86437.3,40.5,-17.3,-999,-15.3
86447.3,40.6,-17.3,-999,-15.3
86457.3,40.6,-17.3,-999,-15.3
86467.3,40.6,-17.3,-999,-15.3
86477.3,40.6,-17.3,-999,-15.3
86487.4,40.6,-17.3,-999,-15.3
86497.4,40.6,-17.3,-999,-15.3
86507.4,40.7,-17.3,-999,-15.3
86517.4,40.7,-17.3,-999,-15.3
86527.4,40.7,-17.3,-999,-15.2
86537.5,40.7,-17.2,-999,-15.2
86547.5,40.7,-17.3,-999,-15.2
86557.5,40.8,-17.3,-999,-15.1
86567.5,40.7,-17.2,-999,-15.2
86577.5,40.8,-17.3,-999,-15.2
86587.6,40.8,-17.3,-999,-15.2
86597.6,40.8,-17.3,-999,-15.1
86607.6,40.8,-17.3,-999,-15.1
86617.6,40.8,-17.3,-999,-15.2
86627.6,40.8,-17.3,-999,-15.1
86637.7,40.8,-17.3,-999,-15.1
86647.7,40.8,-17.2,-999,-15.1
86657.7,40.9,-17.2,-999,-14.9
86667.7,40.8,-17.2,-999,-15.1
86677.7,40.9,-17.3,-999,-15.1
86687.8,40.9,-17.3,-999,-15.1
86697.8,40.9,-17.2,-999,-15.1
86707.8,40.8,-17.2,-999,-15.1
86717.8,40.9,-17.2,-999,-15
86727.8,41,-17.2,-999,-14.8
86737.9,40.9,-17.1,-999,-15
86747.9,41,-17.1,-999,-15
86757.9,41,-17.2,-999,-14.9
86768,41,-17.2,-999,-14.9
86778,41,-17.2,-999,-14.8
86788,41,-17.1,-999,-14.9
86798.1,41.1,-17.2,-999,-14.8
86808.1,41,-17.1,-999,-14.8
86818.1,41,-17.2,-999,-14.8
86828.1,41.1,-17.1,-999,-14.8
86838.1,41.1,-17.2,-999,-14.8
86848.1,41.1,-17.1,-999,-14.8
86858.1,41.1,-17.1,-999,-14.7
86868.2,41.1,-17.1,-999,-14.7
86878.2,41.2,-17.2,-999,-14.7
86888.2,41.2,-17.1,-999,-14.7
86898.2,41.2,-17.1,-999,-14.7
86908.3,41.2,-17.1,-999,-14.7
86918.3,41.2,-17,-999,-14.6
86928.3,41.2,-17.1,-999,-14.6
86938.3,41.2,-17.1,-999,-14.5
86948.4,41.3,-17.1,-999,-14.5
86958.4,41.2,-17,-999,-14.5
86968.4,41.2,-17,-999,-14.5
86978.4,41.2,-17,-999,-14.5
86988.4,41.3,-17,-999,-14.4
86998.5,41.2,-17,-999,-14.4
87008.5,41.3,-17,-999,-14.4
87018.5,41.3,-17,-999,-14.3
87028.6,41.3,-17,-999,-14.3
87038.6,41.3,-16.9,-999,-14.3
87048.6,41.3,-17,-999,-14.3
87058.6,41.3,-17,-999,-14.1
87068.6,41.3,-17,-999,-14.2
87078.7,41.4,-17,-999,-14.2
87088.7,41.3,-17,-999,-14.2
87098.7,41.4,-16.9,-999,-14.2
87108.7,41.3,-16.9,-999,-14.2
87118.8,41.4,-16.9,-999,-14.1
87128.8,41.4,-16.9,-999,-14.1
87138.8,41.4,-16.9,-999,-14
87148.8,41.5,-16.9,-999,-14
87158.9,41.4,-16.9,-999,-14
87168.9,41.4,-16.9,-999,-13.8
87178.9,41.5,-16.9,-999,-13.9
87188.9,41.5,-16.8,-999,-13.9
87198.9,41.5,-16.8,-999,-13.9
87209,41.5,-16.8,-999,-13.8
87219,41.5,-16.9,-999,-13.8
87229,41.5,-16.9,-999,-13.8
87239,41.5,-16.8,-999,-13.7
87249,41.5,-16.8,-999,-13.7
87259.1,41.5,-16.8,-999,-13.7
87269.1,41.5,-16.7,-999,-13.7
87279.1,41.5,-16.7,-999,-13.6
87289.1,41.5,-16.7,-999,-13.6
87299.1,41.6,-16.7,-999,-13.4
87309.2,41.6,-16.7,-999,-13.5
87319.2,41.6,-16.7,-999,-13.5
87329.2,41.6,-16.7,-999,-13.2
87339.2,41.7,-16.7,-999,-13.2
87349.2,41.6,-16.7,-999,-13.2
87359.2,41.6,-16.4,-999,-13.1
87369.3,41.7,-16.7,-999,-13.1
87379.3,41.6,-16.6,-999,-13
87389.3,41.7,-16.6,-999,-13.1
87399.3,41.7,-16.6,-999,-13
87409.4,41.7,-16.6,-999,-13
87419.4,41.7,-16.5,-999,-13.1
87429.4,41.8,-16.5,-999,-12.9
87439.4,41.8,-16.5,-999,-12.9
87449.5,41.7,-16.3,-999,-12.9
87459.5,41.9,-16.2,-999,-12.8
87469.5,41.8,-16.3,-999,-12.8
87479.6,41.8,-16.3,-999,-12.8
87489.6,41.9,-16.1,-999,-12.7
87499.6,41.9,-16.1,-999,-12.7
87509.6,41.9,-16.2,-999,-12.6
87519.7,41.9,-16.2,-999,-12.6
87529.7,41.9,-16.1,-999,-12.5
87539.7,42,-16.1,-999,-12.5
87549.7,42,-16.1,-999,-12.5
87559.8,42.1,-16.1,-999,-12.4
87569.8,42,-16.1,-999,-12.4
87579.8,42.1,-16,-999,-12.3
87589.8,42.1,-16,-999,-12.3
87599.9,42.2,-16,-999,-12.3
87609.9,42.1,-16,-999,-12.3
87619.9,42.1,-16,-999,-12.2
87629.9,42.1,-16,-999,-12.3
87640,42.1,-15.9,-999,-12.2
87650,42.2,-15.9,-999,-12.1
87660,42.3,-15.9,-999,-12
87670,42.3,-15.9,-999,-12
87680.1,42.3,-15.8,-999,-12
87690.1,42.3,-15.8,-999,-12
87700.1,42.3,-15.8,-999,-11.9
87710.1,42.4,-15.8,-999,-11.9
87720.1,42.4,-15.8,-999,-11.8
87730.2,42.4,-15.7,-999,-11.6
87740.2,42.5,-15.7,-999,-11.8
87750.2,42.5,-15.7,-999,-11.8
87760.2,42.5,-15.7,-999,-11.8
87770.2,42.5,-15.7,-999,-11.6
87780.3,42.6,-15.6,-999,-11.6
87790.3,42.6,-15.6,-999,-11.6
87800.3,42.6,-15.6,-999,-11.6
87810.4,42.6,-15.5,-999,-11.5
87820.4,42.6,-15.5,-999,-11.5
87830.4,42.7,-15.4,-999,-11.4
87840.4,42.7,-15.4,-999,-11.4
87850.4,42.8,-15.4,-999,-11.3
87860.5,42.8,-15.3,-999,-11.3
87870.5,42.8,-15.3,-999,-11.2
87880.5,42.8,-15.3,-999,-11.3
87890.5,42.9,-15.3,-999,-11.2
87900.5,42.8,-15.2,-999,-11.2
87910.6,42.9,-15.2,-999,-11.1
87920.6,43,-15.2,-999,-11
87930.6,43,-15.2,-999,-11
87940.7,43,-15.1,-999,-11
87950.7,43.1,-15.1,-999,-10.9
87960.7,43.1,-15,-999,-10.9
87970.7,43.2,-15,-999,-10.9
87980.7,43.2,-14.9,-999,-10.8
87990.8,43.2,-14.9,-999,-10.8
88000.8,43.2,-14.9,-999,-10.8
88010.8,43.5,-14.9,-999,-10.6
88020.8,43.3,-14.8,-999,-10.6
88030.9,43.5,-14.9,-999,-10.6
88040.9,43.5,-14.8,-999,-10.6
88050.9,43.5,-14.7,-999,-10.5
88060.9,43.5,-14.7,-999,-10.4
88071,43.6,-14.7,-999,-10.3
88081,43.6,-14.6,-999,-10.3
88091,43.6,-14.6,-999,-10.3
88101,43.7,-14.6,-999,-10.2
88111,43.7,-14.6,-999,-10.2
88121.1,43.8,-14.5,-999,-10.2
88131.1,43.9,-14.4,-999,-10.1
88141.1,43.8,-14.4,-999,-10
88151.1,43.9,-14.4,-999,-9.9
88161.1,43.9,-14.4,-999,-10
88171.2,43.9,-14.3,-999,-9.9
88181.2,43.9,-14.3,-999,-9.8
88191.2,43.9,-14.2,-999,-9.8
88201.3,44,-14.2,-999,-9.7
88211.3,44,-14.2,-999,-9.5
88221.3,44,-14.2,-999,-9.6
88231.3,44.1,-14.1,-999,-9.5
88241.3,44.1,-14.1,-999,-9.4
88251.4,44.2,-14.1,-999,-9.4
88261.4,44.1,-13.9,-999,-9.3
88271.4,44.2,-13.9,-999,-9.3
88281.4,44.2,-13.9,-999,-9.2
88291.4,44.3,-13.8,-999,-9.2
88301.4,44.3,-13.8,-999,-8.9
88311.5,44.3,-13.8,-999,-8.7
88321.5,44.3,-13.8,-999,-8.8
88331.5,44.4,-13.7,-999,-8.7
88341.5,44.4,-13.6,-999,-8.7
88351.6,44.5,-13.6,-999,-8.6
88361.6,44.5,-13.5,-999,-8.5
88371.6,44.5,-13.5,-999,-8.5
88381.6,44.5,-13.5,-999,-8.4
88391.7,44.6,-13.4,-999,-8.2
88401.7,44.5,-13.4,-999,-8.3
88411.7,44.6,-13.3,-999,-8.2
88421.7,44.6,-13.3,-999,-8.1
88431.8,44.6,-13.2,-999,-8
88441.8,44.7,-13.2,-999,-8
88451.8,44.7,-13.1,-999,-7.9
88461.9,44.7,-13.2,-999,-7.9
88471.9,44.8,-13.1,-999,-7.7
88481.9,44.8,-13,-999,-7.7
88492,44.8,-12.9,-999,-7.7
88502,44.8,-12.9,-999,-7.6
88512,44.9,-12.9,-999,-7.5
88522,44.9,-12.8,-999,-7.4
88532,44.9,-12.8,-999,-7.4
88542.1,45,-12.7,-999,-7.4
88552.1,45,-12.7,-999,-7.3
88562.1,45,-12.6,-999,-7.1
88572.1,45,-12.6,-999,-7
88582.2,45,-12.5,-999,-7
88592.2,45.1,-12.5,-999,-6.9
88602.2,45,-12.4,-999,-6.9
88612.2,45.1,-12.4,-999,-6.8
88622.3,45.1,-12.1,-999,-6.7
88632.3,45.2,-12,-999,-6.6
88642.3,45.2,-12.3,-999,-6.5
88652.3,45.2,-12.2,-999,-6.3
88662.4,45.2,-11.9,-999,-6.4
88672.4,45.3,-11.9,-999,-6.2
88682.4,45.3,-11.8,-999,-6.1
88692.4,45.3,-11.8,-999,-6.1
88702.5,45.3,-11.7,-999,-6
88712.5,45.4,-11.6,-999,-5.8
88722.5,45.4,-11.5,-999,-5.7
88732.6,45.4,-11.5,-999,-5.7
88742.6,45.4,-11.4,-999,-5.6
88752.6,45.4,-11.4,-999,-5.5
88762.6,45.4,-11.3,-999,-5.4
88772.6,45.4,-11.2,-999,-5.2
88782.7,45.4,-11.1,-999,-5.2
88792.7,45.5,-11,-999,-4.8
88802.7,45.5,-11,-999,-5
88812.7,45.5,-11,-999,-4.6
88822.8,45.6,-10.9,-999,-4.6
88832.8,45.6,-10.9,-999,-4.4
88842.8,45.6,-10.8,-999,-4.3
88852.8,45.6,-10.7,-999,-4.2
88862.9,45.6,-10.6,-999,-4.1
88872.9,45.6,-10.4,-999,-3.9
88882.9,45.6,-10.4,-999,-3.9
88892.9,45.7,-10.3,-999,-3.8
88902.9,45.7,-10.3,-999,-3.6
88912.9,45.7,-10.1,-999,-3.6
88922.9,45.8,-10,-999,-3.3
88933,45.8,-10,-999,-3.3
88943,45.8,-9.9,-999,-3.2
88953,45.8,-9.8,-999,-3
88963,45.8,-9.8,-999,-2.9
88973,45.8,-9.7,-999,-2.8
88983.1,45.8,-9.6,-999,-2.7
88993.1,45.9,-9.5,-999,-2.5
89003.1,45.9,-9.4,-999,-2.5
89013.1,45.9,-9.3,-999,-2.2
89023.1,45.9,-9.2,-999,-2.2
89033.2,45.9,-9.2,-999,-2
89043.2,45.9,-9,-999,-1.9
89053.2,45.9,-8.9,-999,-1.7
89063.3,45.9,-8.8,-999,-1.6
89073.3,45.9,-8.7,-999,-1.3
89083.3,45.9,-8.6,-999,-1.3
89093.3,45.9,-8.5,-999,-1.2
89103.3,46,-8.5,-999,-0.9
89113.3,45.9,-8.4,-999,-0.9
89123.4,46,-8.2,-999,-0.4
89133.4,46,-8.1,-999,-0.4
89143.4,46,-8,-999,-0.1
89153.4,46,-7.7,-999,0
89163.4,46,-7.7,-999,0.1
89173.4,46.1,-7.6,-999,0.5
89183.5,46,-7.5,-999,0.4
89193.5,46,-7.3,-999,0.7
89203.5,46,-7.2,-999,1
89213.5,46.1,-7.1,-999,1.3
89223.5,46,-7,-999,1.6
89233.5,46.1,-6.9,-999,2.1
89243.6,46.1,-6.7,-999,2.3
89253.6,46.1,-6.6,-999,2.5
89263.6,46.1,-6.4,-999,2.9
89273.6,46.1,-6.4,-999,3.2
89283.7,46.1,-6.2,-999,3.4
89293.7,46.1,-6.1,-999,4.1
89303.7,46.1,-5.9,-999,4.4
89313.7,46.2,-5.8,-999,5
89323.7,46.2,-5.7,-999,5.5
89333.8,46.2,-5.5,-999,6.1
89343.8,46.2,-5.3,-999,6.8
89353.8,46.2,-5.2,-999,8
89363.9,46.3,-5.1,-999,9.3
89373.9,46.3,-4.9,-999,10.3
89383.9,46.3,-4.8,-999,11.4
89393.9,46.3,-4.6,-999,12.7
89404,46.3,-4.4,-999,14.1
89414,46.3,-4.3,-999,15.6
89424,46.3,-4.1,-999,17.5
89434,46.3,-3.9,-999,18.9
89444.1,46.4,-3.5,-999,20.8
89454.1,46.3,-3.3,-999,22.4
89464.1,46.3,-3.2,-999,23.8
89474.2,46.3,-3,-999,25.8
89484.2,46.3,-2.8,-999,27.6
89494.2,46.4,-2.7,-999,29.6
89504.2,46.5,-2.5,-999,30.8
89514.3,46.4,-2.3,-999,31.9
89524.3,46.4,-2.1,-999,33.2
89534.3,46.4,-1.9,-999,34.2
89544.3,46.5,-1.7,-999,34.9
89554.3,46.4,-1.5,-999,35.4
89564.4,46.5,-1.3,-999,36
89574.4,46.4,-1.2,-999,36.7
89584.4,46.5,-1,-999,37.2
89594.5,46.5,-0.8,-999,37.8
89604.5,46.5,-0.7,-999,38
89614.5,46.5,-0.6,-999,38.5
89624.5,46.5,-0.5,-999,38.7
89634.5,46.5,-0.4,-999,39.1
89644.6,46.5,-0.3,-999,39.4
89654.6,46.5,-0.1,-999,39.6
89664.6,46.5,0,-999,39.9
89674.6,46.5,0.1,-999,40.4
89684.6,46.5,0.1,-999,40.6
89694.7,46.6,0.6,-999,40.8
89704.7,46.6,0.7,-999,41
89714.8,46.6,0.9,-999,41.2
89724.8,46.6,1.1,-999,41.3
89734.8,46.7,1.5,-999,41.6
89744.9,46.7,2.1,-999,41.7
89754.9,46.7,2.8,-999,41.9
89764.9,46.7,3.4,-999,42
89775,46.7,4,-999,42.1
89785,46.7,4.8,-999,42.3
89795,46.7,5.4,-999,42.4
89805,46.7,5.9,-999,42.5
89815,46.7,6.5,-999,42.6
89825,46.7,7.2,-999,42.7
89835.1,46.7,7.7,-999,42.8
89845.1,46.8,8.4,-999,43
89855.1,46.7,9.2,-999,43.1
89865.2,46.8,9.8,-999,43.2
89875.2,46.8,10.4,-999,43.2
89885.2,46.8,11.1,-999,43.3
89895.2,46.9,11.7,-999,43.4
89905.3,46.9,12.3,-999,43.5
89915.3,46.8,13.1,-999,43.6
89925.3,46.9,13.7,-999,43.7
89935.3,46.9,14.3,-999,43.7
89945.3,46.9,14.8,-999,43.8
89955.4,46.9,15.5,-999,43.9
89965.4,46.9,16.2,-999,43.9
89975.4,47,17.2,-999,44
89985.4,47,18.1,-999,44.2
89995.4,47,19,-999,44.3
90005.5,47,19.7,-999,44.4
90015.5,47,20.5,-999,44.4
90025.5,47,21.6,-999,44.5
90035.5,47,22.2,-999,44.6
90045.5,47.1,23.3,-999,44.7
90055.5,47.2,24.1,-999,44.6
90065.5,47.1,25.4,-999,44.8
90075.6,47.1,26.1,-999,44.7
90085.6,47.1,27.2,-999,44.8
90095.6,47.2,28.3,-999,44.9
90105.6,47.1,29.5,-999,44.9
90115.7,47.4,30.7,-999,44.9
90125.7,47.2,31.6,-999,45
90135.7,47.2,32.5,-999,45
90145.7,47.4,33.4,-999,45
90155.8,47.4,34.1,-999,45.1
90165.8,47.4,34.8,-999,45.2
90175.8,47.2,35.5,-999,45.2
90185.8,47.2,36.1,-999,45.2
90195.9,47.3,36.6,-999,45.3
90205.9,47.5,37.2,-999,45.3
90215.9,47.2,37.8,-999,45.4
90225.9,47.5,38.4,-999,45.4
90235.9,47.3,38.8,-999,45.4
90246,47.5,39.4,-999,45.4
90256,47.3,39.8,-999,45.5
90266,47.5,40.3,-999,45.6
90276,47.6,40.7,-999,45.6
90286.1,47.6,41.1,-999,45.6
90296.1,47.6,41.6,-999,45.7
90306.1,47.6,42.2,-999,45.6
90316.1,47.5,42.7,-999,45.7
90326.2,47.6,43.2,-999,45.7
90336.2,47.6,43.5,-999,45.8
90346.2,47.6,43.9,-999,45.7
90356.2,47.6,44.2,-999,45.8
90366.2,47.6,44.5,-999,45.8
90376.2,47.6,44.8,-999,45.8
90386.3,47.6,45.2,-999,45.9
90396.3,47.6,45.4,-999,45.9
90406.3,47.6,45.6,-999,45.9
90416.3,47.7,45.9,-999,45.9
90426.4,47.7,46,-999,45.9
90436.4,47.7,46.2,-999,46
90446.4,47.7,46.5,-999,46
90456.4,47.7,46.6,-999,46
90466.5,47.8,46.7,-999,46
90476.5,47.8,46.9,-999,46.1
90486.5,47.8,47,-999,46.1
90496.5,47.8,47.2,-999,46.1
90506.6,47.8,47.4,-999,46.1
90516.6,47.8,47.6,-999,46.2
90526.6,47.8,47.7,-999,46.2
90536.6,47.8,47.8,-999,46.2
90546.7,47.8,47.9,-999,46.2
90556.7,47.8,48.1,-999,46.2
90566.7,47.9,48.2,-999,46.2
90576.7,47.9,48.3,-999,46.2
90586.7,47.9,48.4,-999,46.3
90596.7,47.9,48.6,-999,46.4
90606.8,47.9,48.7,-999,46.4
90616.8,47.9,49,-999,46.4
90626.8,47.9,48.9,-999,46.3
90636.8,47.9,49.1,-999,46.5
90646.8,48,49.2,-999,46.4
90656.9,48,49.4,-999,46.5
90666.9,48,49.5,-999,46.5
90676.9,48,49.6,-999,46.5
90686.9,48,49.7,-999,46.6
90696.9,48,49.8,-999,46.6
90707,48,49.9,-999,46.6
90717,48,50,-999,46.6
90727,48,50.1,-999,46.6
90737,48,50.2,-999,46.6
90747.1,48,50.3,-999,46.6
90757.1,48,50.3,-999,46.6
90767.1,48.1,50.5,-999,46.8
90777.1,48.1,50.6,-999,46.8
90787.1,48.1,50.6,-999,46.8
90797.2,48.1,50.7,-999,46.7
90807.2,48.1,50.9,-999,46.8
90817.2,48.1,50.9,-999,46.9
90827.3,48.1,51.1,-999,46.9
90837.3,48.1,51.1,-999,46.9
90847.3,48.1,51.2,-999,46.9
90857.3,48.1,51.3,-999,46.9
90867.3,48.1,51.4,-999,46.9
90877.4,48.2,51.5,-999,47
90887.4,48.2,51.5,-999,46.9
90897.4,48.1,51.6,-999,46.9
90907.4,48.1,51.7,-999,47
90917.5,48.1,51.8,-999,47
90927.5,48.2,51.9,-999,47
90937.5,48.2,52,-999,47.1
90947.5,48.2,52,-999,47.1
90957.6,48.2,52.1,-999,47.1
90967.6,48.2,52.2,-999,47.1
90977.6,48.2,52.2,-999,47.1
90987.6,48.2,52.4,-999,47.2
90997.7,48.3,52.5,-999,47.2
91007.7,48.2,52.6,-999,47.2
91017.7,48.2,52.6,-999,47.3
91027.7,48.3,52.9,-999,47.3
91037.7,48.3,52.8,-999,47.3
91047.8,48.3,53.1,-999,47.3
91057.8,48.4,53.1,-999,47.4
91067.8,48.3,53.3,-999,47.3
91077.8,48.3,53.3,-999,47.4
91087.8,48.3,53.4,-999,47.4
91097.9,48.3,53.5,-999,47.4
91107.9,48.3,53.5,-999,47.4
91117.9,48.3,53.7,-999,47.4
91128,48.3,53.7,-999,47.4
91138,48.4,53.8,-999,47.5
91148,48.4,53.9,-999,47.5
91158.1,48.4,53.9,-999,47.5
91168.1,48.4,54.1,-999,47.6
91178.1,48.5,54,-999,47.6
91188.1,48.4,54.2,-999,47.5
91198.2,48.4,54.2,-999,47.6
91208.2,48.4,54.3,-999,47.8
91218.2,48.4,54.4,-999,47.6
91228.2,48.5,54.4,-999,47.6
91238.3,48.4,54.6,-999,47.8
91248.3,48.4,54.6,-999,47.7
91258.3,48.5,54.6,-999,47.8
91268.3,48.5,54.7,-999,47.8
91278.4,48.4,54.8,-999,47.9
91288.4,48.5,54.8,-999,47.8
91298.5,48.5,54.9,-999,47.8
91308.5,48.5,55,-999,47.8
91318.5,48.5,55.1,-999,47.8
91328.5,48.5,55.1,-999,47.9
91338.5,48.5,55.2,-999,47.9
91348.6,48.5,55.2,-999,48
91358.6,48.5,55.3,-999,48
91368.6,48.5,55.4,-999,48
91378.6,48.6,55.5,-999,48
91388.6,48.5,55.6,-999,48.1
91398.7,48.6,55.5,-999,48.2
91408.7,48.6,55.7,-999,48
91418.7,48.6,55.8,-999,48.2
91428.8,48.5,55.8,-999,48.3
91438.8,48.6,55.9,-999,48.3
91448.8,48.6,55.9,-999,48.1
91458.8,48.6,56,-999,48.3
91468.8,48.6,56,-999,48.4
91478.9,48.6,56.1,-999,48.4
91488.9,48.6,56.2,-999,48.3
91498.9,48.6,56.2,-999,48.4
91508.9,48.6,56.3,-999,48.5
91519,48.6,56.4,-999,48.4
91529,48.6,56.4,-999,48.5
91539,48.7,56.4,-999,48.5
91549,48.7,56.5,-999,48.6
91559.1,48.7,56.5,-999,48.5
91569.1,48.7,56.6,-999,48.5
91579.1,48.7,56.8,-999,48.5
91589.1,48.7,56.7,-999,48.5
91599.1,48.7,57,-999,48.7
91609.2,48.7,57,-999,48.6
91619.2,48.7,57,-999,48.6
91629.2,48.7,57.2,-999,48.7
91639.3,48.7,57,-999,48.7
91649.3,48.7,57.2,-999,48.7
91659.3,48.8,57.3,-999,48.8
91669.3,48.7,57.3,-999,48.7
91679.4,48.8,57.3,-999,48.8
91689.4,48.7,57.4,-999,48.8
91699.4,48.8,57.5,-999,48.8
91709.4,48.7,57.5,-999,48.7
91719.5,48.8,57.6,-999,48.8
91729.5,48.8,57.6,-999,48.8
91739.5,48.8,57.7,-999,48.8
91749.5,48.8,57.8,-999,48.9
91759.6,48.8,57.8,-999,48.9
91769.6,48.8,57.8,-999,48.9
91779.6,48.8,57.9,-999,48.9
91789.7,48.8,58,-999,48.9
91799.7,48.8,58,-999,48.9
91809.7,48.8,58,-999,49
91819.7,48.9,58.1,-999,49.1
91829.7,48.8,58.1,-999,49
91839.8,48.8,58.3,-999,49
91849.8,48.8,58.2,-999,49
91859.8,48.8,58.3,-999,49
91869.9,48.9,58.3,-999,49.1
91879.9,48.8,58.4,-999,49.1
91889.9,48.8,58.4,-999,49.2
91899.9,48.9,58.5,-999,49.2
91910,48.9,58.6,-999,49.2
91920,48.9,58.6,-999,49.2
91930,48.9,58.7,-999,49.2
91940.1,48.9,58.8,-999,49.2
91950.1,48.9,58.7,-999,49.2
91960.1,48.8,58.8,-999,49.3
91970.1,48.9,58.8,-999,49.3
91980.2,48.8,58.8,-999,49.2
91990.2,48.7,58.7,-999,49.1
92000.2,48,58.4,-999,48.8
92010.3,47.2,58.2,-999,48.5
92020.3,46.5,58,-999,47.9
92030.3,45.8,57.6,-999,47.5
92043.7,45.2,57.4,-999,47.2
92053.8,44.3,57,-999,46.6
92063.8,43.7,56.6,-999,46.3
92073.9,42.8,56.2,-999,45.7
92083.9,42.3,55.9,-999,45.4
92094.1,41.6,55.6,-999,44.9
92104.1,41,55.4,-999,44.5
92114.2,40.4,55,-999,43.9
92124.3,39.8,54.8,-999,43.4
92134.6,39.4,54.5,-999,43
92144.9,38.6,54.2,-999,42.6
92155.1,38.2,54,-999,42.3
92165.2,37.6,53.7,-999,41.9
92175.2,37.2,53.4,-999,41.5
92185.4,36.8,53.2,-999,41.3
92195.6,36.2,52.8,-999,40.8
92205.8,35.8,52.5,-999,40.4
92216,35.2,52.2,-999,39.8
92226,34.9,51.9,-999,39.5
92236.1,34.5,51.8,-999,39.4
92246.5,34.1,51.5,-999,38.9
92256.5,33.8,51.3,-999,38.6
92266.6,33.4,51.1,-999,38.2
92276.6,33,50.7,-999,38
92286.6,32.7,50.4,-999,37.6
92296.7,32.4,50.2,-999,37.3
92306.7,32.2,50,-999,37
92316.7,31.8,49.7,-999,36.6
92326.8,31.6,49.4,-999,36.2
92336.8,31.1,49,-999,35.9
92346.8,30.8,48.7,-999,35.7
92356.8,30.5,48.3,-999,35.4
92366.8,30.3,48.1,-999,35.1
92376.9,30.1,48,-999,35
92386.9,29.8,47.6,-999,34.6
92396.9,29.6,47.4,-999,34.4
92406.9,29.3,47.1,-999,34.1
92416.9,29.1,46.8,-999,33.8
92426.9,28.9,46.6,-999,33.6
92436.9,28.7,46.4,-999,33.3
92447,28.5,46.1,-999,33.2
92457,28.3,45.8,-999,32.9
92467,28.1,45.6,-999,32.7
92477,27.9,45.3,-999,32.5
92487,27.8,44.8,-999,32.1
92497.1,27.5,44.6,-999,31.8
92507.1,27.2,44.4,-999,31.8
92517.1,27,44.1,-999,31.4
92527.2,26.8,43.9,-999,31.4
92537.2,26.7,43.6,-999,31
92547.2,26.5,43.5,-999,30.9
92557.2,26.4,43.1,-999,30.7
92567.2,26.2,42.8,-999,30.5
92577.3,26.1,42.7,-999,30.3
92587.3,25.9,42.4,-999,30.1
92597.3,25.8,42.2,-999,29.9
92607.3,25.5,42,-999,29.9
92617.3,25.4,41.8,-999,29.6
92627.4,25.3,41.6,-999,29.6
92637.4,25.2,41.3,-999,29.3
92647.4,25.1,40.9,-999,29.1
92657.5,24.9,40.8,-999,29.1
92667.5,24.8,40.6,-999,28.8
92677.5,24.7,40.3,-999,28.7
92687.5,24.5,40.1,-999,28.5
92697.6,24.4,39.9,-999,28.2
92707.6,24.3,39.7,-999,28
92717.6,24.2,39.5,-999,28
92727.6,24.1,39.3,-999,27.7
92737.7,24,39.1,-999,27.6
92747.7,23.8,38.9,-999,27.6
92757.7,23.7,38.7,-999,27.3
92767.7,23.4,38.5,-999,27.3
92777.7,23.5,38.3,-999,27
92787.8,23.2,38.1,-999,26.9
92797.8,23.1,37.9,-999,26.8
92807.8,23,37.7,-999,26.7
92817.9,22.9,37.5,-999,26.6
92827.9,22.8,37.4,-999,26.5
92837.9,22.7,37,-999,26.3
92847.9,22.5,36.8,-999,26.2
92858,22.5,36.6,-999,26.1
92868,22.4,36.4,-999,25.9
92878,22.3,36.3,-999,25.8
92888.1,22.2,36.1,-999,25.7
92898.1,22.2,35.9,-999,25.7
92908.1,22,35.7,-999,25.4
92918.2,21.9,35.6,-999,25.3
92928.2,21.8,35.4,-999,25.2
92938.2,21.8,35.2,-999,25.2
92948.3,21.6,35.1,-999,25.2
92958.3,21.6,34.9,-999,24.9
92968.3,21.5,34.7,-999,24.8
92978.4,21.4,34.6,-999,24.7
92988.4,21.3,34.4,-999,24.6
92998.4,21.2,34.3,-999,24.6
93008.4,21.1,34.1,-999,24.5
93018.5,21.1,34,-999,24.1
93028.5,21,33.8,-999,24.1
93038.5,20.9,33.7,-999,24
93048.6,20.9,33.5,-999,23.8
93058.6,20.8,33.2,-999,23.8
93068.7,20.7,33,-999,23.7
93078.7,20.6,33.1,-999,23.7
93088.7,20.6,32.8,-999,23.5
93098.7,20.5,32.6,-999,23.6
93108.8,20.4,32.4,-999,23.3
93118.8,20.4,32.4,-999,23.4
93128.8,20.4,32.2,-999,23.2
93138.8,20.3,32.1,-999,23.1
93148.8,20.2,31.9,-999,22.9
93158.9,20.2,31.7,-999,22.9
93168.9,20.1,31.6,-999,22.7
93178.9,20,31.5,-999,22.7
93189,19.9,31.4,-999,22.6
93199,19.8,31.3,-999,22.7
93209,19.8,31.1,-999,22.5
93219.1,19.8,31,-999,22.4
93229.3,19.7,30.8,-999,22.3
93239.3,19.7,30.8,-999,22.2
93249.4,19.6,30.5,-999,22.2
93259.4,19.4,30.4,-999,22.1
93269.4,19.5,30.4,-999,22
93279.4,19.2,30.2,-999,21.9
93289.5,19.2,30.1,-999,21.9
93299.6,19.1,30,-999,21.8
93309.6,19,29.9,-999,21.9
93319.7,19.2,29.7,-999,21.7
93329.7,19,29.6,-999,21.5
93339.7,18.9,29.5,-999,21.5
93349.7,18.9,29.4,-999,21.5
93359.7,18.8,29.3,-999,21.4
93369.8,18.8,29.2,-999,21.3
93379.8,18.7,28.9,-999,21.2
93389.8,18.7,28.8,-999,21.3
93399.9,18.6,28.6,-999,21.1
93409.9,18.6,28.6,-999,21
93419.9,18.6,28.4,-999,21
93430,18.5,28.3,-999,20.9
93440,18.4,28.2,-999,20.9
93450,18.4,28.1,-999,20.8
93460.1,18.3,28,-999,20.7
93470.1,18.3,27.9,-999,20.7
93480.1,18.3,27.8,-999,20.8
93490.1,18.2,27.7,-999,20.5
93500.2,18.1,27.6,-999,20.6
93510.2,18.1,27.5,-999,20.4
93520.2,18.1,27.4,-999,20.3
93530.2,18.1,27.3,-999,20.1
93540.3,18,27.1,-999,20.3
93550.3,18,27.1,-999,20
93560.3,17.9,27,-999,19.9
93570.4,17.9,26.9,-999,19.9
93580.4,17.9,26.8,-999,19.8
93590.4,17.8,26.7,-999,19.8
93600.4,17.8,26.6,-999,19.8
93610.4,17.7,26.5,-999,19.6
93620.5,17.6,26.5,-999,19.8
93630.5,17.6,26.3,-999,19.6
93640.5,17.6,26.3,-999,19.5
93650.5,17.6,26.2,-999,19.4
93660.6,17.5,26,-999,19.3
93670.6,17.5,26,-999,19.3
93680.6,17.4,25.9,-999,19.3
93690.6,17.4,25.8,-999,19.4
93700.7,17.4,25.7,-999,19.2
93710.7,17.4,25.6,-999,19.1
93720.7,17.3,25.5,-999,19.1
93730.8,17.3,25.4,-999,19.1
93740.8,17.2,25.3,-999,19
93750.8,17.2,25.1,-999,18.9
93760.9,17.2,25.2,-999,18.9
93770.9,17.2,24.9,-999,18.9
93780.9,17.1,25.1,-999,18.9
93790.9,17.1,24.7,-999,18.8
93800.9,17,24.7,-999,18.7
93810.9,17,24.6,-999,18.6
93820.9,17,24.5,-999,18.6
93831,17,24.4,-999,18.6
93841,16.9,24.3,-999,18.6
93851,16.9,24.3,-999,18.7
93861.1,16.8,24.2,-999,18.5
93871.1,16.8,24,-999,18.4
93881.1,16.7,24,-999,18.5
93891.1,16.7,23.9,-999,18.4
93901.2,16.7,23.8,-999,18.3
93911.2,16.7,23.8,-999,18.2
93921.2,16.6,23.7,-999,18.4
93931.2,16.6,23.6,-999,18.2
93941.3,16.5,23.6,-999,18.3
93951.3,16.5,23.5,-999,18.1
93961.3,16.5,23.4,-999,18.1
93971.4,16.5,23.4,-999,18
93981.4,16.5,23.3,-999,18
93991.4,16.5,23.2,-999,17.9
94001.5,16.4,23.1,-999,18.1
94011.5,16.4,23.1,-999,17.8
94021.5,16.3,22.9,-999,17.9
94031.5,16.4,22.9,-999,17.9
94041.6,16.3,22.8,-999,17.8
94051.6,16.2,22.7,-999,17.9
94061.6,16.2,22.7,-999,17.8
94071.6,16.2,22.7,-999,17.7
94081.7,16.2,22.5,-999,17.7
94091.7,16.2,22.5,-999,17.6
94101.7,16.1,22.4,-999,17.7
94111.8,16.1,22.3,-999,17.5
94121.8,16.1,22.2,-999,17.5
94131.8,16,22.2,-999,17.6
94141.8,16,22.2,-999,17.4
94151.9,16,22.1,-999,17.5
94161.9,16,22,-999,17.4
94171.9,16,22,-999,17.5
94181.9,15.9,21.9,-999,17.3
94191.9,15.9,21.8,-999,17.2
94202,15.9,21.8,-999,17.2
94212,15.8,21.7,-999,17.2
94222,15.8,21.6,-999,17.3
94232,15.8,21.6,-999,17.1
94242.1,15.8,21.5,-999,17.1
94252.1,15.7,21.6,-999,17.2
94262.1,15.8,21.4,-999,17
94272.1,15.7,21.3,-999,17
94282.1,15.7,21.3,-999,17
94292.2,15.7,21.1,-999,16.9
94302.2,15.7,21.2,-999,16.9
94312.2,15.6,21,-999,17
94322.2,15.6,20.9,-999,16.8
94332.2,15.6,20.9,-999,17
94342.3,15.6,20.8,-999,16.7
94352.3,15.5,20.7,-999,16.8
94362.3,15.5,20.7,-999,16.8
94372.3,15.5,20.6,-999,16.7
94382.3,15.5,20.5,-999,16.8
94392.4,15.4,20.5,-999,16.8
94402.4,15.5,20.4,-999,16.6
94412.4,15.4,20.4,-999,16.8
94422.5,15.4,20.3,-999,16.5
94432.5,15.4,20.3,-999,16.5
94442.5,15.3,20.2,-999,16.5
94452.5,15.1,20.2,-999,16.5
94462.5,15.1,20.1,-999,16.5
94472.6,15.3,20,-999,16.4
94482.6,15.3,20,-999,16.5
94492.6,15.1,20,-999,16.3
94502.7,15.3,19.9,-999,16.3
94512.7,15.2,19.9,-999,16.3
94522.7,15,19.8,-999,16.1
94532.7,14.9,19.8,-999,16.4
94542.7,14.9,19.8,-999,16.4
94552.8,14.9,19.6,-999,16.1
94562.8,14.8,19.6,-999,16.3
94572.8,14.9,19.5,-999,16
94582.9,14.9,19.5,-999,15.9
94592.9,14.8,19.4,-999,15.9
94602.9,14.8,19.4,-999,16.1
94612.9,14.7,19.3,-999,16.2
94623,14.8,19.3,-999,16
94633,14.7,19.3,-999,15.8
94643,14.8,19.1,-999,15.8
94653,14.8,19.2,-999,15.8
94663.1,14.7,19.1,-999,16.1
94673.1,14.7,19.1,-999,15.7
94683.1,14.7,19.1,-999,15.8
94693.1,14.7,19,-999,15.7
94703.2,14.7,18.9,-999,15.6
94713.2,14.7,18.9,-999,15.6
94723.2,14.6,18.9,-999,15.7
94733.2,14.6,18.8,-999,15.5
94743.3,14.6,18.8,-999,15.6
94753.3,14.6,18.8,-999,15.6
94763.3,14.5,18.6,-999,15.5
94773.3,14.5,18.6,-999,15.5
94783.4,14.5,18.6,-999,15.5
94793.4,14.5,18.5,-999,15.4
94803.4,14.4,18.5,-999,15.4
94813.5,14.4,18.4,-999,15.3
94823.5,14.4,18.4,-999,15.5
94833.5,14.4,18.3,-999,15.3
94843.5,14.4,18.4,-999,15.4
94853.5,14.3,18.3,-999,15.4
94863.6,14.4,18.2,-999,15.2
94873.6,14.4,18.2,-999,15.2
94883.6,14.3,18.2,-999,15.2
94893.7,14.3,18.1,-999,15.3
94903.7,14.3,18.1,-999,15.2
94913.7,14.2,18.2,-999,15.3
94923.7,14.3,18.1,-999,15.1
94933.8,14.3,18,-999,15.1
94943.8,14.3,18,-999,15.1
94953.8,14.2,18,-999,15.1
94963.8,14.2,18,-999,15
94973.9,14.2,17.9,-999,15.1
94983.9,14.1,17.8,-999,15
94993.9,14.2,17.9,-999,15.1
95003.9,14.1,17.8,-999,14.9
95013.9,14.1,17.7,-999,15
95024,14.1,17.8,-999,14.9
95034,14.1,17.7,-999,15.1
95044.1,14.1,17.7,-999,14.9
95054.1,14.1,17.7,-999,15
95064.1,14.1,17.7,-999,14.8
95074.1,14,17.6,-999,14.9
95084.1,14,17.6,-999,14.8
95094.1,14,17.6,-999,14.8
95104.2,14,17.5,-999,14.8
95114.2,14,17.5,-999,14.7
95124.2,14,17.5,-999,14.7
95134.2,14,17.5,-999,14.7
95144.3,14,17.5,-999,14.9
95154.3,13.9,17.5,-999,14.7
95164.3,13.9,17.4,-999,14.7
95174.3,13.9,17.5,-999,14.7
95184.4,13.8,17.4,-999,14.6
95194.4,13.8,17.4,-999,14.7
95204.4,13.8,17.3,-999,14.6
95214.4,13.8,17.3,-999,14.6
95224.4,13.8,17.3,-999,14.5
95234.5,13.8,17.3,-999,14.5
95244.5,13.8,17,-999,14.6
95254.5,13.8,17.2,-999,14.5
95264.5,13.8,17.1,-999,14.5
95274.6,13.8,17.1,-999,14.6
95284.6,13.7,17.1,-999,14.4
95294.6,13.7,17.1,-999,14.6
95304.6,13.8,16.8,-999,14.4
95314.6,13.7,16.8,-999,14.4
95324.7,13.7,16.8,-999,14.4
95334.7,13.6,17,-999,14.4
95344.7,13.6,16.7,-999,14.4
95354.7,13.6,16.9,-999,14.4
95364.8,13.6,16.8,-999,14.4
95374.8,13.6,16.6,-999,14.3
95384.8,13.6,16.8,-999,14.3
95394.9,13.6,16.6,-999,14.3
95404.9,13.5,16.6,-999,14.2
95414.9,13.5,16.5,-999,14.3
95424.9,13.5,16.6,-999,14.4
95434.9,13.5,16.5,-999,14.2
95445,13.5,16.5,-999,14.3
95455,13.5,16.4,-999,14.2
95465,13.5,16.5,-999,14.2
95475,13.5,16.4,-999,14.2
95485,13.4,16.3,-999,14.1
95495.1,13.5,16.3,-999,14.1
95505.1,13.5,16.3,-999,14.1
95515.2,13.4,16.3,-999,14.2
95525.2,13.4,16.2,-999,14.2
95535.2,13.4,16.2,-999,14.1
95545.2,13.3,16.2,-999,14
95555.2,13.4,16.2,-999,14.2
95565.3,13.3,16.2,-999,14
95575.3,13.3,16.1,-999,14.2
95585.3,13.4,16.1,-999,13.9
95595.4,13.3,16.1,-999,14.1
95605.4,13.3,16.1,-999,14
95615.4,13.3,16,-999,13.9
95625.4,13.3,16.1,-999,13.9
95635.5,13.3,16,-999,13.9
95645.5,13.3,15.9,-999,13.9
95655.5,13.3,15.9,-999,13.9
95665.6,13.3,15.9,-999,13.9
95675.6,13.2,15.8,-999,13.9
95685.6,13.2,15.8,-999,13.8
95695.6,13.2,15.8,-999,13.9
95705.7,13.2,15.8,-999,13.9
95715.7,13.2,15.7,-999,13.8
95725.7,13.2,15.8,-999,13.9
95735.7,13.2,15.7,-999,13.7
95745.8,13.1,15.7,-999,13.9
95755.8,13.1,15.7,-999,13.7
95765.8,13.1,15.7,-999,13.9
95775.8,13.1,15.6,-999,13.7
95785.9,13.1,15.6,-999,13.7
95795.9,13.1,15.5,-999,13.7
95805.9,13.1,15.5,-999,13.7
95815.9,13.1,15.6,-999,13.7
95825.9,13.1,15.5,-999,13.7
95836,13.1,15.5,-999,13.8
95846,13,15.5,-999,13.6
95856,13,15.5,-999,13.8
95866,13.1,15.4,-999,13.6
95876,13,15.4,-999,13.6
95886,13,15.3,-999,13.6
95896.1,13,15.4,-999,13.5
95906.1,13,15.3,-999,13.6
95916.1,13.1,15.3,-999,13.5
95926.2,13,15.3,-999,13.5
95936.2,12.9,15.3,-999,13.7
95946.2,13,15.3,-999,13.5
95956.2,12.9,15.3,-999,13.7
95966.3,12.9,15.2,-999,13.5
95976.3,13,15.2,-999,13.5
95986.3,12.9,15.2,-999,13.5
95996.3,12.9,15.2,-999,13.4
96006.4,12.9,15.1,-999,13.4
96016.4,12.9,15.1,-999,13.4
96026.4,12.9,15,-999,13.4
96036.4,12.9,15,-999,13.4
96046.5,12.9,15,-999,13.4
96056.5,12.8,15,-999,13.3
96066.5,12.8,15,-999,13.4
96076.5,12.8,15,-999,13.3
96086.5,12.8,15,-999,13.3
96096.6,12.8,14.9,-999,13.4
96106.6,12.8,15,-999,13.5
96116.6,12.7,15,-999,13.3
96126.7,12.8,14.8,-999,13.3
96136.7,12.8,14.8,-999,13.5
96146.7,12.8,14.8,-999,13.3
96156.7,12.8,14.8,-999,13.2
96166.7,12.7,14.8,-999,13.4
96176.8,12.8,14.7,-999,13.2
96186.8,12.7,14.8,-999,13.3
96196.8,12.8,14.7,-999,13.4
96206.8,12.7,14.7,-999,13.2
96216.9,12.7,14.7,-999,13.2
96226.9,12.7,14.7,-999,13.2
96236.9,12.8,14.6,-999,13.2
96246.9,12.7,14.6,-999,13.2
96257,12.6,14.6,-999,13.1
96267,12.7,14.6,-999,13.2
96277,12.7,14.6,-999,13.1
96287,12.6,14.6,-999,13.1
96297,12.7,14.6,-999,13.1
96307.1,12.6,14.5,-999,13.1
96317.1,12.6,14.5,-999,13.1
96327.1,12.6,14.5,-999,13
96337.2,12.6,14.4,-999,13.2
96347.2,12.6,14.4,-999,13.2
96357.2,12.6,14.4,-999,13.1
96367.3,12.6,14.4,-999,13
96377.3,12.6,14.4,-999,13
96387.3,12.5,14.4,-999,13
96397.3,12.6,14.4,-999,13
96407.4,12.5,14.4,-999,13
96417.4,12.5,14.3,-999,13
96427.4,12.6,14.3,-999,13
96437.4,12.6,14.3,-999,12.9
96447.4,12.5,14.3,-999,13
96457.5,12.5,14.3,-999,13
96467.5,12.5,14.3,-999,12.9
96477.5,12.5,14.2,-999,12.9
96487.5,12.5,14.2,-999,12.9
96497.5,12.5,14.2,-999,12.9
96507.5,12.5,14.2,-999,13
96517.6,12.4,14.1,-999,12.9
96527.6,12.4,14.1,-999,12.8
96537.6,12.4,14.1,-999,12.9
96547.7,12.5,14,-999,12.8
96557.7,12.4,14.1,-999,13
96567.7,12.4,14.1,-999,12.8
96577.7,12.4,14.1,-999,13
96587.8,12.4,14.1,-999,12.8
96597.8,12.4,14.1,-999,13
96607.8,12.4,14,-999,12.8
96617.8,12.4,14,-999,12.8
96627.9,12.4,14,-999,13
96637.9,12.3,14,-999,12.9
96647.9,12.4,13.9,-999,12.8
96657.9,12.3,13.9,-999,12.8
96668,12.3,14,-999,12.9
96678,12.3,13.9,-999,12.7
96688,12.3,13.9,-999,12.9
96698,12.3,13.9,-999,12.7
96708,12.3,13.9,-999,12.7
96718,12.3,13.9,-999,12.8
96728.1,12.3,13.9,-999,12.9
96738.1,12.3,13.9,-999,12.8
96748.1,12.3,13.9,-999,12.8
96758.1,12.3,13.9,-999,12.8
96768.2,12.3,13.9,-999,12.8
96778.2,12.3,13.8,-999,12.6
96788.2,12.2,13.8,-999,12.8
96798.2,12.2,13.8,-999,12.8
96808.2,12.2,13.7,-999,12.8
96818.3,12.2,13.7,-999,12.8
96828.3,12.2,13.7,-999,12.8
96838.3,12.2,13.7,-999,12.6
96848.3,12.2,13.7,-999,12.7
96858.3,12.2,13.7,-999,12.8
96868.4,12.2,13.6,-999,12.6
96878.4,12.2,13.7,-999,12.7
96888.4,12.2,13.6,-999,12.5
96898.5,12.2,13.6,-999,12.6
96908.6,12.2,13.6,-999,12.7
96918.6,12.2,13.6,-999,12.7
96928.7,12.2,13.6,-999,12.6
96938.7,12.2,13.6,-999,12.7
96948.7,12.1,13.5,-999,12.6
96958.7,12.1,13.5,-999,12.6
96968.8,12.2,13.5,-999,12.7
96978.8,12.1,13.5,-999,12.6
96988.8,12,13.5,-999,12.6
96998.8,12.1,13.5,-999,12.6
97008.9,12.1,13.5,-999,12.6
97018.9,12.1,13.5,-999,12.6
97028.9,12.1,13.5,-999,12.5
97038.9,12.1,13.4,-999,12.4
97049,12,13.5,-999,12.5
97059,12,13.5,-999,12.6
97069,12,13.4,-999,12.5
97079,12,13.4,-999,12.5
97089.1,12,13.4,-999,12.5
97099.1,12,13.4,-999,12.5
97109.1,12,13.4,-999,12.5
97119.1,11.9,13.4,-999,12.5
97129.2,12,13.3,-999,12.4
97139.2,12,13.4,-999,12.5
97149.2,12,13.3,-999,12.5
97159.2,11.9,13.3,-999,12.5
97169.3,12,13.3,-999,12.5
97179.3,12,13.3,-999,12.3
97189.3,12,13.3,-999,12.4
97199.3,11.9,13.3,-999,12.5
97209.4,11.9,13.3,-999,12.4
97219.4,12,13.3,-999,12.4
97229.4,11.9,13.2,-999,12.4
97239.5,11.9,13.2,-999,12.4
97249.5,11.9,13.2,-999,12.3
97259.5,11.9,13.2,-999,12.3
97269.5,11.9,13.2,-999,12.4
97279.5,11.9,13.1,-999,12.4
97289.6,12,13.1,-999,12.3
97299.6,11.9,13.2,-999,12.4
97309.6,11.9,13.2,-999,12.4
97319.7,11.9,13.1,-999,12.3
97329.7,11.9,13.1,-999,12.3
97339.7,11.9,13.1,-999,12.4
97349.7,11.9,13.1,-999,12.4
97359.7,11.9,13.1,-999,12.4
97369.8,11.9,13.1,-999,12.2
97379.8,11.9,13.1,-999,12.3
97389.8,11.9,13.1,-999,12.4
97399.9,11.9,13,-999,12.2
97409.9,11.8,12.9,-999,12.3
97419.9,11.8,13,-999,12.3
97430,11.8,13,-999,12.3
97440,11.8,13,-999,12
97450,11.8,13,-999,12.3
97460,11.8,12.8,-999,12.3
97470.1,11.8,12.8,-999,12.1
97480.1,11.8,12.8,-999,12.3
97490.1,11.8,12.8,-999,12.1
97500.1,11.8,13,-999,12.3
97510.2,11.8,12.7,-999,12.1
97520.2,11.8,13,-999,12.1
97530.3,11.8,12.7,-999,12.1
97540.3,11.8,12.8,-999,12.1
97550.3,11.8,12.9,-999,12.2
97560.4,11.8,12.6,-999,12.1
97570.4,11.8,12.6,-999,12.2
97580.4,11.8,12.7,-999,12.2
97590.5,11.7,12.7,-999,12.3
97600.5,11.7,12.9,-999,12.2
97610.5,11.7,12.6,-999,12.2
97620.6,11.7,12.7,-999,12.2
97630.6,11.7,12.6,-999,12.2
97640.6,11.7,12.6,-999,12.2
97650.6,11.7,12.6,-999,12.2
97660.6,11.7,12.6,-999,12.2
97670.7,11.7,12.6,-999,12.2
97680.7,11.7,12.6,-999,12.1
97690.7,11.7,12.6,-999,11.9
97700.7,11.7,12.6,-999,12
97710.7,11.7,12.5,-999,12
97720.8,11.7,12.5,-999,11.9
97730.8,11.7,12.5,-999,12
97740.8,11.7,12.6,-999,11.7
97750.9,11.6,12.5,-999,12
97760.9,11.7,12.5,-999,11.9
97770.9,11.6,12.5,-999,11.8
97780.9,11.6,12.5,-999,11.8
97790.9,11.7,12.5,-999,11.8
97800.9,11.6,12.5,-999,11.9
97811,11.6,12.4,-999,11.7
97821,11.7,12.4,-999,11.8
97831,11.6,12.4,-999,11.9
97841,11.6,12.5,-999,11.8
97851.1,11.6,12.4,-999,11.9
97861.1,11.5,12.4,-999,11.9
97871.1,11.6,12.4,-999,11.8
97881.2,11.6,12.4,-999,12
97891.2,11.6,12.3,-999,11.8
97901.2,11.6,12.4,-999,11.7
97911.2,11.5,12.4,-999,12
97921.3,11.6,12.3,-999,11.7
97931.3,11.6,12.4,-999,11.6
97941.3,11.5,12.3,-999,11.8
97951.3,11.6,12.4,-999,12
97961.4,11.5,12.3,-999,11.8
97971.4,11.5,12.3,-999,12
97981.4,11.6,12.3,-999,11.6
97991.4,11.5,12.3,-999,11.8
98001.5,11.5,12.3,-999,11.6
98011.5,11.5,12.4,-999,11.8
98021.5,11.5,12.3,-999,11.6
98031.5,11.5,12.3,-999,11.8
98041.6,11.5,12.2,-999,11.6
98051.6,11.5,12.3,-999,11.7
98061.6,11.5,12.4,-999,11.7
98071.6,11.5,12.3,-999,11.8
98081.7,11.5,12.2,-999,11.6
98091.7,11.5,12.3,-999,11.9
98101.7,11.6,12.2,-999,11.6
98111.7,11.5,12.3,-999,11.8
98121.8,11.5,12.3,-999,11.7
98131.8,11.5,12.2,-999,11.5
98141.8,11.5,12.2,-999,11.7
98151.8,11.5,12.2,-999,11.7
98161.9,11.5,12.2,-999,11.7
98171.9,11.5,12.2,-999,11.7
98181.9,11.5,12.2,-999,11.6
98191.9,11.5,12.2,-999,11.6
98201.9,11.5,12.1,-999,11.5
98212,11.5,12.2,-999,11.7
98222,11.5,12.1,-999,11.5
98232,11.5,12.1,-999,11.5
98242,11.5,12.1,-999,11.4
98252.1,11.5,12.1,-999,11.5
98262.1,11.4,12.1,-999,11.5
98272.1,11.4,12.2,-999,11.6
98282.1,11.4,12.1,-999,11.6
98292.1,11.4,12.1,-999,11.5
98302.2,11.4,12.1,-999,11.5
98312.2,11.4,12,-999,11.4
98322.2,11.4,12.1,-999,11.5
98332.3,11.4,12.1,-999,11.6
98342.3,11.4,12.1,-999,11.6
98352.3,11.4,12.1,-999,11.6
98362.4,11.4,12.1,-999,11.6
98372.4,11.4,12,-999,11.4
98382.4,11.4,12,-999,11.4
98392.5,11.3,12,-999,11.6
98402.5,11.4,12,-999,11.5
98412.5,11.4,12,-999,11.5
98422.5,11.3,12,-999,11.4
98432.6,11.3,12,-999,11.5
98442.6,11.4,12,-999,11.6
98452.6,11.3,12,-999,11.6
98462.6,11.3,12,-999,11.4
98472.6,11.4,12,-999,11.4
98482.7,11.3,12,-999,11.5
98492.7,11.3,12,-999,11.5
98502.7,11.3,12,-999,11.6
98512.7,11.3,11.9,-999,11.3
98522.8,11.3,12,-999,11.5
98532.8,11.4,11.9,-999,11.4
98542.9,11.3,11.9,-999,11.3
98552.9,11.3,11.9,-999,11.3
98562.9,11.4,11.9,-999,11.3
98573,11.3,11.9,-999,11.5
98583,11.1,11.9,-999,11.5
98593,11.3,11.9,-999,11.5
98603,11.3,11.9,-999,11.5
98613,11.3,11.9,-999,11.5
98623,11.2,11.9,-999,11.4
98633.1,11.3,11.9,-999,11.3
98643.1,11.3,11.9,-999,11.3
98653.1,11.3,11.9,-999,11.5
98663.1,11.2,11.9,-999,11.3
98673.1,11.3,11.9,-999,11.3
98683.2,11.2,11.8,-999,11.4
98693.2,11.2,11.9,-999,11.3
98703.2,11.2,11.9,-999,11.3
98713.2,11.3,11.8,-999,11.2
98723.3,11.2,11.8,-999,11.4
98733.3,11.2,11.8,-999,11.2
98743.3,11.2,11.8,-999,11.3
98753.3,11.3,11.9,-999,11.3
98763.3,11,11.8,-999,11.4
98773.4,11.2,11.7,-999,11.3
98783.4,11.2,11.7,-999,11.3
98793.4,11,11.8,-999,11.4
98803.4,11.3,11.8,-999,11.2
98813.5,11.2,11.8,-999,11.4
98823.5,11,11.8,-999,11.4
98833.5,11.2,11.8,-999,11.2
98843.5,11.2,11.8,-999,11.2
98853.5,11.2,11.8,-999,11.4
98863.6,11.2,11.8,-999,11.2
98873.6,11.2,11.7,-999,11.3
98883.6,11.2,11.7,-999,11.2
98893.6,11.2,11.7,-999,11.2
98903.6,11.2,11.8,-999,11.3
98913.7,11,11.8,-999,11.2
98923.7,11.2,11.8,-999,11.2
98933.7,11,11.7,-999,11.1
98943.7,11.2,11.7,-999,11.3
98953.8,11.2,11.7,-999,11.1
98963.8,11.2,11.7,-999,11.1
98973.8,11.2,11.7,-999,11.3
98983.8,11,11.7,-999,11.1
98993.9,11,11.7,-999,11.2
99003.9,11.2,11.7,-999,11.1
99013.9,11,11.6,-999,11.1
99023.9,11,11.7,-999,11.1
99033.9,11.1,11.7,-999,11.3
99044,10.9,11.7,-999,11.2
99054,11.1,11.6,-999,11.2
99064,11.2,11.6,-999,11.1
99074,10.9,11.6,-999,11.2
99084.1,11.1,11.7,-999,11.3
99094.1,11.1,11.6,-999,11.1
99104.1,11,11.6,-999,11.2
99114.1,10.9,11.6,-999,11.3
99124.2,10.9,11.6,-999,11.1
99134.2,11.1,11.6,-999,11.1
99144.2,10.9,11.6,-999,11.3
99154.2,10.9,11.6,-999,11.1
99164.2,10.9,11.6,-999,11.1
99174.3,11.1,11.5,-999,11.1
99184.3,10.9,11.6,-999,11.1
99194.3,10.9,11.6,-999,11.1
99204.3,11,11.6,-999,11.1
99214.3,11.1,11.6,-999,11.1
99224.4,10.9,11.5,-999,11.1
99234.4,10.9,11.6,-999,11.3
99244.4,11.1,11.6,-999,11.2
99254.5,11.1,11.5,-999,11.1
99264.5,11.1,11.6,-999,11
99274.5,11,11.6,-999,11.2
99284.5,10.9,11.6,-999,11
99294.6,10.9,11.5,-999,11
99304.6,10.9,11.5,-999,11
99314.6,11,11.6,-999,11.2
99324.6,11,11.6,-999,11.2
99334.7,10.9,11.6,-999,11.1
99344.7,10.9,11.5,-999,11
99354.7,11,11.5,-999,11.2
99364.8,10.8,11.4,-999,11.1
99374.8,10.8,11.5,-999,11.1
99384.8,11.1,11.5,-999,11.1
99394.8,10.8,11.5,-999,11
99404.9,10.8,11.5,-999,11.1
99414.9,10.9,11.5,-999,11
99424.9,10.8,11.5,-999,11
99435,10.8,11.4,-999,10.9
99445,11,11.4,-999,11
99455,10.8,11.6,-999,11.1
99465,10.8,11.4,-999,11
99475.1,10.8,11.5,-999,11.2
99485.1,11,11.5,-999,11
99495.1,10.8,11.4,-999,11
99505.2,10.8,11.5,-999,11.1
99515.2,11,11.4,-999,11
99525.2,11,11.4,-999,10.9
99535.2,11,11.4,-999,11.1
99545.3,11,11.4,-999,11
99555.3,10.8,11.4,-999,11.1
99565.3,11,11.4,-999,10.9
99575.4,10.8,11.4,-999,11.1
99585.4,10.8,11.4,-999,10.9
99595.5,11,11.4,-999,10.9
99605.5,10.8,11.4,-999,11.1
99615.5,10.8,11.4,-999,10.9
99625.6,10.8,11.4,-999,11
99635.6,10.8,11.4,-999,10.9
99645.6,10.8,11.4,-999,10.9
99655.7,10.8,11.4,-999,10.9
99665.7,10.8,11.4,-999,10.9
99675.7,10.8,11.4,-999,11
99685.8,11,11.4,-999,10.9
99695.8,10.7,11.4,-999,11.1
99705.9,10.8,11.4,-999,10.9
99715.9,10.7,11.4,-999,11.1
99725.9,10.8,11.4,-999,10.9
99736,10.7,11.4,-999,11.1
99746,10.9,11.4,-999,10.9
99756,10.7,11.4,-999,11
99766.1,10.8,11.3,-999,10.9
99776.1,10.7,11.4,-999,10.9
99786.1,10.8,11.4,-999,10.9
99796.2,10.7,11.3,-999,10.9
99806.2,10.9,11.3,-999,10.9
99816.2,10.7,11.3,-999,10.9
99826.2,10.7,11.3,-999,11
99836.3,10.8,11.2,-999,10.9
99846.3,10.7,11.3,-999,10.9
99856.3,10.7,11.3,-999,10.9
99866.4,10.7,11.3,-999,10.9
99876.4,10.7,11.3,-999,10.9
99886.4,10.7,11.3,-999,11
99896.5,10.7,11.3,-999,10.9
99906.5,10.6,11.3,-999,11
99916.5,10.7,11.3,-999,10.9
99926.6,10.7,11.3,-999,10.9
99936.6,10.7,11.3,-999,10.9
99946.6,10.6,11.3,-999,11
99956.7,10.7,11.2,-999,10.9
99966.7,10.7,11.2,-999,10.9
99976.7,10.7,11.3,-999,10.9
99986.8,10.7,11.2,-999,11
99996.8,10.6,11.3,-999,11
100006.8,10.7,11.2,-999,10.9
100016.9,10.6,11.2,-999,10.9
100026.9,10.6,11.2,-999,11
100036.9,10.7,11.2,-999,10.9
100046.9,10.6,11.3,-999,11
100056.9,10.7,11.2,-999,10.8
100067,10.7,11.2,-999,10.8
100077,10.6,11.2,-999,10.8
100087,10.7,11.2,-999,10.8
100097.1,10.6,11.2,-999,10.9
100107.1,10.6,11.2,-999,10.8
100117.1,10.6,11.2,-999,11
100127.1,10.6,11.2,-999,11
100137.2,10.6,11.2,-999,10.8
100147.2,10.6,11.2,-999,10.8
100157.2,10.7,11.2,-999,10.8
100167.2,10.6,11.2,-999,10.9
100177.2,10.6,11.2,-999,10.8
100187.3,10.6,11.2,-999,10.8
100197.3,10.6,11.2,-999,10.9
100207.3,10.6,11.2,-999,10.8
100217.4,10.6,11.2,-999,10.8
100227.4,10.6,11.2,-999,10.9
100237.4,10.6,11.2,-999,10.8
100247.5,10.6,11.2,-999,10.7
100257.5,10.6,11.2,-999,10.8
100267.5,10.6,11.2,-999,10.9
100277.5,10.6,11.1,-999,10.7
100287.5,10.6,11.2,-999,10.8
100297.6,10.6,11.2,-999,10.7
100307.6,10.6,11.2,-999,10.7
100317.6,10.6,11.1,-999,10.8
100327.6,10.6,11.1,-999,10.9
100337.6,10.6,11.2,-999,10.7
100347.7,10.6,11.2,-999,10.7
100357.7,10.6,11.2,-999,10.8
100367.7,10.6,11.1,-999,10.7
100377.7,10.6,11.2,-999,10.7
100387.8,10.6,11.2,-999,10.7
100397.8,10.6,11.1,-999,10.7
100407.8,10.6,11.2,-999,10.9
100417.8,10.6,11.2,-999,10.9
100427.9,10.6,11.1,-999,10.7
100437.9,10.6,11.2,-999,10.7
100447.9,10.6,11.1,-999,10.6
100457.9,10.6,11.1,-999,10.7
100467.9,10.5,11.1,-999,10.7
100477.9,10.6,11.1,-999,10.7
100487.9,10.6,11.1,-999,10.7
100498,10.5,11.1,-999,10.7
100508,10.6,11.1,-999,10.7
100518,10.5,11.2,-999,10.8
100528,10.5,11.2,-999,10.7
100538,10.6,11.1,-999,10.6
100548.1,10.6,11.1,-999,10.8
100558.1,10.5,11.1,-999,10.7
100568.1,10.5,11.1,-999,10.8
100578.1,10.6,11.1,-999,10.6
100588.2,10.5,11.2,-999,10.8
100598.2,10.6,11.1,-999,10.6
100608.2,10.5,11.1,-999,10.7
100618.3,10.5,11.1,-999,10.8
100628.3,10.6,11.1,-999,10.6
100638.3,10.6,11.1,-999,10.6
100648.4,10.5,11.1,-999,10.8
100658.4,10.6,11,-999,10.6
100668.4,10.6,11,-999,10.6
100678.5,10.5,11.1,-999,10.6
100688.5,10.5,11,-999,10.6
100698.5,10.5,11,-999,10.8
100708.5,10.6,11.1,-999,10.6
100718.6,10.5,11.1,-999,10.7
100728.6,10.6,11.1,-999,10.8
100738.6,10.6,11.1,-999,10.6
100748.6,10.5,11,-999,10.8
100758.7,10.6,11,-999,10.6
100768.7,10.5,11.1,-999,10.8
100778.8,10.6,11,-999,10.6
100788.8,10.4,11.1,-999,10.8
100798.9,10.5,11,-999,10.6
100808.9,10.5,11,-999,10.6
100818.9,10.5,11,-999,10.6
100828.9,10.5,11,-999,10.6
100839,10.4,11,-999,10.7
100849,10.5,11,-999,10.6
100859,10.6,11.1,-999,10.7
100869,10.4,11,-999,10.6
100879,10.5,11,-999,10.6
100889.1,10.5,11.1,-999,10.8
100899.1,10.5,11,-999,10.8
100909.1,10.5,11,-999,10.6
100919.1,10.5,11,-999,10.6
100929.1,10.5,11,-999,10.6
100939.2,10.5,11,-999,10.6
100949.2,10.5,11,-999,10.6
100959.2,10.5,11,-999,10.6
100969.3,10.5,11,-999,10.6
100979.3,10.5,11,-999,10.8
100989.4,10.5,11,-999,10.6
100999.4,10.5,11,-999,10.6
101009.4,10.5,11,-999,10.7
101019.4,10.5,11,-999,10.6
101029.5,10.5,11,-999,10.6
101039.5,10.4,11,-999,10.7
101049.5,10.5,11,-999,10.6
101059.6,10.4,11,-999,10.6
101069.6,10.5,11,-999,10.6
101079.6,10.4,11,-999,10.6
101089.7,10.4,11,-999,10.5
101099.8,10.5,11,-999,10.6
101109.8,10.3,11,-999,10.7
101119.8,10.4,11,-999,10.6
101129.8,10.5,11,-999,10.6
101139.9,10.5,11,-999,10.7
101149.9,10.4,11,-999,10.7
101159.9,10.5,11,-999,10.6
101169.9,10.5,11,-999,10.5
101180,10.5,11,-999,10.6
101190,10.4,11,-999,10.6
101200,10.4,10.9,-999,10.6
101210,10.4,11,-999,10.7
101220.1,10.4,10.9,-999,10.5
101230.1,10.3,11,-999,10.7
101240.2,10.4,11,-999,10.5
101250.2,10.4,10.9,-999,10.5
101260.2,10.4,10.9,-999,10.5
101270.2,10.3,10.9,-999,10.7
101280.2,10.4,11,-999,10.5
101290.3,10.3,11,-999,10.6
101300.3,10.4,11,-999,10.5
101310.3,10.4,10.9,-999,10.6
101320.4,10.4,10.9,-999,10.5
101330.4,10.3,10.9,-999,10.5
101340.4,10.4,10.9,-999,10.5
101350.4,10.4,10.9,-999,10.5
101360.4,10.4,10.9,-999,10.5
101370.5,10.4,10.9,-999,10.6
101380.5,10.4,10.9,-999,10.5
101390.5,10.3,11,-999,10.7
101400.5,10.4,10.9,-999,10.5
101410.5,10.4,10.9,-999,10.5
101420.6,10.4,10.9,-999,10.5
101430.6,10.3,10.9,-999,10.6
101440.7,10.4,10.9,-999,10.5
101450.7,10.3,10.9,-999,10.5
101460.7,10.3,10.8,-999,10.5
101470.8,10.4,10.9,-999,10.5
101480.8,10.3,10.9,-999,10.4
101490.8,10.4,10.9,-999,10.5
101500.8,10.3,10.9,-999,10.5
101510.9,10.4,10.9,-999,10.5
101520.9,10.3,10.9,-999,10.5
101530.9,10.4,10.8,-999,10.5
101540.9,10.3,10.8,-999,10.5
101550.9,10.3,10.8,-999,10.5
101561,10.3,10.9,-999,10.6
101571,10.3,10.8,-999,10.5
101581,10.3,10.8,-999,10.4
101591.2,10.3,10.8,-999,10.6
101601.2,10.3,10.8,-999,10.5
101611.2,10.3,10.8,-999,10.4
101621.3,10.3,10.9,-999,10.6
101631.3,10.3,10.8,-999,10.5
101641.3,10.3,10.8,-999,10.4
101651.3,10.3,10.8,-999,10.4
101661.3,10.3,10.8,-999,10.4
101671.4,10.3,10.8,-999,10.4
101681.4,10.3,10.8,-999,10.4
101691.4,10.3,10.8,-999,10.5
101701.4,10.3,10.9,-999,10.5
101711.4,10.3,10.8,-999,10.4
101721.4,10.3,10.8,-999,10.5
101731.5,10.3,10.8,-999,10.4
101741.5,10.3,10.8,-999,10.6
101751.5,10.3,10.8,-999,10.4
101761.5,10.3,10.8,-999,10.4
101771.5,10.3,10.8,-999,10.6
101781.6,10.3,10.8,-999,10.6
101791.6,10.3,10.8,-999,10.4
101801.6,10.3,10.8,-999,10.4
101811.6,10.3,10.8,-999,10.4
101821.6,10.3,10.8,-999,10.4
101831.6,10.3,10.8,-999,10.5
101841.7,10.3,10.8,-999,10.4
101851.7,10.3,10.8,-999,10.4
101861.7,10.3,10.8,-999,10.5
101871.7,10.3,10.8,-999,10.4
101881.7,10.3,10.9,-999,10.5
101891.7,10.3,10.8,-999,10.4
101901.8,10.3,10.8,-999,10.4
101911.8,10.3,10.8,-999,10.4
101921.8,10.3,10.8,-999,10.4
101931.8,10.3,10.8,-999,10.6
101941.8,10.3,10.8,-999,10.4
101951.9,10.3,10.8,-999,10.4
101961.9,10.3,10.8,-999,10.5
101972,10.3,10.8,-999,10.4
101982,10.3,10.8,-999,10.4
101992,10.3,10.8,-999,10.4
102002,10.3,10.8,-999,10.4
102012.1,10.3,10.8,-999,10.4
102022.1,10.3,10.8,-999,10.4
102032.1,10.3,10.8,-999,10.5
102042.1,10.3,10.8,-999,10.4
102052.1,10.3,10.8,-999,10.5
102062.2,10.3,10.8,-999,10.3
102072.2,10.3,10.8,-999,10.4
102082.2,10.2,10.8,-999,10.4
102092.2,10.3,10.8,-999,10.3
102102.2,10.3,10.8,-999,10.4
102112.3,10.3,10.8,-999,10.3
102122.3,10.3,10.8,-999,10.4
102132.3,10.3,10.8,-999,10.4
102142.4,10.2,10.8,-999,10.6
102152.4,10.3,10.8,-999,10.4
102162.4,10.3,10.8,-999,10.3
102172.4,10.3,10.8,-999,10.5
102182.5,10.3,10.7,-999,10.4
102192.5,10.3,10.8,-999,10.4
102202.5,10.3,10.7,-999,10.4
102212.6,10.3,10.7,-999,10.4
102222.6,10.2,10.7,-999,10.4
102232.6,10.2,10.8,-999,10.5
102242.6,10.3,10.8,-999,10.3
102252.7,10.2,10.8,-999,10.4
102262.7,10.3,10.7,-999,10.4
102272.7,10.2,10.8,-999,10.3
102282.7,10.2,10.8,-999,10.4
102292.7,10.3,10.8,-999,10.4
102302.8,10.3,10.7,-999,10.5
102312.8,10.2,10.8,-999,10.3
102322.8,10.2,10.7,-999,10.4
102332.8,10.3,10.7,-999,10.3
102342.8,10.2,10.7,-999,10.3
102352.9,10.3,10.8,-999,10.4
102362.9,10.3,10.7,-999,10.3
102372.9,10.2,10.7,-999,10.3
102383,10.3,10.7,-999,10.3
102393,10.2,10.7,-999,10.3
102403,10.2,10.7,-999,10.3
102413,10.2,10.7,-999,10.4
102423,10.2,10.7,-999,10.3
102433.1,10.2,10.7,-999,10.3
102443.1,10.1,10.6,-999,10.3
102453.1,10.2,10.7,-999,10.4
102463.1,10.2,10.7,-999,10.3
102473.2,10.2,10.7,-999,10.3
102483.2,10.2,10.8,-999,10.3
102493.2,10.2,10.6,-999,10.5
102503.2,10.2,10.7,-999,10.4
102513.3,10.2,10.7,-999,10.3
102523.3,10.2,10.6,-999,10.3
102533.3,10.2,10.7,-999,10.3
102543.3,10.2,10.7,-999,10.3
102553.4,10.2,10.7,-999,10.3
102563.4,10.2,10.6,-999,10.3
102573.4,10.2,10.7,-999,10.3
102583.4,10.2,10.7,-999,10.4
102593.5,10.2,10.8,-999,10.3
102603.5,10.2,10.7,-999,10.3
102613.5,10.2,10.7,-999,10.4
102623.5,10.2,10.7,-999,10.3
102633.6,10.2,10.6,-999,10.3
102643.6,10.2,10.7,-999,10.2
102653.6,10.2,10.6,-999,10.3
102663.6,10.2,10.7,-999,10.3
102673.6,10.2,10.7,-999,10.3
102683.7,10.2,10.6,-999,10.3
102693.7,10.2,10.7,-999,10.4
102703.7,10.2,10.7,-999,10.3
102713.7,10.2,10.7,-999,10.3
102723.8,10.2,10.6,-999,10.3
102733.8,10.2,10.7,-999,10.3
102743.8,10.2,10.7,-999,10.3
102753.8,10.2,10.7,-999,10.4
102763.8,10.2,10.6,-999,10.3
102773.9,10.2,10.6,-999,10.3
102783.9,10.2,10.6,-999,10.2
102793.9,10.2,10.6,-999,10.3
102803.9,10.1,10.6,-999,10.3
102813.9,10.2,10.7,-999,10.3
102824,10.2,10.6,-999,10.3
102834,10.2,10.7,-999,10.3
102844,10.1,10.6,-999,10.3
102854.1,10.1,10.7,-999,10.3
102864.1,10.2,10.6,-999,10.3
102874.1,10.1,10.6,-999,10.2
102884.1,10.2,10.6,-999,10.3
102894.2,10.1,10.7,-999,10.3
102904.2,10.1,10.7,-999,10.3
102914.2,10.1,10.6,-999,10.3
102924.2,10.2,10.6,-999,10.3
102934.3,10.1,10.6,-999,10.3
102944.3,10.2,10.6,-999,10.4
102954.3,10.1,10.6,-999,10.2
102964.4,10.1,10.7,-999,10.2
102974.4,10.2,10.6,-999,10.3
102984.4,10.2,10.6,-999,10.3
102994.4,10.2,10.6,-999,10.4
103004.5,10.1,10.6,-999,10.3
103014.5,10.1,10.6,-999,10.4
103024.5,10.1,10.6,-999,10.4
103034.5,10.1,10.6,-999,10.3
103044.6,10.1,10.6,-999,10.2
103054.6,10.2,10.7,-999,10.3
103064.6,10.2,10.7,-999,10.3
103074.6,10.1,10.7,-999,10.4
103084.6,10.2,10.6,-999,10.2
103094.7,10.1,10.6,-999,10.4
103104.7,10.1,10.6,-999,10.4
103114.8,10.1,10.6,-999,10.4
103124.8,10.2,10.5,-999,10.2
103134.8,10.2,10.6,-999,10.2
103144.8,10.1,10.7,-999,10.2
103154.8,10.1,10.6,-999,10.2
103164.9,10.1,10.6,-999,10.3
103174.9,10.1,10.6,-999,10.4
103184.9,10.1,10.6,-999,10.2
103195,10.1,10.6,-999,10.3
103205,10.1,10.6,-999,10.2
103215,10.1,10.6,-999,10.4
103225.1,10.2,10.5,-999,10.2
103235.1,10.1,10.6,-999,10.3
103245.1,10.1,10.6,-999,10.4
103255.1,10.1,10.6,-999,10.2
103265.2,10.1,10.6,-999,10.4
103275.2,10.1,10.6,-999,10.3
103285.2,10.1,10.5,-999,10.2
103295.2,10.1,10.6,-999,10.3
103305.3,10.1,10.5,-999,10.2
103315.3,10.1,10.5,-999,10.2
103325.3,10.1,10.5,-999,10.2
103335.4,10.1,10.6,-999,10.3
103345.4,10.1,10.6,-999,10.2
103355.4,10.1,10.5,-999,10.2
103365.4,10.1,10.6,-999,10.2
103375.4,10.1,10.5,-999,10.2
103385.5,10.1,10.6,-999,10.2
103395.5,10.1,10.6,-999,10.2
103405.5,10.1,10.6,-999,10.2
103415.5,10.1,10.5,-999,10.2
103425.5,10.1,10.5,-999,10.2
103435.6,10.1,10.6,-999,10.2
103445.6,10.1,10.5,-999,10.2
103455.6,10.1,10.6,-999,10.2
103465.7,10.1,10.5,-999,10.2
103475.7,10.1,10.5,-999,10.2
103485.7,10,10.6,-999,10.2
103495.7,10.1,10.5,-999,10.2
103505.7,10.1,10.5,-999,10.2
103515.8,10.1,10.5,-999,10.3
103525.8,10.1,10.5,-999,10.2
103535.8,10.1,10.5,-999,10.2
103545.8,10.1,10.6,-999,10.2
103555.8,10.1,10.5,-999,10.2
103565.9,10.1,10.5,-999,10.2
103575.9,10.1,10.5,-999,10.2
103585.9,10.1,10.5,-999,10.2
103596,10.1,10.5,-999,10.2
103606,10.1,10.5,-999,10.3
103616,10.1,10.6,-999,10.2
103626.1,10.1,10.6,-999,10.3
103636.1,10.1,10.5,-999,10.2
103646.1,10.1,10.5,-999,10.2
103656.1,10.1,10.6,-999,10.3
103666.1,10.1,10.5,-999,10.2
103676.2,10.1,10.5,-999,10.2
103686.2,10.1,10.5,-999,10.2
103696.2,10.1,10.5,-999,10.2
103706.2,10,10.5,-999,10.2
103716.3,10.1,10.5,-999,10.3
103726.3,10.1,10.5,-999,10.2
103736.3,10.1,10.5,-999,10.3
103746.3,10.1,10.5,-999,10.2
103756.4,10.1,10.5,-999,10.2
103766.4,10.1,10.5,-999,10.3
103776.4,10.1,10.5,-999,10.2
103786.5,10.1,10.5,-999,10.2
103796.5,10.1,10.5,-999,10.3
103806.5,10.1,10.5,-999,10.2
103816.5,10.1,10.5,-999,10.1
103826.5,10.1,10.5,-999,10.3
103836.6,10.1,10.5,-999,10.2
103846.6,10,10.5,-999,10.3
103856.6,10.1,10.5,-999,10.2
103866.6,10.1,10.5,-999,10.2
103876.7,10.1,10.5,-999,10.2
103886.7,10.1,10.5,-999,10.2
103896.7,10,10.5,-999,10.2
103906.7,10,10.5,-999,10.3
103916.8,10.1,10.5,-999,10.2
103926.8,10,10.5,-999,10.3
103936.9,10,10.5,-999,10.2
103946.9,10,10.5,-999,10.2
103956.9,10.1,10.5,-999,10.2
103966.9,10,10.5,-999,10.2
103977,10.1,10.5,-999,10.2
103987,10,10.5,-999,10.3
103997.1,10,10.5,-999,10.2
104007.1,10.1,10.5,-999,10.2
104017.1,10.1,10.5,-999,10.3
104027.2,10.1,10.5,-999,10.2
104037.2,10,10.5,-999,10.2
104047.2,10,10.5,-999,10.2
104057.3,10.1,10.5,-999,10.3
104067.3,10,10.5,-999,10.2
104077.3,10.1,10.5,-999,10.2
104087.3,10,10.4,-999,10.2
104097.3,10,10.5,-999,10.2
104107.4,10.1,10.5,-999,10.1
104117.4,10,10.5,-999,10.3
104127.5,10,10.5,-999,10.2
104137.5,10,10.5,-999,10.2
104147.5,10.1,10.5,-999,10.2
104157.6,10,10.5,-999,10.2
104167.6,10,10.5,-999,10.2
104177.6,10,10.5,-999,10.1
104187.6,10,10.5,-999,10.3
104197.6,10,10.5,-999,10.1
104207.7,10.1,10.5,-999,10.1
104217.7,10,10.5,-999,10.1
104227.7,10,10.4,-999,10.1
104237.8,10,10.5,-999,10.2
104247.8,10,10.5,-999,10.3
104257.8,10,10.4,-999,10.2
104267.8,10,10.5,-999,10.2
104277.9,10,10.4,-999,10.1
104287.9,10,10.5,-999,10.2
104297.9,10,10.5,-999,10.2
104307.9,10,10.5,-999,10.2
104317.9,10,10.4,-999,10.2
104328,10,10.5,-999,10.2
104338,10.1,10.5,-999,10.1
104348,9.9,10.5,-999,10.3
104358,10,10.5,-999,10.2
104368.1,10,10.4,-999,10.1
104378.1,9.9,10.5,-999,10.3
104388.1,10.1,10.4,-999,10.2
104398.1,10,10.5,-999,10.1
104408.1,10.1,10.5,-999,10.2
104418.2,10,10.5,-999,10.1
104428.2,10,10.4,-999,10.1
104438.2,10.1,10.5,-999,10.1
104448.3,10,10.5,-999,10.1
104458.3,10,10.5,-999,10.2
104468.3,10.1,10.4,-999,10.1
104478.3,10,10.5,-999,10.1
104488.4,10,10.5,-999,10.1
104498.4,10,10.5,-999,10.1
104508.5,10,10.4,-999,10.1
104518.5,10,10.4,-999,10.1
104528.5,10.1,10.5,-999,10.2
104538.5,10,10.5,-999,10.1
104548.5,10,10.5,-999,10.2
104558.6,10,10.5,-999,10.1
104568.6,10,10.5,-999,10.2
104578.6,10,10.4,-999,10
104588.7,10,10.5,-999,10.2
104598.7,10,10.5,-999,10.1
104608.7,10,10.5,-999,10.1
104618.7,10,10.4,-999,10.1
104628.8,10,10.4,-999,10.1
104638.8,10,10.4,-999,10.1
104648.8,10,10.5,-999,10.2
104658.8,10,10.5,-999,10.1
104668.9,10,10.5,-999,10.1
104678.9,10,10.4,-999,10.1
104688.9,10,10.4,-999,10
104698.9,9.9,10.4,-999,10.1
104708.9,10,10.5,-999,10
104719,10,10.5,-999,10.1
104729,10,10.4,-999,10.1
104739,10,10.5,-999,10.1
104749,10,10.4,-999,10.1
104759.1,10,10.5,-999,10.1
104769.1,10,10.4,-999,10.2
104779.1,10,10.4,-999,10.1
104789.1,10,10.5,-999,10.1
104799.2,10,10.4,-999,10.1
104809.2,9.9,10.4,-999,10.1
104819.2,10,10.5,-999,10.1
104829.3,9.9,10.4,-999,10.1
104839.3,10,10.4,-999,10.2
104849.3,10,10.4,-999,10.1
104859.3,10,10.5,-999,10.1
104869.4,10,10.5,-999,10
104879.4,10,10.4,-999,10
104889.4,10,10.4,-999,10.1
104899.4,10,10.4,-999,10.1
104909.5,10,10.4,-999,10.1
104919.5,9.9,10.5,-999,10.1
104929.5,10,10.4,-999,10.1
104939.5,10,10.5,-999,10.1
104949.5,10,10.4,-999,10.1
104959.5,10,10.4,-999,10.1
104969.5,10,10.4,-999,10.1
104979.6,10,10.4,-999,10
104989.6,10,10.4,-999,10.1
104999.6,9.9,10.5,-999,10.2
105009.7,10,10.4,-999,10
105019.7,10,10.4,-999,10.1
105029.7,10,10.5,-999,10
105039.7,9.9,10.3,-999,10.1
105049.7,9.9,10.4,-999,10.1
105059.7,10,10.3,-999,10
105069.7,9.9,10.4,-999,10.2
105079.8,9.9,10.4,-999,10.2
105089.8,9.9,10.4,-999,10
105099.8,9.9,10.4,-999,10.1
105109.8,9.9,10.4,-999,10
105119.9,10,10.4,-999,10.1
105129.9,9.9,10.4,-999,10.2
105139.9,9.9,10.4,-999,10.2
105149.9,10,10.4,-999,10
105160,9.9,10.4,-999,10
105170,9.9,10.4,-999,10.2
105180,9.9,10.4,-999,10
105190.1,9.9,10.4,-999,10.2
105200.1,9.9,10.4,-999,10
105210.1,10,10.4,-999,10.1
105220.1,9.9,10.4,-999,10.2
105230.2,9.9,10.4,-999,10
105240.2,10,10.4,-999,10
105250.2,10,10.4,-999,10
105260.2,10,10.4,-999,10.1
105270.2,9.9,10.4,-999,10
105280.2,9.9,10.4,-999,10
105290.3,10,10.4,-999,10.1
105300.3,9.9,10.4,-999,10
105310.3,10,10.4,-999,10.1
105320.4,9.9,10.4,-999,10
105330.4,9.9,10.4,-999,10
105340.4,9.9,10.4,-999,10.2
105350.4,9.9,10.4,-999,10.2
105360.4,9.9,10.4,-999,10
105370.5,9.9,10.4,-999,10
105380.5,10,10.4,-999,10.1
105390.5,10,10.4,-999,10.1
105400.6,9.9,10.4,-999,10
105410.6,10,10.4,-999,10
105420.6,9.9,10.4,-999,10.2
105430.7,9.9,10.4,-999,10.1
105440.7,9.9,10.3,-999,10
105450.7,10,10.4,-999,10
105460.8,9.9,10.4,-999,10
105470.8,9.9,10.4,-999,10
105480.8,9.9,10.4,-999,10.2
105490.9,10,10.4,-999,10
105500.9,9.9,10.4,-999,10.2
105510.9,10,10.4,-999,10
105520.9,9.9,10.4,-999,10.2
105530.9,9.9,10.4,-999,10.2
105541,9.9,10.3,-999,10
105551,9.9,10.4,-999,10
105561,9.9,10.4,-999,10
105571,9.9,10.4,-999,10.2
105581,9.9,10.4,-999,10
105591.1,9.9,10.4,-999,10.1
105601.1,9.9,10.4,-999,10.2
105611.1,9.9,10.4,-999,10
105621.1,9.9,10.5,-999,10.2
105631.1,9.9,10.4,-999,10
105641.2,9.9,10.4,-999,10
105651.2,9.9,10.3,-999,10
105661.2,9.9,10.3,-999,10
105671.3,9.9,10.4,-999,10
105681.3,9.9,10.3,-999,9.9
105691.3,9.9,10.4,-999,10.1
105701.3,9.9,10.4,-999,10
105711.3,9.9,10.3,-999,10
105721.4,9.9,10.3,-999,10
105731.4,9.9,10.4,-999,10
105741.4,9.9,10.3,-999,10
105751.4,9.9,10.4,-999,10.2
105761.4,9.9,10.3,-999,9.9
105771.5,9.9,10.3,-999,10
105781.5,9.9,10.3,-999,9.9
105791.5,9.9,10.4,-999,10.2
105801.5,9.9,10.3,-999,10
105811.5,9.9,10.4,-999,10
105821.6,9.9,10.3,-999,10
105831.6,9.9,10.3,-999,10
105841.6,9.9,10.4,-999,10.2
105851.6,9.9,10.3,-999,10
105861.7,9.9,10.3,-999,9.9
105871.7,10,10.4,-999,10.1
105881.7,9.9,10.4,-999,10
105891.8,9.9,10.3,-999,10
105901.8,9.9,10.3,-999,10
105911.8,9.9,10.4,-999,10.2
105921.8,9.9,10.3,-999,10
105931.9,9.9,10.3,-999,10
105941.9,9.9,10.3,-999,10
105951.9,9.9,10.3,-999,10
105961.9,9.9,10.4,-999,10
105971.9,9.9,10.3,-999,10.2
105982,9.9,10.3,-999,10
105992,9.9,10.3,-999,9.9
106002,9.9,10.4,-999,10.1
106012,9.9,10.3,-999,9.9
106022.1,9.9,10.3,-999,10
106032.1,9.9,10.3,-999,10
106042.1,9.9,10.3,-999,9.9
106052.1,9.9,10.3,-999,10
106062.1,9.9,10.4,-999,9.9
106072.2,9.9,10.4,-999,10.1
106082.2,9.9,10.3,-999,10
106092.2,9.9,10.4,-999,10.2
106102.3,9.9,10.3,-999,9.9
106112.3,9.9,10.3,-999,10.1
106122.3,9.9,10.3,-999,10
106132.3,9.9,10.3,-999,10
106142.4,9.9,10.3,-999,10
106152.4,9.9,10.3,-999,10.1
106162.4,9.9,10.3,-999,9.9
106172.4,9.9,10.3,-999,10
106182.4,9.9,10.3,-999,9.9
106192.4,9.9,10.3,-999,10
106202.5,9.9,10.3,-999,9.9
106212.5,9.9,10.3,-999,9.9
106222.5,9.9,10.3,-999,9.9
106232.5,9.9,10.3,-999,9.9
106242.6,9.9,10.3,-999,10.2
106252.6,9.9,10.3,-999,9.9
106262.7,9.9,10.3,-999,10
106272.7,9.9,10.3,-999,10.1
106282.8,9.9,10.3,-999,9.9
106292.8,9.9,10.3,-999,9.9
106302.8,9.9,10.3,-999,10.1
106312.8,9.9,10.3,-999,10
106322.8,9.9,10.3,-999,9.9
106332.9,9.9,10.4,-999,9.9
106342.9,9.9,10.3,-999,9.9
106352.9,9.9,10.3,-999,10.1
106362.9,9.9,10.3,-999,9.9
106372.9,9.9,10.3,-999,9.9
106383,9.9,10.3,-999,9.9
106393,9.9,10.3,-999,10
106403,9.9,10.3,-999,9.9
106413,9.9,10.3,-999,9.9
106423,9.9,10.3,-999,9.9
106433.1,9.9,10.3,-999,10
106443.1,9.9,10.3,-999,10.1
106453.1,10,10.1,-999,9.8
106463.2,10,10.1,-999,9.7
106473.2,10.1,10.1,-999,9.6
106483.2,10.1,10,-999,9.6
106493.3,10.1,10.1,-999,9.5
106503.3,10.1,10,-999,9.5
106513.3,10.1,9.9,-999,9.5
106523.3,10.2,9.9,-999,9.4
106533.3,10.1,9.9,-999,9.5
106543.4,10.2,9.9,-999,9.4
106553.4,10.2,10,-999,9.5
106563.4,10.2,9.9,-999,9.5
106573.5,10.2,9.9,-999,9.5
106583.5,10.2,9.9,-999,9.4
106593.5,10.2,9.9,-999,9.6
106603.5,10.2,10,-999,9.7
106613.5,10.3,9.9,-999,9.5
106623.6,10.3,10,-999,9.5
106633.6,10.3,9.9,-999,9.5
106643.6,10.3,9.9,-999,9.5
106653.7,10.3,10,-999,9.7
106663.7,10.3,10,-999,9.7
106673.7,10.3,10,-999,9.5
106683.7,10.3,10,-999,9.5
106693.8,10.3,10,-999,9.6
106703.8,10.3,10,-999,9.6
106713.8,10.3,9.9,-999,9.6
106723.9,10.3,10,-999,9.7
106733.9,10.3,10,-999,9.7
106743.9,10.4,9.9,-999,9.6
106754,10.4,10,-999,9.6
106764,10.4,10.1,-999,9.6
106774,10.4,10,-999,9.6
106784.1,10.4,10,-999,9.6
106794.1,10.4,10,-999,9.7
106804.1,10.4,10,-999,9.7
106814.1,10.4,10,-999,9.7
106824.2,10.4,10,-999,9.7
106834.2,10.5,10,-999,9.8
106844.2,10.5,10,-999,9.7
106854.2,10.5,10.1,-999,9.7
106864.3,10.5,10,-999,9.7
106874.3,10.6,10.1,-999,9.7
106884.3,10.5,10.1,-999,9.7
106894.3,10.6,10.1,-999,9.7
106904.3,10.6,10.1,-999,9.7
106914.4,10.6,10.2,-999,9.9
106924.4,10.7,10.1,-999,9.8
106934.4,10.6,10.1,-999,9.8
106944.4,10.6,10.2,-999,9.9
106954.4,10.6,10.1,-999,12
106964.5,10.8,10.1,-999,12.7
106974.5,14.2,10.1,-999,13.1
106984.5,19,10.2,-999,13.5
106994.6,21,13,-999,13.2
107004.6,21.8,17,-999,16.8
107014.6,21.8,21.8,-999,17.1
107024.7,22.4,23.8,-999,15.8
107034.7,23.2,26,-999,20.5
107044.7,23.1,26.7,-999,21.7
107054.7,22.4,26.4,-999,21.5
107064.8,22.4,25.7,-999,21.7
107074.8,22.2,25,-999,21.7
107084.8,22.3,24.4,-999,22.2
107094.8,22.9,25.8,-999,22.5
107104.9,23.4,26.2,-999,22.9
107114.9,24,26,-999,23.1
107124.9,23.5,26.1,-999,22.6
107134.9,23.8,25.9,-999,22.5
107144.9,23.1,25.3,-999,22.6
107155,23.1,25.6,-999,22.4
107165,22.5,24.6,-999,22.3
107175,22.2,25.2,-999,21.8
107185,24,25.9,-999,23.4
107195.1,23,24.6,-999,22.6
107205.1,23.1,26.3,-999,22.5
107215.1,23.8,26.4,-999,22.8
107225.2,23.1,25.7,-999,22.5
107235.2,22.3,25.3,-999,22
107245.2,22.4,25.9,-999,21.8
107255.2,22.7,24.5,-999,22.1
107265.2,23,25.6,-999,22.6
107275.2,22.2,24.8,-999,21.8
107285.3,22.9,25.8,-999,22.5
107295.3,22.9,25.9,-999,22.3
107305.3,22.5,25.5,-999,22.1
107315.3,23.4,25.7,-999,22.6
107325.4,23.6,26.3,-999,22.9
107335.4,22.6,25.9,-999,22.1
107345.5,22.3,26.2,-999,22.2
107355.5,22.9,25.7,-999,22.5
107365.5,23,25.6,-999,22.6
107375.5,23.9,26.5,-999,23
107385.5,22.7,25.4,-999,22.4
107395.6,22.3,25.3,-999,22
107405.6,23.4,26.3,-999,22.4
107415.6,22.8,26.6,-999,22
107425.6,22.9,25.3,-999,22.7
107435.7,23.7,27.1,-999,22.9
107445.7,23.6,25,-999,22.5
107455.7,24,25.8,-999,22.9
107465.8,23.1,26.4,-999,22.5
107475.8,24,26.3,-999,23.1
107485.8,22.9,25.9,-999,22.6
107495.8,23.8,25.7,-999,22.6
107505.8,23.9,26.3,-999,22.9
107515.8,24.1,26.4,-999,23
107525.8,23.7,26.4,-999,22.8
107535.9,22.9,25.7,-999,22.5
107545.9,22.6,26.2,-999,22.2
107555.9,23.5,25.9,-999,22.7
107566,23.1,26.4,-999,22.3
107576,23.5,26.7,-999,22.4
107586,24.4,26.7,-999,23.2
107596,22.8,25.6,-999,22.3
107606,22.5,25.9,-999,22.3
107616.1,22.3,25.2,-999,22.2
107626.1,22.5,24.9,-999,22.1
107636.1,22.6,25.6,-999,22.2
107646.2,23.1,25.5,-999,22.4
107656.2,22.9,26.3,-999,22.3
107666.2,23.2,25.7,-999,22.3
107676.2,22.8,25.5,-999,22.1
107686.2,22.2,26,-999,22.1
107696.3,22.4,25.4,-999,21.8
107706.3,23.8,26,-999,22.8
107716.3,23.7,26.5,-999,22.6
107726.4,23.7,26.1,-999,22.7
107736.4,23.4,25.3,-999,22.5
107746.4,22.8,25.1,-999,22.4
107756.4,22.5,25.4,-999,22.5
107766.4,22.8,25.8,-999,22.2
107776.5,22.5,26.6,-999,22
107786.5,23.3,27.4,-999,22.5
107796.5,22.9,25.6,-999,22.5
107806.5,22.2,24.7,-999,22.1
107816.6,22.9,25.5,-999,22.3
107826.6,22.5,24.8,-999,22.4
107836.7,22.7,25.5,-999,22.6
107846.7,22.7,25.6,-999,22.3
107856.7,23,27.1,-999,22.4
107866.8,24,27.1,-999,23.1
107876.8,23.4,26.3,-999,22.6
107886.8,23,26.4,-999,22.6
107896.8,22.7,25.8,-999,22.4
107906.8,23.5,25.5,-999,22.9
107916.8,23.6,26.5,-999,22.6
107926.9,24.1,26.3,-999,22.9
107936.9,23.6,26.3,-999,22.4
107946.9,23.8,26.4,-999,22.2
107956.9,23.8,26.3,-999,22.7
107967,23.3,26.6,-999,22.2
107977,24.2,27.2,-999,22.6
107987,23.1,25.6,-999,22.4
107997,23.7,26.3,-999,22.7
108007.1,24,25.9,-999,22.9
108017.1,23.2,25.5,-999,22.5
108027.1,23.1,25.9,-999,22.4
108037.1,23.8,26.5,-999,22.9
108047.2,23.9,25.4,-999,23.1
108057.2,23.5,25.5,-999,22.8
108067.2,22.7,25.3,-999,22.4
108077.3,22.9,25.7,-999,22.3
108087.3,22.8,25.7,-999,22.5
108097.3,22.9,25.7,-999,22.6
108107.3,23.6,26.1,-999,23.1
108117.4,23.1,25.5,-999,23
108127.4,22.4,25.4,-999,22.1
108137.4,23.6,26.3,-999,22.9
108147.4,23.1,25.8,-999,22.8
108157.5,23.6,25.5,-999,23.2
108167.5,22.7,24.6,-999,22.7
108177.5,22.3,25.3,-999,22.3
108187.5,22.6,25.6,-999,22.5
108197.6,23.7,26.7,-999,22.7
108207.6,23.7,26.3,-999,22.5
108217.6,22.9,25.8,-999,22.5
108227.7,22.2,24.5,-999,22.2
108237.7,22.7,25.7,-999,22.3
108247.7,23.1,24.9,-999,22.8
108257.8,22.2,24,-999,22.1
108267.8,22.1,24.6,-999,22
108277.8,23,25.8,-999,22.5
108287.9,22.2,24.4,-999,22
108297.9,22.5,25.1,-999,22.4
108307.9,22.8,24.7,-999,22.8
108317.9,22.8,24.7,-999,22.5
108328,23.1,24.6,-999,23
108338,22.2,23.3,-999,22.3
108348,22.2,24.2,-999,22.3
108358.1,22.4,25,-999,22.4
108368.1,22.7,25.5,-999,22.2
108378.2,22.5,24.7,-999,22.1
108388.2,23.3,24.6,-999,22.9
108398.2,22.9,25.1,-999,23
108408.2,22.4,23.9,-999,22.5
108418.3,23.3,24.7,-999,22.5
108428.3,22.9,24.9,-999,22.6
108438.3,24,26.3,-999,22.9
108448.4,23.8,25.8,-999,22.7
108458.4,23.6,27.7,-999,22.6
108468.4,22.9,26.1,-999,22.6
108478.4,23,25.9,-999,22.8
108488.5,23,25.7,-999,22.3
108498.5,22.5,24,-999,22.3
108508.5,21.6,23.4,-999,21.6
108518.5,22.5,24.4,-999,22.2
108528.6,22.5,24.7,-999,22.4
108538.6,23.2,25.5,-999,22.9
108548.6,23.8,25.4,-999,22.9
108558.7,22.8,23.8,-999,22.7
108568.7,22.4,25.3,-999,22.2
108578.7,22.9,25.5,-999,22.2
108588.8,23.2,26.1,-999,22.4
108598.8,22.8,26.8,-999,22.2
108608.8,23.1,25.6,-999,22.8
108618.8,22.9,26,-999,22.9
108628.8,23.9,25.6,-999,23.2
108638.8,22.8,24.8,-999,22.5
108648.9,22.7,24.1,-999,22.8
108658.9,22.2,23.7,-999,22.1
108668.9,22.7,24.6,-999,22.4
108679,22.5,25.2,-999,22.1
108689,22.2,24.7,-999,21.7
108699,22.1,24.3,-999,21.9
108709,21.7,23.4,-999,21.7
108719,22.5,25.5,-999,22
108729.1,22.6,24.6,-999,22.3
108739.1,22.2,24.6,-999,21.9
108749.1,22.5,25.6,-999,22.2
108759.1,22.7,24.3,-999,22.7
108769.1,23,24.7,-999,23
108779.2,23.7,25.2,-999,23.4
108789.2,22.8,24.6,-999,22.6
108799.2,22.5,24.2,-999,22.4
108809.3,22.5,24,-999,22.3
108819.3,22.4,23.8,-999,22.2
108829.3,22.4,24,-999,22.4
108839.3,22.8,24.4,-999,22.9
108849.3,22.2,24,-999,22.2
108859.4,22.4,24,-999,22.3
108869.4,22.7,24.7,-999,22.6
108879.4,22.8,24.3,-999,22.8
108889.4,22.9,24,-999,22.9
108899.4,22.7,23.7,-999,22.9
108909.5,22.4,23.6,-999,22.4
108919.5,22.4,24,-999,22.4
108929.5,23,24.5,-999,23.1
108939.5,22.4,23.8,-999,22.2
108949.5,22,23.6,-999,21.9
108959.6,22.2,23.6,-999,21.9
108969.6,22.2,23.8,-999,22.2
108979.6,22.2,23.4,-999,22.1
108989.6,21.8,23.2,-999,21.6
108999.7,22.1,23.8,-999,22.3
109009.7,22.7,24,-999,22.9
109019.7,22.6,24.2,-999,22.9
109029.7,22.2,23.9,-999,22.3
109039.8,22.6,24.8,-999,22.5
109049.8,22.7,24.9,-999,22.9
109059.8,23.1,25.1,-999,22.8
109069.8,22.9,24.9,-999,22.7
109079.8,22.8,25.1,-999,22.8
109089.9,22.3,24.1,-999,21.7
109099.9,22.4,24.5,-999,21.9
109109.9,22.5,25.1,-999,21.9
109120,22.4,24.5,-999,22.3
109130,22.4,24.9,-999,22
109140,22.5,25.3,-999,22.4
109150,23.2,25.9,-999,22.6
109160.1,22.9,25.1,-999,22.9
109170.1,23.3,25.1,-999,22.9
109180.1,23,24.3,-999,22.9
109190.2,23.6,25.8,-999,22.9
109200.2,23.2,25.2,-999,22.7
109210.2,23.1,24.8,-999,23.1
109220.3,23,25.5,-999,22.7
109230.3,22.4,25.2,-999,22.4
109240.3,22.4,24.8,-999,22.6
109250.3,22.6,24.4,-999,22.6
109260.4,22.9,25,-999,22.6
109270.4,22.6,25.5,-999,22.3
109280.4,22.6,24.8,-999,22.5
109290.5,22.9,24.5,-999,22.6
109300.5,22.9,26,-999,22.2
109310.5,23.4,25.6,-999,22.6
109320.5,23.1,25.9,-999,22.3
109330.6,22.3,24.6,-999,21.7
109340.6,22.4,25,-999,22.2
109350.6,22.9,24.7,-999,22.3
109360.7,22.7,24.9,-999,22.2
109370.7,22,24,-999,21.9
109380.7,22,24.2,-999,21.8
109390.7,21.6,23.8,-999,21.5
109400.7,21.5,23.2,-999,21.2
109410.8,21.5,23.4,-999,21.3
109420.8,22.2,24,-999,21.7
109430.8,22.4,24.5,-999,22.4
109440.8,22.1,23.9,-999,22
109450.8,22.5,24.9,-999,22.1
109460.9,22.8,25.4,-999,22.6
109470.9,22.7,24.2,-999,22.8
109480.9,22.9,24.7,-999,22.7
109491,22.7,24.2,-999,22.6
109501,22.7,24.7,-999,22.9
109511,22.7,24.8,-999,23.1
109521,22.9,25.2,-999,22.6
109531,23.1,24.8,-999,22.8
109541.1,22.9,25.5,-999,22.5
109551.1,22.4,24.3,-999,22.4
109561.1,22.9,24.5,-999,22.7
109571.1,23.6,24.9,-999,23.2
109581.2,22.7,24.2,-999,22.8
109591.2,23,24.9,-999,22.8
109601.3,23.5,24.9,-999,23
109611.3,22.9,25,-999,22.5
109621.3,22.7,24.3,-999,22.1
109631.3,22.9,24.7,-999,22.5
109641.4,22.8,24.9,-999,22.6
109651.4,22.6,25,-999,22.2
109661.4,22.3,24.4,-999,22.2
109671.4,22.2,24.4,-999,22.4
109681.4,22.4,24.3,-999,22.2
109691.4,22.2,23.3,-999,22.3
109701.5,21.8,23.3,-999,21.8
109711.5,21.9,24,-999,21.8
109721.5,22.5,24.7,-999,22.3
109731.6,22.9,24.7,-999,22.8
109741.6,23.3,25.5,-999,22.9
109751.6,22.6,25,-999,22.3
109761.6,22.4,24.7,-999,22.4
109771.6,23.7,26.2,-999,23
109781.6,23.7,26.4,-999,22.8
109791.7,23.1,25.2,-999,23.1
109801.7,22.7,24.1,-999,22.6
109811.7,22.9,24.5,-999,23
109821.7,22.3,23.8,-999,22.4
109831.8,22.1,23.4,-999,22
109841.8,22.2,24.3,-999,22.1
109851.8,22.5,24.1,-999,22.4
109861.8,22.4,24,-999,22.3
109871.8,22.2,24.7,-999,23.6
109881.9,22.7,24,-999,23
109891.9,22.5,23.4,-999,22.7
109901.9,22.2,23.1,-999,22.1
109912,21.7,22.8,-999,21.7
109922,21.8,22.9,-999,21.8
109932,22.2,23.1,-999,22.4
