# Date Created: 21-Feb-2023 (10:40:05),,,,
Elapsed [s],T1 [C],T2 [C],T3 [C],T4 [C]
5.2,-37.9,999,-38.6,-38.1
10.3,-37.9,999,-38.6,-38
15.3,-37.9,999,-38.6,-38
20.3,-37.9,999,-38.6,-38
25.3,-37.9,999,-38.6,-38
30.3,-37.9,999,-38.6,-38
35.3,-37.9,999,-38.6,-38
40.3,-37.9,999,-38.6,-38
45.3,-37.9,999,-38.6,-38
50.3,-37.9,999,-38.5,-37.9
55.4,-37.9,999,-38.5,-38
60.4,-37.8,999,-38.4,-38
65.4,-37.8,999,-38.4,-38
70.4,-37.8,999,-38.5,-37.9
75.4,-37.8,999,-38.4,-37.9
80.4,-37.8,999,-38.4,-37.9
85.4,-37.8,999,-38.4,-37.9
90.5,-37.8,999,-38.4,-37.9
95.5,-37.7,999,-38.4,-37.9
100.5,-37.7,999,-38.4,-37.9
105.5,-37.7,999,-38.3,-37.9
110.5,-37.7,999,-38.3,-37.9
115.5,-37.6,999,-38.3,-37.8
120.6,-37.6,999,-38.3,-37.8
125.6,-37.7,999,-38.2,-37.8
130.6,-37.6,999,-38.2,-37.8
135.6,-37.6,999,-38.2,-37.8
140.6,-37.6,999,-38.2,-37.8
145.6,-37.5,999,-38.2,-37.8
150.7,-37.5,999,-38,-37.7
155.7,-37.5,999,-38.1,-37.7
160.7,-37.5,999,-38,-37.6
165.7,-37.4,999,-38,-37.6
170.7,-37.3,999,-37.9,-37.6
175.7,-37.3,999,-37.9,-37.5
180.7,-37.1,999,-37.7,-37.4
185.7,-37.1,999,-37.6,-37.3
190.7,-36.9,999,-37.5,-37.2
195.7,-36.7,999,-37.2,-37
200.8,-36.4,999,-37,-36.8
205.8,-36.1,999,-36.5,-36.5
210.8,-35.6,999,-36.2,-36.1
215.8,-35.2,999,-35.8,-35.8
220.8,-34.8,999,-35.4,-35.4
225.8,-34.5,999,-35.1,-35.1
230.9,-34.1,999,-34.6,-34.4
235.9,-33.7,999,-34,-34.1
240.9,-33.4,999,-33.7,-33.8
245.9,-33,999,-33.3,-33.4
250.9,-32.7,999,-33,-33.1
255.9,-32.4,999,-32.7,-32.8
260.9,-32,999,-32.5,-32.5
266,-31.7,999,-32.1,-32.1
271,-31.2,999,-31.9,-31.8
276,-30.9,999,-31.6,-31.5
281,-30.5,999,-31.3,-31.3
286,-30.3,999,-31,-31
291,-30,999,-30.8,-30.8
296,-29.8,999,-30.6,-30.4
301.1,-29.6,999,-30.4,-29.9
306.1,-29.3,999,-30,-29.8
311.1,-29.1,999,-29.7,-29.5
316.1,-28.9,999,-29.5,-29.2
321.1,-28.6,999,-29.3,-29.1
326.1,-28.4,999,-29.1,-28.8
331.2,-28.1,999,-28.9,-28.6
336.2,-28,999,-28.8,-28.3
341.2,-27.7,999,-28.6,-28.2
346.2,-27.5,999,-28.4,-27.9
351.2,-27.1,999,-28.2,-27.7
356.2,-26.8,999,-28.1,-27.5
361.2,-26.6,999,-27.9,-27.3
366.3,-26.5,999,-27.7,-27.2
371.3,-26.3,999,-27.6,-26.9
376.3,-26.1,999,-27.4,-26.7
381.3,-26,999,-27.3,-26.3
386.3,-25.8,999,-27.2,-26.1
391.3,-25.6,999,-27.1,-26
396.3,-25.5,999,-26.9,-25.7
401.4,-25.3,999,-26.7,-25.6
406.3,-25.1,999,-26.6,-25.4
411.4,-25,999,-26.5,-25.2
416.4,-24.8,999,-26.3,-25.1
421.4,-24.6,999,-26.3,-25
426.4,-24.5,999,-26.1,-24.7
431.4,-24.4,999,-25.8,-24.6
436.4,-24.3,999,-25.9,-24.4
441.5,-24.1,999,-25.6,-24.3
446.5,-24,999,-25.5,-24.2
451.5,-23.8,999,-25.3,-24
456.5,-23.6,999,-25.3,-23.9
461.5,-23.5,999,-25.1,-23.7
466.5,-23.4,999,-25.1,-23.6
471.5,-23.3,999,-25,-23.4
476.6,-23.2,999,-24.9,-23.3
481.6,-23,999,-24.7,-23.2
486.6,-22.7,999,-24.6,-23.1
491.6,-22.6,999,-24.6,-23
496.6,-22.5,999,-24.4,-22.8
501.6,-22.4,999,-24.3,-22.6
506.7,-22.3,999,-24.2,-22.5
511.7,-22.2,999,-24.2,-22.4
516.7,-22.1,999,-24.1,-22.3
521.7,-21.9,999,-23.9,-22.2
526.7,-21.8,999,-23.9,-22.2
531.8,-21.7,999,-23.8,-21.9
536.7,-21.6,999,-23.7,-21.7
541.7,-21.5,999,-23.6,-21.6
546.7,-21.4,999,-23.6,-21.4
551.7,-21.3,999,-23.5,-21.3
556.8,-21.2,999,-23.4,-21.2
561.8,-21.1,999,-23.3,-21.1
566.8,-20.9,999,-23.2,-21
571.8,-20.9,999,-23.2,-20.9
576.8,-20.7,999,-23.1,-20.7
581.8,-20.6,999,-23,-20.7
586.9,-20.5,999,-22.9,-20.6
591.9,-20.3,999,-22.8,-20.5
596.8,-20.2,999,-22.8,-20.4
601.9,-20.1,999,-22.8,-20.3
606.9,-20,999,-22.7,-20.1
611.9,-19.9,999,-22.6,-20.1
616.9,-19.7,999,-22.5,-20
621.9,-19.7,999,-22.5,-19.8
626.9,-19.5,999,-22.4,-19.7
632,-19.4,999,-22.3,-19.5
637,-19.4,999,-22.3,-19.5
642,-19.3,999,-22.2,-19.3
647,-19.1,999,-22.1,-19.2
652,-19.1,999,-22.1,-19
657,-18.9,999,-22,-18.9
662,-18.8,999,-22,-18.9
667,-18.5,999,-21.9,-18.7
672,-18.5,999,-21.8,-18.6
677,-18.4,999,-21.7,-18.5
682.1,-18.5,999,-21.7,-18.3
687.1,-18.1,999,-21.4,-18.3
692.1,-18.1,999,-21.4,-18.1
697.1,-18,999,-21.3,-18
702.1,-17.9,999,-21.2,-17.9
707.1,-17.8,999,-21.1,-17.8
712.1,-17.7,999,-21.1,-17.4
717.1,-17.6,999,-21.1,-17.3
722.2,-17.6,999,-20.9,-17.2
727.2,-17.4,999,-20.8,-17.1
732.2,-17.3,999,-20.8,-17
737.2,-17.3,999,-20.8,-16.9
742.2,-17.3,999,-20.7,-16.8
747.2,-17.1,999,-20.7,-16.8
752.2,-17.1,999,-20.6,-16.6
757.3,-17,999,-20.6,-16.5
762.3,-16.9,999,-20.5,-16.5
767.3,-16.8,999,-20.5,-16.4
772.3,-16.7,999,-20.4,-16.2
777.3,-16.7,999,-20.3,-16.2
782.4,-16.6,999,-20.3,-16.1
787.4,-16.4,999,-20.2,-16
792.3,-16.4,999,-20.1,-15.9
797.4,-16.3,999,-20,-15.8
802.4,-16.2,999,-20,-15.7
807.4,-16.2,999,-19.9,-15.6
812.4,-16.1,999,-19.9,-15.6
817.4,-16.1,999,-19.8,-15.4
822.4,-15.9,999,-19.7,-15.4
827.4,-15.8,999,-19.7,-15.3
832.5,-15.8,999,-19.6,-15.3
837.5,-15.7,999,-19.6,-15.2
842.5,-15.6,999,-19.4,-15
847.5,-15.5,999,-19.4,-15
852.5,-15.5,999,-19.3,-14.9
857.5,-15.4,999,-19.3,-14.8
862.5,-15.3,999,-19.2,-14.8
867.5,-15.3,999,-19.2,-14.6
872.6,-15.2,999,-19.1,-14.6
877.6,-15.1,999,-19,-14.5
882.6,-15.1,999,-19,-14.3
887.6,-15,999,-19,-14.3
892.6,-14.9,999,-18.8,-14.2
897.6,-14.8,999,-18.8,-14.1
902.7,-14.8,999,-18.7,-14.1
907.6,-14.7,999,-18.6,-14
912.7,-14.6,999,-18.6,-13.9
0.2,-35.2,999,-36.1,-35.4
5.2,-35.2,999,-36.1,-35.4
10.2,-35.2,999,-36.1,-35.5
15.2,-35.3,999,-36.1,-35.4
20.3,-35.3,999,-36.1,-35.4
25.3,-35.3,999,-36.1,-35.4
30.3,-35.3,999,-36.2,-35.5
35.3,-35.3,999,-36.2,-35.5
40.3,-35.4,999,-36.2,-35.5
45.3,-35.4,999,-36.2,-35.5
50.4,-35.4,999,-36.2,-35.6
55.4,-35.4,999,-36.2,-35.6
60.4,-35.4,999,-36.2,-35.7
65.4,-35.5,999,-36.2,-35.6
70.4,-35.5,999,-36.3,-35.7
75.4,-35.5,999,-36.3,-35.7
80.4,-35.5,999,-36.2,-35.7
85.4,-35.5,999,-36.3,-35.8
90.4,-35.5,999,-36.3,-35.8
95.5,-35.5,999,-36.4,-35.7
100.5,-35.6,999,-36.4,-35.8
105.5,-35.6,999,-36.3,-35.8
110.5,-35.5,999,-36.4,-35.8
115.5,-35.6,999,-36.3,-35.8
120.5,-35.6,999,-36.3,-35.8
125.6,-35.6,999,-36.4,-35.8
130.6,-35.5,999,-36.3,-35.8
135.6,-35.6,999,-36.3,-35.8
140.6,-35.6,999,-36.4,-35.8
145.6,-35.7,999,-36.3,-35.8
150.6,-35.6,999,-36.4,-35.7
155.6,-35.6,999,-36.3,-35.8
160.6,-35.6,999,-36.3,-35.8
165.6,-35.5,999,-36.2,-35.7
170.7,-35.5,999,-36.2,-35.7
175.7,-35.5,999,-36.2,-35.7
180.7,-35.5,999,-36.1,-35.7
185.7,-35.4,999,-36.1,-35.6
190.7,-35.3,999,-36,-35.5
195.7,-35.2,999,-35.8,-35.4
200.8,-35.1,999,-35.6,-35.3
205.8,-34.8,999,-35.4,-35.1
210.8,-34.6,999,-35.1,-34.6
215.8,-34.3,999,-34.8,-34.3
220.8,-34.1,999,-34.5,-34
225.8,-33.7,999,-34,-33.7
230.8,-33.4,999,-33.7,-33.4
235.8,-33.1,999,-33.3,-33.1
240.9,-32.7,999,-32.9,-32.8
245.9,-32.4,999,-32.5,-32.4
250.9,-32,999,-32.2,-32
255.9,-31.7,999,-31.9,-31.6
260.9,-31.2,999,-31.4,-31.3
265.9,-30.8,999,-31.1,-30.9
271,-30.5,999,-30.7,-30.3
275.9,-30,999,-30.4,-29.9
280.9,-29.8,999,-29.7,-29.6
285.9,-29.4,999,-29.4,-29.2
291,-29.1,999,-29,-28.8
296,-28.8,999,-28.6,-28.5
301,-28.4,999,-28.3,-28.1
306,-28,999,-27.9,-27.7
311,-27.6,999,-27.6,-27.4
316.1,-27.1,999,-27.1,-27
321.1,-26.7,999,-26.8,-26.6
326.1,-26.4,999,-26.4,-26.3
331.1,-26.1,999,-26.1,-25.7
336.1,-25.8,999,-25.6,-25.4
341.1,-25.6,999,-25.3,-25
346.1,-25.1,999,-24.9,-24.6
351.1,-24.8,999,-24.6,-24.3
356.2,-24.4,999,-24.3,-24
361.2,-24.2,999,-24,-23.6
366.2,-23.9,999,-23.7,-23.4
371.2,-23.5,999,-23.4,-23.1
376.3,-23.2,999,-23.1,-22.7
381.3,-22.7,999,-22.8,-22.3
386.3,-22.7,999,-22.5,-22.1
391.3,-22.1,999,-22.3,-21.6
396.3,-21.9,999,-22.1,-21.3
401.4,-21.7,999,-21.8,-20.9
406.4,-21.4,999,-21.4,-20.7
411.3,-21.2,999,-21.1,-20.4
416.4,-20.8,999,-20.8,-20.1
421.4,-20.6,999,-20.7,-19.8
426.4,-20.4,999,-20.4,-19.5
431.4,-20.1,999,-20.2,-19.3
436.5,-19.9,999,-20,-19
441.5,-19.7,999,-19.8,-18.8
446.5,-19.4,999,-19.6,-18.6
451.5,-19.2,999,-19.4,-18.3
456.5,-19,999,-19.2,-18
461.5,-18.8,999,-19,-17.8
466.5,-18.3,999,-18.8,-17.3
471.6,-18.2,999,-18.6,-17.2
476.5,-17.9,999,-18.4,-16.9
481.5,-17.7,999,-18.3,-16.7
486.6,-17.5,999,-18.1,-16.5
491.6,-17.4,999,-17.9,-16.2
496.6,-17.2,999,-17.7,-16
501.6,-17,999,-17.6,-15.8
506.6,-16.8,999,-17.4,-15.7
511.7,-16.7,999,-17,-15.5
516.7,-16.4,999,-16.9,-15.3
521.7,-16.3,999,-16.7,-15.1
526.6,-16.1,999,-16.6,-14.8
531.7,-16,999,-16.5,-14.8
536.7,-15.8,999,-16.3,-14.5
541.8,-15.7,999,-16.2,-14.3
546.7,-15.5,999,-16,-14.2
551.7,-15.4,999,-16,-14
556.8,-15.2,999,-15.8,-13.8
561.8,-15.1,999,-15.7,-13.7
566.8,-15,999,-15.5,-13.5
571.8,-14.8,999,-15.4,-13.3
576.8,-14.7,999,-15.3,-13
581.8,-14.5,999,-15.2,-12.9
586.9,-14.2,999,-15.1,-12.7
591.9,-14.1,999,-15,-12.6
596.9,-14,999,-14.8,-12.4
601.9,-13.8,999,-14.8,-12.3
606.9,-13.7,999,-14.6,-12.1
611.9,-13.7,999,-14.5,-12.1
616.9,-13.5,999,-14.4,-11.9
621.9,-13.4,999,-14.3,-11.8
627,-13.2,999,-14.2,-11.7
632,-13.2,999,-14.1,-11.5
637,-13.1,999,-14.1,-11.5
642,-13,999,-13.9,-11.3
647,-12.9,999,-13.8,-11.2
652.1,-12.7,999,-13.8,-11.1
657,-12.7,999,-13.7,-11
662,-12.5,999,-13.5,-10.9
667,-12.5,999,-13.5,-10.8
672,-12.4,999,-13.4,-10.7
677.1,-12.3,999,-13.3,-10.6
682.1,-12.2,999,-13.2,-10.4
687.1,-12.1,999,-13.1,-10.3
692.1,-12,999,-12.8,-10.2
697.1,-11.9,999,-12.7,-10.1
702.1,-11.8,999,-12.9,-10
707.2,-11.8,999,-12.6,-10
712.2,-11.7,999,-12.5,-9.8
717.2,-11.6,999,-12.5,-9.7
722.2,-11.5,999,-12.4,-9.7
727.2,-11.4,999,-12.3,-9.5
732.2,-11.3,999,-12.2,-9.4
737.2,-11.3,999,-12.2,-9.4
742.2,-11.2,999,-12.1,-9.3
747.2,-11.1,999,-12,-9.2
752.3,-11,999,-11.9,-8.9
757.3,-11,999,-11.9,-8.8
762.3,-10.9,999,-11.8,-8.8
767.3,-10.9,999,-11.7,-8.6
772.3,-10.7,999,-11.7,-8.5
777.3,-10.7,999,-11.6,-8.4
782.4,-10.7,999,-11.5,-8.4
787.3,-10.6,999,-11.5,-8.2
792.3,-10.5,999,-11.4,-8.2
797.4,-10.4,999,-11.4,-8.1
802.4,-10.4,999,-11.2,-8.1
807.4,-10.3,999,-11.1,-8
812.4,-10.2,999,-11.1,-7.9
817.4,-10.1,999,-11,-7.8
822.5,-10.1,999,-11,-7.7
827.5,-9.8,999,-11,-7.7
832.5,-9.9,999,-10.8,-7.6
837.5,-9.7,999,-10.8,-7.5
842.5,-9.6,999,-10.7,-7.4
847.5,-9.5,999,-10.7,-7.4
852.5,-9.5,999,-10.6,-7.3
857.5,-9.5,999,-10.5,-7.2
862.5,-9.4,999,-10.5,-7.2
867.5,-9.3,999,-10.5,-7.1
872.6,-9.2,999,-10.3,-7
877.6,-9.2,999,-10.3,-7
882.6,-9.1,999,-10.2,-7
887.6,-9.1,999,-10.2,-6.8
892.6,-9,999,-10.1,-6.8
897.7,-9,999,-10,-6.8
902.6,-8.9,999,-10,-6.7
907.7,-8.9,999,-10,-6.6
912.7,-8.8,999,-9.9,-6.5
917.7,-8.8,999,-9.9,-6.4
922.7,-8.7,999,-9.8,-6.4
927.7,-8.7,999,-9.7,-6.3
932.7,-8.6,999,-9.7,-6.2
937.8,-8.6,999,-9.6,-6.2
942.8,-8.5,999,-9.6,-6.1
947.8,-8.5,999,-9.5,-6.1
952.8,-8.4,999,-9.4,-6
957.8,-8.3,999,-9.4,-5.9
0.3,-29,999,-30.4,-29.5
5.3,-29,999,-30.2,-29.6
10.4,-29.1,999,-30.2,-29.6
15.3,-29.1,999,-30.5,-29.6
20.3,-29.2,999,-30.5,-29.7
25.4,-29.2,999,-30.5,-29.8
0.2,-29.9,999,-31.1,-30.6
5.2,-29.9,999,-31.1,-30.4
10.3,-29.9,999,-31.1,-30.7
15.2,-30,999,-31.2,-30.7
20.2,-30,999,-31.2,-30.8
25.3,-30.1,999,-31.3,-30.8
30.3,-30.1,999,-31.3,-30.8
35.3,-30.1,999,-31.3,-30.8
40.3,-30.1,999,-31.3,-30.9
45.3,-30.2,999,-31.3,-30.9
50.3,-30.2,999,-31.3,-30.9
55.4,-30.2,999,-31.4,-30.9
60.4,-30.2,999,-31.4,-31
65.4,-30.3,999,-31.5,-31
70.4,-30.3,999,-31.5,-31
75.4,-30.4,999,-31.5,-31.1
80.4,-30.4,999,-31.5,-31.1
85.4,-30.5,999,-31.6,-31.1
0,-30.5,999,-31.6,-31.2
5.1,-30.5,999,-31.6,-31.2
10.1,-30.5,999,-31.6,-31.2
15.1,-30.6,999,-31.6,-31.2
20.1,-30.6,999,-31.7,-31.3
25.1,-30.6,999,-31.7,-31.3
30.2,-30.6,999,-31.7,-31.3
35.1,-30.7,999,-31.7,-31.4
40.2,-30.7,999,-31.8,-31.4
45.2,-30.7,999,-31.8,-31.4
50.2,-30.7,999,-31.8,-31.4
55.2,-30.8,999,-31.8,-31.5
60.2,-30.8,999,-31.9,-31.4
65.3,-30.8,999,-31.9,-31.5
70.3,-30.9,999,-31.9,-31.5
75.3,-30.9,999,-31.9,-31.5
80.3,-30.9,999,-31.9,-31.5
85.3,-30.9,999,-31.9,-31.5
90.3,-30.9,999,-31.9,-31.6
95.3,-30.9,999,-31.9,-31.5
100.3,-30.9,999,-31.9,-31.6
105.4,-31,999,-32,-31.6
110.4,-31,999,-32,-31.6
115.4,-31,999,-32,-31.6
120.4,-31,999,-32,-31.6
125.4,-31,999,-32,-31.7
130.4,-31,999,-32,-31.7
135.4,-31.1,999,-32,-31.7
140.5,-31.1,999,-32,-31.7
145.5,-31.1,999,-32,-31.7
150.5,-31,999,-32,-31.6
155.5,-31,999,-32,-31.7
160.5,-31,999,-32,-31.6
165.5,-31,999,-31.9,-31.7
170.5,-31,999,-31.9,-31.5
175.6,-31,999,-31.9,-31.6
180.6,-31,999,-31.8,-31.5
185.6,-30.9,999,-31.7,-31.4
190.6,-30.8,999,-31.6,-31.4
195.6,-30.7,999,-31.5,-31.3
200.6,-30.6,999,-31.3,-31.1
205.6,-30.4,999,-31.1,-31
210.6,-30.2,999,-30.8,-30.7
215.7,-29.8,999,-30.5,-30.1
220.7,-29.5,999,-29.9,-29.8
225.7,-29.3,999,-29.5,-29.4
230.7,-28.9,999,-29.2,-29.2
235.7,-28.5,999,-28.8,-28.8
240.7,-28.1,999,-28.5,-28.4
245.8,-27.8,999,-28,-28.1
250.8,-27.4,999,-27.7,-27.7
255.8,-26.8,999,-27.3,-27.4
260.8,-26.4,999,-27.1,-27
265.8,-26.2,999,-26.7,-26.7
270.8,-26,999,-26.4,-26.3
275.8,-25.7,999,-26.2,-25.8
280.8,-25.6,999,-26,-25.6
285.8,-25.3,999,-25.6,-25.5
290.9,-25.2,999,-25.4,-25.3
295.8,-25,999,-25.3,-25.1
300.9,-24.9,999,-25.2,-25
305.9,-24.8,999,-25,-25
310.9,-24.7,999,-25,-24.8
315.9,-24.6,999,-24.9,-24.7
320.9,-24.5,999,-24.9,-24.6
325.9,-24.5,999,-24.7,-24.6
331,-24.4,999,-24.7,-24.5
336,-24.4,999,-24.7,-24.4
341,-24.4,999,-24.6,-24.4
346,-24.3,999,-24.6,-24.3
351,-24.3,999,-24.6,-24.3
356,-24.3,999,-24.6,-24.3
0.2,-34.2,999,-34.6,-34.1
5.3,-34.2,999,-34.4,-34.1
10.3,-34.2,999,-34.4,-34.1
15.3,-34.3,999,-34.4,-34.2
20.3,-34.3,999,-34.7,-34.2
25.3,-34.3,999,-34.7,-34.2
30.3,-34.3,999,-34.7,-34.2
35.3,-34.3,999,-34.7,-34.2
40.4,-34.3,999,-34.7,-34.2
45.4,-34.4,999,-34.7,-34.2
50.4,-34.5,999,-34.5,-34.2
55.4,-34.4,999,-34.8,-34.3
60.4,-34.5,999,-34.8,-34.3
65.4,-34.5,999,-34.6,-34.3
70.5,-34.5,999,-34.6,-34.3
75.5,-34.5,999,-34.8,-34.3
80.5,-34.5,999,-34.8,-34.3
85.5,-34.5,999,-34.8,-34.4
90.5,-34.5,999,-34.8,-34.4
95.5,-34.5,999,-34.9,-34.4
100.5,-34.6,999,-34.8,-34.5
105.6,-34.6,999,-34.9,-34.5
110.6,-34.6,999,-34.9,-34.4
115.6,-34.6,999,-34.9,-34.4
120.6,-34.6,999,-34.9,-34.5
125.6,-34.6,999,-34.9,-34.5
130.7,-34.6,999,-34.9,-34.5
135.7,-34.6,999,-34.9,-34.5
140.7,-34.6,999,-34.9,-34.5
145.7,-34.6,999,-34.9,-34.5
150.7,-34.6,999,-34.8,-34.5
155.7,-34.6,999,-34.8,-34.5
160.7,-34.6,999,-34.8,-34.4
0.2,-34.2,999,-34.2,-34
5.3,-34.2,999,-34.2,-34
10.3,-34.2,999,-34.2,-34
15.3,-34.2,999,-34.1,-34
20.3,-34.2,999,-34.1,-34
25.3,-34.2,999,-34.2,-33.9
30.3,-34.2,999,-34.2,-34
35.3,-34.2,999,-34.2,-34
40.3,-34.2,999,-34.2,-34
45.3,-34.2,999,-34.2,-34
50.4,-34.3,999,-34.2,-34
55.4,-34.2,999,-34.2,-34
60.4,-34.2,999,-34.2,-34
65.4,-34.2,999,-34.2,-34
70.4,-34.3,999,-34.2,-34.1
75.4,-34.3,999,-34.2,-34
80.4,-34.3,999,-34.2,-34.1
85.4,-34.3,999,-34.2,-34
90.4,-34.3,999,-34.2,-34.1
95.5,-34.2,999,-34.2,-34.1
100.5,-34.2,999,-34.2,-34.1
105.5,-34.3,999,-34.2,-34
110.5,-34.2,999,-34.2,-34
115.5,-34.3,999,-34.2,-34
120.6,-34.2,999,-34.2,-34
0.1,-34,999,-33.8,-33.7
5.1,-34,999,-33.7,-33.7
10.1,-34,999,-33.8,-33.6
15.1,-33.9,999,-33.7,-33.6
20.1,-33.9,999,-33.7,-33.5
25.1,-33.9,999,-33.7,-33.5
30.2,-33.9,999,-33.7,-33.5
35.2,-33.9,999,-33.7,-33.5
40.2,-33.9,999,-33.7,-33.5
45.2,-33.8,999,-33.7,-33.5
50.3,-33.8,999,-33.6,-33.4
55.3,-33.8,999,-33.6,-33.4
60.3,-33.8,999,-33.6,-33.4
65.3,-33.8,999,-33.5,-33.3
70.3,-33.8,999,-33.5,-33.3
75.3,-33.8,999,-33.4,-33.3
80.3,-33.7,999,-33.4,-33.3
85.3,-33.6,999,-33.4,-33.2
90.4,-33.7,999,-33.3,-33.2
95.4,-33.6,999,-33.3,-33.1
100.4,-33.6,999,-33.3,-33.1
105.4,-33.6,999,-33.3,-33.1
110.5,-33.6,999,-33.2,-33.1
115.5,-33.4,999,-33.2,-33.1
120.5,-33.5,999,-33.1,-33
125.5,-33.4,999,-33.1,-33
130.5,-33.4,999,-33,-32.8
135.6,-33.4,999,-33,-32.8
140.6,-33.4,999,-33,-32.8
145.6,-33.3,999,-32.9,-32.7
150.6,-33.3,999,-32.9,-32.7
155.6,-33.2,999,-32.8,-32.6
160.6,-33.1,999,-32.8,-32.6
165.6,-33.1,999,-32.7,-32.5
170.6,-33,999,-32.6,-32.4
175.6,-33,999,-32.4,-32.3
180.6,-32.8,999,-32.4,-32.3
185.7,-32.7,999,-32.3,-32.1
190.7,-32.6,999,-32.2,-32
195.7,-32.5,999,-32,-31.9
200.7,-32.3,999,-31.7,-31.6
205.7,-32.1,999,-31.4,-31.4
210.7,-31.6,999,-31.1,-31.1
215.7,-31.2,999,-30.8,-30.8
220.8,-30.9,999,-30.4,-30.1
225.7,-30.5,999,-29.8,-29.7
230.8,-30.1,999,-29.3,-29.4
235.8,-29.7,999,-28.9,-28.9
240.8,-29.3,999,-28.4,-28.5
245.8,-28.8,999,-28,-28
250.9,-28.4,999,-27.7,-27.6
255.9,-27.9,999,-27.1,-27.1
260.9,-27.5,999,-26.7,-26.7
265.9,-26.9,999,-26.3,-26.1
270.9,-26.4,999,-25.6,-25.6
275.9,-26,999,-25,-25.2
280.9,-25.5,999,-24.6,-24.7
286,-25.1,999,-24.2,-24.3
291,-24.7,999,-23.7,-23.8
295.9,-24.1,999,-23.3,-23.3
301,-23.8,999,-22.8,-22.9
306,-23.3,999,-22.3,-22.4
311,-22.9,999,-21.9,-22
316.1,-22.3,999,-21.2,-21.3
321,-21.8,999,-20.9,-20.9
326.1,-21.5,999,-20.4,-20.4
331.1,-21.1,999,-20,-20
336.1,-20.7,999,-19.6,-19.6
341.1,-20.3,999,-19.3,-19.3
346.1,-20.1,999,-19.1,-18.9
351.1,-19.8,999,-18.8,-18.7
356.2,-19.7,999,-18.6,-18.4
361.1,-19.4,999,-18.4,-18.2
366.2,-19.3,999,-18.3,-18.1
371.2,-19.1,999,-18.2,-17.9
376.2,-19,999,-18.1,-17.8
381.2,-18.9,999,-18,-17.4
386.2,-18.8,999,-18,-17.6
391.2,-18.8,999,-17.9,-17.3
396.3,-18.7,999,-17.9,-17.3
401.3,-18.7,999,-17.9,-17.2
406.3,-18.7,999,-17.9,-17.2
411.3,-18.7,999,-17.8,-17.2
416.3,-18.5,999,-17.9,-17.1
421.3,-18.5,999,-17.9,-17.1
426.3,-18.6,999,-17.9,-17.1
431.4,-18.4,999,-17.9,-17.1
436.4,-18.4,999,-18,-17.2
441.4,-18.4,999,-18,-17.1
446.4,-18.4,999,-18,-17.1
451.4,-18.4,999,-18,-17.2
456.4,-18.4,999,-18.1,-17.1
461.5,-18.7,999,-18.1,-17.1
466.5,-18.4,999,-18.1,-17.1
471.5,-18.4,999,-18.1,-17.1
476.5,-18.4,999,-18.1,-17.2
481.5,-18.4,999,-18.1,-17.1
486.5,-18.4,999,-18.2,-17.2
491.5,-18.5,999,-18.2,-17.2
496.5,-18.5,999,-18.2,-17.2
501.6,-18.6,999,-18.2,-17.2
506.6,-18.5,999,-18.3,-17.1
511.6,-18.7,999,-18.3,-17.2
516.6,-18.7,999,-18.3,-17.2
521.6,-18.4,999,-18.3,-17.1
526.6,-18.7,999,-18.4,-17.1
531.7,-18.7,999,-18.3,-17.2
536.6,-18.7,999,-18.4,-17.2
0.1,-37.5,999,-36.9,-36.9
5.2,-37.5,999,-36.9,-36.9
10.2,-37.5,999,-36.9,-37
15.3,-37.5,999,-36.9,-36.9
20.2,-37.5,999,-36.9,-37
25.2,-37.5,999,-36.9,-36.9
30.3,-37.5,999,-36.9,-36.9
35.3,-37.5,999,-36.9,-37
40.3,-37.5,999,-36.9,-37
45.3,-37.5,999,-36.9,-37
50.3,-37.5,999,-36.9,-36.9
55.4,-37.5,999,-36.9,-37
60.4,-37.5,999,-36.9,-36.9
65.4,-37.5,999,-36.9,-36.9
70.4,-37.5,999,-36.9,-36.9
75.4,-37.5,999,-36.9,-36.9
80.4,-37.5,999,-36.9,-36.9
85.4,-37.5,999,-36.8,-36.9
90.4,-37.5,999,-36.8,-36.9
95.4,-37.5,999,-36.8,-36.9
100.4,-37.5,999,-36.8,-36.9
105.5,-37.5,999,-36.8,-36.9
110.5,-37.5,999,-36.8,-36.8
115.5,-37.4,999,-36.8,-36.8
120.5,-37.4,999,-36.7,-36.8
125.5,-37.4,999,-36.7,-36.8
130.5,-37.4,999,-36.7,-36.8
135.5,-37.4,999,-36.7,-36.7
140.5,-37.3,999,-36.7,-36.7
145.5,-37.4,999,-36.6,-36.6
150.6,-37.3,999,-36.5,-36.6
155.6,-37.2,999,-36.5,-36.5
160.6,-37.2,999,-36.5,-36.6
165.5,-37.1,999,-36.4,-36.5
170.6,-37.1,999,-36.3,-36.4
175.6,-37,999,-36.2,-36.4
180.6,-36.9,999,-36.1,-36.3
185.6,-36.8,999,-36.1,-36.2
190.6,-36.7,999,-36,-36.1
195.6,-36.7,999,-35.8,-35.9
200.6,-36.4,999,-35.6,-35.8
205.7,-36.2,999,-35.3,-35.5
210.7,-35.6,999,-35,-35.2
215.7,-35.3,999,-34.4,-34.7
220.7,-34.9,999,-34,-34.2
225.7,-34.6,999,-33.5,-33.9
230.8,-34.2,999,-33.1,-33.5
235.7,-33.8,999,-32.6,-33.1
240.8,-33.4,999,-32.3,-32.7
245.8,-33,999,-31.9,-32.2
250.8,-32.7,999,-31.4,-31.8
255.8,-32.1,999,-31.1,-31.4
260.8,-31.5,999,-30.5,-30.8
265.8,-31,999,-29.9,-30.2
270.9,-30.6,999,-29.4,-29.8
275.9,-30.1,999,-28.9,-29.2
280.9,-29.7,999,-28.5,-28.8
285.9,-29.3,999,-27.9,-28.3
290.9,-28.8,999,-27.5,-27.8
295.9,-28.4,999,-27,-27.4
300.9,-27.8,999,-26.6,-27
306,-27.4,999,-26.1,-26.5
310.9,-26.7,999,-25.5,-25.8
316,-26.2,999,-25,-25.3
321,-25.7,999,-24.6,-24.7
326,-25.2,999,-24,-24.4
331,-24.8,999,-23.6,-23.8
336,-24.4,999,-23.1,-23.4
341.1,-24,999,-22.6,-23
346.1,-23.3,999,-22.2,-22.4
351.1,-22.7,999,-21.8,-21.8
356.1,-22.4,999,-21.1,-21.3
361.1,-21.9,999,-20.7,-20.9
366.1,-21.5,999,-20.2,-20.4
371.1,-21,999,-19.7,-20
376.1,-20.6,999,-19.3,-19.6
381.1,-20.2,999,-18.9,-19.1
386.2,-19.7,999,-18.5,-18.6
391.2,-19.4,999,-18.1,-18.1
396.2,-18.9,999,-17.7,-17.8
401.2,-18.3,999,-17.1,-17.2
406.2,-17.9,999,-16.8,-16.7
411.3,-17.6,999,-16.4,-16.4
416.3,-17.2,999,-16,-15.9
421.3,-16.8,999,-15.7,-15.6
426.3,-16.4,999,-15.3,-15.3
431.3,-16.1,999,-15,-14.8
436.3,-15.8,999,-14.8,-14.5
441.3,-15.5,999,-14.4,-14.1
446.3,-15.1,999,-14.1,-13.8
451.3,-14.8,999,-13.8,-13.3
456.3,-14.5,999,-13.5,-13
461.3,-13.9,999,-13,-12.6
466.3,-13.6,999,-12.7,-12.3
471.4,-13.4,999,-12.5,-11.9
476.4,-13.1,999,-12.2,-11.7
481.4,-12.8,999,-11.9,-11.3
486.4,-12.5,999,-11.7,-11.1
491.4,-12.2,999,-11.3,-10.8
496.4,-12,999,-11.1,-10.4
501.4,-11.8,999,-11,-10.2
506.4,-11.5,999,-10.8,-10
511.5,-11.3,999,-10.8,-9.9
516.5,-11.4,999,-10.8,-9.9
521.5,-11.4,999,-10.8,-9.8
526.5,-11.3,999,-10.8,-9.7
531.5,-11.4,999,-10.9,-9.8
536.5,-11.4,999,-11,-9.9
541.5,-11.5,999,-11,-9.9
546.6,-11.5,999,-11.1,-10
551.6,-11.5,999,-11.1,-10
556.6,-11.5,999,-11.2,-10
561.6,-11.5,999,-11.2,-10
566.6,-11.5,999,-11.2,-9.9
571.6,-11.4,999,-11.2,-10
576.6,-11.5,999,-11.3,-10
581.6,-11.5,999,-11.3,-9.9
586.7,-11.4,999,-11.3,-9.9
591.7,-11.5,999,-11.4,-10
596.7,-11.5,999,-11.4,-10
601.7,-11.5,999,-11.4,-10
606.7,-11.6,999,-11.5,-10
611.7,-11.6,999,-11.6,-10.1
616.8,-11.6,999,-11.6,-10.1
621.7,-11.6,999,-11.7,-10.1
626.8,-11.6,999,-11.7,-10.2
631.8,-11.6,999,-11.7,-10.1
636.8,-11.5,999,-11.7,-10.1
641.8,-11.6,999,-11.7,-10.1
646.8,-11.6,999,-11.7,-10.1
651.8,-11.6,999,-11.7,-10.1
656.8,-11.6,999,-11.7,-10.1
661.9,-11.6,999,-11.7,-10.1
666.9,-11.6,999,-11.7,-10.1
671.9,-11.5,999,-11.7,-10.1
676.9,-11.5,999,-11.7,-10.1
681.9,-11.5,999,-11.7,-10
686.9,-11.5,999,-11.7,-10
691.9,-11.5,999,-11.7,-10.1
697,-11.5,999,-11.8,-10
701.9,-11.5,999,-11.8,-10
706.9,-11.5,999,-11.7,-10.1
712,-11.5,999,-11.7,-10
717,-11.5,999,-11.7,-10.1
722,-11.4,999,-11.7,-10.1
727,-11.4,999,-11.7,-10
732,-11.5,999,-11.7,-10
737.1,-11.4,999,-11.7,-10
742.1,-11.3,999,-11.7,-10
747,-11.3,999,-11.6,-9.9
752.1,-11.3,999,-11.6,-9.8
757.1,-11.2,999,-11.6,-9.9
762.1,-11.2,999,-11.6,-9.8
767.1,-11.2,999,-11.6,-9.8
772.1,-11.3,999,-11.6,-9.8
777.2,-11.2,999,-11.6,-9.9
782.2,-11.2,999,-11.6,-9.8
787.2,-11.2,999,-11.6,-9.9
792.2,-11.2,999,-11.7,-9.9
797.2,-11.3,999,-11.7,-9.8
802.2,-11.3,999,-11.6,-9.8
807.2,-11.2,999,-11.6,-9.8
812.3,-11.3,999,-11.7,-9.9
817.3,-11.3,999,-11.6,-9.9
822.2,-11.2,999,-11.6,-9.9
827.3,-11.2,999,-11.6,-9.8
832.3,-11.2,999,-11.6,-9.9
837.3,-11.2,999,-11.6,-9.9
842.3,-11.2,999,-11.6,-9.8
847.3,-11.1,999,-11.6,-9.8
852.3,-11.2,999,-11.6,-9.8
857.3,-11.1,999,-11.6,-9.8
862.4,-11.1,999,-11.5,-9.8
867.4,-11.1,999,-11.6,-9.8
872.4,-11.2,999,-11.5,-9.9
877.4,-11.1,999,-11.6,-9.8
882.4,-11.1,999,-11.6,-9.8
887.5,-11.2,999,-11.6,-9.8
892.5,-11.1,999,-11.6,-9.8
897.5,-11.2,999,-11.5,-9.9
902.5,-11.2,999,-11.6,-9.8
907.5,-11.1,999,-11.6,-9.8
912.5,-11.2,999,-11.5,-9.8
917.5,-11.1,999,-11.6,-9.8
922.6,-11.1,999,-11.5,-9.8
927.6,-11.1,999,-11.5,-9.8
932.6,-11,999,-11.5,-9.8
937.6,-11.1,999,-11.5,-9.9
942.6,-11,999,-11.5,-9.8
947.7,-11,999,-11.5,-9.7
952.7,-11,999,-11.5,-9.8
957.7,-11,999,-11.5,-9.7
962.7,-11,999,-11.5,-9.8
967.7,-11,999,-11.5,-9.8
972.7,-11,999,-11.5,-9.8
977.7,-11,999,-11.5,-9.7
982.7,-11,999,-11.5,-9.7
987.8,-11,999,-11.5,-9.7
992.8,-11,999,-11.5,-9.7
997.8,-11,999,-11.5,-9.8
1002.8,-11,999,-11.5,-9.8
1007.8,-11,999,-11.5,-9.8
1012.8,-11,999,-11.5,-9.8
1017.8,-11,999,-11.5,-9.8
1022.8,-11,999,-11.5,-9.7
1027.8,-11,999,-11.4,-9.8
1032.8,-11,999,-11.4,-9.7
1037.9,-11,999,-11.5,-9.8
1042.9,-11,999,-11.4,-9.7
1047.9,-11,999,-11.4,-9.7
1052.9,-11,999,-11.4,-9.7
0.1,-37.5,999,-36.8,-37
5.2,-37.5,999,-36.8,-37.1
10.2,-37.5,999,-36.9,-37.1
15.2,-37.5,999,-36.8,-37
20.3,-37.5,999,-36.8,-37.1
25.3,-37.5,999,-36.8,-37.1
30.3,-37.5,999,-36.8,-37.1
35.3,-37.5,999,-36.8,-37.1
40.3,-37.5,999,-36.8,-37.1
45.3,-37.5,999,-36.8,-37
50.3,-37.5,999,-36.8,-37.1
55.3,-37.5,999,-36.8,-37.1
60.4,-37.5,999,-36.9,-37.1
65.4,-37.5,999,-36.8,-37.1
70.4,-37.5,999,-36.9,-37.1
75.4,-37.5,999,-36.9,-37.1
80.4,-37.5,999,-36.9,-37
85.4,-37.5,999,-36.9,-37
90.4,-37.5,999,-36.9,-37.1
95.5,-37.5,999,-36.8,-37.1
100.4,-37.5,999,-36.8,-37.1
105.5,-37.5,999,-36.8,-37.1
110.5,-37.5,999,-36.8,-37.1
115.5,-37.5,999,-36.8,-37
120.5,-37.5,999,-36.8,-37
125.5,-37.5,999,-36.8,-37
130.5,-37.5,999,-36.8,-37.1
135.6,-37.5,999,-36.8,-37.1
140.6,-37.5,999,-36.8,-37
145.6,-37.5,999,-36.8,-37
150.6,-37.4,999,-36.7,-36.9
155.6,-37.5,999,-36.7,-36.9
160.6,-37.4,999,-36.7,-36.9
165.6,-37.4,999,-36.7,-36.9
170.7,-37.4,999,-36.6,-36.9
175.7,-37.3,999,-36.6,-36.8
180.7,-37.2,999,-36.5,-36.8
185.7,-37.2,999,-36.4,-36.7
190.7,-37.1,999,-36.2,-36.6
195.7,-37,999,-36.1,-36.5
200.7,-36.8,999,-35.9,-36.3
205.7,-36.5,999,-35.5,-36.1
210.7,-36,999,-35.2,-35.8
215.8,-35.7,999,-34.9,-35.5
220.8,-35.4,999,-34.2,-34.9
225.8,-34.9,999,-33.9,-34.5
230.8,-34.6,999,-33.4,-34.1
235.8,-34.2,999,-33,-33.8
240.9,-33.8,999,-32.5,-33.4
245.9,-33.4,999,-32.2,-32.9
250.9,-33,999,-31.6,-32.6
255.9,-32.6,999,-31.2,-32.1
260.9,-32.1,999,-30.8,-31.7
265.9,-31.4,999,-30,-31.1
270.9,-31,999,-29.6,-30.6
275.9,-30.6,999,-29.1,-30.1
280.9,-30.1,999,-28.6,-29.7
285.9,-29.7,999,-28,-29.2
291,-29.2,999,-27.6,-28.7
296,-28.7,999,-27.1,-28.3
301,-28.2,999,-26.6,-27.7
306,-27.8,999,-26.1,-27.3
311,-27.3,999,-25.3,-26.7
316,-26.6,999,-25,-26.3
321.1,-26.2,999,-24.4,-25.6
326.1,-25.6,999,-23.9,-25.1
331,-25.2,999,-23.4,-24.6
336.1,-24.8,999,-23,-24.1
341.1,-24.3,999,-22.5,-23.7
346.1,-23.8,999,-22,-23.1
351.1,-23.3,999,-21.7,-22.7
356.1,-22.6,999,-21,-22.3
361.2,-22.1,999,-20.5,-21.5
366.2,-21.7,999,-20.1,-21.1
371.2,-21.3,999,-19.5,-20.6
376.2,-20.8,999,-19.1,-20.1
381.2,-20.3,999,-18.5,-19.7
386.2,-19.8,999,-18.2,-19.2
391.2,-19.4,999,-17.7,-18.8
396.3,-19,999,-17.4,-18.3
401.2,-18.5,999,-16.7,-17.7
406.3,-18,999,-16.2,-17.2
411.3,-17.5,999,-15.9,-16.8
416.3,-17.1,999,-15.4,-16.4
421.3,-16.8,999,-15.1,-15.9
426.3,-16.4,999,-14.8,-15.5
431.3,-16,999,-14.3,-15.1
436.4,-15.6,999,-14,-14.7
441.4,-15.3,999,-13.6,-14.3
446.3,-15,999,-13.4,-13.9
451.4,-14.6,999,-12.8,-13.4
456.4,-14.1,999,-12.5,-12.9
461.4,-13.7,999,-12.3,-12.5
466.4,-13.4,999,-12,-12.1
471.4,-13.1,999,-11.7,-11.8
476.4,-12.7,999,-11.4,-11.4
481.5,-12.5,999,-11.1,-11.2
486.5,-12.2,999,-10.8,-10.7
491.5,-11.9,999,-10.6,-10.4
496.5,-11.6,999,-10.3,-10.1
501.4,-11.2,999,-10.1,-9.7
506.5,-11,999,-9.9,-9.5
511.5,-10.7,999,-9.6,-9
516.5,-10.4,999,-9.4,-8.8
521.5,-10.2,999,-9.1,-8.5
526.6,-9.7,999,-8.9,-8.1
531.5,-9.5,999,-8.5,-8
536.6,-9.2,999,-8.2,-7.7
541.6,-9,999,-8.1,-7.5
546.6,-8.8,999,-8,-7.3
551.6,-8.6,999,-7.8,-7.2
556.6,-8.5,999,-7.8,-7
561.6,-8.4,999,-7.8,-6.9
566.7,-8.4,999,-7.8,-6.9
571.7,-8.3,999,-7.8,-6.9
576.7,-8.3,999,-7.8,-6.9
581.7,-8.3,999,-7.8,-6.9
586.7,-8.3,999,-7.9,-6.9
591.7,-8.3,999,-8,-6.9
596.7,-8.3,999,-8.1,-7
601.7,-8.4,999,-8.2,-7.1
606.8,-8.4,999,-8.3,-7.1
611.8,-8.4,999,-8.4,-7.2
616.8,-8.5,999,-8.4,-7.2
621.8,-8.6,999,-8.8,-7.3
626.8,-8.6,999,-8.6,-7.4
631.8,-8.7,999,-9.1,-7.4
636.9,-8.8,999,-9.1,-7.5
641.8,-8.8,999,-9.2,-7.7
646.9,-8.9,999,-9.4,-7.7
651.9,-8.9,999,-9.4,-7.9
656.9,-9,999,-9.6,-7.9
661.9,-9.1,999,-9.7,-8
666.9,-9.2,999,-9.7,-8.1
671.9,-9.2,999,-9.8,-8.1
676.9,-9.2,999,-9.9,-8.2
682,-9.3,999,-9.9,-8.2
687,-9.3,999,-10.1,-8.3
692,-9.2,999,-10.1,-8.3
697,-9.2,999,-10.1,-8.4
702,-9.2,999,-10.1,-8.4
707,-9.3,999,-10.1,-8.5
712.1,-9.2,999,-10,-8.3
717,-9.2,999,-10,-8.3
722,-9,999,-9.9,-8.2
727,-9,999,-9.8,-8.2
732.1,-9,999,-9.7,-8.2
737.1,-8.9,999,-9.7,-8.1
742.1,-8.8,999,-9.6,-8
747.1,-8.7,999,-9.6,-7.9
752.1,-8.6,999,-9.5,-7.9
757.1,-8.6,999,-9.5,-7.8
762.1,-8.6,999,-9.4,-7.7
767.1,-8.5,999,-9.4,-7.7
772.1,-8.5,999,-9.4,-7.7
777.1,-8.5,999,-9.4,-7.7
782.1,-8.5,999,-9.4,-7.7
787.2,-8.5,999,-9.4,-7.7
792.2,-8.5,999,-9.4,-7.7
797.2,-8.5,999,-9.4,-7.7
802.2,-8.5,999,-9.4,-7.7
807.3,-8.5,999,-9.5,-7.7
812.3,-8.5,999,-9.4,-7.7
817.3,-8.5,999,-9.5,-7.7
822.3,-8.5,999,-9.5,-7.7
827.3,-8.5,999,-9.5,-7.8
832.3,-8.5,999,-9.5,-7.7
837.3,-8.5,999,-9.5,-7.8
842.3,-8.5,999,-9.5,-7.9
847.3,-8.5,999,-9.5,-7.9
852.3,-8.6,999,-9.6,-7.9
857.4,-8.6,999,-9.6,-7.9
862.4,-8.6,999,-9.6,-7.9
867.4,-8.6,999,-9.6,-8
872.4,-8.6,999,-9.6,-7.9
877.4,-8.5,999,-9.6,-7.9
882.5,-8.6,999,-9.7,-7.9
887.5,-8.5,999,-9.7,-7.9
892.5,-8.6,999,-9.6,-8
897.5,-8.6,999,-9.7,-7.9
902.5,-8.6,999,-9.6,-7.9
907.5,-8.6,999,-9.7,-8
912.5,-8.6,999,-9.7,-8
917.5,-8.6,999,-9.7,-8
922.6,-8.6,999,-9.7,-8
927.6,-8.6,999,-9.7,-8
932.6,-8.5,999,-9.7,-8
937.6,-8.6,999,-9.7,-8
942.6,-8.6,999,-9.7,-8.1
947.6,-8.6,999,-9.7,-8
952.6,-8.5,999,-9.7,-8
957.6,-8.6,999,-9.7,-8
962.6,-8.6,999,-9.7,-8
967.7,-8.5,999,-9.7,-8
972.7,-8.5,999,-9.7,-8
977.7,-8.5,999,-9.7,-8
982.7,-8.5,999,-9.7,-8.1
987.7,-8.6,999,-9.7,-8
992.7,-8.5,999,-9.7,-8
997.8,-8.5,999,-9.7,-8
1002.8,-8.5,999,-9.7,-8
1007.8,-8.6,999,-9.7,-8
1012.8,-8.5,999,-9.8,-8
1017.8,-8.5,999,-9.7,-8.1
1022.8,-8.6,999,-9.7,-8.1
1027.8,-8.5,999,-9.7,-8.1
1032.8,-8.5,999,-9.7,-8.1
1037.9,-8.5,999,-9.7,-8
1042.9,-8.5,999,-9.7,-8
1047.9,-8.5,999,-9.7,-8
1052.9,-8.5,999,-9.7,-8.1
1057.9,-8.5,999,-9.7,-8
1063,-8.4,999,-9.7,-8
1068,-8.4,999,-9.6,-8.1
1072.9,-8.3,999,-9.6,-8
1078,-8.4,999,-9.6,-8
1083,-8.4,999,-9.6,-8.1
1088,-8.4,999,-9.6,-8
1093,-8.4,999,-9.6,-8
1098,-8.3,999,-9.6,-8
1103,-8.3,999,-9.6,-8.1
1108.1,-8.3,999,-9.6,-8
1113.1,-8.3,999,-9.6,-8.1
1118.1,-8.3,999,-9.6,-8
1123.1,-8.3,999,-9.5,-8
1128.1,-8.2,999,-9.5,-8
1133.1,-8.3,999,-9.5,-8
1138.2,-8.3,999,-9.5,-8.1
1143.2,-8.2,999,-9.5,-8
1148.2,-8.2,999,-9.5,-8
1153.2,-8.2,999,-9.4,-8
1158.2,-8.2,999,-9.5,-8
1163.3,-8.2,999,-9.5,-8
1168.2,-8.2,999,-9.4,-8
1173.3,-8.2,999,-9.4,-8
1178.3,-8.2,999,-9.4,-8
1183.3,-8.2,999,-9.4,-8
1188.3,-8.2,999,-9.4,-8
1193.3,-8.1,999,-9.5,-8
1198.4,-8.1,999,-9.4,-8
1203.4,-8.1,999,-9.5,-8
1208.3,-8.1,999,-9.4,-8
1213.4,-8.1,999,-9.4,-8
1218.4,-8.1,999,-9.4,-8
1223.4,-8.1,999,-9.4,-8
1228.4,-8.1,999,-9.4,-8
1233.4,-8.1,999,-9.4,-8
1238.5,-8.1,999,-9.4,-8
1243.5,-8.1,999,-9.4,-8
1248.5,-8.1,999,-9.4,-8
1253.5,-8,999,-9.4,-8
1258.5,-8,999,-9.4,-8
1263.6,-8,999,-9.4,-8
1268.5,-8,999,-9.4,-8
1273.5,-8,999,-9.4,-8
1278.6,-8.1,999,-9.4,-8
1283.6,-8,999,-9.4,-7.9
1288.6,-8,999,-9.4,-8
1293.6,-8,999,-9.4,-8
1298.6,-8,999,-9.4,-8
1303.7,-8,999,-9.4,-8
1308.7,-8,999,-9.4,-7.9
1313.7,-8,999,-9.4,-8
1318.7,-8,999,-9.3,-8
1323.7,-8,999,-9.4,-8
1328.8,-8,999,-9.4,-8
1333.8,-8,999,-9.3,-8
1338.7,-8,999,-9.4,-8
1343.7,-7.9,999,-9.3,-8
1348.8,-7.9,999,-9.3,-8
1353.8,-8,999,-9.4,-8
1358.8,-7.9,999,-9.3,-8
1363.8,-7.9,999,-9.3,-8
1368.8,-7.9,999,-9.3,-8
1373.9,-7.9,999,-9.2,-8
1378.9,-7.9,999,-9.2,-8
1383.9,-7.9,999,-9.2,-8
1388.9,-7.9,999,-9.2,-8
1393.9,-7.9,999,-9.2,-8
1399,-7.9,999,-9.2,-8
1403.9,-7.9,999,-9.2,-8
1409,-7.8,999,-9.2,-8
1413.9,-7.8,999,-9.2,-7.9
1419,-7.8,999,-9.2,-8
1424,-7.8,999,-9.2,-8
1429,-7.8,999,-9.2,-8
1434,-7.8,999,-9.2,-8
1439,-7.8,999,-9.1,-8
1444,-7.7,999,-9.2,-8
1449.1,-7.8,999,-9.2,-8
1454.1,-7.7,999,-9.2,-8
1459.1,-7.7,999,-9.2,-8
1464.1,-7.7,999,-9.2,-8
1469.1,-7.7,999,-9.2,-8
1474.1,-7.7,999,-9.2,-8
1479.1,-7.7,999,-9.2,-8
1484.2,-7.6,999,-9.1,-8
1489.2,-7.7,999,-9.2,-8
1494.2,-7.7,999,-9.1,-7.9
1499.2,-7.7,999,-9.1,-7.9
1504.2,-7.7,999,-9.1,-8
1509.2,-7.7,999,-9.1,-8
1514.2,-7.7,999,-9.1,-7.9
1519.2,-7.7,999,-9.1,-8
1524.2,-7.7,999,-9.1,-7.9
1529.3,-7.6,999,-9.1,-7.9
1534.2,-7.6,999,-9.1,-8
1539.3,-7.6,999,-9.1,-7.9
1544.3,-7.6,999,-9.1,-8
1549.3,-7.6,999,-9.1,-7.9
1554.3,-7.6,999,-9.1,-8
1559.3,-7.5,999,-9.1,-8
1564.4,-7.6,999,-9.1,-8
1569.4,-7.6,999,-9.1,-7.9
1574.4,-7.5,999,-9.1,-8
1579.4,-7.6,999,-9.1,-8
1584.4,-7.6,999,-9.1,-7.9
1589.4,-7.5,999,-9.1,-8
1594.4,-7.5,999,-9.1,-8
1599.5,-7.5,999,-9.1,-8
1604.4,-7.6,999,-9.1,-8
1609.5,-7.5,999,-9.1,-8
1614.5,-7.6,999,-9.2,-8
1619.5,-7.6,999,-9.2,-7.9
1624.5,-7.6,999,-9.1,-8
1629.5,-7.5,999,-9.2,-8
1634.5,-7.5,999,-9.1,-8
1639.5,-7.5,999,-9.2,-8
1644.6,-7.5,999,-9.1,-7.9
1649.5,-7.6,999,-9.1,-8
1654.5,-7.5,999,-9.1,-8
1659.6,-7.5,999,-9.1,-8
1664.6,-7.5,999,-9.1,-7.9
1669.6,-7.6,999,-9.1,-8
1674.6,-7.5,999,-9.1,-8
1679.7,-7.5,999,-9.1,-8
1684.7,-7.5,999,-9.1,-8
1689.7,-7.5,999,-9.1,-8
1694.7,-7.5,999,-9.1,-8
1699.7,-7.5,999,-9.1,-8
1704.7,-7.5,999,-9.1,-8
1709.8,-7.5,999,-8.8,-8
1714.8,-7.5,999,-9.1,-8.1
1719.8,-7.4,999,-9.1,-8.1
1724.8,-7.5,999,-9.1,-8
1729.8,-7.4,999,-9,-8.1
1734.8,-7.4,999,-9.1,-8
1739.8,-7.4,999,-9.1,-8.1
1744.9,-7.4,999,-9,-8
1749.9,-7.4,999,-9,-8.1
1754.9,-7.3,999,-9,-8
1759.9,-7.4,999,-8.9,-8
1764.9,-7.3,999,-8.9,-8
1769.9,-7.3,999,-8.9,-8
1774.9,-7.4,999,-8.9,-8
1780,-7.3,999,-8.9,-8
1784.9,-7.3,999,-8.9,-8
1790,-7.3,999,-8.9,-8
1795,-7.3,999,-8.9,-8
1800,-7.2,999,-8.9,-8
1805,-7.3,999,-8.7,-8
1810,-7.3,999,-8.9,-8
1815,-7.2,999,-8.7,-8
1820.1,-7.2,999,-8.7,-8
1825.1,-7.2,999,-8.7,-8
1830.1,-7.2,999,-8.6,-8
1835.1,-7.2,999,-8.6,-8
1840.1,-7.2,999,-8.8,-8
1845.2,-7.2,999,-8.9,-8
1850.1,-7.2,999,-8.9,-8
1855.2,-7.2,999,-8.9,-8
1860.2,-7.1,999,-8.8,-8
1865.2,-7.2,999,-8.7,-8
1870.2,-7.2,999,-8.8,-8
1875.2,-7.1,999,-8.8,-8
1880.3,-7.1,999,-8.8,-8
1885.3,-7.2,999,-8.8,-8
1890.3,-7.1,999,-8.6,-8
1895.3,-7.1,999,-8.6,-7.9
1900.3,-7.1,999,-8.8,-8
1905.3,-7.1,999,-8.8,-8
1910.3,-7.1,999,-8.6,-8
1915.4,-7.1,999,-8.6,-8
1920.3,-7.1,999,-8.8,-7.9
1925.4,-7.1,999,-8.6,-7.9
1930.4,-7.1,999,-8.8,-8
1935.4,-7.1,999,-8.8,-7.9
1940.4,-7.1,999,-8.6,-8
1945.4,-7.1,999,-8.6,-7.9
1950.4,-7.1,999,-8.6,-7.9
1955.5,-7.1,999,-8.8,-7.9
1960.5,-7.1,999,-8.6,-7.9
1965.4,-7,999,-8.6,-7.9
1970.5,-7.1,999,-8.8,-7.9
1975.5,-7.1,999,-8.6,-7.9
1980.5,-7.1,999,-8.8,-7.9
1985.5,-7.1,999,-8.8,-7.9
1990.6,-7.1,999,-8.6,-7.9
1995.5,-7.1,999,-8.9,-7.9
2000.5,-7.2,999,-8.7,-7.9
2005.6,-7.1,999,-9,-7.9
2010.6,-7.1,999,-8.9,-8
2015.6,-7.1,999,-9,-7.9
2020.6,-7.1,999,-9,-8
2025.6,-7.2,999,-9,-8
2030.6,-7.1,999,-9,-8
2035.6,-7.1,999,-9,-8
2040.7,-7.1,999,-9,-8
2045.6,-7.1,999,-9,-8
2050.6,-7.1,999,-9,-8
2055.6,-7.2,999,-9,-8
2060.7,-7.1,999,-9,-8
2065.7,-7.1,999,-8.9,-8
2070.7,-7.1,999,-8.8,-8
2075.7,-7.1,999,-8.9,-8
2080.7,-7.1,999,-8.9,-8
2085.7,-7,999,-8.9,-8
2090.7,-7.1,999,-8.9,-8
2095.7,-7.1,999,-8.9,-8
2100.7,-7.1,999,-8.9,-8
2105.8,-7.1,999,-8.9,-8
2110.8,-7.1,999,-8.7,-8
2115.9,-7,999,-8.7,-8
2120.8,-7,999,-8.8,-8
2125.9,-7,999,-8.8,-8
2130.9,-7,999,-8.8,-8
2135.9,-7,999,-8.8,-8
2140.9,-7,999,-8.8,-8
2145.9,-7,999,-8.8,-8
2150.9,-7,999,-8.8,-8
2155.9,-7,999,-8.8,-8
2161,-7,999,-8.8,-8
2165.9,-7,999,-8.8,-8
2171,-6.9,999,-8.8,-8
2176,-6.9,999,-8.8,-8
2181,-6.9,999,-8.9,-8
2186,-6.9,999,-8.8,-8
2191,-6.9,999,-8.8,-8
2196,-6.9,999,-8.8,-8
2201,-6.9,999,-8.8,-8
2206.1,-6.9,999,-8.8,-8
2211.1,-6.9,999,-8.5,-8
2216.1,-6.9,999,-8.6,-8
2221.1,-6.9,999,-8.8,-8
2226.1,-6.9,999,-8.5,-8
2231.1,-6.9,999,-8.6,-8
2236.2,-6.9,999,-8.8,-7.9
2241.2,-6.9,999,-8.5,-8
2246.2,-6.8,999,-8.6,-8
2251.2,-6.8,999,-8.7,-8
2256.2,-6.9,999,-8.5,-7.9
2261.2,-6.8,999,-8.5,-8
2266.2,-6.9,999,-8.8,-8
2271.2,-6.9,999,-8.5,-8
2276.3,-6.9,999,-8.8,-8
2281.2,-6.9,999,-8.8,-8
2286.3,-6.9,999,-8.8,-8
2291.3,-6.9,999,-8.8,-8
2296.3,-6.9,999,-8.8,-8
2301.3,-6.9,999,-8.6,-8
2306.3,-6.9,999,-8.6,-8
2311.4,-6.9,999,-8.7,-8
2316.3,-6.9,999,-8.8,-8
2321.4,-6.9,999,-8.8,-8
2326.4,-6.9,999,-8.9,-7.9
2331.4,-6.9,999,-8.9,-7.9
2336.4,-6.9,999,-8.8,-8
2341.4,-6.9,999,-8.6,-8
2346.5,-6.9,999,-8.6,-7.9
2351.4,-6.9,999,-8.8,-8
2356.4,-6.9,999,-8.7,-8
2361.5,-6.9,999,-8.9,-8
2366.5,-6.9,999,-8.6,-8
2371.6,-6.8,999,-8.9,-8
2376.6,-6.9,999,-8.6,-8
2381.5,-6.9,999,-8.8,-8
2386.5,-6.9,999,-8.6,-8
2391.6,-6.9,999,-8.6,-8
2396.6,-6.9,999,-8.8,-8
2401.6,-6.9,999,-8.8,-8
2406.6,-6.9,999,-8.6,-8
2411.7,-6.9,999,-8.8,-8
2416.6,-6.8,999,-8.6,-8
2421.6,-6.8,999,-8.8,-8
2426.6,-6.8,999,-8.8,-8
2431.7,-6.8,999,-8.8,-8
2436.7,-6.8,999,-8.8,-8
2441.8,-6.8,999,-8.8,-8
2446.7,-6.8,999,-8.6,-8
2451.7,-6.9,999,-8.8,-8
2456.8,-6.8,999,-8.6,-8.1
2461.8,-6.8,999,-8.8,-8
2466.8,-6.8,999,-8.6,-8
2471.8,-6.8,999,-8.8,-8.1
2476.8,-6.8,999,-8.8,-8
2481.8,-6.8,999,-8.8,-8
2486.8,-6.8,999,-8.8,-8
2491.8,-6.7,999,-8.8,-8
2496.9,-6.7,999,-8.8,-8
2501.9,-6.8,999,-8.8,-8
2506.9,-6.8,999,-8.5,-8
2511.9,-6.8,999,-8.8,-8
2516.9,-6.7,999,-8.5,-8
2521.9,-6.8,999,-8.5,-8
2527,-6.8,999,-8.7,-8
2531.9,-6.8,999,-8.5,-8
2536.9,-6.8,999,-8.8,-8
2542,-6.7,999,-8.6,-8
2547,-6.8,999,-8.7,-8
2552,-6.8,999,-8.7,-8
2557,-6.8,999,-8.8,-8
2562,-6.7,999,-8.5,-8
2567.1,-6.7,999,-8.8,-8
2572.1,-6.7,999,-8.5,-8
2577.1,-6.7,999,-8.7,-7.9
2582.1,-6.7,999,-8.5,-8
2587.1,-6.7,999,-8.8,-8
2592.2,-6.7,999,-8.8,-8
2597.2,-6.8,999,-8.8,-8
2602.2,-6.7,999,-8.7,-8
2607.2,-6.7,999,-8.8,-8
2612.2,-6.7,999,-8.8,-7.9
2617.3,-6.7,999,-8.5,-8
2622.2,-6.7,999,-8.5,-8
2627.3,-6.7,999,-8.7,-8
2632.2,-6.7,999,-8.7,-8
2637.3,-6.7,999,-8.5,-8
2642.3,-6.7,999,-8.5,-7.9
2647.3,-6.7,999,-8.7,-8
2652.3,-6.7,999,-8.5,-7.9
2657.3,-6.7,999,-8.7,-8
2662.4,-6.7,999,-8.7,-8
2667.4,-6.7,999,-8.5,-8
2672.4,-6.7,999,-8.7,-8
2677.4,-6.7,999,-8.7,-8
2682.4,-6.7,999,-8.7,-8
2687.4,-6.7,999,-8.5,-8
2692.5,-6.7,999,-8.5,-8
2697.5,-6.7,999,-8.5,-8
2702.5,-6.6,999,-8.6,-8
2707.5,-6.6,999,-8.5,-7.9
2712.5,-6.7,999,-8.5,-8
2717.5,-6.7,999,-8.5,-8
2722.5,-6.7,999,-8.7,-8
2727.6,-6.6,999,-8.5,-7.9
2732.6,-6.6,999,-8.5,-7.9
2737.5,-6.6,999,-8.5,-8
2742.6,-6.6,999,-8.7,-8
2747.6,-6.6,999,-8.7,-8
2752.6,-6.6,999,-8.5,-8
2757.6,-6.6,999,-8.4,-8
2762.6,-6.6,999,-8.5,-7.9
2767.6,-6.6,999,-8.5,-7.9
2772.6,-6.6,999,-8.5,-8
2777.7,-6.7,999,-8.5,-8
2782.7,-6.6,999,-8.5,-8
2787.7,-6.6,999,-8.5,-7.9
2792.7,-6.6,999,-8.5,-8
2797.7,-6.7,999,-8.5,-8
2802.7,-6.6,999,-8.5,-8
2807.7,-6.7,999,-8.7,-8
2812.7,-6.7,999,-8.5,-8
2817.7,-6.7,999,-8.5,-8
2822.8,-6.7,999,-8.5,-8
2827.8,-6.7,999,-8.7,-8
2832.8,-6.7,999,-8.7,-8
2837.8,-6.7,999,-8.5,-8
2842.8,-6.7,999,-8.7,-8
2847.9,-6.7,999,-8.7,-8
2852.8,-6.7,999,-8.5,-8
2857.8,-6.7,999,-8.5,-8
2862.9,-6.7,999,-8.5,-8
2867.9,-6.7,999,-8.5,-8
2872.9,-6.6,999,-8.5,-8
2877.9,-6.7,999,-8.5,-8
2883,-6.7,999,-8.7,-8
2888,-6.7,999,-8.7,-8
2893,-6.7,999,-8.7,-8.1
2898,-6.7,999,-8.5,-8.1
2903,-6.7,999,-8.5,-8
2908,-6.7,999,-8.5,-8
2913,-6.6,999,-8.5,-8
2918.1,-6.7,999,-8.4,-8
2923,-6.6,999,-8.5,-8
2928.1,-6.6,999,-8.5,-8.1
2933.1,-6.7,999,-8.7,-8.1
2938.2,-6.7,999,-8.5,-8
2943.1,-6.6,999,-8.4,-8
2948.1,-6.6,999,-8.4,-8
2953.1,-6.6,999,-8.4,-8
2958.2,-6.6,999,-8.4,-8
2963.2,-6.6,999,-8.4,-8
2968.2,-6.6,999,-8.4,-8
2973.2,-6.6,999,-8.4,-8
2978.2,-6.5,999,-8.4,-7.9
2983.2,-6.6,999,-8.4,-8
2988.2,-6.6,999,-8.4,-7.9
2993.3,-6.5,999,-8.4,-8
2998.3,-6.6,999,-8.4,-7.9
3003.3,-6.6,999,-8.4,-8
3008.3,-6.6,999,-8.4,-8
3013.4,-6.6,999,-8.4,-8
3018.4,-6.6,999,-8.4,-8
3023.4,-6.6,999,-8.4,-8
3028.4,-6.5,999,-8.3,-8
3033.4,-6.6,999,-8.4,-7.9
3038.4,-6.5,999,-8.4,-8
3043.4,-6.6,999,-8.4,-8
3048.5,-6.6,999,-8.4,-8
3053.5,-6.6,999,-8.4,-8
3058.4,-6.6,999,-8.4,-8
3063.4,-6.6,999,-8.4,-8
3068.5,-6.6,999,-8.4,-8
3073.5,-6.6,999,-8.4,-8
3078.5,-6.6,999,-8.3,-8
3083.5,-6.6,999,-8.4,-8
3088.5,-6.5,999,-8.4,-8
3093.5,-6.6,999,-8.4,-8
3098.5,-6.6,999,-8.4,-8
3103.6,-6.6,999,-8.3,-8
3108.6,-6.6,999,-8.3,-8
3113.6,-6.6,999,-8.4,-8
3118.6,-6.5,999,-8.4,-8
3123.6,-6.6,999,-8.3,-8
3128.6,-6.6,999,-8.3,-8
3133.6,-6.6,999,-8.3,-8
3138.6,-6.6,999,-8.3,-8
3143.7,-6.6,999,-8.3,-8
3148.7,-6.5,999,-8.3,-8
3153.7,-6.6,999,-8.4,-8
3158.7,-6.6,999,-8.4,-8
3163.7,-6.6,999,-8.4,-8
3168.7,-6.6,999,-8.4,-8
3173.7,-6.6,999,-8.3,-8
3178.7,-6.6,999,-8.3,-8
3183.7,-6.6,999,-8.3,-8
3188.8,-6.6,999,-8.3,-8
3193.8,-6.5,999,-8.3,-8
3198.8,-6.6,999,-8.3,-8
3203.8,-6.6,999,-8.3,-8
3208.8,-6.5,999,-8.3,-8
3213.8,-6.5,999,-8.3,-8
3218.9,-6.6,999,-8.3,-8
3223.9,-6.5,999,-8.3,-8
3228.9,-6.5,999,-8.3,-8
3233.9,-6.5,999,-8.3,-8
3239,-6.6,999,-8.3,-8
3243.9,-6.5,999,-8.3,-8
3248.9,-6.6,999,-8.3,-8
3254,-6.5,999,-8.3,-8
3259,-6.6,999,-8.3,-8
3264,-6.5,999,-8.3,-8
3269,-6.5,999,-8.3,-8
3274,-6.6,999,-8.3,-8
3279,-6.5,999,-8.3,-8
3284,-6.5,999,-8.3,-8
3289,-6.6,999,-8.3,-8
3294.1,-6.5,999,-8.3,-8
3299.1,-6.5,999,-8.3,-8
3304.1,-6.6,999,-8.3,-8
3309.1,-6.6,999,-8.2,-8
3314.1,-6.5,999,-8.3,-8
3319.1,-6.6,999,-8.3,-8
3324.1,-6.5,999,-8.3,-8
3329.2,-6.5,999,-8.2,-8
3334.1,-6.5,999,-8.3,-8
3339.2,-6.6,999,-8.2,-8
3344.2,-6.5,999,-8.3,-8
3349.2,-6.5,999,-8.3,-8
3354.2,-6.5,999,-8.2,-8
3359.3,-6.5,999,-8.3,-8
3364.3,-6.5,999,-8.2,-8
3369.3,-6.5,999,-8.2,-7.9
3374.2,-6.6,999,-8.2,-8
3379.3,-6.5,999,-8.2,-8
3384.3,-6.5,999,-8.2,-8
3389.3,-6.5,999,-8.2,-8
3394.3,-6.5,999,-8.2,-8
3399.3,-6.5,999,-8.2,-8
3404.4,-6.5,999,-8.2,-8
3409.4,-6.6,999,-8.2,-8
3414.4,-6.5,999,-8.2,-8
3419.4,-6.5,999,-8.2,-8
3424.4,-6.5,999,-8.2,-8
3429.4,-6.5,999,-8.2,-8
3434.4,-6.5,999,-8.2,-8
3439.4,-6.5,999,-8.2,-8
3444.4,-6.5,999,-8.2,-8
3449.5,-6.5,999,-8.2,-8
3454.5,-6.5,999,-8.2,-7.9
3459.5,-6.5,999,-8.2,-8
3464.5,-6.5,999,-8.2,-7.9
3469.5,-6.5,999,-8.2,-8
3474.5,-6.5,999,-8.2,-8
3479.6,-6.5,999,-8.2,-8
3484.6,-6.5,999,-8.2,-8
3489.6,-6.5,999,-8.2,-7.9
3494.6,-6.5,999,-8.2,-8
3499.6,-6.5,999,-8.2,-8
3504.6,-6.5,999,-8.2,-8
3509.6,-6.5,999,-8.2,-8
3514.6,-6.5,999,-8.2,-8
3519.6,-6.5,999,-8.2,-8
3524.7,-6.5,999,-8.2,-7.9
3529.7,-6.5,999,-8.2,-8
3534.7,-6.5,999,-8.2,-7.9
3539.7,-6.5,999,-8.2,-8
3544.7,-6.5,999,-8.2,-7.9
3549.7,-6.5,999,-8.2,-8
3554.7,-6.5,999,-8.2,-8
3559.7,-6.5,999,-8.1,-8
3564.8,-6.5,999,-8.2,-8
3569.7,-6.5,999,-8.2,-7.9
3574.7,-6.5,999,-8.2,-8
3579.8,-6.5,999,-8.2,-8
3584.8,-6.6,999,-8.2,-8
3589.8,-6.5,999,-8.2,-8
3594.8,-6.5,999,-8.2,-8
3599.8,-6.5,999,-8.1,-8
3604.8,-6.6,999,-8.2,-8
3609.8,-6.5,999,-8.2,-8
3614.8,-6.5,999,-8.2,-8
3619.8,-6.5,999,-8.2,-7.9
3624.9,-6.6,999,-8.2,-8
3629.9,-6.6,999,-8.2,-8
3634.9,-6.6,999,-8.2,-8
3639.9,-6.6,999,-8.2,-8
3644.9,-6.6,999,-8.2,-8
3650,-6.6,999,-8.2,-8
3655,-6.6,999,-8.2,-8
3660,-6.6,999,-8.2,-8
3665,-6.6,999,-8.2,-8
3670,-6.6,999,-8.2,-8
3675.1,-6.6,999,-8.2,-8
3680,-6.6,999,-8.2,-8
3685.1,-6.6,999,-8.2,-8
3690.1,-6.6,999,-8.2,-8
3695.1,-6.6,999,-8.2,-8
3700.1,-6.6,999,-8.2,-8
3705.1,-6.6,999,-8.2,-8
3710.1,-6.6,999,-8.2,-8
3715.2,-6.7,999,-8.2,-8
3720.2,-6.6,999,-8.2,-8
3725.2,-6.6,999,-8.2,-8
3730.2,-6.6,999,-8.2,-8
3735.2,-6.6,999,-8.2,-8
3740.3,-6.6,999,-8.2,-8
3745.3,-6.6,999,-8.2,-8
3750.2,-6.6,999,-8.2,-8
3755.3,-6.6,999,-8.2,-8
3760.3,-6.6,999,-8.2,-8
3765.3,-6.6,999,-8.2,-8
3770.3,-6.6,999,-8.2,-8
3775.4,-6.6,999,-8.2,-8
3780.4,-6.6,999,-8.2,-8.1
3785.4,-6.6,999,-8.2,-8
3790.4,-6.6,999,-8.2,-8
3795.4,-6.6,999,-8.2,-8
3800.4,-6.6,999,-8.2,-8
3805.5,-6.6,999,-8.2,-8
3810.5,-6.6,999,-8.2,-8
3815.4,-6.6,999,-8.2,-8
3820.5,-6.6,999,-8.2,-8
3825.5,-6.7,999,-8.2,-8
3830.5,-6.6,999,-8.2,-8
3835.5,-6.6,999,-8.2,-8
3840.5,-6.7,999,-8.1,-8
3845.6,-6.6,999,-8.1,-8
3850.6,-6.6,999,-8.2,-8
3855.6,-6.6,999,-8.2,-8
3860.6,-6.6,999,-8.2,-8
3865.6,-6.6,999,-8.2,-8
3870.6,-6.6,999,-8.2,-8
3875.6,-6.6,999,-8.2,-8
3880.7,-6.6,999,-8.2,-8
3885.6,-6.7,999,-8.2,-8
3890.7,-6.6,999,-8.2,-8
3895.7,-6.6,999,-8.1,-8
3900.7,-6.6,999,-8.1,-8
3905.7,-6.6,999,-8.1,-8
3910.7,-6.6,999,-8.1,-8
3915.8,-6.6,999,-8.2,-8
3920.8,-6.6,999,-8.1,-8
3925.8,-6.7,999,-8.1,-8
3930.8,-6.7,999,-8.1,-8
3935.8,-6.6,999,-8.1,-8
3940.8,-6.6,999,-8,-8
3945.9,-6.6,999,-8.1,-8
3950.8,-6.6,999,-8.1,-8
3955.8,-6.6,999,-8.1,-8
3960.9,-6.6,999,-8.1,-8
3965.9,-6.6,999,-8,-8
3970.9,-6.6,999,-8,-7.9
3975.9,-6.7,999,-8.1,-8
3980.9,-6.7,999,-8,-8
3986,-6.6,999,-8,-7.9
3991,-6.6,999,-8,-8
3995.9,-6.6,999,-8.1,-7.9
4001,-6.6,999,-8.1,-8
4006,-6.6,999,-8,-8
4011.1,-6.7,999,-8.1,-8
4016,-6.6,999,-8.1,-8
4021,-6.6,999,-8.1,-7.9
4026.1,-6.7,999,-8.1,-8
4031.1,-6.6,999,-8,-8
4036.1,-6.7,999,-8.1,-8
4041.1,-6.6,999,-8.1,-8
4046.2,-6.7,999,-8,-8
4051.2,-6.6,999,-8.1,-7.9
4056.2,-6.7,999,-8.1,-8
4061.2,-6.7,999,-8,-8
4066.2,-6.7,999,-8,-8
4071.2,-6.7,999,-8,-8
4076.2,-6.7,999,-8,-8
4081.2,-6.6,999,-8,-8
4086.2,-6.6,999,-8,-8
4091.3,-6.7,999,-8,-8
4096.3,-6.6,999,-8,-8
4101.3,-6.7,999,-8,-8
4106.3,-6.7,999,-8.1,-8
4111.3,-6.7,999,-8.1,-8
4116.3,-6.6,999,-8,-8
4121.4,-6.7,999,-8,-8
4126.3,-6.7,999,-8.1,-8
4131.3,-6.7,999,-8,-7.9
4136.4,-6.7,999,-8,-8
4141.4,-6.7,999,-8.1,-8
4146.4,-6.7,999,-8.1,-8
4151.4,-6.7,999,-8.1,-8
4156.4,-6.7,999,-8.1,-7.9
4161.4,-6.7,999,-8.1,-8
4166.4,-6.7,999,-8,-7.9
4171.5,-6.7,999,-8.1,-8
4176.5,-6.7,999,-8.1,-7.9
4181.5,-6.7,999,-8,-8
4186.5,-6.7,999,-8.1,-7.9
4191.5,-6.7,999,-8,-8
4196.5,-6.7,999,-8.1,-7.9
4201.5,-6.7,999,-8.1,-8
4206.6,-6.7,999,-8.1,-8
4211.6,-6.7,999,-8,-8
4216.6,-6.7,999,-8.1,-8
4221.6,-6.7,999,-8.1,-8
4226.6,-6.7,999,-8,-8
4231.6,-6.7,999,-8,-8
4236.6,-6.7,999,-8.1,-7.9
4241.7,-6.7,999,-8,-8
4246.7,-6.7,999,-8,-8
4251.6,-6.7,999,-8,-8
4256.7,-6.7,999,-8,-8
4261.7,-6.7,999,-8,-8
4266.7,-6.7,999,-8,-8
4271.7,-6.7,999,-8,-8
4276.7,-6.7,999,-8.1,-8
4281.8,-6.7,999,-8.1,-8
4286.8,-6.7,999,-8.1,-8
4291.8,-6.7,999,-8,-8
4296.8,-6.8,999,-8,-8
4301.8,-6.7,999,-8,-8
4306.8,-6.7,999,-8,-8
4311.9,-6.7,999,-8.1,-8
4316.8,-6.7,999,-8,-8
4321.9,-6.7,999,-8,-8
4326.8,-6.7,999,-8,-8
4331.9,-6.8,999,-8,-8
4336.9,-6.7,999,-8.1,-8
4341.9,-6.8,999,-8,-8
4346.9,-6.8,999,-8,-8
4352,-6.7,999,-8.1,-8
4357,-6.7,999,-8,-8
4362,-6.8,999,-8.1,-8
4367,-6.7,999,-8,-8
4372,-6.7,999,-8.1,-8
4377,-6.8,999,-8.1,-8
4382,-6.8,999,-8.1,-8.1
4387.1,-6.8,999,-8,-8
4392,-6.8,999,-8,-8
4397,-6.8,999,-8,-8
4402.1,-6.8,999,-8,-8
4407.1,-6.8,999,-8,-8
4412.1,-6.8,999,-8.1,-8
4417.1,-6.8,999,-8,-8
4422.1,-6.8,999,-8,-8
4427.2,-6.8,999,-8.1,-8
4432.2,-6.9,999,-8,-8
4437.2,-6.8,999,-8,-8
4442.1,-6.8,999,-8,-8
4447.2,-6.8,999,-8,-8
4452.2,-6.8,999,-8,-8
4457.2,-6.8,999,-8.1,-8
4462.2,-6.8,999,-8,-8
4467.2,-6.8,999,-8,-8
4472.3,-6.8,999,-8,-8
4477.3,-6.7,999,-8,-8
4482.3,-6.8,999,-8,-8.1
4487.3,-6.8,999,-8,-8
4492.3,-6.8,999,-8.1,-8
4497.4,-6.8,999,-8.1,-8
4502.4,-6.8,999,-8,-8
4507.3,-6.8,999,-8.1,-8
4512.3,-6.8,999,-8.1,-8
4517.4,-6.8,999,-8,-8
4522.4,-6.8,999,-8,-8
4527.4,-6.8,999,-8,-8
4532.4,-6.8,999,-8,-8
4537.4,-6.8,999,-8,-8
4542.4,-6.8,999,-8,-8
4547.4,-6.8,999,-8,-8
4552.5,-6.8,999,-8,-8
4557.5,-6.8,999,-8,-8
4562.5,-6.8,999,-8.1,-8
4567.5,-6.8,999,-8,-8
4572.6,-6.8,999,-8.1,-8
4577.6,-6.8,999,-8,-8
4582.5,-6.8,999,-8,-8
4587.5,-6.7,999,-8,-8
4592.5,-6.8,999,-8,-8
4597.6,-6.8,999,-8,-8
4602.6,-6.8,999,-8,-8
4607.6,-6.8,999,-8,-8
4612.6,-6.8,999,-8,-8
4617.6,-6.8,999,-8,-8
4622.6,-6.8,999,-8,-8
4627.7,-6.8,999,-8,-8
4632.6,-6.8,999,-8,-8
4637.6,-6.8,999,-8,-8
4642.7,-6.8,999,-8,-8
4647.7,-6.8,999,-8,-8
4652.7,-6.8,999,-8,-8
4657.7,-6.8,999,-8,-8
4662.7,-6.8,999,-8,-8
4667.8,-6.8,999,-8,-8
4672.8,-6.8,999,-8,-8
4677.8,-6.8,999,-8,-8
4682.8,-6.8,999,-8,-8
4687.8,-6.8,999,-8,-8
4692.9,-6.8,999,-8,-8
4697.9,-6.8,999,-8,-8
4702.8,-6.8,999,-8,-8
4707.8,-6.8,999,-8,-8
4712.9,-6.8,999,-8,-8
4717.9,-6.8,999,-8,-8
4722.9,-6.8,999,-8,-8
4727.9,-6.8,999,-8,-8
4732.9,-6.8,999,-7.9,-8
4738,-6.8,999,-7.9,-8
4743,-6.8,999,-8,-8
4748,-6.8,999,-8,-8
4753,-6.8,999,-7.9,-7.9
4758,-6.7,999,-8,-8
4763,-6.8,999,-8,-8
4768.1,-6.8,999,-8,-8
4773,-6.8,999,-8,-8
4778.1,-6.8,999,-7.9,-8
4783.1,-6.8,999,-7.9,-8
4788.1,-6.8,999,-8,-8
4793.1,-6.8,999,-7.9,-8
4798.1,-6.8,999,-7.9,-8
4803.1,-6.8,999,-7.9,-7.9
4808.1,-6.8,999,-7.9,-8
4813.2,-6.8,999,-8,-8
4818.2,-6.8,999,-7.9,-8
4823.2,-6.8,999,-7.9,-8
4828.2,-6.8,999,-7.9,-8
4833.2,-6.8,999,-7.9,-8
4838.2,-6.8,999,-7.9,-7.9
4843.2,-6.7,999,-7.9,-8
4848.2,-6.7,999,-8,-7.9
4853.3,-6.8,999,-7.9,-8
4858.3,-6.7,999,-7.9,-7.9
4863.3,-6.7,999,-8,-7.9
4868.3,-6.7,999,-7.9,-8
4873.3,-6.8,999,-7.9,-8
4878.3,-6.8,999,-7.9,-7.9
4883.3,-6.8,999,-7.9,-8
4888.3,-6.8,999,-7.9,-8
4893.4,-6.8,999,-7.9,-8
4898.4,-6.8,999,-7.9,-8
4903.4,-6.7,999,-7.9,-8
4908.4,-6.8,999,-7.9,-8
4913.4,-6.7,999,-7.9,-8
4918.4,-6.8,999,-7.9,-7.9
4923.5,-6.8,999,-7.9,-7.9
4928.5,-6.7,999,-7.9,-8
4933.5,-6.8,999,-7.9,-8
4938.5,-6.7,999,-7.9,-8
4943.5,-6.8,999,-7.9,-7.9
4948.6,-6.7,999,-7.9,-8
4953.5,-6.8,999,-7.9,-8
4958.6,-6.8,999,-7.9,-8
4963.6,-6.8,999,-8,-8
4968.6,-6.8,999,-7.9,-8
4973.6,-6.8,999,-8,-8
4978.6,-6.8,999,-8,-8
4983.6,-6.8,999,-7.9,-8
4988.7,-6.7,999,-8,-8
4993.7,-6.8,999,-7.9,-8
4998.7,-6.8,999,-7.9,-8
5003.7,-6.8,999,-7.9,-8
5008.7,-6.8,999,-7.9,-8
5013.7,-6.8,999,-8,-8
5018.7,-6.8,999,-8,-8
5023.7,-6.8,999,-8,-8
5028.7,-6.8,999,-8,-8
5033.8,-6.8,999,-8,-8
5038.8,-6.8,999,-8,-8
5043.8,-6.8,999,-8,-8
5048.8,-6.8,999,-8,-8
5053.8,-6.8,999,-8,-8
5058.8,-6.8,999,-8,-8
5063.8,-6.8,999,-8,-8
5068.8,-6.8,999,-8,-8
5073.8,-6.8,999,-8,-8
5078.9,-6.8,999,-8,-8
5083.9,-6.8,999,-8,-8
5088.9,-6.8,999,-8,-8
5093.9,-6.8,999,-8,-8
5098.9,-6.8,999,-8,-8
5103.9,-6.8,999,-8,-8
5109,-6.8,999,-8,-8
5114,-6.8,999,-8,-8
5119,-6.8,999,-8,-8
5124,-6.8,999,-8,-8
5129,-6.8,999,-8,-8
5134.1,-6.8,999,-8,-8
5139.1,-6.8,999,-8,-8
5144.1,-6.8,999,-8,-8
5149.1,-6.8,999,-8,-8
5154.1,-6.8,999,-8,-8
5159.1,-6.8,999,-8,-8
5164.1,-6.8,999,-7.9,-8
5169.1,-6.7,999,-8,-8
5174.1,-6.8,999,-8,-8
5179.2,-6.8,999,-8,-8
5184.2,-6.8,999,-8,-8
5189.2,-6.8,999,-7.9,-8.1
5194.2,-6.7,999,-8,-8
5199.2,-6.8,999,-8,-8
5204.2,-6.8,999,-8,-8.1
5209.2,-6.7,999,-8,-8
5214.2,-6.7,999,-7.9,-8
5219.3,-6.7,999,-8,-8
5224.3,-6.7,999,-7.9,-8
5229.3,-6.7,999,-7.9,-8
5234.3,-6.7,999,-7.9,-8
5239.3,-6.7,999,-7.9,-8
5244.3,-6.7,999,-7.9,-8
5249.4,-6.7,999,-7.8,-8
5254.4,-6.7,999,-7.9,-8
5259.4,-6.7,999,-7.8,-8
5264.4,-6.7,999,-7.8,-8
5269.4,-6.7,999,-7.9,-8
5274.4,-6.7,999,-7.8,-8
5279.4,-6.7,999,-7.8,-8
5284.4,-6.7,999,-7.8,-8
5289.5,-6.6,999,-7.8,-8
5294.5,-6.7,999,-7.8,-7.9
5299.5,-6.7,999,-7.8,-7.9
5304.6,-6.7,999,-7.8,-8
5309.5,-6.7,999,-7.8,-8
5314.5,-6.7,999,-7.8,-8
5319.6,-6.7,999,-7.8,-8
5324.6,-6.7,999,-7.8,-8
5329.6,-6.6,999,-7.8,-8
5334.6,-6.7,999,-7.8,-8
5339.6,-6.7,999,-7.8,-8
5344.6,-6.6,999,-7.8,-8
5349.6,-6.7,999,-7.8,-8
5354.6,-6.6,999,-7.8,-8
5359.7,-6.7,999,-7.8,-7.9
5364.7,-6.7,999,-7.8,-8
5369.7,-6.7,999,-7.8,-8
5374.7,-6.7,999,-7.8,-7.9
5379.7,-6.6,999,-7.9,-7.9
5384.7,-6.7,999,-7.8,-8
5389.7,-6.6,999,-7.8,-8
5394.7,-6.7,999,-7.8,-8
5399.8,-6.7,999,-7.8,-8
5404.8,-6.7,999,-7.8,-8
5409.8,-6.7,999,-7.8,-8
5414.8,-6.7,999,-7.8,-7.9
5419.8,-6.7,999,-7.8,-7.9
5424.9,-6.7,999,-7.9,-8
5429.9,-6.6,999,-7.8,-8
5434.9,-6.6,999,-7.9,-8
5439.9,-6.6,999,-7.9,-8
5445,-6.6,999,-7.8,-8
5449.9,-6.6,999,-7.8,-8
5455,-6.6,999,-7.8,-8
5460,-6.6,999,-7.8,-8
5465,-6.7,999,-7.9,-8
5470,-6.6,999,-7.8,-8
5475.1,-6.6,999,-7.9,-8
5480,-6.6,999,-7.8,-8
5485.1,-6.6,999,-7.9,-8
5490.1,-6.6,999,-7.8,-8
5495.1,-6.6,999,-7.9,-8
5500.1,-6.6,999,-7.8,-8
5505.1,-6.6,999,-7.8,-8
5510.2,-6.6,999,-7.8,-7.9
5515.2,-6.7,999,-7.8,-8
5520.2,-6.7,999,-7.8,-8
5525.2,-6.6,999,-7.8,-8
5530.2,-6.6,999,-7.8,-8
5535.2,-6.6,999,-7.8,-8
5540.2,-6.6,999,-7.8,-8
5545.3,-6.7,999,-7.8,-8
5550.3,-6.6,999,-7.8,-8
5555.3,-6.6,999,-7.8,-8
5560.3,-6.6,999,-7.8,-8
5565.3,-6.5,999,-7.8,-8
5570.3,-6.5,999,-7.8,-8
5575.4,-6.6,999,-7.8,-8
5580.4,-6.6,999,-7.8,-8
5585.3,-6.5,999,-7.8,-8
5590.4,-6.5,999,-7.8,-8
5595.4,-6.5,999,-7.8,-8
5600.4,-6.5,999,-7.8,-7.9
5605.4,-6.5,999,-7.8,-8
5610.4,-6.5,999,-7.8,-8
5615.4,-6.5,999,-7.8,-7.9
5620.5,-6.5,999,-7.8,-8
5625.5,-6.5,999,-7.8,-7.9
5630.5,-6.5,999,-7.8,-8
5635.5,-6.5,999,-7.8,-8
5640.5,-6.5,999,-7.8,-8
5645.5,-6.6,999,-7.8,-8
5650.5,-6.5,999,-7.8,-7.9
5655.5,-6.5,999,-7.8,-8
5660.5,-6.5,999,-7.9,-8
5665.5,-6.5,999,-7.8,-8
5670.5,-6.5,999,-7.8,-8
5675.6,-6.6,999,-7.9,-8
5680.6,-6.6,999,-7.8,-8
5685.6,-6.6,999,-7.8,-8
5690.6,-6.5,999,-7.8,-8
5695.6,-6.6,999,-7.8,-8
5700.7,-6.5,999,-7.8,-8
5705.7,-6.6,999,-7.9,-8
5710.7,-6.6,999,-7.9,-8
5715.7,-6.5,999,-7.9,-8
5720.7,-6.5,999,-7.9,-8.1
5725.7,-6.5,999,-7.9,-8
5730.7,-6.5,999,-7.8,-8
5735.7,-6.5,999,-7.9,-8
5740.7,-6.5,999,-7.8,-8
5745.8,-6.5,999,-7.8,-8
5750.8,-6.5,999,-7.9,-8
5755.8,-6.5,999,-7.8,-8.1
5760.8,-6.5,999,-7.9,-8
5765.8,-6.5,999,-7.9,-8
5770.8,-6.5,999,-7.9,-8
5775.8,-6.5,999,-7.9,-8
5780.8,-6.5,999,-7.8,-8
5785.9,-6.5,999,-7.8,-8
5790.9,-6.5,999,-7.8,-8
5795.9,-6.5,999,-7.8,-8
5800.9,-6.5,999,-7.8,-8
5805.9,-6.4,999,-7.8,-8
5810.9,-6.5,999,-7.8,-8
5815.9,-6.4,999,-7.8,-8
5821,-6.4,999,-7.8,-8
5825.9,-6.4,999,-7.8,-8
5831,-6.4,999,-7.8,-8
5836,-6.4,999,-7.8,-8
5841,-6.4,999,-7.7,-8
5846,-6.4,999,-7.7,-8
5851,-6.4,999,-7.8,-8
5856.1,-6.4,999,-7.8,-8
5861.1,-6.4,999,-7.7,-8
5866.1,-6.4,999,-7.7,-8
5871.1,-6.3,999,-7.8,-8
5876.1,-6.4,999,-7.7,-7.9
5881.1,-6.4,999,-7.8,-8
5886.1,-6.4,999,-7.7,-8
5891.1,-6.4,999,-7.7,-8
5896.1,-6.4,999,-7.7,-8
5901.2,-6.4,999,-7.7,-7.9
5906.2,-6.3,999,-7.8,-7.9
5911.2,-6.4,999,-7.8,-8
5916.3,-6.4,999,-7.8,-8
5921.2,-6.4,999,-7.8,-8
5926.2,-6.4,999,-7.8,-8
5931.2,-6.4,999,-7.8,-8
5936.3,-6.4,999,-7.8,-8
5941.3,-6.3,999,-7.8,-8
5946.3,-6.4,999,-7.8,-8
5951.3,-6.4,999,-7.8,-8
5956.3,-6.4,999,-7.8,-8
5961.4,-6.4,999,-7.7,-8
5966.3,-6.4,999,-7.8,-8
5971.4,-6.4,999,-7.7,-8
5976.3,-6.4,999,-7.8,-8
5981.4,-6.4,999,-7.8,-8
5986.4,-6.4,999,-7.8,-8
5991.4,-6.4,999,-7.8,-8
5996.4,-6.4,999,-7.8,-8
6001.5,-6.4,999,-7.7,-8
6006.5,-6.4,999,-7.8,-8
6011.5,-6.4,999,-7.8,-8
6016.5,-6.4,999,-7.8,-8
6021.5,-6.3,999,-7.8,-8
6026.5,-6.3,999,-7.8,-8
6031.6,-6.4,999,-7.7,-8
6036.5,-6.3,999,-7.7,-8
6041.5,-6.4,999,-7.7,-8
6046.5,-6.3,999,-7.7,-8
6051.5,-6.4,999,-7.8,-8
6056.5,-6.3,999,-7.8,-8
6061.6,-6.3,999,-7.8,-8
6066.6,-6.3,999,-7.7,-8.1
6071.6,-6.3,999,-7.7,-8
6076.6,-6.2,999,-7.8,-8
6081.6,-6.3,999,-7.8,-8
6086.6,-6.2,999,-7.7,-8
6091.6,-6.3,999,-7.8,-8
6096.7,-6.3,999,-7.8,-8
6101.7,-6.3,999,-7.8,-8.1
6106.7,-6.3,999,-7.8,-8
6111.7,-6.3,999,-7.7,-8
6116.7,-6.3,999,-7.7,-8
6121.7,-6.2,999,-7.7,-8
6126.8,-6.2,999,-7.7,-8
6131.8,-6.2,999,-7.7,-8
6136.8,-6.2,999,-7.7,-8
6141.8,-6.3,999,-7.7,-8
6146.8,-6.2,999,-7.7,-8
6151.8,-6.2,999,-7.7,-8
6156.8,-6.2,999,-7.7,-8
6161.8,-6.2,999,-7.7,-8
6166.9,-6.2,999,-7.7,-8
6171.9,-6.2,999,-7.7,-8
6176.9,-6.2,999,-7.7,-8
6181.9,-6.3,999,-7.7,-8
6186.9,-6.2,999,-7.7,-8
6191.9,-6.2,999,-7.7,-8
6197,-6.2,999,-7.7,-8
6202,-6.2,999,-7.7,-8
6207,-6.2,999,-7.7,-8
6212,-6.2,999,-7.7,-8
6217,-6.2,999,-7.7,-8
6222,-6.1,999,-7.7,-8
6227,-6.2,999,-7.7,-8
6232,-6.2,999,-7.7,-8
6237.1,-6.2,999,-7.7,-8
6242.1,-6.1,999,-7.7,-8
6247.1,-6.2,999,-7.7,-8
6252.1,-6.2,999,-7.7,-8
6257.1,-6.1,999,-7.7,-8
6262.1,-6.2,999,-7.7,-8
6267.2,-6.2,999,-7.7,-8
6272.1,-6.2,999,-7.7,-8
6277.1,-6.1,999,-7.7,-8
6282.2,-6.1,999,-7.7,-8.1
6287.2,-6.2,999,-7.7,-8
6292.2,-6.1,999,-7.7,-8
6297.2,-6.1,999,-7.7,-8
6302.3,-6.1,999,-7.7,-8
6307.3,-6.1,999,-7.7,-8
6312.3,-6.1,999,-7.7,-8
6317.3,-6.1,999,-7.7,-8
6322.3,-6.2,999,-7.7,-8
6327.3,-6.1,999,-7.7,-8
6332.4,-6.1,999,-7.7,-8
6337.4,-6.1,999,-7.7,-8
6342.4,-6.1,999,-7.6,-8
6347.4,-6.1,999,-7.6,-8
6352.4,-6.1,999,-7.6,-8
6357.4,-6,999,-7.6,-8
6362.4,-6,999,-7.6,-8
6367.4,-6,999,-7.6,-8
6372.5,-6.1,999,-7.6,-8
6377.5,-6,999,-7.6,-7.9
6382.5,-6,999,-7.6,-7.9
6387.5,-6,999,-7.6,-8
6392.5,-6,999,-7.5,-8
6397.6,-6,999,-7.6,-8
6402.5,-6,999,-7.6,-7.9
6407.5,-6,999,-7.6,-8
6412.6,-6.1,999,-7.6,-8
6417.6,-6,999,-7.6,-8
6422.6,-6,999,-7.6,-8
6427.6,-6,999,-7.6,-8
6432.6,-6,999,-7.6,-8
6437.6,-6,999,-7.6,-8
6442.7,-5.9,999,-7.6,-8
6447.7,-6,999,-7.6,-8
6452.7,-6,999,-7.6,-8
6457.7,-6.1,999,-7.6,-8
6462.7,-6,999,-7.5,-8
6467.7,-6,999,-7.6,-8
6472.7,-6.1,999,-7.5,-8
6477.8,-5.9,999,-7.5,-8
6482.8,-6,999,-7.6,-8
6487.8,-6,999,-7.6,-8
6492.8,-6,999,-7.6,-8
6497.8,-6,999,-7.6,-8
6502.8,-6,999,-7.6,-8
6507.8,-6,999,-7.6,-8
6512.9,-6,999,-7.6,-8
6517.9,-5.9,999,-7.6,-8
6522.8,-5.9,999,-7.6,-8
6527.9,-6,999,-7.6,-8
6532.9,-5.9,999,-7.6,-8
6537.9,-5.9,999,-7.6,-8
6542.9,-5.9,999,-7.6,-8
6547.9,-5.9,999,-7.6,-8
6552.9,-5.9,999,-7.5,-8
6558,-5.9,999,-7.5,-8
6563,-5.9,999,-7.6,-8
6568,-5.9,999,-7.6,-8
6573,-5.9,999,-7.5,-8
6578,-5.9,999,-7.5,-8
6583,-5.9,999,-7.6,-8
6588,-5.7,999,-7.5,-8
6593.1,-5.9,999,-7.5,-8
6598.1,-5.9,999,-7.6,-8
6603.1,-5.7,999,-7.5,-8
6608.1,-5.6,999,-7.5,-8
6613.1,-5.7,999,-7.5,-8
6618.1,-5.6,999,-7.5,-8
6623.2,-5.7,999,-7.5,-8
6628.2,-5.9,999,-7.5,-8
6633.2,-5.6,999,-7.5,-8
6638.2,-5.6,999,-7.5,-8
6643.2,-5.6,999,-7.5,-8
6648.2,-5.6,999,-7.5,-8
6653.3,-5.8,999,-7.5,-8
6658.3,-5.6,999,-7.5,-8
6663.3,-5.9,999,-7.4,-8
6668.3,-5.8,999,-7.5,-8
6673.3,-5.8,999,-7.5,-8
6678.3,-5.8,999,-7.5,-8
6683.3,-5.8,999,-7.5,-8
6688.4,-5.8,999,-7.5,-8
6693.4,-5.8,999,-7.5,-8
6698.4,-5.8,999,-7.5,-8
6703.4,-5.6,999,-7.5,-8
6708.4,-5.8,999,-7.5,-8
6713.5,-5.6,999,-7.5,-8
6718.4,-5.6,999,-7.5,-8
6723.4,-5.8,999,-7.5,-8
6728.5,-5.6,999,-7.5,-8
6733.5,-5.6,999,-7.5,-8
6738.5,-5.6,999,-7.5,-8
6743.5,-5.7,999,-7.5,-8
6748.5,-5.8,999,-7.4,-8
6753.6,-5.6,999,-7.5,-8
6758.6,-5.6,999,-7.5,-8
6763.6,-5.7,999,-7.5,-8
6768.6,-5.7,999,-7.5,-8
6773.6,-5.5,999,-7.5,-8
6778.6,-5.7,999,-7.4,-8
6783.6,-5.6,999,-7.5,-8
6788.7,-5.5,999,-7.4,-8
6793.7,-5.7,999,-7.4,-8
6798.7,-5.5,999,-7.4,-8
6803.7,-5.7,999,-7.4,-8
6808.7,-5.5,999,-7.5,-8
6813.7,-5.5,999,-7.4,-8
6818.7,-5.5,999,-7.5,-8
6823.7,-5.4,999,-7.4,-8
6828.8,-5.4,999,-7.4,-8
6833.8,-5.4,999,-7.4,-8
6838.8,-5.5,999,-7.4,-8
6843.8,-5.4,999,-7.4,-8
6848.8,-5.4,999,-7.4,-7.9
6853.8,-5.4,999,-7.4,-8
6858.8,-5.6,999,-7.4,-8
6863.8,-5.6,999,-7.4,-8
6868.9,-5.4,999,-7.4,-8
6873.9,-5.4,999,-7.4,-8
6878.9,-5.6,999,-7.4,-8
6883.9,-5.4,999,-7.4,-8
6888.9,-5.4,999,-7.4,-8
6893.9,-5.4,999,-7.4,-8
6899,-5.4,999,-7.4,-8
6904,-5.4,999,-7.4,-8
6909,-5.4,999,-7.4,-8
6914,-5.4,999,-7.4,-8
6919,-5.4,999,-7.4,-8
6924,-5.4,999,-7.4,-8
6929,-5.4,999,-7.4,-8
6934,-5.4,999,-7.4,-8
6939.1,-5.4,999,-7.4,-8
6944.1,-5.4,999,-7.4,-8
6949.1,-5.4,999,-7.4,-8
6954.1,-5.3,999,-7.4,-8
6959.1,-5.3,999,-7.3,-8
6964.1,-5.3,999,-7.3,-8
6969.2,-5.3,999,-7.4,-8
6974.1,-5.3,999,-7.3,-8
6979.1,-5.3,999,-7.3,-8
6984.2,-5.3,999,-7.3,-8
6989.2,-5.3,999,-7.3,-8
6994.2,-5.3,999,-7.3,-7.9
6999.2,-5.3,999,-7.3,-8
7004.2,-5.3,999,-7.3,-8
7009.2,-5.3,999,-7.3,-7.9
7014.2,-5.3,999,-7.3,-8
7019.3,-5.3,999,-7.3,-7.9
7024.3,-5.3,999,-7.3,-8
7029.3,-5.3,999,-7.3,-8
7034.3,-5.2,999,-7.3,-7.9
7039.3,-5.3,999,-7.3,-8
7044.3,-5.2,999,-7.3,-8
7049.3,-5.3,999,-7.3,-8
7054.3,-5.2,999,-7.3,-8
7059.4,-5.2,999,-7.3,-8
7064.4,-5.2,999,-7.3,-8
7069.4,-5.2,999,-7.3,-8
7074.4,-5.2,999,-7.2,-7.9
7079.4,-5.1,999,-7.3,-8
7084.4,-5.2,999,-7.3,-8
7089.4,-5.1,999,-7.3,-7.9
7094.5,-5.2,999,-7.3,-8
7099.5,-5.2,999,-7.3,-8
7104.5,-5.2,999,-7.2,-8
7109.5,-5.2,999,-7.3,-8
7114.5,-5.2,999,-7.2,-7.9
7119.5,-5.2,999,-7.3,-8
7124.5,-5.1,999,-7.2,-8
7129.5,-5.1,999,-7.2,-8
7134.6,-5.1,999,-7.3,-8
7139.6,-5.1,999,-7.3,-8
7144.6,-5.1,999,-7.3,-7.9
7149.6,-5.1,999,-7.2,-8
7154.6,-5.1,999,-7.3,-8
7159.6,-5.1,999,-7.3,-8
7164.6,-5.1,999,-7.2,-8
7169.6,-5.1,999,-7.2,-8
7174.6,-5.1,999,-7.3,-8
7179.6,-5.1,999,-7.2,-8
7184.7,-5.1,999,-7.3,-8
7189.7,-5.1,999,-7.3,-8
7194.7,-5.1,999,-7.3,-8
7199.7,-5.1,999,-7.3,-8
7204.7,-5.1,999,-7.3,-8
7209.7,-5.1,999,-7.3,-8
7214.7,-5.1,999,-7.3,-8
7219.7,-5.1,999,-7.3,-8
7224.8,-5.1,999,-7.3,-8
7229.8,-5.1,999,-7.3,-8
7234.8,-5.1,999,-7.3,-8
7239.8,-5.1,999,-7.3,-8
7244.8,-5.1,999,-7.3,-8
7249.8,-5.1,999,-7.3,-8
7254.8,-5.1,999,-7.3,-8
7259.8,-5.1,999,-7.2,-8
7264.9,-5.1,999,-7.3,-8
7269.9,-5.1,999,-7.3,-8.1
7275,-5.1,999,-7.3,-8
7279.9,-5,999,-7.3,-8
7284.9,-5.1,999,-7.3,-8
7290,-5.1,999,-7.3,-8
7295,-5.1,999,-7.3,-8
7299.9,-5.1,999,-7.3,-8
7305,-5,999,-7.2,-8
7310,-5,999,-7.3,-8
7315,-5,999,-7.2,-8
7320,-5,999,-7.2,-8
7325,-5,999,-7.2,-8
7330,-5,999,-7.2,-8
7335,-4.9,999,-7.2,-8
7340.1,-4.9,999,-7.2,-8
7345.1,-5,999,-7.2,-8
7350.1,-5,999,-7.2,-8
7355.1,-4.9,999,-7.2,-8
7360.1,-4.9,999,-7.2,-8
7365.1,-4.9,999,-7.2,-8
7370.1,-4.9,999,-7.2,-8
7375.1,-4.9,999,-7.2,-8
7380.2,-4.9,999,-7.2,-8
7385.1,-4.9,999,-7.2,-7.9
7390.2,-4.9,999,-7.2,-8
7395.2,-4.9,999,-7.2,-7.9
7400.2,-4.9,999,-7.2,-8
7405.3,-4.9,999,-7.2,-8
7410.3,-4.9,999,-7.2,-8
7415.2,-4.9,999,-7.2,-8
7420.3,-4.9,999,-7.2,-8
7425.3,-4.9,999,-7.2,-8
7430.3,-4.9,999,-7.2,-8
7435.3,-4.9,999,-7.2,-8
7440.3,-4.9,999,-7.2,-8
7445.3,-4.9,999,-7.2,-8
7450.4,-4.9,999,-7.2,-8
7455.3,-4.9,999,-7.2,-8
7460.4,-4.9,999,-7.2,-8
7465.4,-4.9,999,-7.2,-8
7470.4,-4.9,999,-7.2,-8
7475.4,-4.8,999,-7.2,-8
7480.4,-4.9,999,-7.2,-8
7485.4,-4.9,999,-7.2,-8
7490.4,-4.9,999,-7.2,-8
7495.4,-4.9,999,-7.2,-8
7500.5,-4.9,999,-7.2,-8
7505.5,-4.9,999,-7.2,-8
7510.5,-4.9,999,-7.2,-8
7515.5,-4.9,999,-7.2,-8
7520.5,-4.9,999,-7.2,-8
7525.6,-4.8,999,-7.2,-8
7530.5,-4.8,999,-7.2,-8
7535.5,-4.8,999,-7.2,-8
7540.6,-4.9,999,-7.2,-8
7545.6,-4.8,999,-7.2,-8
7550.6,-4.8,999,-7.2,-8
7555.6,-4.8,999,-7.2,-8
7560.6,-4.8,999,-7.2,-8
7565.7,-4.8,999,-7.2,-8
7570.6,-4.8,999,-7.2,-8
7575.6,-4.7,999,-7.2,-8
7580.7,-4.7,999,-7.2,-8
7585.7,-4.7,999,-7.2,-8
7590.7,-4.7,999,-7.2,-8
7595.7,-4.7,999,-7.2,-8
7600.7,-4.7,999,-7.2,-8
7605.8,-4.7,999,-7.2,-8
7610.8,-4.7,999,-7.2,-8
7615.8,-4.7,999,-7.2,-8
7620.8,-4.8,999,-7.2,-8
7625.8,-4.7,999,-7.2,-8
7630.8,-4.8,999,-7.2,-8
7635.8,-4.8,999,-7.2,-8
7640.8,-4.7,999,-7.2,-8
7645.9,-4.7,999,-7.2,-8
7650.9,-4.7,999,-7.2,-8
7655.9,-4.7,999,-7.2,-8
7660.9,-4.7,999,-7.2,-8
7665.9,-4.7,999,-7.2,-8
7670.9,-4.7,999,-7.2,-8
7675.9,-4.7,999,-7.2,-8
7681,-4.7,999,-7.2,-8
7686,-4.7,999,-7.2,-8
7691,-4.6,999,-7.2,-8
7696,-4.7,999,-7.2,-8
7701,-4.6,999,-7.2,-8
7706,-4.7,999,-7.2,-8
7711,-4.7,999,-7.2,-8
7716,-4.7,999,-7.2,-8
7721,-4.7,999,-7.2,-8
7726.1,-4.6,999,-7.2,-8
7731.1,-4.6,999,-7.2,-8
7736.1,-4.7,999,-7.2,-8
7741.1,-4.6,999,-7.2,-8
7746.2,-4.6,999,-7.2,-8
7751.1,-4.6,999,-7.2,-8
7756.1,-4.6,999,-7.2,-8
7761.1,-4.6,999,-7.2,-8
7766.2,-4.6,999,-7.2,-8
7771.2,-4.6,999,-7.2,-8
7776.2,-4.6,999,-7.2,-8
7781.2,-4.6,999,-7.2,-8
7786.2,-4.6,999,-7.2,-8
7791.2,-4.6,999,-7.1,-8
7796.3,-4.6,999,-7.2,-8
7801.3,-4.6,999,-7.2,-8
7806.3,-4.6,999,-7.2,-8
7811.3,-4.6,999,-7.2,-8
7816.4,-4.6,999,-7.2,-8
7821.3,-4.6,999,-7.2,-8
7826.4,-4.6,999,-7.2,-8
7831.4,-4.6,999,-7.1,-8
7836.4,-4.6,999,-7.2,-8
7841.4,-4.6,999,-7.1,-8
7846.4,-4.6,999,-7.2,-8
7851.4,-4.5,999,-7.1,-8
7856.4,-4.6,999,-7.1,-8
7861.4,-4.5,999,-7.1,-8
7866.4,-4.5,999,-7.1,-8
7871.5,-4.6,999,-7.1,-8
7876.5,-4.5,999,-7.2,-8
7881.5,-4.5,999,-7.1,-8
7886.5,-4.5,999,-7.1,-8
7891.5,-4.5,999,-7.1,-8
7896.5,-4.5,999,-7.1,-8
7901.5,-4.5,999,-7.2,-8
7906.5,-4.5,999,-7.1,-8
7911.5,-4.5,999,-7.2,-8
7916.6,-4.5,999,-7.2,-8
7921.6,-4.5,999,-7.1,-8
7926.6,-4.5,999,-7.1,-8
7931.6,-4.4,999,-7.1,-8
7936.6,-4.4,999,-7.1,-8
7941.7,-4.5,999,-7.2,-8
7946.7,-4.4,999,-7.1,-8
7951.7,-4.4,999,-7.2,-7.9
7956.7,-4.4,999,-7.2,-8
7961.7,-4.5,999,-7.2,-8
7966.7,-4.4,999,-7.1,-8
7971.7,-4.5,999,-7.2,-8
7976.7,-4.5,999,-7.1,-8
7981.8,-4.4,999,-7.1,-8
7986.8,-4.4,999,-7.1,-8
7991.8,-4.4,999,-7.1,-8
7996.8,-4.4,999,-7.2,-8
8001.8,-4.3,999,-7.1,-8
8006.8,-4.4,999,-7.1,-8
8011.8,-4.4,999,-7.1,-8
8016.8,-4.4,999,-7.1,-8
8021.9,-4.4,999,-7.1,-8
8026.8,-4.4,999,-7.1,-7.9
8031.9,-4.3,999,-7.1,-8
8036.9,-4.4,999,-7.1,-8
8041.9,-4.3,999,-7.1,-7.9
8046.9,-4.3,999,-7.1,-8
8051.9,-4.3,999,-7.1,-8
8056.9,-4.3,999,-7.2,-8
8062,-4.3,999,-7.1,-8
8067,-4.3,999,-7.1,-8
8072,-4.3,999,-7.1,-8
8077,-4.3,999,-7.1,-8
8082,-4.3,999,-7.1,-8
8087.1,-4.3,999,-7.2,-8
8092.1,-4.3,999,-7.1,-8
8097.1,-4.3,999,-7.1,-8
8102.1,-4.3,999,-7.1,-8
8107.1,-4.3,999,-7.1,-8
8112.1,-4.3,999,-7.1,-8
8117.1,-4.3,999,-7.1,-8
8122.2,-4.3,999,-7.1,-8
8127.2,-4.3,999,-7.1,-8
8132.2,-4.3,999,-7.1,-7.9
8137.2,-4.3,999,-7.1,-8
8142.2,-4.3,999,-7.1,-8
8147.2,-4.3,999,-7.1,-8
8152.2,-4.3,999,-7,-8
8157.2,-4.3,999,-7,-7.9
8162.2,-4.3,999,-7,-8
8167.3,-4.3,999,-7.1,-8
8172.3,-4.3,999,-7.1,-8
8177.3,-4.3,999,-7,-7.9
8182.3,-4.3,999,-7,-8
8187.3,-4.3,999,-7,-7.9
8192.3,-4.3,999,-7,-8
8197.4,-4.2,999,-7,-8
8202.4,-4.2,999,-7,-8
8207.4,-4.2,999,-7.1,-8
8212.4,-4.2,999,-7,-8
8217.4,-4.2,999,-7.1,-8
8222.4,-4.2,999,-7,-7.9
8227.5,-4.1,999,-7,-7.9
8232.5,-4.2,999,-7,-7.9
8237.5,-4.2,999,-7.1,-8
8242.5,-4.2,999,-7.1,-7.9
8247.5,-4.2,999,-7.1,-8
8252.5,-4.2,999,-7.1,-7.9
8257.5,-4.2,999,-7.1,-8
8262.6,-4.2,999,-7.1,-8
8267.6,-4.2,999,-7.1,-8
8272.6,-4.3,999,-7.1,-8
8277.6,-4.3,999,-7.1,-8
8282.6,-4.2,999,-7.1,-8
8287.6,-4.2,999,-7.1,-8
8292.7,-4.2,999,-7.2,-8
8297.7,-4.2,999,-7.1,-8
8302.7,-4.2,999,-7.1,-8
8307.7,-4.2,999,-7.1,-8
8312.7,-4.2,999,-7.1,-8
8317.7,-4.2,999,-7.1,-8
8322.7,-4.2,999,-7.1,-8
8327.8,-4.2,999,-7.1,-8
8332.8,-4.1,999,-7.1,-8
8337.8,-4.2,999,-7.1,-8
8342.8,-4.1,999,-7.1,-8
8347.8,-4.2,999,-7.1,-8
8352.8,-4.2,999,-7.1,-8
8357.8,-4.1,999,-7.1,-8
8362.8,-4.2,999,-7.1,-8
8367.9,-4.1,999,-7.1,-8
8372.9,-4.1,999,-7.1,-8
8377.9,-4.1,999,-7.1,-8
8382.9,-4.1,999,-7.2,-8
8387.9,-4.1,999,-7.1,-8
8392.9,-4.2,999,-7.1,-8
8397.9,-4.1,999,-7.1,-8
8402.9,-4.1,999,-7.1,-8
8408,-4.1,999,-7.1,-8
8413,-4.1,999,-7.1,-8
8418,-4.1,999,-7.2,-8
8423,-4.1,999,-7.2,-8
8428.1,-4.1,999,-7.2,-8
8433.1,-4.1,999,-7.2,-8
8438.1,-4.1,999,-7.1,-8
8443.1,-4.1,999,-7.1,-8
8448.1,-4.1,999,-7.1,-8
8453.1,-4.1,999,-7.1,-8
8458.1,-4.1,999,-7.2,-8
8463.2,-4.1,999,-7.1,-8
8468.2,-4.1,999,-7.1,-8
8473.2,-4.1,999,-7.1,-8
8478.2,-4.1,999,-7.2,-8
8483.2,-4.1,999,-7.1,-8
8488.2,-4.1,999,-7.1,-8
8493.3,-4.1,999,-7.1,-8
8498.2,-4.1,999,-7.1,-8
8503.3,-4.1,999,-7.1,-8
8508.3,-4.1,999,-7.1,-8
8513.3,-4.1,999,-7.1,-8
8518.3,-4.1,999,-7.1,-8
8523.3,-4.1,999,-7.1,-8
8528.3,-4.1,999,-7.1,-8
8533.4,-4,999,-7.1,-8
8538.3,-4,999,-7.1,-8
8543.4,-4.1,999,-7.1,-8
8548.4,-4.1,999,-7.1,-8
8553.4,-4.1,999,-7.1,-8
8558.4,-4.1,999,-7.1,-8
8563.4,-4.1,999,-7.1,-8
8568.4,-4,999,-7.1,-8
8573.4,-4.1,999,-7.1,-8
8578.5,-4.1,999,-7.1,-8
8583.5,-4,999,-7.1,-8
8588.5,-4.1,999,-7.1,-8
8593.5,-4,999,-7,-8
8598.5,-4,999,-7,-8
8603.5,-4,999,-7.1,-8
8608.6,-4,999,-7.1,-8
8613.5,-4,999,-7.1,-8
8618.6,-4,999,-7.1,-8
8623.6,-4,999,-7.1,-8
8628.6,-4,999,-7.1,-8
8633.6,-4,999,-7.1,-8
8638.6,-4,999,-7,-8
8643.6,-4,999,-7,-8
8648.7,-4,999,-7,-8
8653.7,-3.9,999,-7,-8
8658.7,-4,999,-7,-8
8663.7,-4,999,-7,-8
8668.7,-3.9,999,-7.1,-8
8673.7,-3.9,999,-7,-8
8678.7,-3.9,999,-7.1,-8
8683.8,-3.9,999,-7.1,-8
8688.8,-4,999,-7,-8
8693.8,-3.9,999,-7,-8
8698.8,-3.9,999,-7,-8
8703.8,-3.9,999,-7,-8
8708.8,-3.9,999,-7,-8
8713.8,-3.9,999,-7,-8
8718.8,-3.9,999,-7,-8
8723.8,-3.9,999,-7,-8
8728.8,-3.9,999,-7,-8
8733.8,-3.9,999,-7,-8
8738.8,-3.9,999,-7,-8
8743.9,-3.9,999,-7,-8
8748.9,-3.9,999,-7,-8
8753.9,-3.9,999,-7,-8
8758.9,-3.9,999,-7,-8
8763.9,-3.8,999,-7,-8
8768.9,-3.8,999,-7,-8
8774,-3.8,999,-7,-8
8778.9,-3.8,999,-7,-8
8783.9,-3.8,999,-7,-8
8789,-3.8,999,-7,-8
8794,-3.8,999,-7,-8
8799,-3.8,999,-7,-8
8804,-3.8,999,-7,-8
8809,-3.8,999,-7,-8
8814.1,-3.8,999,-6.9,-8
8819.1,-3.8,999,-7,-8
8824.1,-3.8,999,-7,-8
8829.1,-3.8,999,-7,-8
8834.1,-3.8,999,-7,-8
8839.1,-3.8,999,-7,-8
8844.1,-3.8,999,-7,-8
8849.2,-3.8,999,-7,-8
8854.1,-3.8,999,-7,-8
8859.2,-3.8,999,-7,-8
8864.2,-3.8,999,-7,-8
8869.2,-3.8,999,-6.9,-7.9
8874.2,-3.7,999,-6.9,-7.9
8879.2,-3.8,999,-7,-8
8884.2,-3.8,999,-7,-8
8889.3,-3.8,999,-7,-8
8894.3,-3.8,999,-7,-8
8899.2,-3.8,999,-7,-8
8904.3,-3.8,999,-7,-8
8909.3,-3.8,999,-7,-8
8914.3,-3.8,999,-7,-8
8919.3,-3.8,999,-6.9,-8
8924.4,-3.8,999,-6.9,-7.9
8929.4,-3.7,999,-6.9,-8
8934.4,-3.8,999,-6.9,-7.9
8939.4,-3.8,999,-6.9,-8
8944.4,-3.7,999,-7,-8
8949.4,-3.7,999,-7,-8
8954.5,-3.8,999,-6.9,-8
8959.5,-3.7,999,-7,-8
8964.5,-3.6,999,-6.9,-7.9
8969.5,-3.8,999,-7,-7.9
8974.5,-3.7,999,-6.9,-8
8979.4,-3.6,999,-6.9,-8
8984.5,-3.6,999,-6.9,-8
8989.5,-3.7,999,-7,-8
8994.5,-3.7,999,-6.9,-8
8999.5,-3.6,999,-6.9,-8
9004.5,-3.6,999,-6.9,-8
9009.5,-3.6,999,-6.9,-8
9014.5,-3.7,999,-6.9,-8
9019.6,-3.7,999,-6.9,-8
9024.6,-3.7,999,-6.9,-8
9029.6,-3.7,999,-7,-8
9034.7,-3.7,999,-7,-8
9039.7,-3.6,999,-6.9,-8
9044.6,-3.6,999,-7,-8
9049.7,-3.6,999,-6.9,-8
9054.7,-3.7,999,-6.9,-8
9059.7,-3.6,999,-7,-8
9064.7,-3.7,999,-6.9,-8
9069.7,-3.6,999,-7,-8
9074.7,-3.7,999,-7,-8
9079.8,-3.6,999,-6.9,-8
9084.8,-3.6,999,-7,-8
9089.8,-3.7,999,-7,-8
9094.8,-3.6,999,-7,-8
9099.8,-3.6,999,-7,-8
9104.8,-3.7,999,-7,-8
9109.8,-3.6,999,-7,-8
9114.8,-3.7,999,-7,-8
9119.9,-3.7,999,-7,-8
9124.8,-3.6,999,-7,-8
9129.9,-3.6,999,-7,-8
9134.9,-3.6,999,-7,-8
9139.9,-3.6,999,-7,-8
9145,-3.6,999,-7,-8
9149.9,-3.6,999,-7,-8
9155,-3.6,999,-7,-8
9160,-3.6,999,-7,-8.1
9165,-3.6,999,-7,-8
9170,-3.6,999,-7,-8
9175,-3.6,999,-7,-8
9180,-3.6,999,-7,-8
9185.1,-3.6,999,-7,-8
9190.1,-3.6,999,-7,-8
9195.1,-3.6,999,-7,-8
9200.1,-3.6,999,-6.9,-8
9205.1,-3.6,999,-6.9,-8
9210.2,-3.6,999,-6.9,-8
9215.1,-3.6,999,-6.9,-8
9220.2,-3.6,999,-6.9,-8
9225.2,-3.6,999,-6.9,-8
9230.2,-3.6,999,-6.9,-8
9235.2,-3.6,999,-6.9,-8
9240.2,-3.6,999,-6.9,-8
9245.2,-3.5,999,-6.9,-8
9250.2,-3.6,999,-6.9,-8
9255.2,-3.6,999,-7,-8
9260.3,-3.6,999,-6.9,-8
9265.2,-3.6,999,-6.9,-8
9270.3,-3.6,999,-6.9,-8
9275.3,-3.5,999,-6.9,-8
9280.3,-3.5,999,-6.9,-8
9285.3,-3.5,999,-6.9,-8
9290.3,-3.5,999,-6.9,-7.9
9295.3,-3.5,999,-6.9,-8
9300.4,-3.5,999,-6.9,-8
9305.4,-3.5,999,-6.9,-8
9310.4,-3.5,999,-6.9,-7.9
9315.4,-3.5,999,-6.9,-8
9320.4,-3.5,999,-6.9,-8
9325.4,-3.5,999,-6.9,-7.9
9330.4,-3.5,999,-6.9,-8
9335.4,-3.5,999,-6.9,-8
9340.5,-3.5,999,-6.9,-8
9345.4,-3.5,999,-6.9,-8
9350.5,-3.5,999,-6.9,-8
9355.5,-3.5,999,-7,-8
9360.5,-3.5,999,-7,-8
9365.5,-3.5,999,-7,-8
9370.5,-3.5,999,-6.9,-8
9375.5,-3.5,999,-7,-8
9380.6,-3.5,999,-6.9,-8
9385.6,-3.5,999,-6.9,-7.9
9390.6,-3.5,999,-7,-8
9395.6,-3.5,999,-6.9,-8
9400.7,-3.5,999,-7,-8
9405.6,-3.5,999,-7,-8
9410.6,-3.5,999,-6.9,-8
9415.6,-3.5,999,-6.9,-8
9420.7,-3.5,999,-7,-8
9425.7,-3.5,999,-7,-8
9430.7,-3.5,999,-7,-8
9435.7,-3.5,999,-6.9,-8
9440.7,-3.5,999,-7,-8
9445.7,-3.5,999,-6.9,-8
9450.7,-3.5,999,-6.9,-8
9455.8,-3.5,999,-7,-8
9460.8,-3.5,999,-6.9,-8
9465.8,-3.5,999,-6.9,-8.1
9470.8,-3.5,999,-7,-8.1
9475.8,-3.5,999,-6.9,-8
9480.9,-3.5,999,-6.9,-8
9485.9,-3.5,999,-7,-8
9490.9,-3.5,999,-6.9,-8
9495.9,-3.5,999,-7,-8
9500.9,-3.5,999,-6.9,-8
9505.9,-3.5,999,-6.9,-8
9510.9,-3.5,999,-6.9,-8
9515.9,-3.5,999,-7,-8
9520.9,-3.5,999,-6.9,-8
9526,-3.5,999,-7,-8
9531,-3.5,999,-7,-8.1
9536,-3.5,999,-6.9,-8
9541,-3.4,999,-6.9,-8
9546,-3.4,999,-6.9,-8
9551,-3.4,999,-6.9,-8
9556.1,-3.4,999,-6.9,-8
9561.1,-3.4,999,-7,-8
9566.1,-3.4,999,-6.9,-8
9571.1,-3.4,999,-6.9,-8
9576.1,-3.5,999,-7,-8
9581.2,-3.4,999,-7,-8
9586.1,-3.4,999,-6.9,-8
9591.1,-3.5,999,-6.9,-8
9596.2,-3.4,999,-7,-8
9601.2,-3.5,999,-7,-8
9606.2,-3.4,999,-6.9,-8
9611.2,-3.4,999,-6.9,-8.1
9616.2,-3.4,999,-6.9,-8
9621.3,-3.4,999,-6.9,-8
9626.3,-3.4,999,-7,-8
9631.3,-3.4,999,-6.9,-8
9636.3,-3.4,999,-6.9,-8
9641.3,-3.3,999,-6.9,-8
9646.4,-3.3,999,-6.9,-8
9651.3,-3.4,999,-6.9,-8
9656.3,-3.3,999,-6.9,-8
9661.4,-3.3,999,-6.9,-8
9666.4,-3.3,999,-6.9,-8
9671.4,-3.3,999,-6.9,-8
9676.4,-3.4,999,-6.9,-8
9681.4,-3.3,999,-6.9,-8
9686.4,-3.3,999,-6.9,-8
9691.5,-3.3,999,-6.9,-8
9696.5,-3.3,999,-6.9,-8
9701.5,-3.3,999,-6.9,-8
9706.5,-3.3,999,-6.9,-7.9
9711.5,-3.3,999,-6.9,-8
9716.5,-3.3,999,-6.9,-8
9721.5,-3.3,999,-6.9,-8
9726.5,-3.3,999,-6.9,-8
9731.6,-3.3,999,-6.9,-8
9736.6,-3.3,999,-6.9,-8
9741.6,-3.3,999,-6.9,-8
9746.6,-3.3,999,-6.9,-7.9
9751.6,-3.3,999,-6.9,-8
9756.7,-3.3,999,-6.9,-8
9761.7,-3.3,999,-6.9,-8
9766.7,-3.3,999,-6.9,-8
9771.7,-3.3,999,-6.9,-8
9776.7,-3.3,999,-6.9,-8
9781.7,-3.3,999,-6.9,-8
9786.7,-3.3,999,-6.9,-8
9791.7,-3.2,999,-6.9,-8
9796.7,-3.3,999,-6.9,-8
9801.7,-3.3,999,-6.9,-8
9806.8,-3.2,999,-6.9,-8
9811.8,-3.3,999,-6.9,-8
9816.8,-3.3,999,-6.9,-7.9
9821.8,-3.2,999,-6.9,-8
9826.8,-3.2,999,-6.9,-8
9831.8,-3.2,999,-6.9,-8
9836.8,-3.2,999,-6.9,-8
9841.9,-3.2,999,-6.9,-8
9846.9,-3.2,999,-6.9,-8
9851.9,-3.2,999,-6.9,-8
9856.9,-3.2,999,-6.8,-8
9861.9,-3.2,999,-6.8,-8
9866.9,-3.2,999,-6.9,-8
9871.9,-3.2,999,-6.9,-8
9876.9,-3.2,999,-6.9,-8
9882,-3.2,999,-6.9,-8
9887,-3.2,999,-6.9,-8
9892,-3.2,999,-6.9,-8
9897,-3.2,999,-6.9,-8
9902,-3.2,999,-6.9,-8
9907.1,-3.2,999,-6.9,-8
9912.1,-3.2,999,-6.9,-8
9917.1,-3.2,999,-6.9,-8
9922.1,-3.1,999,-6.8,-8
9927.1,-3.2,999,-6.9,-8
9932.2,-3.2,999,-6.9,-8
9937.2,-3.1,999,-6.9,-7.9
9942.1,-3.2,999,-6.9,-8
9947.1,-3.1,999,-6.9,-8
9952.2,-3.2,999,-6.9,-8
9957.2,-3.2,999,-6.8,-8
9962.2,-3.2,999,-6.9,-8
9967.2,-3.2,999,-6.9,-8
9972.2,-3.1,999,-6.9,-8
9977.2,-3.2,999,-6.9,-8
9982.2,-3.1,999,-6.9,-8
9987.2,-3.2,999,-6.9,-8
9992.3,-3.2,999,-6.9,-8
9997.2,-3.1,999,-6.8,-8
10002.2,-3.2,999,-6.9,-8
10007.3,-3.2,999,-6.9,-8
10012.3,-3.2,999,-6.9,-8
10017.3,-3.2,999,-6.9,-8
10022.3,-3.1,999,-6.9,-8
10027.3,-3.1,999,-6.8,-8
10032.3,-3.1,999,-6.9,-8
10037.4,-3.2,999,-6.8,-8
10042.4,-3.1,999,-6.9,-8
10047.4,-3.1,999,-6.8,-8
10052.4,-3.1,999,-6.9,-8
10057.4,-3.1,999,-6.8,-7.9
10062.4,-3.1,999,-6.9,-8
10067.4,-3.1,999,-6.9,-8
10072.4,-3.2,999,-6.9,-8
10077.4,-3,999,-6.9,-8
10082.5,-3.1,999,-6.9,-8
10087.5,-3,999,-6.9,-8
10092.5,-3.1,999,-6.9,-7.9
10097.5,-3.1,999,-6.9,-7.9
10102.5,-3.1,999,-6.8,-8
10107.5,-3.1,999,-6.9,-7.9
10112.5,-3.1,999,-6.8,-8
10117.6,-3.1,999,-6.9,-7.9
10122.6,-3,999,-6.8,-8
10127.6,-3,999,-6.9,-8
10132.6,-3.1,999,-6.9,-8
10137.6,-3.1,999,-6.9,-7.9
10142.6,-3,999,-6.9,-7.9
10147.6,-3,999,-6.9,-7.9
10152.7,-3,999,-6.9,-8
10157.7,-3.1,999,-6.9,-8
10162.7,-3,999,-6.9,-8
10167.7,-3,999,-6.9,-8
10172.7,-3.1,999,-6.9,-8
10177.7,-3,999,-6.9,-8
10182.7,-3,999,-6.9,-8
10187.8,-3.1,999,-6.9,-8
10192.8,-3.1,999,-6.9,-8
10197.8,-3.1,999,-6.9,-7.9
10202.8,-3.1,999,-6.9,-8
10207.8,-3.1,999,-6.9,-8
10212.8,-3,999,-6.9,-8
10217.9,-3,999,-6.9,-8
10222.9,-3.1,999,-6.9,-7.9
10227.9,-3.1,999,-6.9,-8
10232.9,-3.1,999,-6.9,-8
10237.9,-3.1,999,-6.9,-8
10242.9,-3,999,-6.9,-8
10247.9,-3,999,-6.9,-8
10252.9,-3,999,-6.9,-8
10257.9,-3.1,999,-6.9,-8
10262.9,-3.1,999,-6.9,-8
10268,-3,999,-6.9,-8
10273,-3.1,999,-6.9,-8
10277.9,-3.1,999,-6.9,-8
10283,-3.1,999,-6.9,-8
10288,-3.1,999,-6.9,-8
10293,-3,999,-6.9,-8
10298,-3.1,999,-6.9,-8
10303,-3.1,999,-6.9,-8
10308,-3.1,999,-6.9,-8
10313.1,-3.1,999,-6.9,-8
10318.1,-3.1,999,-6.9,-8
10323.1,-3,999,-6.9,-8
10328.1,-3.1,999,-6.9,-8
10333.1,-3.1,999,-6.9,-8
10338.1,-3.1,999,-6.9,-8
10343.1,-3.1,999,-6.9,-7.9
10348.2,-3.1,999,-6.9,-8
10353.1,-3.1,999,-6.9,-8.1
10358.2,-3.1,999,-6.9,-8
10363.2,-3,999,-6.9,-8
10368.2,-3.1,999,-6.9,-8
10373.2,-3.1,999,-6.9,-8
10378.2,-3,999,-6.9,-8
10383.2,-3,999,-6.9,-8
10388.3,-3.1,999,-6.9,-8
10393.2,-3.1,999,-6.9,-8
10398.3,-3.1,999,-7,-8
10403.3,-3,999,-6.9,-8
10408.3,-3,999,-6.9,-8
10413.3,-3,999,-6.9,-8
10418.4,-3,999,-7,-8
10423.4,-3,999,-6.9,-8
10428.4,-3,999,-6.9,-8
10433.3,-3,999,-6.9,-8
10438.4,-3,999,-6.9,-8
10443.4,-3,999,-6.9,-8
10448.4,-3,999,-6.9,-8
10453.4,-3,999,-6.9,-8
10458.5,-3.1,999,-6.9,-8
10463.5,-3,999,-6.9,-8
10468.5,-3,999,-6.9,-8
10473.4,-3,999,-6.9,-8
10478.5,-3,999,-6.9,-8
10483.5,-3,999,-6.9,-8
10488.5,-3,999,-6.9,-8
10493.5,-3,999,-6.9,-8
10498.6,-3,999,-6.9,-8
10503.6,-3,999,-6.9,-8
10508.5,-3,999,-6.9,-8
10513.6,-3.1,999,-6.9,-7.9
10518.6,-3,999,-6.9,-8
10523.6,-3,999,-6.9,-8
10528.6,-3,999,-6.9,-8
10533.6,-3,999,-6.9,-8
10538.7,-3,999,-6.9,-8
10543.7,-3,999,-6.9,-8
10548.6,-3,999,-6.9,-8
10553.7,-3,999,-6.9,-8
10558.7,-3,999,-6.9,-8
10563.8,-3,999,-6.9,-8
10568.7,-3,999,-6.9,-7.9
10573.8,-3,999,-6.9,-8
10578.8,-3,999,-6.9,-8
10583.8,-3,999,-6.9,-8
10588.8,-3,999,-6.9,-8
10593.8,-3,999,-6.9,-8
10598.8,-2.9,999,-6.9,-8
10603.8,-3,999,-6.9,-8
10608.9,-3,999,-6.9,-8
10613.9,-3,999,-6.9,-8
10618.9,-2.9,999,-6.9,-8
10623.9,-3,999,-6.9,-8
10628.9,-3,999,-6.9,-8
10633.9,-3,999,-6.9,-8
10638.9,-2.9,999,-6.9,-8
10643.9,-2.9,999,-6.9,-8
10648.9,-2.9,999,-6.9,-8
10654,-2.9,999,-6.9,-8
10659,-2.9,999,-6.9,-8
10664,-2.9,999,-6.9,-8
10669,-2.9,999,-6.9,-7.9
10674,-3,999,-6.9,-8
10679.1,-2.9,999,-6.9,-8
10684,-2.9,999,-6.9,-7.9
10689.1,-2.9,999,-6.9,-8
10694.1,-2.9,999,-6.9,-7.9
10699.1,-3,999,-6.9,-7.9
10704.1,-2.9,999,-6.9,-8
10709.2,-3,999,-6.9,-8
10714.2,-2.9,999,-6.9,-8
10719.1,-2.9,999,-6.9,-7.9
10724.2,-2.9,999,-6.9,-8
10729.2,-2.9,999,-6.9,-8
10734.2,-2.9,999,-6.9,-8
10739.2,-2.9,999,-6.9,-8
10744.2,-2.9,999,-6.9,-7.9
10749.3,-2.9,999,-6.9,-8
10754.3,-2.9,999,-6.9,-8
10759.3,-3,999,-6.9,-8
10764.3,-2.9,999,-6.9,-8
10769.3,-2.9,999,-6.9,-7.9
10774.4,-2.9,999,-6.9,-8
10779.3,-2.9,999,-6.9,-8
10784.3,-2.9,999,-7,-8
10789.4,-3,999,-7,-8
10794.4,-3,999,-6.9,-8
10799.4,-2.9,999,-6.9,-8
10804.4,-3,999,-6.9,-8
10809.4,-2.9,999,-6.9,-8
10814.4,-2.9,999,-6.9,-8
10819.4,-2.9,999,-6.9,-8
10824.5,-3,999,-7,-8
10829.4,-3,999,-6.9,-8.1
10834.4,-2.9,999,-6.9,-8
10839.5,-2.9,999,-6.9,-8
10844.5,-2.9,999,-6.9,-8
10849.5,-3,999,-6.9,-8
10854.5,-2.9,999,-6.9,-8
10859.5,-2.9,999,-7,-8
10864.6,-3,999,-7,-8
10869.6,-3,999,-7,-8
10874.6,-2.9,999,-7,-8
10879.6,-3,999,-7,-8
10884.6,-2.9,999,-7,-8
10889.6,-2.9,999,-6.9,-8
10894.6,-2.9,999,-7,-8
10899.7,-2.9,999,-7,-8
10904.6,-2.9,999,-7,-8
10909.6,-2.9,999,-7,-8
10914.7,-2.9,999,-7,-8
10919.7,-2.9,999,-7,-8
10924.7,-3,999,-7,-8
10929.7,-2.9,999,-7,-8
10934.7,-2.9,999,-7,-8
10939.8,-2.9,999,-7,-8
10944.7,-2.9,999,-7,-8
10949.7,-2.9,999,-7,-8
10954.7,-2.9,999,-7,-8
10959.8,-2.9,999,-7,-8
10964.8,-2.9,999,-7,-8
10969.8,-2.9,999,-7,-8
10974.8,-2.9,999,-7,-8.1
10979.8,-2.9,999,-7,-8
10984.9,-3,999,-7,-8
10989.9,-2.9,999,-7,-8
10994.8,-2.9,999,-7,-8
10999.9,-2.9,999,-7.1,-8.1
11004.9,-2.9,999,-7,-8
11009.9,-2.9,999,-7,-8
11014.9,-2.9,999,-7,-8
11019.9,-2.9,999,-7,-7.9
11024.9,-2.9,999,-6.9,-8
11030,-2.9,999,-6.9,-8
11035,-2.8,999,-6.9,-8
11040.1,-2.8,999,-6.9,-8
11045,-2.9,999,-7,-8
11050,-2.8,999,-6.9,-8
11055,-2.8,999,-6.9,-8
11060.1,-2.8,999,-6.9,-8
11065,-2.9,999,-6.9,-8
11070.1,-2.8,999,-7,-8
11075.1,-2.8,999,-6.9,-8
11080.1,-2.8,999,-6.9,-8
11085.1,-2.8,999,-6.9,-8
11090.1,-2.8,999,-7,-8
11095.1,-2.8,999,-6.9,-8
11100.1,-2.8,999,-6.9,-7.9
11105.1,-2.8,999,-6.9,-7.9
11110.2,-2.8,999,-6.9,-8
11115.2,-2.8,999,-6.9,-8
11120.3,-2.8,999,-6.9,-8
11125.2,-2.8,999,-6.9,-7.9
11130.2,-2.8,999,-6.9,-8
11135.3,-2.8,999,-6.9,-7.9
11140.3,-2.8,999,-7,-8
11145.3,-2.8,999,-6.9,-8
11150.3,-2.8,999,-6.9,-8
11155.3,-2.8,999,-6.9,-8
11160.3,-2.8,999,-6.9,-7.9
11165.3,-2.8,999,-7,-8
11170.3,-2.8,999,-6.9,-8
11175.4,-2.8,999,-7,-8
11180.4,-2.8,999,-6.9,-8
11185.4,-2.8,999,-6.9,-8
11190.4,-2.8,999,-6.9,-8
11195.4,-2.8,999,-7,-8
11200.4,-2.8,999,-7,-8
11205.4,-2.8,999,-7.1,-8
11210.4,-2.8,999,-7.1,-8
11215.5,-2.8,999,-7,-8
11220.5,-2.8,999,-7,-8
11225.5,-2.8,999,-7,-8
11230.5,-2.8,999,-7,-8
11235.5,-2.8,999,-6.9,-8
11240.6,-2.8,999,-7,-8
11245.5,-2.8,999,-7,-8
11250.6,-2.8,999,-7.1,-8
11255.6,-2.8,999,-7,-8
11260.6,-2.8,999,-7,-8
11265.6,-2.8,999,-7,-8
11270.6,-2.8,999,-7,-8
11275.7,-2.7,999,-7,-8
11280.6,-2.8,999,-7,-8
11285.6,-2.8,999,-7,-8
11290.7,-2.8,999,-7,-8
11295.7,-2.7,999,-7,-8
11300.7,-2.8,999,-7,-8
11305.7,-2.8,999,-7,-8
11310.7,-2.8,999,-6.9,-8
11315.7,-2.7,999,-7,-8
11320.7,-2.7,999,-7.1,-8
11325.7,-2.7,999,-7,-7.9
11330.8,-2.7,999,-7,-7.9
11335.8,-2.7,999,-7,-8
11340.8,-2.7,999,-7,-7.9
11345.8,-2.8,999,-7,-8
11350.8,-2.8,999,-7,-8
11355.8,-2.7,999,-7,-8
11360.8,-2.7,999,-7,-8
11365.9,-2.7,999,-7,-8
11370.9,-2.7,999,-7,-7.9
11375.9,-2.7,999,-7,-8
11380.9,-2.7,999,-7.1,-8
11385.9,-2.7,999,-7.1,-8
11390.9,-2.7,999,-7,-8
11396,-2.8,999,-7,-8
11400.9,-2.7,999,-7,-7.9
11406,-2.7,999,-7,-8
11411,-2.7,999,-7,-8
11416,-2.7,999,-7,-8
11421,-2.7,999,-7,-8
11426,-2.7,999,-7.1,-8
11431,-2.8,999,-7.1,-8
11436,-2.7,999,-7,-8
11441.1,-2.7,999,-7.1,-8
11446,-2.7,999,-7,-8
11451.1,-2.7,999,-7.1,-8
11456.1,-2.7,999,-7.1,-8
11461.1,-2.7,999,-7,-8
11466.1,-2.6,999,-7.1,-8
11471.1,-2.7,999,-7.1,-8
11476.1,-2.7,999,-7.1,-8
11481.2,-2.7,999,-7.1,-8
11486.1,-2.7,999,-7.1,-8
11491.2,-2.7,999,-7.1,-8
11496.2,-2.7,999,-7.1,-8
11501.2,-2.7,999,-7.1,-8
11506.2,-2.7,999,-7.1,-8
11511.3,-2.7,999,-7.2,-8
11516.2,-2.7,999,-7.1,-8
11521.3,-2.7,999,-7.1,-8
11526.2,-2.7,999,-7.1,-8
11531.3,-2.7,999,-7.1,-8
11536.3,-2.7,999,-7.1,-8
11541.3,-2.7,999,-7.2,-8
11546.3,-2.7,999,-7.1,-8
11551.3,-2.7,999,-7.1,-8
11556.3,-2.7,999,-7.1,-8
11561.3,-2.7,999,-7.2,-8.1
11566.3,-2.7,999,-7.1,-8
11571.4,-2.7,999,-7.1,-8
11576.4,-2.7,999,-7.1,-8
11581.4,-2.6,999,-7.1,-8
11586.4,-2.7,999,-7.1,-8
11591.4,-2.6,999,-7.1,-8
11596.4,-2.7,999,-7.1,-8.1
11601.4,-2.6,999,-7.1,-8.1
11606.4,-2.6,999,-7.1,-8
11611.5,-2.7,999,-7.1,-8
11616.5,-2.6,999,-7.1,-8.1
11621.5,-2.6,999,-7.1,-8
11626.5,-2.6,999,-7.1,-8
11631.5,-2.6,999,-7.1,-8
11636.5,-2.6,999,-7.1,-8
11641.5,-2.6,999,-7,-8
11646.5,-2.6,999,-7.1,-8
11651.6,-2.6,999,-7.1,-8
11656.6,-2.6,999,-7,-8
11661.6,-2.6,999,-7,-8
11666.6,-2.6,999,-7,-8
11671.6,-2.6,999,-7,-8
11676.6,-2.6,999,-7.1,-8
11681.6,-2.6,999,-7,-8
11686.6,-2.5,999,-7.1,-8
11691.7,-2.5,999,-7,-8
11696.7,-2.6,999,-7,-8
11701.7,-2.6,999,-7,-8
11706.7,-2.6,999,-7,-8
11711.7,-2.6,999,-7,-7.9
11716.7,-2.6,999,-7.1,-7.9
11721.8,-2.5,999,-7,-7.9
11726.7,-2.6,999,-7,-8
11731.7,-2.5,999,-7,-8
11736.8,-2.5,999,-7,-7.9
11741.8,-2.6,999,-7,-8
11746.8,-2.5,999,-7.1,-7.9
11751.8,-2.5,999,-7.1,-8
11756.8,-2.5,999,-7,-8
11761.8,-2.5,999,-7.1,-8
11766.9,-2.5,999,-7,-8
11771.8,-2.5,999,-7,-8
11776.9,-2.6,999,-7,-8
11781.9,-2.5,999,-7.1,-8
11786.9,-2.5,999,-7.1,-8
11791.9,-2.5,999,-7.1,-8
11796.9,-2.5,999,-7.1,-8
11802,-2.5,999,-7.1,-8
11807,-2.5,999,-7.1,-8
11811.9,-2.5,999,-7.1,-8
11817,-2.5,999,-7,-8
11822,-2.5,999,-7.1,-8
11827,-2.5,999,-7.1,-8
11832.1,-2.5,999,-7.1,-8
11837.1,-2.5,999,-7.1,-8
11842.1,-2.5,999,-7.1,-8
11847.1,-2.5,999,-7.1,-8
11852.1,-2.5,999,-7.2,-8
11857.1,-2.5,999,-7.1,-8
11862.1,-2.5,999,-7.1,-8
11867.1,-2.5,999,-7.1,-8
11872.2,-2.5,999,-7.1,-8
11877.2,-2.5,999,-7.1,-8
11882.2,-2.5,999,-7.1,-8
11887.2,-2.5,999,-7.1,-8
11892.2,-2.5,999,-7.1,-8
11897.2,-2.5,999,-7.1,-8
11902.2,-2.5,999,-7.2,-8
11907.3,-2.4,999,-7.1,-8
11912.3,-2.5,999,-7.1,-8
11917.3,-2.5,999,-7.1,-8
11922.3,-2.5,999,-7.1,-8
11927.3,-2.5,999,-7.1,-8
11932.3,-2.5,999,-7.1,-8
11937.3,-2.4,999,-7.1,-8
11942.3,-2.4,999,-7.1,-8
11947.3,-2.4,999,-7.1,-8
11952.4,-2.4,999,-7.1,-8
11957.4,-2.4,999,-7.1,-8
11962.3,-2.4,999,-7.1,-8
11967.3,-2.4,999,-7.1,-8
11972.4,-2.4,999,-7.1,-8
11977.4,-2.4,999,-7.1,-8
11982.4,-2.4,999,-7.1,-8
11987.4,-2.4,999,-7.1,-8
11992.5,-2.4,999,-7.1,-8
11997.5,-2.3,999,-7.1,-8
12002.5,-2.3,999,-7.1,-8
12007.5,-2.3,999,-7.1,-8
12012.5,-2.4,999,-7.1,-8
12017.5,-2.3,999,-7.1,-8
12022.5,-2.3,999,-7.1,-8
12027.6,-2.4,999,-7.1,-8
12032.6,-2.3,999,-7.1,-8
12037.6,-2.3,999,-7.1,-8
12042.6,-2.4,999,-7.1,-8
12047.6,-2.3,999,-7.1,-8
12052.6,-2.3,999,-7.1,-8
12057.6,-2.3,999,-7.1,-8
12062.6,-2.3,999,-7.1,-8
12067.6,-2.3,999,-7.1,-8
12072.7,-2.3,999,-7.1,-8
12077.7,-2.3,999,-7.1,-8
12082.7,-2.3,999,-7.1,-8
12087.7,-2.3,999,-7.1,-8
12092.7,-2.3,999,-7.1,-8
12097.7,-2.3,999,-7.1,-8
12102.7,-2.3,999,-7.1,-8
12107.7,-2.3,999,-7.2,-8.1
12112.8,-2.3,999,-7.1,-8
12117.8,-2.2,999,-7.1,-8
12122.8,-2.3,999,-7.1,-8
12127.8,-2.2,999,-7.1,-8
12132.8,-2.2,999,-7.1,-8
12137.8,-2.3,999,-7.1,-8
12142.8,-2.3,999,-7.1,-7.9
12147.8,-2.2,999,-7.1,-8
12152.9,-2.2,999,-7.1,-8
12157.8,-2.2,999,-7.1,-8
12162.9,-2.2,999,-7.1,-8
12167.9,-2.2,999,-7.1,-8
12172.9,-2.2,999,-7.1,-8
12177.9,-2.3,999,-7.1,-8
12183,-2.2,999,-7.1,-8
12187.9,-2.2,999,-7.1,-8
12192.9,-2.1,999,-7.1,-8
12198,-2.1,999,-7.1,-8
12202.9,-2.2,999,-7.1,-8
12208,-2.2,999,-7.1,-8
12213,-2.1,999,-7.1,-8
12218,-2.2,999,-7.1,-8
12223,-2.2,999,-7.1,-8
12228.1,-2.1,999,-7.1,-8
12233.1,-2.1,999,-7.1,-8
12238.1,-2.1,999,-7.1,-8
12243.1,-2.1,999,-7.1,-8
12248.1,-2.1,999,-7.1,-8
12253.1,-2.1,999,-7,-8
12258.1,-2.1,999,-7.1,-8
12263.2,-2.1,999,-7.1,-8
12268.1,-2.1,999,-7.1,-8
12273.2,-2.1,999,-7.2,-8
12278.2,-2,999,-7,-8
12283.2,-2,999,-7.1,-8
12288.2,-2,999,-7.1,-8
12293.3,-2,999,-7.1,-7.9
12298.3,-2,999,-7,-8
12303.3,-2,999,-7.1,-8
12308.3,-2,999,-7.1,-8
12313.3,-2,999,-7.1,-8
12318.3,-2,999,-7.1,-8
12323.3,-2,999,-7.1,-8
12328.3,-2,999,-7.1,-8
12333.3,-2,999,-7.1,-8
12338.3,-2,999,-7.1,-8
12343.3,-2,999,-7,-8
12348.4,-2,999,-7.1,-8
12353.4,-1.9,999,-7.1,-8
12358.4,-1.9,999,-7,-8
12363.4,-1.9,999,-7,-8
12368.4,-1.9,999,-7.1,-8
12373.4,-1.9,999,-7.1,-8
12378.5,-1.9,999,-7,-8
12383.5,-1.9,999,-7.1,-8
12388.5,-1.9,999,-7,-8
12393.5,-1.9,999,-7.1,-8
12398.5,-1.9,999,-7,-8
12403.5,-1.8,999,-7,-8
12408.6,-1.8,999,-7,-8
12413.5,-1.8,999,-7,-8
12418.6,-1.9,999,-7,-8
12423.6,-1.8,999,-7,-8
12428.6,-1.8,999,-7,-7.9
12433.6,-1.8,999,-7.1,-8
12438.6,-1.6,999,-7,-8
12443.6,-1.8,999,-7,-8
12448.6,-1.8,999,-7,-8
12453.7,-1.8,999,-7,-8
12458.7,-1.8,999,-7,-7.9
12463.7,-1.8,999,-7.1,-8
12468.7,-1.8,999,-7.1,-8
12473.7,-1.7,999,-7,-8
12478.7,-1.8,999,-7,-8
12483.7,-1.8,999,-7,-8
12488.8,-1.8,999,-7,-8
12493.8,-1.5,999,-7,-8
12498.8,-1.8,999,-7.1,-8
12503.8,-1.7,999,-7.1,-7.9
12508.8,-1.5,999,-7,-8
12513.8,-1.5,999,-7,-8
12518.9,-1.5,999,-7,-8
12523.9,-1.7,999,-7,-8
12528.9,-1.4,999,-7,-8
12533.9,-1.5,999,-7,-8
12538.9,-1.6,999,-7,-8
12543.9,-1.6,999,-7,-8
12548.9,-1.5,999,-7.1,-7.9
12554,-1.6,999,-7.1,-8
12559,-1.4,999,-7,-8
12564,-1.4,999,-7.1,-8
12569,-1.4,999,-7,-8
12574,-1.4,999,-7,-8
12579,-1.6,999,-7.1,-8
12584.1,-1.5,999,-7.1,-8
12589.1,-1.4,999,-7,-8
12594.1,-1.6,999,-7,-8
12599.1,-1.3,999,-7,-8
12604.1,-1.3,999,-7,-7.9
12609.1,-1.3,999,-7,-8
12614.2,-1.3,999,-7,-7.9
12619.1,-1.5,999,-7,-8
12624.2,-1.3,999,-7,-7.9
12629.2,-1.5,999,-7,-7.9
12634.2,-1.5,999,-7,-8
12639.2,-1.2,999,-7.1,-7.9
12644.2,-1.5,999,-7,-8
12649.3,-1.2,999,-7,-7.9
12654.3,-1.3,999,-7.1,-8
12659.3,-1.2,999,-7,-8
12664.3,-1.2,999,-7,-8
12669.3,-1.2,999,-7.1,-8
12674.3,-1.3,999,-7.1,-8
12679.3,-1.3,999,-7,-8
12684.3,-1.2,999,-7,-8
12689.3,-1.5,999,-7.1,-8
12694.3,-1.2,999,-7.1,-8
12699.3,-1.5,999,-7.1,-8
12704.3,-1.2,999,-7.1,-8
12709.4,-1.2,999,-7,-8
12714.4,-1.2,999,-7.1,-8
12719.4,-1.2,999,-7.1,-8.1
12724.5,-1.2,999,-7.1,-8
12729.5,-1.2,999,-7.1,-8
12734.4,-1.2,999,-7.1,-8
12739.5,-1.2,999,-7.1,-8
12744.5,-1.2,999,-7.1,-8
12749.5,-1.2,999,-7.1,-8
12754.5,-1.2,999,-7.1,-8
12759.5,-1.2,999,-7.1,-8
12764.5,-1.2,999,-7.1,-8
12769.6,-1.2,999,-7.1,-8
12774.6,-1.2,999,-7.1,-8
12779.6,-1.2,999,-7.1,-8.1
12784.6,-1.2,999,-7.1,-8
12789.6,-1.2,999,-7.1,-8
12794.6,-1.2,999,-7.1,-8.1
12799.6,-1.1,999,-7.1,-8
12804.6,-1.2,999,-7.1,-8.1
12809.7,-1.1,999,-7.1,-8
12814.8,-1.1,999,-7.1,-8.1
12819.7,-1.1,999,-7.1,-8
12824.7,-1.1,999,-7.1,-8
12829.8,-1.1,999,-7.1,-8
12834.8,-1.1,999,-7.1,-8
12839.8,-1.1,999,-7,-8
12844.8,-1,999,-7,-8.1
12849.8,-1.1,999,-7,-8
12854.8,-1,999,-7.1,-8
12859.8,-1,999,-7.1,-8
12864.8,-1,999,-7,-8
12869.8,-1,999,-7.1,-8
12874.9,-1,999,-7,-8
12879.8,-1,999,-7,-8
12884.9,-1,999,-7.1,-8
12889.9,-1,999,-7,-8
12894.9,-1,999,-7,-8
12899.9,-1,999,-7,-8
12904.9,-1,999,-7,-8
12909.9,-1,999,-7,-8
12914.9,-1,999,-7,-8
12919.9,-1,999,-7,-8
12925,-1,999,-7,-8
12930,-0.9,999,-7,-8
12935,-0.9,999,-7,-8
12940,-0.9,999,-7,-8
12945,-0.9,999,-7,-8
12950,-1,999,-7,-8
12955,-0.9,999,-6.9,-8
12960,-0.9,999,-6.9,-8
12965,-0.9,999,-7,-8
12970.1,-0.9,999,-7.1,-7.9
12975.1,-0.9,999,-6.9,-8
12980.1,-0.8,999,-7,-8
12985.1,-0.8,999,-7,-7.9
12990.1,-0.8,999,-7,-8
12995.2,-0.9,999,-7,-8
13000.2,-0.8,999,-6.9,-8
13005.2,-0.8,999,-7,-7.9
13010.2,-0.8,999,-7,-8
13015.2,-0.8,999,-7,-8
13020.2,-0.8,999,-7,-8
13025.3,-0.8,999,-6.9,-8
13030.3,-0.8,999,-7,-8
13035.3,-0.8,999,-6.9,-8
13040.3,-0.8,999,-7,-8
13045.3,-0.8,999,-7,-7.9
13050.3,-0.7,999,-7,-8
13055.3,-0.8,999,-6.9,-8
13060.3,-0.7,999,-7,-8
13065.4,-0.7,999,-7,-7.9
13070.4,-0.7,999,-7,-8
13075.4,-0.8,999,-6.9,-8
13080.4,-0.7,999,-7,-8
13085.4,-0.7,999,-7,-8
13090.4,-0.7,999,-6.9,-8
13095.5,-0.7,999,-7,-8
13100.5,-0.7,999,-7,-8
13105.5,-0.7,999,-7,-8
13110.5,-0.7,999,-7,-8
13115.5,-0.7,999,-7,-8
13120.5,-0.7,999,-7.1,-8
13125.6,-0.7,999,-7,-8
13130.6,-0.7,999,-7,-8
13135.5,-0.7,999,-7,-8
13140.6,-0.7,999,-7,-8
13145.6,-0.7,999,-7,-8
13150.6,-0.7,999,-7,-8
13155.7,-0.7,999,-7.1,-8
13160.6,-0.7,999,-7,-8
13165.7,-0.7,999,-7,-8
13170.7,-0.7,999,-7,-8
13175.7,-0.7,999,-7,-8
13180.7,-0.7,999,-7.1,-8
13185.8,-0.7,999,-7,-8
13190.7,-0.7,999,-7,-8
13195.8,-0.7,999,-7,-8
13200.7,-0.7,999,-7,-8
13205.8,-0.6,999,-7,-8
13210.8,-0.6,999,-7,-8
13215.8,-0.7,999,-7,-8
13220.8,-0.7,999,-7,-8
13225.8,-0.6,999,-7,-8
13230.8,-0.6,999,-7,-8.1
13235.8,-0.6,999,-7,-8
13240.8,-0.7,999,-7,-8
13245.9,-0.7,999,-7.1,-8
13250.9,-0.6,999,-7,-8
13255.9,-0.6,999,-7,-8
13260.9,-0.6,999,-7.1,-8
13265.9,-0.6,999,-7,-8
13271,-0.5,999,-7,-8
13276,-0.5,999,-7,-8
13281,-0.6,999,-7,-8
13286,-0.5,999,-7,-8
13291,-0.6,999,-6.9,-8
13296,-0.5,999,-6.9,-8
13301,-0.5,999,-6.9,-8
13306.1,-0.5,999,-6.9,-8
13311.1,-0.5,999,-6.9,-8
13316.1,-0.5,999,-6.9,-8
13321.1,-0.5,999,-6.9,-8
13326.1,-0.5,999,-6.9,-8
13331.1,-0.5,999,-6.9,-8
13336.2,-0.5,999,-7,-7.9
13341.2,-0.5,999,-6.9,-7.9
13346.2,-0.5,999,-6.9,-8
13351.2,-0.5,999,-6.9,-8
13356.2,-0.5,999,-6.9,-8
13361.3,-0.5,999,-6.9,-8
13366.2,-0.4,999,-6.9,-8
13371.2,-0.4,999,-6.9,-8
13376.3,-0.4,999,-6.9,-8
13381.3,-0.4,999,-6.9,-8
13386.3,-0.4,999,-6.9,-8
13391.3,-0.4,999,-6.9,-8
13396.4,-0.5,999,-6.9,-8
13401.3,-0.4,999,-6.9,-8
13406.4,-0.4,999,-6.9,-8
13411.3,-0.4,999,-6.9,-8
13416.4,-0.3,999,-6.9,-8
13421.4,-0.3,999,-6.9,-8
13426.4,-0.3,999,-6.9,-8
13431.4,-0.4,999,-6.9,-7.9
13436.4,-0.4,999,-6.9,-8
13441.4,-0.4,999,-6.9,-8
13446.4,-0.3,999,-6.9,-8
13451.5,-0.3,999,-6.9,-8
13456.5,-0.3,999,-6.9,-8
13461.5,-0.3,999,-6.9,-8
13466.5,-0.3,999,-7,-8
13471.5,-0.4,999,-6.9,-8
13476.5,-0.3,999,-6.9,-8
13481.5,-0.3,999,-6.9,-8
13486.5,-0.3,999,-6.9,-8
13491.5,-0.3,999,-6.9,-8
13496.6,-0.3,999,-6.9,-8
13501.6,-0.3,999,-6.9,-8
13506.6,-0.3,999,-6.9,-8
13511.6,-0.3,999,-6.9,-8
13516.6,-0.3,999,-6.9,-8
13521.7,-0.2,999,-6.9,-8
13526.7,-0.2,999,-6.9,-8
13531.6,-0.2,999,-6.9,-8
13536.7,-0.3,999,-6.9,-8
13541.7,-0.2,999,-6.9,-8
13546.7,-0.2,999,-6.9,-8
13551.7,-0.2,999,-6.9,-8
13556.7,-0.2,999,-6.9,-8
13561.7,-0.2,999,-6.9,-8
13566.8,-0.2,999,-6.9,-8
13571.8,-0.2,999,-6.9,-8
13576.8,-0.2,999,-6.9,-8
13581.8,-0.2,999,-6.9,-8
13586.8,-0.2,999,-6.9,-8
13591.8,-0.2,999,-6.9,-8
13596.9,-0.2,999,-6.9,-8
13601.8,-0.2,999,-6.9,-8
13606.9,-0.2,999,-6.9,-8
13611.9,-0.2,999,-6.9,-8
13616.9,-0.2,999,-6.9,-8
13621.9,-0.2,999,-6.9,-8
13626.9,-0.2,999,-6.9,-8
13632,-0.1,999,-6.9,-8
13637,-0.1,999,-6.9,-8
13642,-0.1,999,-6.9,-8
13647,-0.1,999,-6.9,-8
13652,-0.1,999,-6.9,-8
13657,-0.1,999,-6.9,-8
13662,-0.1,999,-6.9,-8
13667,-0.1,999,-6.9,-8
13672,-0.1,999,-6.9,-8
13677,-0.1,999,-6.9,-8
13682.1,-0.1,999,-6.9,-8
13687.1,-0.1,999,-6.9,-8
13692.1,-0.1,999,-6.9,-8
13697.1,0,999,-6.9,-8
13702.1,0,999,-6.9,-8
13707.1,0,999,-6.9,-8
13712.1,0,999,-6.9,-8
13717.2,0,999,-6.9,-8
13722.1,0,999,-6.9,-8
13727.2,0,999,-6.9,-8
13732.2,0,999,-6.9,-8
13737.2,0,999,-6.9,-8
13742.2,0,999,-6.9,-8
13747.2,0,999,-6.9,-8
13752.3,0,999,-6.9,-8
13757.3,0.1,999,-6.9,-8
13762.3,0,999,-6.9,-8
13767.3,0,999,-6.9,-8
13772.3,0,999,-6.9,-8
13777.3,0,999,-6.9,-8
13782.4,0,999,-6.9,-8
13787.3,0,999,-6.9,-8
13792.3,0,999,-6.9,-8
13797.4,0.1,999,-6.9,-8
13802.4,0.1,999,-6.9,-8
13807.4,0.1,999,-6.9,-8
13812.4,0.1,999,-6.9,-8
13817.4,0.1,999,-6.9,-8
13822.5,0.2,999,-6.9,-8
13827.5,0.2,999,-6.9,-8
13832.4,0.1,999,-6.9,-8
13837.5,0.2,999,-6.9,-8
13842.5,0.2,999,-6.9,-8
13847.5,0.2,999,-6.9,-8
13852.6,0.2,999,-6.9,-8
13857.5,0.2,999,-6.9,-8
13862.6,0.2,999,-6.9,-8
13867.6,0.2,999,-6.9,-8
13872.6,0.2,999,-6.9,-8
13877.6,0.2,999,-6.9,-8
13882.6,0.2,999,-6.9,-8
13887.7,0.2,999,-6.9,-7.9
13892.7,0.2,999,-6.9,-7.9
13897.7,0.3,999,-6.9,-8
13902.7,0.2,999,-6.9,-8
13907.7,0.3,999,-6.9,-7.9
13912.7,0.3,999,-6.9,-7.9
13917.7,0.3,999,-6.9,-8
13922.7,0.3,999,-6.9,-8
13927.8,0.3,999,-6.9,-7.9
13932.8,0.3,999,-6.9,-8
13937.8,0.3,999,-6.9,-8
13942.8,0.3,999,-6.9,-8
13947.9,0.3,999,-6.9,-8
13952.9,0.3,999,-6.9,-8
13957.9,0.3,999,-6.9,-8
13962.9,0.3,999,-6.9,-8
13967.9,0.3,999,-6.9,-7.9
13972.9,0.3,999,-6.9,-8
13977.9,0.3,999,-6.9,-8
13983,0.4,999,-6.9,-8
13987.9,0.4,999,-6.9,-8
13993,0.4,999,-6.9,-8
13998,0.4,999,-6.9,-8
14003,0.4,999,-6.9,-7.9
14008,0.4,999,-6.9,-8
14013.1,0.4,999,-6.9,-8
14018.1,0.4,999,-6.9,-8
14023,0.4,999,-6.9,-7.9
14028.1,0.5,999,-6.9,-7.9
14033.1,0.5,999,-6.9,-8
14038.1,0.4,999,-6.9,-8
14043.1,0.4,999,-6.9,-8
14048.1,0.4,999,-6.9,-8
14053.2,0.4,999,-6.9,-8
14058.2,0.4,999,-6.9,-8
14063.2,0.5,999,-6.9,-8
14068.2,0.4,999,-6.9,-8
14073.2,0.4,999,-6.9,-8
14078.2,0.5,999,-6.9,-8
14083.2,0.4,999,-6.9,-8
14088.3,0.5,999,-6.9,-8
14093.3,0.5,999,-6.9,-8
14098.2,0.5,999,-6.9,-8
14103.2,0.5,999,-6.9,-8
14108.3,0.5,999,-6.9,-8
14113.3,0.4,999,-6.9,-8
14118.3,0.5,999,-6.9,-8
14123.3,0.5,999,-7,-8
14128.3,0.5,999,-7,-8
14133.4,0.5,999,-6.9,-8
14138.4,0.6,999,-7,-8
14143.4,0.5,999,-6.9,-8
14148.4,0.5,999,-7,-8
14153.4,0.5,999,-7,-8
14158.4,0.6,999,-6.9,-8
14163.5,0.6,999,-6.9,-8
14168.5,0.5,999,-6.9,-8
14173.4,0.6,999,-6.9,-8.1
14178.5,0.6,999,-6.9,-8
14183.5,0.6,999,-6.9,-8
14188.5,0.6,999,-7,-8
14193.5,0.6,999,-6.9,-8
14198.5,0.6,999,-6.9,-8
14203.6,0.6,999,-7,-8
14208.6,0.6,999,-6.9,-8
14213.6,0.6,999,-6.9,-8
14218.6,0.6,999,-6.9,-8
14223.5,0.6,999,-7,-8
14228.6,0.6,999,-7,-8
14233.6,0.6,999,-7,-8
14238.6,0.6,999,-7,-8
14243.7,0.6,999,-7,-8
14248.6,0.6,999,-6.9,-8.1
14253.6,0.6,999,-7,-8
14258.6,0.6,999,-7,-8
14263.6,0.6,999,-7,-8
14268.7,0.6,999,-7,-8
14273.7,0.6,999,-7,-8
14278.7,0.6,999,-7,-8
14283.7,0.6,999,-7,-8
14288.7,0.6,999,-7,-8
14293.7,0.6,999,-7,-8.1
14298.7,0.6,999,-7,-8.1
14303.7,0.7,999,-7,-8
14308.7,0.8,999,-7,-8
14313.8,0.7,999,-6.9,-8.1
14318.7,0.7,999,-6.9,-8
14323.8,0.7,999,-6.9,-8
14328.8,0.7,999,-6.9,-8
14333.8,0.7,999,-6.9,-8
14338.7,0.7,999,-6.9,-8
14343.8,0.7,999,-6.9,-8
14348.8,0.8,999,-6.9,-8
14353.8,0.8,999,-6.9,-8
14358.8,0.8,999,-6.9,-8
14363.8,0.8,999,-6.9,-8
14368.8,0.8,999,-6.9,-8
14373.8,0.8,999,-6.9,-8
14378.8,0.8,999,-6.9,-8
14383.8,0.9,999,-6.9,-8
14388.9,0.8,999,-6.9,-8
14393.9,0.8,999,-6.9,-8
14398.9,0.9,999,-6.9,-8
14403.9,0.9,999,-6.9,-8
14408.9,0.8,999,-6.9,-8
14413.9,0.9,999,-6.9,-8
14418.9,0.9,999,-6.9,-8
14424,0.9,999,-6.9,-8
14429,0.9,999,-6.9,-8
14434,0.9,999,-6.9,-8
14439,0.9,999,-6.9,-8
14444,0.9,999,-6.8,-8
14449,0.9,999,-6.9,-8
14454,0.9,999,-6.9,-8
14459.1,1,999,-6.9,-7.9
14464,0.9,999,-6.9,-7.9
14469,1,999,-6.9,-7.9
14474.1,1,999,-6.9,-7.9
14479.1,1,999,-6.9,-7.9
14484.1,1,999,-6.9,-7.9
14489.1,1,999,-6.9,-8
14494.1,1,999,-6.9,-8
14499.1,1,999,-6.9,-8
14504.2,1,999,-6.9,-8
14509.2,1,999,-6.9,-8
14514.2,1.1,999,-6.9,-8
14519.2,1,999,-6.9,-8
14524.3,1.1,999,-6.9,-8
14529.3,1.1,999,-6.9,-8
14534.3,1.1,999,-6.9,-8
14539.3,1.1,999,-6.9,-8
14544.3,1.1,999,-6.9,-8
14549.3,1.1,999,-6.9,-8
14554.3,1.1,999,-6.9,-8
14559.3,1.1,999,-6.9,-8
14564.3,1.1,999,-6.9,-8
14569.3,1.1,999,-6.9,-8
14574.4,1.1,999,-6.9,-8
14579.4,1.1,999,-6.9,-8
14584.4,1.1,999,-6.9,-8
14589.4,1.1,999,-6.9,-8
14594.4,1.1,999,-6.9,-8
14599.5,1.1,999,-6.9,-8
14604.5,1.1,999,-6.9,-8
14609.5,1.1,999,-6.9,-8
14614.5,1.2,999,-6.9,-8
14619.5,1.1,999,-6.9,-8
14624.5,1.1,999,-6.9,-8
14629.5,1.2,999,-6.9,-8
14634.5,1.2,999,-6.9,-8
14639.5,1.2,999,-6.9,-8
14644.5,1.2,999,-6.9,-8
14649.6,1.2,999,-6.9,-8
14654.6,1.2,999,-6.9,-8
14659.6,1.1,999,-6.9,-8
14664.6,1.2,999,-6.9,-8
14669.6,1.2,999,-6.9,-8
14674.6,1.2,999,-6.9,-8
14679.6,1.2,999,-6.9,-8
14684.6,1.2,999,-6.9,-8
14689.7,1.2,999,-6.9,-8
14694.7,1.2,999,-6.9,-8
14699.7,1.2,999,-6.9,-8
14704.7,1.2,999,-6.9,-8
14709.7,1.3,999,-6.9,-8
14714.8,1.2,999,-6.9,-8
14719.8,1.2,999,-6.9,-8
14724.8,1.3,999,-6.9,-8
14729.8,1.3,999,-6.9,-8
14734.7,1.3,999,-6.9,-8
14739.8,1.3,999,-6.9,-8
14744.8,1.3,999,-6.9,-8
14749.8,1.3,999,-6.9,-8
14754.8,1.3,999,-6.9,-8
14759.8,1.3,999,-6.9,-8
14764.9,1.3,999,-6.9,-8
14769.8,1.3,999,-6.9,-8
14774.9,1.3,999,-6.9,-8
14779.8,1.3,999,-6.9,-8
14784.8,1.3,999,-6.9,-8
14789.9,1.3,999,-6.9,-8
14794.9,1.3,999,-6.9,-8
14799.9,1.4,999,-6.9,-8
14804.9,1.3,999,-6.9,-8
14809.9,1.4,999,-6.9,-8
14814.9,1.4,999,-6.9,-8
14820,1.4,999,-6.9,-8
14825,1.4,999,-6.9,-8
14830,1.4,999,-6.9,-8
14835,1.4,999,-6.9,-8
14840,1.4,999,-6.9,-8
14845,1.4,999,-6.9,-8
14850.1,1.4,999,-6.9,-8
14855,1.4,999,-6.9,-8
14860.1,1.4,999,-6.9,-8
14865.1,1.4,999,-6.9,-8
14870.1,1.5,999,-6.9,-8
14875.1,1.4,999,-6.9,-8
14880.1,1.5,999,-6.9,-8
14885.1,1.4,999,-6.9,-8
14890.2,1.5,999,-6.9,-8
14895.2,1.5,999,-6.9,-8
14900.2,1.5,999,-6.9,-8
14905.2,1.5,999,-6.9,-8
14910.2,1.5,999,-6.9,-8
14915.2,1.5,999,-6.9,-8
14920.2,1.5,999,-6.9,-8
14925.2,1.6,999,-6.9,-8
14930.2,1.6,999,-6.9,-8
14935.3,1.5,999,-6.9,-8
14940.3,1.6,999,-6.9,-8
14945.3,1.6,999,-6.9,-8
14950.3,1.6,999,-6.9,-8
14955.3,1.6,999,-6.9,-8
14960.3,1.6,999,-6.9,-8
14965.3,1.6,999,-6.9,-8
14970.3,1.6,999,-6.9,-8
14975.3,1.6,999,-6.9,-8
14980.3,1.6,999,-6.9,-8
14985.4,1.6,999,-6.9,-8
14990.4,1.6,999,-6.9,-8
14995.4,1.6,999,-6.9,-8
15000.4,1.6,999,-6.9,-8
15005.5,1.6,999,-6.9,-8
15010.5,1.6,999,-6.9,-8
15015.5,1.6,999,-6.8,-8
15020.5,1.7,999,-6.9,-8
15025.5,1.6,999,-6.9,-8
15030.5,1.7,999,-6.9,-8
15035.6,1.7,999,-6.9,-8
15040.6,1.6,999,-6.9,-8
15045.5,1.7,999,-6.8,-8
15050.6,1.7,999,-6.8,-8
15055.6,1.7,999,-6.9,-8
15060.6,1.7,999,-6.9,-8
15065.6,1.7,999,-6.9,-8
15070.6,1.7,999,-6.9,-8
15075.6,1.7,999,-6.8,-8
15080.7,1.7,999,-6.8,-8
15085.6,1.7,999,-6.9,-8
15090.6,1.7,999,-6.9,-8
15095.7,1.8,999,-6.9,-8
15100.7,1.7,999,-6.9,-8
15105.8,1.8,999,-6.8,-8
15110.7,1.8,999,-6.9,-8
15115.7,1.8,999,-6.9,-8
15120.8,1.8,999,-6.8,-8
15125.8,1.8,999,-6.9,-8
15130.8,1.8,999,-6.9,-8
15135.8,1.8,999,-6.8,-8
15140.8,1.8,999,-6.8,-8
15145.8,1.8,999,-6.8,-8
15150.9,1.8,999,-6.9,-8
15155.8,1.9,999,-6.9,-8
15160.9,1.9,999,-6.9,-8
15165.9,1.9,999,-6.9,-8
15170.9,1.9,999,-6.9,-8
15175.9,1.9,999,-6.9,-7.9
15180.9,1.9,999,-6.9,-7.9
15185.9,1.9,999,-6.9,-8
15191,1.9,999,-6.9,-8
15196,1.9,999,-6.9,-8
15201,1.9,999,-6.9,-7.9
15206,1.9,999,-6.8,-7.9
15211,1.9,999,-6.9,-8
15216.1,1.9,999,-6.8,-7.9
15221,1.9,999,-6.8,-8
15226,1.9,999,-6.8,-7.9
15231.1,1.9,999,-6.8,-8
15236.1,1.9,999,-6.9,-8
15241.2,1.9,999,-6.9,-8
15246.1,2,999,-6.9,-8
15251.1,2,999,-6.8,-8
15256.1,2,999,-6.8,-8
15261.2,2,999,-6.9,-8
15266.2,2,999,-6.8,-8
15271.2,1.9,999,-6.9,-7.9
15276.2,2,999,-6.8,-8
15281.2,2,999,-6.8,-8
15286.2,1.9,999,-6.9,-8
15291.2,1.9,999,-6.9,-8
15296.3,2,999,-6.9,-7.9
15301.3,1.9,999,-6.8,-7.9
15306.3,2,999,-6.8,-8
15311.3,2,999,-6.9,-8
15316.3,2,999,-6.9,-7.9
15321.3,2,999,-6.9,-8
15326.4,2,999,-6.9,-8
15331.4,2,999,-6.9,-8
15336.4,2,999,-6.8,-8
15341.4,2,999,-6.9,-8
15346.4,2,999,-6.9,-8
15351.4,2,999,-6.9,-8
15356.4,2,999,-6.9,-8
15361.4,2,999,-6.9,-8
15366.5,2,999,-6.9,-8
15371.5,2,999,-6.8,-8
15376.5,2,999,-6.9,-8
15381.5,2,999,-6.9,-8
15386.5,2,999,-6.9,-8
15391.5,2.1,999,-6.9,-8
15396.6,2,999,-6.8,-8
15401.6,2,999,-6.9,-8
15406.5,2.1,999,-6.9,-8
15411.5,2.1,999,-6.9,-8
15416.6,2.1,999,-6.9,-8
15421.6,2.1,999,-6.9,-8
15426.6,2.1,999,-6.9,-8
15431.6,2.1,999,-6.9,-8
15436.7,2,999,-6.9,-8
15441.7,2.1,999,-6.9,-8
15446.7,2.1,999,-6.9,-8
15451.7,2.1,999,-6.9,-8
15456.7,2.1,999,-6.9,-8
15461.7,2.1,999,-6.9,-8
15466.8,2.1,999,-6.9,-8
15471.8,2.1,999,-6.9,-8
15476.7,2.1,999,-6.9,-8
15481.8,2.1,999,-6.9,-8
15486.8,2.1,999,-6.9,-8
15491.8,2.1,999,-6.8,-8
15496.8,2.1,999,-6.9,-8
15501.8,2.1,999,-6.9,-8
15506.8,2.1,999,-6.9,-8
15511.8,2.1,999,-6.9,-8
15516.9,2.1,999,-6.9,-8
15521.9,2.1,999,-6.9,-8
15526.9,2.1,999,-6.9,-8
15531.9,2.1,999,-6.9,-8
15536.9,2.1,999,-6.9,-8
15542,2.2,999,-6.9,-8
15547,2.2,999,-6.9,-8
15552,2.2,999,-6.9,-8
15557,2.2,999,-6.9,-8
15562,2.2,999,-6.9,-8
15567,2.2,999,-6.8,-8
15572,2.2,999,-6.9,-8
15577,2.2,999,-6.9,-8
15582,2.2,999,-6.9,-8
15587.1,2.2,999,-6.8,-8
15592,2.2,999,-6.8,-8
15597.1,2.2,999,-6.9,-8
15602.1,2.2,999,-6.9,-8
15607.1,2.3,999,-6.9,-8
15612.1,2.2,999,-6.9,-8
15617.1,2.3,999,-6.9,-8
15622.1,2.3,999,-6.9,-8
15627.1,2.2,999,-6.9,-8
15632.2,2.3,999,-6.9,-8
15637.2,2.3,999,-6.9,-8
15642.2,2.3,999,-6.9,-8
15647.2,2.2,999,-6.9,-8.1
15652.2,2.4,999,-6.9,-8
15657.2,2.3,999,-6.9,-8
15662.3,2.3,999,-6.9,-8
15667.2,2.4,999,-6.9,-8
15672.2,2.3,999,-6.9,-8
15677.3,2.3,999,-6.9,-8
15682.3,2.3,999,-6.8,-8
15687.3,2.3,999,-6.9,-8
15692.3,2.4,999,-6.9,-8
15697.3,2.4,999,-6.8,-8
15702.4,2.4,999,-6.8,-8
15707.4,2.4,999,-6.9,-8
15712.4,2.4,999,-6.9,-8
15717.4,2.4,999,-6.9,-8
15722.4,2.4,999,-6.8,-8
15727.4,2.4,999,-6.8,-8
15732.5,2.4,999,-6.9,-8
15737.4,2.4,999,-6.9,-8
15742.5,2.4,999,-6.9,-8
15747.5,2.4,999,-6.9,-8
15752.5,2.4,999,-6.9,-8
15757.5,2.4,999,-6.9,-8
15762.5,2.4,999,-6.9,-8
15767.6,2.4,999,-6.9,-8
15772.6,2.6,999,-6.8,-8
15777.6,2.4,999,-6.9,-8
15782.5,2.4,999,-6.8,-8
15787.6,2.4,999,-6.8,-8
15792.6,2.4,999,-6.8,-8
15797.6,2.4,999,-6.9,-8
15802.6,2.4,999,-6.8,-8
15807.6,2.4,999,-6.8,-8
15812.6,2.4,999,-6.8,-8
15817.7,2.5,999,-6.8,-8
15822.7,2.5,999,-6.8,-8
15827.7,2.5,999,-6.8,-8
15832.7,2.5,999,-6.9,-8
15837.7,2.7,999,-6.8,-8
15842.7,2.5,999,-6.8,-8
15847.8,2.5,999,-6.8,-8
15852.8,2.5,999,-6.8,-8
15857.8,2.5,999,-6.8,-8
15862.8,2.7,999,-6.8,-8
15867.8,2.5,999,-6.9,-8
15872.8,2.7,999,-6.8,-8.1
15877.8,2.7,999,-6.9,-8.1
15882.8,2.7,999,-6.8,-8.1
15887.8,2.7,999,-6.8,-8
15892.8,2.8,999,-6.8,-8
15897.9,2.7,999,-6.8,-8
15902.9,2.6,999,-6.8,-8
15907.9,2.9,999,-6.8,-8
15912.9,2.6,999,-6.7,-8
15917.9,2.9,999,-6.8,-8
15923,2.8,999,-6.7,-8
15927.9,2.6,999,-6.7,-8
15932.9,2.6,999,-6.7,-8
15938,2.9,999,-6.7,-8
15943,2.9,999,-6.7,-8
15948,2.9,999,-6.7,-8
15953,2.7,999,-6.7,-8
15958,2.7,999,-6.7,-8
15963.1,2.9,999,-6.7,-8
15968.1,2.9,999,-6.7,-8
15973.1,2.9,999,-6.7,-7.9
15978.1,2.9,999,-6.7,-7.9
15983.1,2.9,999,-6.7,-8
15988.1,2.9,999,-6.7,-8
15993.1,3,999,-6.7,-8
15998.1,3,999,-6.7,-8
16003.2,2.9,999,-6.7,-8
16008.2,3,999,-6.7,-8
16013.2,3,999,-6.7,-7.9
16018.2,3,999,-6.7,-8
16023.2,2.9,999,-6.7,-8
16028.2,3,999,-6.7,-8
16033.2,3,999,-6.7,-8
16038.2,3,999,-6.7,-8
16043.2,3,999,-6.7,-7.9
16048.2,3,999,-6.7,-8
16053.3,3,999,-6.7,-8
16058.3,2.9,999,-6.7,-8
16063.3,3,999,-6.7,-8
16068.3,3.1,999,-6.7,-8
16073.3,3,999,-6.7,-8
16078.4,3,999,-6.7,-7.9
16083.4,3,999,-6.7,-8
16088.4,3,999,-6.7,-8
16093.4,3,999,-6.7,-8
16098.4,3.1,999,-6.7,-7.9
16103.5,3.1,999,-6.7,-8
16108.5,3.1,999,-6.7,-8
16113.5,3.1,999,-6.7,-8
16118.5,3.1,999,-6.7,-8
16123.5,3.1,999,-6.7,-8
16128.5,3.1,999,-6.7,-8
16133.5,3.1,999,-6.7,-8
16138.6,3.1,999,-6.7,-8
16143.6,3.1,999,-6.7,-8
16148.6,3.1,999,-6.7,-8
16153.6,3.1,999,-6.7,-8
16158.6,3.1,999,-6.7,-8
16163.6,3.1,999,-6.7,-8
16168.6,3.1,999,-6.7,-7.9
16173.6,3.1,999,-6.7,-8
16178.7,3.1,999,-6.7,-8
16183.7,3.1,999,-6.7,-8
16188.7,3.1,999,-6.7,-8
16193.7,3.1,999,-6.7,-7.9
16198.7,3.1,999,-6.7,-8
16203.7,3.1,999,-6.7,-8
16208.8,3.2,999,-6.7,-8
16213.8,3.2,999,-6.7,-8
16218.7,3.1,999,-6.7,-7.9
16223.7,3.1,999,-6.7,-8
16228.8,3.2,999,-6.7,-8
16233.8,3.1,999,-6.7,-8
16238.8,3.2,999,-6.7,-8
16243.9,3.3,999,-6.7,-8
16248.8,3.2,999,-6.7,-8
16253.9,3.2,999,-6.7,-8
16258.9,3.2,999,-6.7,-8
16263.9,3.3,999,-6.7,-8
16268.9,3.3,999,-6.7,-8
16273.9,3.3,999,-6.7,-8
16278.9,3.3,999,-6.7,-8
16284,3.2,999,-6.7,-8
16288.9,3.2,999,-6.7,-8
16293.9,3.3,999,-6.7,-8
16299,3.3,999,-6.7,-7.9
16304,3.3,999,-6.7,-7.9
16309,3.3,999,-6.7,-8
16314,3.3,999,-6.7,-8
16319.1,3.3,999,-6.7,-8
16324.1,3.3,999,-6.7,-8
16329.1,3.3,999,-6.7,-8
16334.1,3.3,999,-6.7,-8
16339.1,3.3,999,-6.7,-8
16344.1,3.3,999,-6.7,-8
16349.1,3.3,999,-6.7,-8
16354.1,3.3,999,-6.7,-8
16359.1,3.3,999,-6.7,-8
16364.2,3.3,999,-6.7,-8
16369.2,3.3,999,-6.7,-8
16374.2,3.4,999,-6.7,-8
16379.2,3.3,999,-6.7,-8
16384.3,3.3,999,-6.8,-8
16389.3,3.4,999,-6.7,-8
16394.3,3.4,999,-6.8,-8.1
16399.3,3.3,999,-6.7,-8
16404.3,3.4,999,-6.7,-8
16409.3,3.4,999,-6.7,-8
16414.3,3.4,999,-6.7,-8
16419.4,3.4,999,-6.7,-8
16424.3,3.4,999,-6.7,-8
16429.4,3.4,999,-6.7,-8
16434.4,3.4,999,-6.7,-8
16439.4,3.4,999,-6.7,-8
16444.4,3.4,999,-6.7,-8
16449.4,3.4,999,-6.7,-8
16454.5,3.4,999,-6.7,-8
16459.5,3.4,999,-6.7,-8
16464.5,3.4,999,-6.7,-8
16469.5,3.4,999,-6.7,-8
16474.5,3.4,999,-6.7,-8
16479.5,3.4,999,-6.7,-8
16484.5,3.5,999,-6.7,-8
16489.5,3.5,999,-6.7,-8
16494.6,3.5,999,-6.7,-8
16499.6,3.5,999,-6.7,-8
16504.6,3.5,999,-6.7,-8
16509.6,3.5,999,-6.7,-8
16514.6,3.5,999,-6.6,-8
16519.7,3.5,999,-6.7,-8
16524.7,3.6,999,-6.7,-8
16529.7,3.6,999,-6.7,-8
16534.7,3.6,999,-6.7,-8
16539.7,3.6,999,-6.7,-8
16544.7,3.6,999,-6.7,-8
16549.7,3.6,999,-6.6,-8
16554.7,3.6,999,-6.6,-8
16559.8,3.6,999,-6.7,-7.9
16564.8,3.6,999,-6.6,-8
16569.8,3.6,999,-6.6,-8
16574.8,3.7,999,-6.6,-8
16579.8,3.7,999,-6.7,-8
16584.8,3.7,999,-6.6,-8
16589.8,3.7,999,-6.7,-8
16594.9,3.7,999,-6.7,-8
16599.9,3.7,999,-6.6,-8
16604.9,3.7,999,-6.7,-7.9
16609.9,3.7,999,-6.6,-8
16614.9,3.7,999,-6.7,-8
16619.9,3.7,999,-6.7,-8
16624.9,3.7,999,-6.7,-8
16630,3.7,999,-6.7,-8
16635,3.7,999,-6.7,-8
16640,3.7,999,-6.7,-8
16645,3.7,999,-6.7,-8
16650,3.7,999,-6.7,-8
16655.1,3.7,999,-6.7,-8
16660.1,3.8,999,-6.7,-8
16665.1,3.7,999,-6.7,-8
16670.1,3.7,999,-6.7,-8
16675.1,3.7,999,-6.7,-8
16680.1,3.8,999,-6.7,-8
16685.1,3.8,999,-6.7,-8
16690.1,3.8,999,-6.7,-8
16695.2,3.8,999,-6.7,-8
16700.2,3.8,999,-6.7,-8
16705.2,3.8,999,-6.7,-8
16710.2,3.8,999,-6.7,-8
16715.2,3.8,999,-6.7,-8
16720.2,3.8,999,-6.7,-8
16725.2,3.9,999,-6.7,-8
16730.2,3.8,999,-6.7,-8
16735.2,3.8,999,-6.7,-8
16740.3,3.9,999,-6.7,-8
16745.3,3.9,999,-6.7,-8
16750.3,3.9,999,-6.7,-8.1
16755.3,3.9,999,-6.7,-8
16760.4,3.9,999,-6.7,-8
16765.4,3.9,999,-6.7,-8
16770.4,3.9,999,-6.7,-8
16775.4,3.9,999,-6.7,-8
16780.4,3.9,999,-6.7,-8
16785.4,3.9,999,-6.7,-8
16790.4,3.9,999,-6.7,-8
16795.4,3.9,999,-6.7,-8
16800.5,3.9,999,-6.7,-8.1
16805.5,3.9,999,-6.7,-8
16810.5,3.9,999,-6.7,-8
16815.5,4,999,-6.7,-8
16820.5,4,999,-6.6,-8
16825.5,4,999,-6.7,-8
16830.5,4,999,-6.7,-8
16835.6,4,999,-6.7,-8
16840.6,4,999,-6.6,-8
16845.6,4,999,-6.6,-8
16850.6,4,999,-6.7,-8
16855.6,4,999,-6.7,-8
16860.6,4,999,-6.6,-8
16865.6,4.1,999,-6.6,-8
16870.6,4.2,999,-6.6,-8
16875.6,4.1,999,-6.6,-8
16880.7,4.2,999,-6.6,-7.9
16885.7,4.2,999,-6.6,-8
16890.7,4.2,999,-6.6,-8
16895.7,4.2,999,-6.6,-8
16900.7,4.2,999,-6.6,-8
16905.7,4.2,999,-6.6,-7.9
16910.8,4.2,999,-6.6,-7.9
16915.7,4.2,999,-6.6,-7.9
16920.8,4.3,999,-6.6,-7.9
16925.8,4.3,999,-6.6,-8
16930.8,4.3,999,-6.6,-8
16935.8,4.3,999,-6.6,-8
16940.8,4.3,999,-6.6,-8
16945.8,4.3,999,-6.6,-8
16950.8,4.4,999,-6.6,-8
16955.9,4.3,999,-6.6,-7.9
16960.9,4.4,999,-6.6,-8
16965.9,4.4,999,-6.6,-8
16970.9,4.4,999,-6.6,-8
16975.9,4.4,999,-6.6,-8
16980.9,4.4,999,-6.6,-8
16985.9,4.4,999,-6.6,-8
16990.9,4.4,999,-6.6,-8
16995.9,4.4,999,-6.6,-8
17001,4.4,999,-6.6,-7.9
17006,4.5,999,-6.6,-8
17011,4.5,999,-6.6,-8
17016,4.5,999,-6.6,-7.9
17021,4.5,999,-6.6,-7.9
17026,4.5,999,-6.6,-7.9
17031,4.5,999,-6.6,-8
17036,4.5,999,-6.6,-8
17041,4.5,999,-6.6,-7.9
17046,4.5,999,-6.6,-8
17051.1,4.5,999,-6.6,-8
17056.1,4.5,999,-6.6,-8
17061.1,4.5,999,-6.6,-7.9
17066.1,4.5,999,-6.6,-8
17071.1,4.5,999,-6.6,-8
17076.2,4.5,999,-6.6,-8
17081.2,4.6,999,-6.6,-8
17086.2,4.6,999,-6.6,-8
17091.2,4.6,999,-6.6,-8
17096.2,4.6,999,-6.6,-8
17101.3,4.6,999,-6.6,-8
17106.2,4.6,999,-6.6,-8
17111.2,4.6,999,-6.6,-8
17116.2,4.6,999,-6.7,-8
17121.3,4.7,999,-6.6,-8.1
17126.3,4.7,999,-6.7,-8
17131.3,4.7,999,-6.6,-8
17136.3,4.7,999,-6.6,-8
17141.3,4.7,999,-6.7,-8
17146.3,4.7,999,-6.7,-8
17151.4,4.7,999,-6.7,-8.1
17156.4,4.7,999,-6.7,-8
17161.3,4.7,999,-6.7,-8
17166.4,4.7,999,-6.6,-8
17171.4,4.7,999,-6.6,-8
17176.4,4.7,999,-6.6,-8
17181.4,4.8,999,-6.6,-8
17186.4,4.8,999,-6.6,-8
17191.4,4.8,999,-6.6,-8
17196.5,4.8,999,-6.6,-8
17201.5,4.8,999,-6.6,-8
17206.5,4.8,999,-6.6,-8
17211.5,4.8,999,-6.6,-8
17216.5,4.8,999,-6.6,-8
17221.5,4.9,999,-6.6,-8
17226.6,4.9,999,-6.6,-8
17231.6,4.9,999,-6.6,-8
17236.6,4.9,999,-6.6,-8
17241.6,4.9,999,-6.6,-8
17246.6,4.9,999,-6.6,-8
17251.6,4.9,999,-6.6,-8
17256.6,5,999,-6.6,-8
17261.6,4.9,999,-6.6,-8
17266.6,5,999,-6.6,-8
17271.7,5,999,-6.6,-8
17276.7,5,999,-6.6,-8
17281.7,5,999,-6.5,-7.9
17286.7,5,999,-6.6,-7.9
17291.7,5,999,-6.6,-8
17296.7,5,999,-6.6,-8
17301.7,5.1,999,-6.6,-8
17306.7,5,999,-6.6,-8
17311.8,5.1,999,-6.6,-8
17316.8,5.1,999,-6.6,-8
17321.8,5.1,999,-6.6,-8
17326.8,5.1,999,-6.6,-8
17331.8,5.1,999,-6.6,-8
17336.8,5.1,999,-6.6,-8
17341.8,5.1,999,-6.6,-7.9
17346.9,5.1,999,-6.6,-8
17351.9,5.1,999,-6.6,-8
17356.9,5.1,999,-6.6,-8
17361.9,5.1,999,-6.6,-8
17366.9,5.1,999,-6.6,-8
17371.9,5.2,999,-6.6,-7.9
17376.9,5.1,999,-6.6,-7.9
17381.9,5.1,999,-6.6,-8
17386.9,5.1,999,-6.6,-8
17392,5.1,999,-6.6,-8
17397,5.2,999,-6.6,-8
17402,5.1,999,-6.6,-8
17407,5.2,999,-6.6,-8
17412.1,5.2,999,-6.6,-8
17417,5.2,999,-6.6,-8
17422,5.2,999,-6.6,-8
17427.1,5.2,999,-6.6,-8
17432.1,5.2,999,-6.6,-8
17437.1,5.2,999,-6.6,-8
17442.1,5.2,999,-6.6,-8
17447.1,5.2,999,-6.6,-8
17452.2,5.3,999,-6.6,-8
17457.2,5.2,999,-6.6,-8
17462.2,5.3,999,-6.6,-8
17467.2,5.3,999,-6.6,-8
17472.2,5.3,999,-6.6,-8
17477.2,5.3,999,-6.6,-8
17482.2,5.3,999,-6.6,-8
17487.2,5.3,999,-6.6,-8
17492.2,5.3,999,-6.6,-8
17497.3,5.4,999,-6.6,-8
17502.3,5.4,999,-6.6,-8
17507.3,5.4,999,-6.6,-8
17512.3,5.4,999,-6.6,-8
17517.3,5.5,999,-6.6,-8
17522.4,5.4,999,-6.6,-8
17527.4,5.4,999,-6.6,-8
17532.4,5.5,999,-6.6,-8
17537.4,5.5,999,-6.6,-8
17542.4,5.5,999,-6.6,-8
17547.4,5.5,999,-6.6,-8
17552.4,5.5,999,-6.6,-8
17557.4,5.5,999,-6.6,-8
17562.5,5.5,999,-6.6,-8
17567.5,5.5,999,-6.6,-8.1
17572.5,5.5,999,-6.6,-8
17577.5,5.5,999,-6.6,-8
17582.5,5.5,999,-6.6,-8
17587.5,5.5,999,-6.6,-8
17592.6,5.5,999,-6.7,-8.1
17597.6,5.5,999,-6.6,-8.1
17602.6,5.5,999,-6.6,-8.1
17607.6,5.5,999,-6.6,-8.1
17612.6,5.5,999,-6.6,-8
17617.6,5.5,999,-6.6,-8
17622.6,5.5,999,-6.6,-8.1
17627.7,5.5,999,-6.6,-8.1
17632.7,5.5,999,-6.6,-8
17637.7,5.6,999,-6.5,-8.1
17642.7,5.6,999,-6.6,-8
17647.7,5.6,999,-6.6,-8
17652.7,5.6,999,-6.5,-8
17657.7,5.6,999,-6.5,-8
17662.7,5.7,999,-6.5,-8
17667.7,5.6,999,-6.5,-8
17672.8,5.7,999,-6.5,-8
17677.8,5.7,999,-6.5,-8
17682.8,5.7,999,-6.4,-8
17687.8,5.7,999,-6.5,-8
17692.8,5.8,999,-6.4,-8
17697.8,5.7,999,-6.5,-8
17702.9,5.8,999,-6.4,-8
17707.9,5.8,999,-6.4,-7.9
17712.9,5.8,999,-6.4,-7.9
17717.9,5.9,999,-6.4,-7.9
17722.9,5.9,999,-6.4,-7.9
17728,5.9,999,-6.4,-7.9
17732.9,5.9,999,-6.4,-7.9
17737.9,5.9,999,-6.4,-8
17743,5.9,999,-6.4,-8
17748,5.9,999,-6.4,-7.9
17753,6,999,-6.4,-8
17758,6,999,-6.4,-8
17763,5.9,999,-6.4,-7.9
17768,6,999,-6.4,-7.9
17773.1,5.9,999,-6.4,-8
17778.1,6,999,-6.4,-8
17783.1,6,999,-6.4,-8
17788.1,6,999,-6.4,-8
17793.1,6,999,-6.4,-8
17798.1,6,999,-6.4,-8
17803.2,6,999,-6.4,-7.9
17808.1,6,999,-6.3,-8
17813.2,6,999,-6.4,-7.9
17818.2,6,999,-6.3,-8
17823.2,6,999,-6.4,-7.9
17828.2,6,999,-6.4,-8
17833.2,6.1,999,-6.3,-8
17838.2,6.1,999,-6.4,-7.9
17843.3,6.2,999,-6.4,-7.9
17848.3,6.1,999,-6.3,-8
17853.3,6.1,999,-6.3,-7.9
17858.3,6.2,999,-6.3,-8
17863.3,6.2,999,-6.3,-7.9
17868.3,6.2,999,-6.3,-8
17873.3,6.2,999,-6.3,-8
17878.4,6.2,999,-6.4,-8
17883.4,6.2,999,-6.4,-8
17888.4,6.2,999,-6.3,-8
17893.4,6.2,999,-6.3,-8
17898.4,6.2,999,-6.3,-8
17903.4,6.2,999,-6.3,-8
17908.5,6.2,999,-6.3,-8
17913.4,6.2,999,-6.3,-8
17918.5,6.2,999,-6.3,-8
17923.5,6.2,999,-6.3,-8
17928.5,6.2,999,-6.3,-8
17933.5,6.2,999,-6.3,-8
17938.5,6.2,999,-6.3,-8
17943.6,6.2,999,-6.3,-8
17948.6,6.2,999,-6.3,-8
17953.6,6.2,999,-6.3,-8
17958.6,6.2,999,-6.3,-8
17963.6,6.3,999,-6.3,-8
17968.7,6.2,999,-6.3,-8
17973.6,6.3,999,-6.2,-8.1
17978.6,6.2,999,-6.3,-8
17983.7,6.3,999,-6.3,-8
17988.7,6.3,999,-6.2,-8
17993.7,6.3,999,-6.3,-8
17998.7,6.3,999,-6.2,-8
18003.7,6.4,999,-6.2,-8.1
18008.7,6.3,999,-6.2,-8
18013.8,6.3,999,-6.2,-8.1
18018.8,6.4,999,-6.2,-8
18023.7,6.4,999,-6.2,-8
18028.8,6.4,999,-6.1,-8
18033.8,6.4,999,-6.2,-8
18038.8,6.5,999,-6.1,-8
18043.8,6.4,999,-6.2,-8.1
18048.8,6.4,999,-6.1,-8
18053.9,6.5,999,-6.1,-8.1
18058.9,6.5,999,-6.1,-8
18063.9,6.5,999,-6.1,-8
18068.9,6.5,999,-6.1,-8
18073.9,6.5,999,-6.1,-8
18079,6.5,999,-6.1,-8
18084,6.5,999,-6.1,-8
18089,6.5,999,-6.1,-8
18094,6.5,999,-6.1,-8
18099,6.5,999,-6.1,-8
18104,6.6,999,-6.1,-8
18109,6.6,999,-6.1,-8
18114,6.6,999,-6,-8
18119,6.6,999,-6,-8
18124,6.8,999,-6,-8
18129.1,6.6,999,-5.9,-8
18134.1,6.6,999,-6,-8
18139.1,6.7,999,-6,-8
18144.1,6.7,999,-5.9,-8
18149.1,6.7,999,-5.9,-7.9
18154.1,6.7,999,-5.9,-8
18159.1,6.8,999,-6,-8
18164.2,6.7,999,-5.9,-8
18169.1,6.7,999,-5.9,-8
18174.2,6.8,999,-5.9,-8
18179.1,7,999,-5.9,-8
18184.2,7,999,-5.9,-8
18189.2,6.8,999,-5.9,-8
18194.2,6.8,999,-5.9,-8
18199.2,6.8,999,-5.8,-8
18204.3,7,999,-5.8,-8
18209.3,7,999,-5.8,-8
18214.3,7,999,-5.8,-8
18219.3,7,999,-5.8,-7.9
18224.3,7,999,-5.8,-8
18229.3,6.9,999,-5.8,-7.9
18234.3,6.9,999,-5.8,-8
18239.3,6.9,999,-5.8,-8
18244.3,7.1,999,-5.7,-7.9
18249.4,7.1,999,-5.7,-8
18254.4,7.1,999,-5.7,-8
18259.4,7.1,999,-5.7,-8
18264.4,7.1,999,-5.7,-8
18269.4,7.2,999,-5.7,-7.9
18274.5,7.3,999,-5.7,-8
18279.5,7.1,999,-5.7,-8
18284.5,7.2,999,-5.7,-7.9
18289.5,7.2,999,-5.7,-8
18294.5,7.3,999,-5.7,-8
18299.5,7.3,999,-5.7,-8
18304.5,7.3,999,-5.7,-8
18309.5,7.3,999,-5.6,-8
18314.5,7.2,999,-5.7,-8
18319.5,7.2,999,-5.6,-8
18324.6,7.3,999,-5.6,-8
18329.6,7.3,999,-5.6,-8
18334.6,7.3,999,-5.6,-8
18339.6,7.3,999,-5.6,-8
18344.6,7.3,999,-5.6,-8
18349.6,7.3,999,-5.6,-8
18354.6,7.3,999,-5.6,-8
18359.6,7.3,999,-5.6,-8
18364.6,7.3,999,-5.6,-8
18369.7,7.3,999,-5.5,-8
18374.7,7.3,999,-5.5,-8
18379.7,7.3,999,-5.5,-8
18384.7,7.3,999,-5.5,-8
18389.7,7.3,999,-5.4,-8
18394.7,7.4,999,-5.4,-8
18399.7,7.3,999,-5.5,-8
18404.8,7.4,999,-5.4,-8
18409.7,7.4,999,-5.5,-8
18414.8,7.4,999,-5.4,-8
18419.8,7.4,999,-5.4,-8
18424.8,7.5,999,-5.4,-8
18429.8,7.5,999,-5.4,-8
18434.8,7.5,999,-5.3,-8
18439.8,7.5,999,-5.3,-8
18444.8,7.5,999,-5.3,-8
18449.9,7.5,999,-5.3,-8
18454.8,7.5,999,-5.3,-8
18459.9,7.5,999,-5.3,-8
18464.9,7.5,999,-5.3,-8
18469.9,7.5,999,-5.3,-8
18474.9,7.5,999,-5.3,-8
18479.9,7.5,999,-5.3,-8
18484.9,7.5,999,-5.2,-8
18490,7.5,999,-5.2,-8
18495,7.5,999,-5.2,-8
18500,7.5,999,-5.2,-8
18505,7.6,999,-5.1,-8
18510,7.6,999,-5.1,-8
18515,7.7,999,-5.1,-8
18520.1,7.6,999,-5,-8
18525,7.6,999,-5,-8
18530.1,7.7,999,-5,-8
18535.1,7.7,999,-5,-8
18540.1,7.7,999,-5,-8
18545.2,7.7,999,-5,-8
18550.1,7.7,999,-4.9,-8
18555.1,7.7,999,-4.9,-8
18560.2,7.7,999,-5,-8
18565.2,7.7,999,-4.9,-8
18570.2,7.7,999,-4.9,-8
18575.2,7.7,999,-4.9,-8
18580.2,7.8,999,-4.8,-8
18585.2,7.7,999,-4.8,-8
18590.2,7.8,999,-4.8,-8
18595.2,7.8,999,-4.8,-8
18600.2,7.8,999,-4.8,-8
18605.3,7.8,999,-4.8,-8
18610.3,7.8,999,-4.8,-8
18615.3,7.8,999,-4.8,-8
18620.3,7.8,999,-4.7,-8
18625.3,7.8,999,-4.5,-8
18630.3,7.8,999,-4.7,-8
18635.4,7.8,999,-4.6,-8
18640.3,7.9,999,-4.5,-8
18645.3,7.9,999,-4.3,-8
18650.4,7.9,999,-4.4,-8
18655.4,7.9,999,-4.5,-8
18660.4,7.9,999,-4.5,-8
18665.4,7.9,999,-4.2,-8
18670.4,7.9,999,-4.2,-8
18675.4,7.9,999,-4.2,-8
18680.5,8,999,-4.2,-8
18685.5,7.9,999,-4.2,-8
18690.5,8,999,-4.1,-8
18695.5,8,999,-4.1,-8
18700.5,8,999,-4.1,-8
18705.5,8,999,-4.1,-8
18710.6,8,999,-4.1,-8
18715.5,8,999,-4,-8
18720.5,8,999,-4,-8
18725.6,8,999,-4,-8
18730.6,8,999,-4,-8
18735.6,8.1,999,-4,-8
18740.6,8.1,999,-3.9,-8
18745.6,8.1,999,-3.9,-8
18750.6,8,999,-3.8,-8
18755.7,8.1,999,-3.8,-8
18760.7,8.1,999,-3.8,-8
18765.7,8.1,999,-3.7,-8
18770.7,8.2,999,-3.7,-8
18775.7,8.2,999,-3.7,-8
18780.7,8.1,999,-3.7,-8
18785.7,8.1,999,-3.6,-8
18790.7,8.2,999,-3.6,-8
18795.7,8.1,999,-3.6,-8
18800.7,8.3,999,-3.6,-8
18805.8,8.2,999,-3.5,-8
18810.8,8.3,999,-3.5,-8
18815.8,8.2,999,-3.5,-8
18820.8,8.3,999,-3.5,-8
18825.8,8.3,999,-3.4,-8
18830.8,8.3,999,-3.4,-8
18835.8,8.3,999,-3.4,-7.9
18840.8,8.3,999,-3.3,-8
18845.8,8.3,999,-3.3,-8
18850.8,8.3,999,-3.3,-8
18855.8,8.3,999,-3.3,-8
18860.8,8.3,999,-3.2,-8
18865.9,8.3,999,-3.2,-8
18870.9,8.3,999,-3.2,-7.9
18875.9,8.3,999,-3.2,-8
18880.9,8.3,999,-3.1,-8
18885.9,8.3,999,-3.1,-8
18891,8.4,999,-3.1,-8
18896,8.4,999,-3,-8
18900.9,8.4,999,-3,-8
18905.9,8.4,999,-3,-8
18910.9,8.4,999,-2.9,-8
18916,8.4,999,-2.9,-7.9
18921,8.5,999,-2.8,-8
18926,8.5,999,-2.9,-8
18931,8.5,999,-2.8,-8
18936.1,8.5,999,-2.8,-8
18941.1,8.5,999,-2.7,-8
18946.1,8.5,999,-2.7,-8
18951.1,8.5,999,-2.7,-8
18956.1,8.5,999,-2.7,-8
18961.1,8.5,999,-2.7,-8
18966.2,8.6,999,-2.6,-7.9
18971.1,8.5,999,-2.6,-8
18976.1,8.6,999,-2.6,-8
18981.2,8.6,999,-2.6,-8
18986.2,8.6,999,-2.5,-8
18991.2,8.6,999,-2.5,-8
18996.2,8.6,999,-2.4,-8
19001.2,8.7,999,-2.4,-7.9
19006.3,8.7,999,-2.4,-7.9
19011.3,8.6,999,-2.4,-8
19016.3,8.7,999,-2.4,-8
19021.3,8.7,999,-2.3,-8
19026.3,8.7,999,-2.3,-7.9
19031.3,8.7,999,-2.3,-7.9
19036.3,8.7,999,-2.2,-8
19041.4,8.7,999,-2.2,-8
19046.3,8.7,999,-2.1,-8
19051.4,8.8,999,-2.1,-8
19056.4,8.8,999,-2.1,-8
19061.4,8.8,999,-2.1,-7.9
19066.4,8.8,999,-2,-8
19071.5,8.7,999,-2,-8
19076.5,8.8,999,-2,-8
19081.4,8.8,999,-1.9,-8
19086.4,8.8,999,-1.9,-8
19091.4,8.8,999,-1.9,-8
19096.5,8.8,999,-1.9,-8
19101.5,8.8,999,-1.8,-8
19106.5,8.8,999,-1.8,-8
19111.5,8.8,999,-1.7,-8
19116.5,8.9,999,-1.7,-8
19121.6,8.8,999,-1.7,-8
19126.6,8.9,999,-1.7,-8
19131.6,8.9,999,-1.7,-8
19136.6,8.9,999,-1.6,-8
19141.6,8.9,999,-1.6,-8
19146.6,8.9,999,-1.5,-8
19151.7,9,999,-1.5,-8
19156.7,9,999,-1.5,-8
19161.7,8.9,999,-1.5,-8
19166.7,9,999,-1.4,-8
19171.7,9,999,-1.5,-8
19176.7,9,999,-1.4,-8
19181.7,9,999,-1.4,-8
19186.7,9,999,-1.3,-8
19191.7,9,999,-1.3,-8
19196.8,9,999,-1.2,-8
19201.7,9,999,-1.2,-8
19206.7,9.1,999,-1.2,-8
19211.8,9,999,-1.2,-8
19216.8,9,999,-1.1,-8
19221.8,9,999,-1.1,-8
19226.8,9.1,999,-1.1,-8
19231.8,9.1,999,-1.1,-8
19236.8,9.1,999,-1.1,-8
19241.8,9.1,999,-1,-8
19246.9,9.1,999,-1,-8
19251.9,9.1,999,-1,-8
19256.9,9.1,999,-1,-8
19261.9,9.1,999,-0.9,-8
19267,9.1,999,-0.8,-8
19271.9,9.1,999,-0.8,-8
19276.9,9.1,999,-0.8,-8
19282,9.2,999,-0.8,-8
19287,9.2,999,-0.7,-8
19292,9.2,999,-0.8,-8
19297,9.2,999,-0.7,-8
19302,9.2,999,-0.7,-8
19307,9.2,999,-0.6,-8
19312,9.2,999,-0.6,-8
19317.1,9.3,999,-0.6,-8
19322.1,9.3,999,-0.5,-8
19327,9.3,999,-0.5,-8
19332.1,9.2,999,-0.5,-8
19337.1,9.3,999,-0.5,-8
19342.1,9.2,999,-0.2,-8
19347.1,9.3,999,-0.2,-8
19352.1,9.3,999,-0.1,-8
19357.2,9.3,999,-0.1,-8
19362.2,9.3,999,0,-8
19367.2,9.3,999,0.1,-8
19372.2,9.4,999,0.1,-8
19377.2,9.4,999,0.2,-8
19382.2,9.4,999,0.3,-8
19387.2,9.4,999,0.3,-8
19392.2,9.4,999,0.4,-8
19397.3,9.4,999,0.5,-8
19402.2,9.4,999,0.5,-8
19407.3,9.4,999,0.6,-8
19412.3,9.5,999,0.6,-8
19417.3,9.5,999,0.7,-8
19422.3,9.5,999,0.8,-8
19427.3,9.5,999,0.8,-8
19432.3,9.5,999,0.9,-8
19437.3,9.5,999,1,-8
19442.4,9.5,999,1,-8
19447.4,9.6,999,1.1,-8
19452.3,9.5,999,1.2,-8
19457.3,9.5,999,1.2,-8
19462.4,9.5,999,1.4,-8
19467.4,9.6,999,1.4,-8
19472.4,9.5,999,1.5,-8
19477.4,9.5,999,1.5,-8
19482.4,9.6,999,1.6,-8
19487.5,9.6,999,1.6,-8
19492.5,9.6,999,1.7,-8
19497.5,9.6,999,1.8,-8
19502.5,9.6,999,1.9,-8
19507.5,9.6,999,1.9,-8
19512.5,9.6,999,2,-8
19517.5,9.6,999,2,-8
19522.5,9.7,999,2.1,-8
19527.5,9.8,999,2.2,-8
19532.5,9.7,999,2.2,-8
19537.6,9.8,999,2.2,-8
19542.6,9.8,999,2.3,-8
19547.6,9.8,999,2.4,-8
19552.6,9.8,999,2.4,-8
19557.6,9.7,999,2.5,-8
19562.7,9.8,999,2.6,-8
19567.7,9.8,999,2.7,-8
19572.7,9.8,999,2.8,-8
19577.7,9.9,999,2.9,-8
19582.7,9.8,999,3,-8
19587.7,9.9,999,3.1,-8
19592.7,9.9,999,3.2,-8
19597.7,9.9,999,3.2,-8
19602.8,9.9,999,3.4,-7.9
19607.8,9.9,999,3.4,-8
19612.8,9.9,999,3.5,-8
19617.8,9.9,999,3.5,-8
19622.8,9.9,999,3.7,-8
19627.8,10,999,3.7,-8
19632.9,10,999,4,-8
19637.9,10,999,4.1,-8
19642.9,10.1,999,4.2,-8
19647.9,10,999,4.3,-8
19652.9,10,999,4.3,-8
19657.9,10,999,4.4,-8
19663,10.1,999,4.5,-8
19667.9,10.1,999,4.6,-8
19673,10.1,999,4.7,-8
19678,10.1,999,4.8,-8
19683,10.1,999,4.9,-8
19688,10.1,999,5,-8
19693,10.1,999,5,-8
19698,10.1,999,5.1,-8
19703.1,10.1,999,5.3,-8
19708.1,10.2,999,5.3,-8
19713,10.2,999,5.4,-8
19718,10.2,999,5.6,-8
19723.1,10.2,999,5.6,-8
19728.1,10.2,999,5.7,-8
19733.1,10.3,999,5.9,-7.9
19738.1,10.3,999,5.9,-8
19743.2,10.3,999,6,-7.9
19748.1,10.3,999,6.2,-8
19753.2,10.3,999,6.3,-8
19758.2,10.3,999,6.4,-8
19763.2,10.3,999,6.5,-8
19768.2,10.3,999,6.6,-7.9
19773.2,10.3,999,6.7,-8
19778.2,10.4,999,6.7,-8
19783.2,10.3,999,6.8,-7.9
19788.2,10.3,999,7,-7.9
19793.3,10.4,999,7,-8
19798.3,10.4,999,7.1,-7.9
19803.3,10.4,999,7.2,-8
19808.3,10.4,999,7.2,-7.9
19813.3,10.4,999,7.4,-7.9
19818.4,10.4,999,7.5,-8
19823.4,10.4,999,7.5,-7.9
19828.4,10.5,999,7.7,-7.9
19833.4,10.5,999,7.8,-7.9
19838.4,10.4,999,7.8,-8
19843.4,10.4,999,7.8,-8
19848.4,10.5,999,7.9,-8
19853.4,10.4,999,8,-8
19858.4,10.5,999,8.2,-8
19863.4,10.5,999,8.3,-8
19868.5,10.5,999,8.3,-8
19873.5,10.6,999,8.4,-8
19878.5,10.5,999,8.4,-8
19883.5,10.6,999,8.5,-8
19888.5,10.5,999,8.5,-8
19893.6,10.6,999,8.5,-8
19898.5,10.6,999,8.6,-8
19903.6,10.6,999,8.6,-8
19908.6,10.6,999,8.7,-8
19913.6,10.6,999,8.7,-8
19918.6,10.6,999,8.8,-8
19923.6,10.6,999,8.8,-8
19928.6,10.6,999,8.8,-8
19933.6,10.6,999,8.8,-8
19938.7,10.6,999,8.9,-8
19943.7,10.6,999,8.9,-8
19948.6,10.6,999,9,-8
19953.7,10.6,999,9,-8
19958.7,10.6,999,9,-8
19963.7,10.6,999,9.1,-8.1
19968.7,10.6,999,9.1,-8
19973.7,10.6,999,9.1,-8
19978.8,10.6,999,9.2,-8
19983.8,10.6,999,9.2,-8
19988.8,10.6,999,9.2,-8
19993.8,10.7,999,9.2,-8
19998.8,10.7,999,9.3,-8
20003.9,10.7,999,9.3,-8.1
20008.9,10.7,999,9.3,-8.1
20013.9,11,999,9.4,-8
20018.9,10.8,999,9.4,-8.1
20023.9,10.8,999,9.4,-8
20028.9,10.8,999,9.5,-8
20033.9,11,999,9.5,-8.1
20039,10.8,999,9.5,-8.1
20044,10.8,999,9.5,-8
20049,10.8,999,9.6,-8
20054,10.8,999,9.6,-8
20059,10.8,999,9.7,-8.1
20064,10.8,999,9.7,-8.1
20069,10.8,999,9.7,-8
20074.1,11,999,9.7,-8
20079,10.8,999,9.7,-8
20084,10.9,999,9.8,-8
20089.1,11,999,9.8,-8
20094.1,11.1,999,9.8,-8
20099.1,10.9,999,9.8,-8
20104.1,11.1,999,9.8,-8
20109.2,11.1,999,9.9,-8
20114.2,11.2,999,9.9,-8
20119.2,11.1,999,10,-8
20124.2,10.9,999,10,-8
20129.2,11.2,999,10,-8
20134.2,11,999,10.1,-8
20139.2,11,999,10.1,-8
20144.2,11,999,10.1,-8
20149.3,11,999,10.1,-8
20154.3,11.2,999,10.1,-8
20159.3,11,999,10.2,-8
20164.3,11.2,999,10.2,-8
20169.3,11,999,10.3,-8
20174.3,11.2,999,10.2,-7.9
20179.3,11.1,999,10.3,-8
20184.3,11.1,999,10.3,-8
20189.3,11.3,999,10.4,-8
20194.4,11.1,999,10.4,-8
20199.3,11.3,999,10.4,-8
20204.3,11.3,999,10.4,-7.9
20209.4,11.3,999,10.4,-8
20214.4,11.4,999,10.4,-8
20219.4,11.3,999,10.4,-8
20224.4,11.3,999,10.5,-8
20229.4,11.3,999,10.5,-8
20234.5,11.3,999,10.5,-8
20239.5,11.3,999,10.6,-8
20244.5,11.4,999,10.6,-8
20249.5,11.3,999,10.6,-8
20254.5,11.4,999,10.6,-8
20259.5,11.4,999,10.6,-8
20264.5,11.4,999,10.6,-7.9
20269.6,11.4,999,10.6,-8
20274.6,11.4,999,10.6,-7.9
20279.6,11.4,999,10.7,-8
20284.6,11.4,999,10.7,-8
20289.6,11.4,999,10.7,-8
20294.6,11.4,999,10.8,-8
20299.7,11.4,999,10.8,-8
20304.7,11.4,999,10.8,-7.9
20309.7,11.4,999,10.8,-7.9
20314.6,11.4,999,10.8,-8
20319.7,11.4,999,10.8,-7.9
20324.7,11.5,999,10.9,-7.9
20329.7,11.5,999,10.9,-7.9
20334.8,11.5,999,10.9,-8
20339.7,11.4,999,10.9,-8
20344.7,11.5,999,10.9,-8
20349.7,11.5,999,10.9,-8
20354.8,11.5,999,11,-8
20359.8,11.5,999,11,-8
20364.8,11.5,999,11,-8
20369.8,11.4,999,11,-8
20374.8,11.5,999,11.1,-8
20379.8,11.5,999,11,-7.9
20384.9,11.5,999,11.1,-7.9
20389.8,11.4,999,11.1,-8
20394.9,11.5,999,11.1,-8
20399.9,11.5,999,11.2,-8
20404.9,11.5,999,11.1,-8
20409.9,11.5,999,11.1,-8
20414.9,11.5,999,11.1,-8
20419.9,11.5,999,11.2,-8
20425,11.4,999,11.2,-7.9
20430,11.5,999,11.2,-8
20435,11.5,999,11.3,-8
20440,11.5,999,11.3,-8
20445,11.5,999,11.3,-7.9
20450,11.5,999,11.3,-8
20455,11.5,999,11.4,-7.9
20460,11.5,999,11.4,-8
20465.1,11.5,999,11.4,-8
20470.1,11.5,999,11.4,-8
20475.1,11.5,999,11.5,-8
20480.1,11.5,999,11.5,-8
20485.1,11.5,999,11.5,-8
20490.1,11.5,999,11.6,-8
20495.1,11.5,999,11.6,-8
20500.2,11.5,999,11.7,-8
20505.2,11.5,999,11.7,-8
20510.1,11.5,999,11.8,-8
20515.2,11.5,999,11.8,-8
20520.2,11.5,999,11.8,-8
20525.2,11.5,999,11.9,-8
20530.2,11.5,999,11.9,-7.9
20535.2,11.5,999,11.9,-8
20540.2,11.5,999,11.9,-7.9
20545.3,11.5,999,11.9,-8
20550.3,11.5,999,11.9,-8
20555.3,11.5,999,11.9,-8
20560.3,11.5,999,11.9,-8
20565.3,11.5,999,12,-8
20570.3,11.5,999,12,-8
20575.3,11.5,999,12,-7.9
20580.3,11.5,999,12,-8
20585.3,11.5,999,12.2,-8
20590.3,11.5,999,12,-8
20595.4,11.5,999,12,-8
20600.4,11.5,999,12.2,-8
20605.4,11.5,999,12,-8
20610.4,11.5,999,12.2,-8
20615.4,11.5,999,12,-8
20620.4,11.5,999,12,-8
20625.4,11.5,999,12.2,-8
20630.5,11.5,999,12,-8
20635.4,11.5,999,12,-8
20640.4,11.5,999,12,-8
20645.5,11.5,999,12,-8
20650.5,11.5,999,12,-8
20655.5,11.5,999,11.9,-8
20660.5,11.5,999,12,-8
20665.5,11.5,999,12,-8
20670.5,11.5,999,11.9,-8
20675.6,11.5,999,11.9,-8
20680.6,11.5,999,11.9,-8
20685.5,11.4,999,11.9,-8
20690.6,11.5,999,11.9,-8
20695.6,11.4,999,11.9,-8.1
20700.6,11.4,999,11.9,-8
20705.6,11.4,999,11.9,-8
20710.6,11.5,999,11.9,-8
20715.6,11.5,999,11.9,-8
20720.7,11.5,999,11.9,-8
20725.7,11.4,999,11.9,-8
20730.7,11.5,999,11.9,-8
20735.7,11.5,999,11.9,-8
20740.7,11.5,999,11.9,-8
20745.8,11.4,999,11.9,-8
20750.8,11.5,999,12,-8
20755.8,11.4,999,11.9,-8
20760.8,11.5,999,11.9,-8
20765.8,11.5,999,11.9,-8
20770.8,11.4,999,11.9,-8
20775.8,11.5,999,11.9,-8.1
20780.8,11.4,999,11.9,-8.1
20785.8,11.5,999,11.9,-8
20790.9,11.5,999,11.9,-8
20795.9,11.4,999,11.9,-8
20800.9,11.5,999,11.9,-8
20805.9,11.5,999,11.8,-8
20810.9,11.5,999,11.9,-8
20815.9,11.5,999,11.9,-8
20820.9,11.5,999,11.8,-8
20826,11.5,999,11.9,-8
20831,11.5,999,11.8,-8
20836,11.5,999,11.9,-8
20841,11.5,999,11.8,-8
20846,11.5,999,11.8,-8
20851,11.5,999,11.9,-8
20856.1,11.5,999,11.9,-8
20861.1,11.5,999,11.9,-8
20866.1,11.5,999,11.8,-8
20871.1,11.5,999,11.9,-7.9
20876.1,11.5,999,11.9,-8
20881.1,11.5,999,11.8,-8
20886.1,11.5,999,11.9,-8
20891.1,11.5,999,11.9,-8
20896.1,11.5,999,11.8,-8
20901.2,11.5,999,11.8,-8
20906.2,11.5,999,11.9,-8
20911.2,11.5,999,11.9,-8
20916.2,11.5,999,11.9,-8
20921.2,11.5,999,11.9,-8
20926.2,11.5,999,11.8,-8
20931.3,11.5,999,11.8,-8
20936.3,11.5,999,11.8,-8
20941.2,11.5,999,11.8,-8
20946.3,11.5,999,11.8,-8
20951.3,11.5,999,11.8,-7.9
20956.3,11.5,999,11.8,-8
20961.3,11.5,999,11.8,-8
20966.3,11.5,999,11.8,-8
20971.3,11.5,999,11.8,-8
20976.4,11.5,999,11.8,-8
20981.4,11.5,999,11.8,-8
20986.4,11.5,999,11.8,-8
20991.4,11.5,999,11.8,-8
20996.5,11.5,999,11.8,-8
21001.4,11.5,999,11.8,-8
21006.5,11.5,999,11.8,-8
21011.5,11.6,999,11.8,-8
21016.5,11.5,999,11.8,-8
21021.5,11.5,999,11.8,-8
21026.5,11.5,999,11.8,-8
21031.5,11.5,999,11.8,-8
21036.6,11.5,999,11.8,-8
21041.6,11.5,999,11.8,-8
21046.6,11.5,999,11.8,-7.9
21051.6,11.5,999,11.8,-8
21056.6,11.5,999,11.8,-8
21061.6,11.6,999,11.8,-8
21066.7,11.5,999,11.8,-8
21071.6,11.5,999,11.8,-8
21076.6,11.5,999,11.8,-8
21081.7,11.5,999,11.7,-8
21086.7,11.5,999,11.8,-8
21091.7,11.5,999,11.8,-8
21096.7,11.5,999,11.8,-8
21101.7,11.5,999,11.8,-8
21106.7,11.5,999,11.8,-8
21111.8,11.6,999,11.8,-8
21116.8,11.5,999,11.8,-8
21121.8,11.5,999,11.8,-8
21126.8,11.5,999,11.8,-8
21131.8,11.5,999,11.7,-8
21136.9,11.6,999,11.8,-8
21141.8,11.6,999,11.7,-8
21146.9,11.5,999,11.7,-8
21151.9,11.5,999,11.8,-8
21156.9,11.5,999,11.8,-8
21161.9,11.5,999,11.8,-8
21166.9,11.5,999,11.8,-8
21172,11.6,999,11.8,-8
21177,11.5,999,11.8,-8
21181.9,11.5,999,11.8,-8
21187,11.6,999,11.8,-8
21192,11.6,999,11.8,-7.9
21197,11.6,999,11.8,-8
21202,11.6,999,11.8,-8
21207,11.6,999,11.8,-8
21212.1,11.6,999,11.8,-7.9
21217.1,11.6,999,11.8,-8
21222.1,11.6,999,11.8,-8
21227.1,11.6,999,11.8,-8
21232.1,11.6,999,11.7,-8
21237.1,11.6,999,11.8,-8
21242.2,11.6,999,11.8,-7.9
21247.2,11.6,999,11.8,-8
21252.2,11.6,999,11.7,-8
21257.2,11.6,999,11.7,-8
21262.2,11.6,999,11.7,-8
21267.2,11.6,999,11.6,-8
21272.2,11.6,999,11.6,-8
21277.3,11.6,999,11.7,-8
21282.3,11.6,999,11.6,-8
21287.3,11.6,999,11.7,-8
21292.3,11.6,999,11.6,-7.9
21297.3,11.6,999,11.6,-7.9
21302.3,11.6,999,11.6,-7.9
21307.4,11.6,999,11.6,-7.9
21312.4,11.7,999,11.6,-7.9
21317.4,11.7,999,11.6,-7.9
21322.4,11.6,999,11.6,-8
21327.4,11.7,999,11.6,-7.9
21332.4,11.7,999,11.6,-8
21337.4,11.6,999,11.6,-8
21342.4,11.6,999,11.6,-8
21347.4,11.6,999,11.6,-8
21352.5,11.7,999,11.6,-7.9
21357.5,11.7,999,11.6,-8
21362.5,11.6,999,11.6,-8
21367.5,11.6,999,11.6,-8
21372.5,11.7,999,11.6,-7.9
21377.5,11.7,999,11.5,-8
21382.5,11.7,999,11.5,-8
21387.5,11.6,999,11.5,-8
21392.5,11.7,999,11.5,-8
21397.6,11.7,999,11.5,-8
21402.6,11.6,999,11.5,-8
21407.6,11.7,999,11.5,-8
21412.6,11.6,999,11.5,-8
21417.6,11.7,999,11.5,-8
21422.6,11.6,999,11.5,-7.9
21427.6,11.7,999,11.5,-8
21432.7,11.7,999,11.4,-8
21437.7,11.6,999,11.5,-8
21442.7,11.6,999,11.5,-7.9
21447.7,11.7,999,11.4,-8
21452.8,11.7,999,11.4,-8
21457.8,11.7,999,11.4,-8
21462.7,11.7,999,11.4,-8
21467.7,11.7,999,11.4,-8
21472.8,11.7,999,11.4,-8
21477.8,11.7,999,11.4,-8
21482.8,11.7,999,11.4,-8
21487.8,11.7,999,11.3,-8
21492.8,11.6,999,11.4,-8
21497.8,11.7,999,11.4,-8
21502.9,11.6,999,11.4,-8
21507.8,11.7,999,11.3,-8
21512.9,11.7,999,11.3,-8
21517.9,11.7,999,11.4,-8
21522.9,11.7,999,11.4,-8
21527.9,11.7,999,11.3,-8
21532.9,11.7,999,11.3,-8
21537.9,11.6,999,11.3,-8
21543,11.7,999,11.3,-7.9
21548,11.7,999,11.3,-8
21553,11.7,999,11.3,-8
21558,11.7,999,11.3,-8
21563,11.7,999,11.3,-8
21568,11.7,999,11.3,-8
21573,11.6,999,11.3,-8
21578,11.7,999,11.3,-8
21583,11.7,999,11.3,-8
21588.1,11.7,999,11.3,-8
21593.1,11.7,999,11.3,-7.9
21598.1,11.7,999,11.3,-7.9
21603.1,11.7,999,11.3,-7.9
21608.1,11.7,999,11.3,-7.9
21613.2,11.7,999,11.3,-8
21618.2,11.7,999,11.3,-8
21623.1,11.7,999,11.2,-7.9
21628.2,11.7,999,11.2,-8
21633.2,11.7,999,11.3,-8
21638.2,11.7,999,11.2,-8
21643.2,11.7,999,11.2,-8
21648.2,11.7,999,11.2,-7.9
21653.2,11.7,999,11.2,-8
21658.3,11.7,999,11.1,-8
21663.3,11.7,999,11.1,-7.9
21668.3,11.7,999,11.1,-8
21673.3,11.7,999,11.1,-7.9
21678.3,11.7,999,11.1,-8
21683.3,11.7,999,11.1,-7.9
21688.3,11.7,999,11.1,-8
21693.3,11.7,999,11.1,-8
21698.4,11.7,999,11.1,-8
21703.4,11.7,999,11.1,-7.9
21708.4,11.7,999,11.1,-8
21713.4,11.7,999,11.1,-8
21718.4,11.7,999,11.1,-8
21723.4,11.7,999,11.1,-8
21728.5,11.7,999,11.1,-8
21733.5,11.7,999,11.1,-8
21738.5,11.7,999,11.1,-8
21743.5,11.7,999,11,-8
21748.5,11.7,999,11,-8
21753.5,11.7,999,11.1,-8
21758.5,11.7,999,11.1,-8
21763.5,11.7,999,11,-8
21768.6,11.6,999,11,-8
21773.6,11.7,999,11,-8
21778.6,11.6,999,11,-8
21783.6,11.7,999,11,-8
21788.6,11.7,999,11,-8
21793.6,11.6,999,11,-8
21798.6,11.7,999,11,-8
21803.7,11.7,999,11,-8
21808.6,11.7,999,11,-8
21813.6,11.7,999,11,-8
21818.7,11.7,999,11,-8
21823.7,11.7,999,10.9,-8
21828.7,11.7,999,11,-8
21833.7,11.7,999,10.9,-8
21838.7,11.7,999,10.9,-8
21843.7,11.7,999,10.9,-8
21848.8,11.7,999,10.9,-8
21853.8,11.7,999,10.9,-8
21858.8,11.7,999,10.9,-8
21863.8,11.7,999,10.9,-8
21868.8,11.7,999,10.9,-7.9
21873.8,11.7,999,10.9,-8
21878.8,11.7,999,10.9,-8
21883.9,11.7,999,10.9,-8
21888.9,11.7,999,10.9,-8
21893.9,11.7,999,10.8,-8
21898.9,11.7,999,10.8,-8
21904,11.7,999,10.8,-8
21909,11.7,999,10.9,-8
21914,11.7,999,10.8,-8
21919,11.7,999,10.8,-8
21924,11.7,999,10.9,-8
21929,11.7,999,10.8,-8
21934,11.7,999,10.8,-8
21939,11.7,999,10.8,-8
21944,11.7,999,10.9,-8
21949,11.7,999,10.8,-8
21954.1,11.7,999,10.8,-8
21959.1,11.7,999,10.8,-8
21964.1,11.7,999,10.8,-7.9
21969.1,11.7,999,10.8,-8
21974.1,11.7,999,10.9,-8
21979.2,11.7,999,10.8,-7.9
21984.2,11.7,999,10.8,-7.9
21989.1,11.7,999,10.8,-7.9
21994.1,11.7,999,10.8,-7.9
21999.2,11.8,999,10.8,-7.9
22004.2,11.8,999,10.8,-7.9
22009.2,11.8,999,10.8,-8
22014.2,11.8,999,10.8,-8
22019.2,11.8,999,10.8,-8
22024.3,11.7,999,10.8,-8
22029.3,11.8,999,10.8,-8
22034.3,11.7,999,10.8,-8
22039.3,11.8,999,10.8,-8
22044.3,11.7,999,10.7,-8
22049.3,11.7,999,10.7,-8
22054.4,11.7,999,10.7,-8
22059.4,11.8,999,10.7,-8
22064.4,11.7,999,10.7,-7.9
22069.4,11.7,999,10.7,-8
22074.4,11.8,999,10.7,-7.9
22079.4,11.8,999,10.7,-8
22084.4,11.7,999,10.7,-8
22089.5,11.8,999,10.7,-7.9
22094.5,11.7,999,10.7,-8
22099.5,11.7,999,10.7,-8
22104.5,11.8,999,10.7,-7.9
22109.5,11.8,999,10.6,-8
22114.5,11.8,999,10.7,-8
22119.5,11.7,999,10.6,-8
22124.6,11.8,999,10.6,-8
22129.5,11.8,999,10.6,-8
22134.6,11.8,999,10.6,-8
22139.6,11.8,999,10.6,-8
22144.6,11.8,999,10.6,-8
22149.6,11.8,999,10.6,-8
22154.6,11.8,999,10.6,-8
22159.6,11.9,999,10.6,-8
22164.7,11.8,999,10.6,-8
22169.7,11.9,999,10.6,-8
22174.7,11.8,999,10.5,-8
22179.7,11.8,999,10.5,-8
22184.8,11.7,999,10.6,-8
22189.8,11.8,999,10.6,-8
22194.7,11.8,999,10.5,-8
22199.7,11.8,999,10.5,-7.9
22204.8,11.8,999,10.5,-8
22209.8,11.8,999,10.4,-8
22214.8,11.9,999,10.5,-8
22219.8,11.7,999,10.5,-8
22224.8,11.8,999,10.4,-8
22229.9,11.8,999,10.4,-8
22234.9,11.8,999,10.5,-8
22239.9,11.8,999,10.4,-8
22244.9,11.8,999,10.4,-8
22249.9,11.8,999,10.4,-8
22254.9,11.7,999,10.4,-7.9
22259.9,11.8,999,10.4,-8
22264.9,11.8,999,10.4,-8
22270,11.9,999,10.3,-8
22274.9,11.9,999,10.4,-8
22280,11.7,999,10.4,-8
22285,11.8,999,10.3,-8
22290,11.8,999,10.3,-8
22295,11.7,999,10.3,-8
22300,11.9,999,10.3,-8
22305,11.9,999,10.3,-8
22310.1,11.8,999,10.3,-8
22315.1,11.8,999,10.3,-8
22320.1,11.9,999,10.3,-8
22325.1,11.8,999,10.3,-8
22330.1,11.8,999,10.3,-8
22335.1,11.8,999,10.3,-8
22340.2,11.9,999,10.3,-8
22345.2,11.8,999,10.3,-8
22350.2,11.8,999,10.3,-8
22355.2,11.9,999,10.3,-8
22360.2,11.8,999,10.3,-8
22365.3,11.9,999,10.2,-8
22370.3,11.9,999,10.3,-8
22375.2,11.9,999,10.2,-8
22380.3,11.9,999,10.2,-8
22385.3,11.9,999,10.2,-8
22390.3,11.9,999,10.1,-8
22395.3,11.9,999,10.2,-8
22400.4,11.9,999,10.2,-8
22405.4,11.8,999,10.2,-8
22410.4,11.8,999,10.2,-8
22415.4,11.8,999,10.2,-8
22420.4,11.8,999,10.1,-8
22425.4,11.9,999,10.1,-8
22430.4,11.9,999,10.1,-8
22435.4,11.9,999,10.1,-8
22440.4,11.9,999,10.1,-8
22445.5,11.9,999,10.1,-8
22450.5,11.9,999,10.1,-8
22455.5,11.9,999,10.1,-8
22460.5,11.9,999,10.1,-8
22465.5,11.9,999,10.1,-8
22470.5,11.9,999,10.1,-8
22475.6,11.9,999,10.1,-8
22480.5,11.9,999,10.1,-8
22485.6,11.9,999,10.1,-8
22490.6,11.9,999,10.1,-8
22495.6,11.9,999,10.1,-8
22500.6,11.9,999,10.1,-8
22505.6,11.9,999,10,-8
22510.7,11.9,999,10.1,-8
22515.7,11.9,999,10.1,-8
22520.7,12,999,10,-7.9
22525.7,12,999,10,-8
22530.7,12,999,10,-8
22535.8,12,999,10,-8
22540.7,12,999,10,-8
22545.8,12,999,10,-8
22550.7,12.1,999,10,-8
22555.7,12.1,999,10,-8
22560.8,12.1,999,10,-8
22565.8,12.1,999,10,-8
22570.9,12.1,999,10,-8
22575.8,12.1,999,10,-8
22580.8,12.1,999,10,-8
22585.9,12.1,999,10,-8
22590.9,12.1,999,10,-7.9
22595.9,12.1,999,10,-7.9
22600.9,12.2,999,10,-8
22605.9,12.2,999,10,-8
22610.9,12.2,999,10,-7.9
22615.9,12.2,999,10,-7.9
22620.9,12.2,999,10,-7.9
22625.9,12.2,999,10,-7.9
22630.9,12.2,999,10,-7.9
22636,12.3,999,10,-8
22641,12.3,999,10,-8
22646,12.3,999,10,-7.9
22651.1,12.3,999,9.9,-7.9
22656,12.3,999,10,-7.9
22661,12.3,999,9.9,-7.9
22666,12.4,999,9.9,-7.9
22671,12.3,999,9.9,-7.9
22676,12.4,999,9.9,-7.9
22681,12.4,999,9.9,-7.9
22686.1,12.4,999,9.9,-7.9
22691.1,12.4,999,9.9,-7.9
22696.1,12.4,999,9.9,-7.9
22701.1,12.4,999,9.9,-7.9
22706.2,12.4,999,9.9,-8
22711.2,12.4,999,9.8,-7.9
22716.2,12.4,999,9.9,-7.9
22721.2,12.4,999,9.8,-7.9
22726.2,12.5,999,9.9,-8
22731.2,12.5,999,9.8,-7.9
22736.2,12.5,999,9.8,-8
22741.2,12.5,999,9.8,-8
22746.3,12.5,999,9.8,-8
22751.3,12.5,999,9.8,-8
22756.3,12.6,999,9.7,-7.9
22761.3,12.6,999,9.7,-8
22766.3,12.6,999,9.7,-8
22771.3,12.6,999,9.7,-7.9
22776.3,12.6,999,9.7,-8
22781.3,12.6,999,9.7,-8
22786.4,12.6,999,9.7,-8
22791.3,12.6,999,9.7,-8
22796.4,12.6,999,9.7,-8
22801.4,12.6,999,9.7,-7.9
22806.5,12.6,999,9.7,-8
22811.4,12.6,999,9.7,-8
22816.4,12.6,999,9.7,-7.9
22821.4,12.6,999,9.7,-7.9
22826.4,12.7,999,9.7,-8
22831.5,12.7,999,9.5,-7.9
22836.5,12.7,999,9.6,-8
22841.5,12.7,999,9.6,-8
22846.5,12.7,999,9.6,-8
22851.5,12.7,999,9.5,-8
22856.6,12.7,999,9.5,-8
22861.5,12.7,999,9.5,-8
22866.6,12.7,999,9.5,-8
22871.6,12.7,999,9.5,-8
22876.6,12.7,999,9.5,-8
22881.6,12.7,999,9.5,-8
22886.6,12.7,999,9.4,-8
22891.6,12.8,999,9.5,-8
22896.6,12.7,999,9.4,-8
22901.6,12.8,999,9.4,-8
22906.7,12.8,999,9.4,-8
22911.7,12.8,999,9.4,-8
22916.7,12.7,999,9.4,-7.9
22921.7,12.8,999,9.3,-8
22926.7,12.8,999,9.4,-8
22931.7,12.8,999,9.3,-8
22936.7,12.8,999,9.3,-8
22941.7,12.8,999,9.3,-8
22946.8,12.8,999,9.3,-8
22951.8,12.8,999,9.3,-8
22956.8,12.8,999,9.3,-8
22961.8,12.8,999,9.3,-8
22966.9,12.8,999,9.2,-8
22971.9,12.8,999,9.2,-8
22976.9,12.8,999,9.2,-8
22981.9,12.8,999,9.3,-8
22986.9,12.8,999,9.2,-8
22991.9,12.8,999,9.2,-8
22996.9,12.8,999,9.2,-8
23001.9,12.8,999,9.2,-7.9
23006.9,12.8,999,9.2,-8
23011.9,12.8,999,9.2,-7.9
23016.9,12.8,999,9.1,-7.9
23021.9,12.8,999,9.2,-7.9
23026.9,12.8,999,9.1,-8
23032,12.9,999,9.1,-8
23037,12.8,999,9.1,-8
23042,12.9,999,9.1,-8
23047,12.8,999,9.1,-7.9
23052,12.9,999,9.1,-7.9
23057,12.9,999,9.1,-8
23062,12.9,999,9,-7.9
23067,12.8,999,9.1,-8
23072,12.9,999,9.1,-7.9
23077.1,12.9,999,9.1,-8
23082.1,12.9,999,9,-7.9
23087.1,12.9,999,9,-7.9
23092.1,12.9,999,9,-8
23097.1,12.9,999,9,-8
23102.1,12.9,999,9,-8
23107.1,13,999,8.9,-8
23112.1,12.9,999,8.9,-8
23117.2,13,999,8.9,-8
23122.2,12.9,999,8.9,-7.9
23127.2,13,999,8.9,-7.9
23132.2,12.9,999,8.9,-7.9
23137.2,13,999,8.9,-7.9
23142.2,13,999,8.9,-7.9
23147.3,13,999,8.8,-8
23152.3,13,999,8.9,-7.9
23157.3,13,999,8.9,-7.9
23162.3,13,999,8.8,-7.9
23167.3,13,999,8.8,-8
23172.3,13,999,8.8,-7.9
23177.3,13,999,8.8,-8
23182.4,13,999,8.8,-7.9
23187.4,13,999,8.8,-7.9
23192.4,13,999,8.7,-7.9
23197.4,13.1,999,8.7,-8
23202.4,13,999,8.7,-7.9
23207.4,13,999,8.7,-7.9
23212.5,13.1,999,8.7,-8
23217.5,13,999,8.7,-8
23222.5,13.1,999,8.6,-8
23227.5,13.1,999,8.6,-8
23232.5,13.1,999,8.6,-8
23237.5,13,999,8.6,-7.9
23242.6,13.1,999,8.6,-8
23247.5,13,999,8.5,-8
23252.5,13,999,8.5,-8
23257.5,13.1,999,8.5,-8
23262.5,13.1,999,8.5,-8
23267.6,13.1,999,8.5,-8
23272.6,13.1,999,8.5,-8
23277.6,13,999,8.4,-8
23282.6,13,999,8.4,-8.1
23287.6,13,999,8.4,-8.1
23292.6,13,999,8.4,-8.1
23297.6,13,999,8.3,-8.2
23302.6,13,999,8,-8.1
23307.7,12.9,999,8,-8.1
23312.7,12.9,999,8.2,-8.2
23317.7,12.9,999,8.1,-8.2
23322.7,12.9,999,7.9,-8.2
23327.7,12.8,999,7.8,-8.2
23332.7,12.9,999,7.9,-8.2
23337.7,12.8,999,7.8,-8.2
23342.8,12.8,999,7.8,-8.2
23347.8,12.8,999,7.8,-8.2
23352.8,12.8,999,7.7,-8.2
23357.8,12.8,999,7.7,-8.2
23362.8,12.7,999,7.6,-8.3
23367.8,12.7,999,7.6,-8.3
23372.8,12.7,999,7.5,-8.3
23377.9,12.7,999,7.5,-8.4
23382.9,12.7,999,7.4,-8.2
23387.9,12.6,999,7.4,-8.3
23392.9,12.6,999,7.4,-8.3
23397.9,12.6,999,7.4,-8.3
23402.9,12.6,999,7.4,-8.3
23407.9,12.6,999,7.4,-8.3
23412.9,12.6,999,7.3,-8.3
23417.9,12.6,999,7.3,-8.4
23422.9,12.5,999,7.3,-8.4
23428,12.4,999,7.2,-8.3
23433,12.5,999,7.2,-8.3
23438,12.5,999,7.2,-8.3
23443,12.5,999,7.2,-8.4
23448,12.5,999,7.2,-8.3
23453,12.5,999,7.2,-8.3
23458,12.5,999,7.2,-8.3
23463,12.5,999,7.1,-8.3
23468.1,12.5,999,7.2,-8.4
23473.1,12.4,999,7.2,-8.3
23478.1,12.4,999,7.2,-8.3
23483,12.4,999,7.1,-8.3
23488.1,12.4,999,7.1,-8.3
23493.1,12.4,999,7.2,-8.3
23498.1,12.4,999,7.2,-8.2
23503.1,12.4,999,7.2,-8.2
23508.1,12.4,999,7.1,-8.2
23513.2,12.5,999,7.2,-8.2
23518.2,12.4,999,7.2,-8.2
23523.2,12.5,999,7.2,-8.2
23528.2,12.5,999,7.2,-8.2
23533.2,12.5,999,7.2,-8.2
23538.2,12.5,999,7.2,-8.2
23543.3,12.5,999,7.2,-8.2
23548.3,12.6,999,7.2,-8.2
23553.3,12.5,999,7.2,-8.1
23558.3,12.6,999,7.3,-8.2
23563.3,12.5,999,7.3,-8.1
23568.3,12.6,999,7.3,-8
23573.3,12.6,999,7.4,-8
23578.4,12.6,999,7.3,-8
23583.4,12.6,999,7.4,-8
23588.4,12.6,999,7.4,-8
23593.4,12.6,999,7.4,-8
23598.4,12.6,999,7.4,-8
23603.4,12.7,999,7.4,-8
23608.4,12.7,999,7.5,-7.9
23613.4,12.7,999,7.5,-7.9
23618.4,12.8,999,7.5,-7.9
23623.4,12.8,999,7.5,-8
23628.5,12.8,999,7.5,-7.9
23633.5,12.8,999,7.5,-7.9
23638.5,12.8,999,7.5,-7.9
23643.5,12.9,999,7.5,-7.9
23648.5,12.9,999,7.6,-7.8
23653.5,12.9,999,7.6,-7.9
23658.6,12.9,999,7.6,-7.8
23663.5,12.9,999,7.6,-7.8
23668.5,12.9,999,7.6,-7.7
23673.6,13,999,7.6,-7.8
23678.6,13,999,7.6,-7.7
23683.6,13,999,7.7,-7.8
23688.6,13,999,7.7,-7.7
23693.7,13,999,7.6,-7.8
23698.7,13,999,7.7,-7.7
23703.7,13,999,7.6,-7.8
23708.7,13.1,999,7.7,-7.7
23713.7,13.1,999,7.7,-7.8
23718.7,13,999,7.7,-7.8
23723.7,13.1,999,7.6,-7.8
23728.8,13,999,7.6,-7.8
23733.7,13.1,999,7.6,-7.8
23738.7,13.1,999,7.6,-7.7
23743.8,13.1,999,7.6,-7.8
23748.8,13.1,999,7.6,-7.8
23753.8,13.1,999,7.6,-7.8
23758.8,13.1,999,7.6,-7.8
23763.8,13.1,999,7.6,-7.8
23768.9,13.1,999,7.5,-7.8
23773.9,13.1,999,7.5,-7.8
23778.9,13.1,999,7.5,-7.8
23783.9,13.1,999,7.5,-7.9
23788.9,13.1,999,7.5,-7.9
23793.9,13.1,999,7.5,-7.9
23799,13.1,999,7.5,-7.8
23803.9,13.1,999,7.5,-7.8
23809,13.1,999,7.5,-7.9
23814,13.1,999,7.4,-7.9
23819,13.1,999,7.4,-7.9
23824,13,999,7.4,-7.9
23829,13,999,7.4,-7.9
23834.1,13,999,7.3,-7.9
23839.1,13,999,7.3,-7.9
23844.1,13,999,7.3,-7.9
23849.1,13,999,7.2,-7.9
23854.1,12.9,999,7.2,-8
23859.1,12.9,999,7.2,-8
23864.1,12.9,999,7.2,-8
23869.1,12.9,999,7.2,-8
23874.2,12.9,999,7.1,-8
23879.2,12.9,999,7.1,-8
23884.2,12.9,999,7.1,-8
23889.2,12.9,999,7.1,-8
23894.2,12.8,999,7,-8
23899.2,12.8,999,7.1,-8
23904.3,12.8,999,7,-8
23909.3,12.8,999,7,-8
23914.3,12.8,999,7,-8
23919.3,12.8,999,7,-8
23924.3,12.8,999,7,-8.1
23929.3,12.8,999,7,-8
23934.3,12.7,999,7,-8.1
23939.3,12.7,999,7,-8
23944.4,12.6,999,6.9,-8
23949.4,12.6,999,6.9,-8
23954.4,12.7,999,6.8,-8
23959.4,12.6,999,6.8,-8.1
23964.5,12.6,999,6.8,-8.1
23969.5,12.6,999,6.8,-8.1
23974.4,12.6,999,6.8,-8.2
23979.5,12.6,999,6.7,-8.1
23984.5,12.6,999,6.7,-8.1
23989.5,12.6,999,6.8,-8
23994.5,12.5,999,6.7,-8.1
23999.5,12.5,999,6.7,-8.1
24004.5,12.6,999,6.7,-8.1
24009.6,12.5,999,6.7,-8.1
24014.6,12.5,999,6.7,-8.1
24019.6,12.5,999,6.7,-8.1
24024.6,12.5,999,6.7,-8
24029.6,12.5,999,6.7,-8.1
24034.7,12.5,999,6.7,-8
24039.7,12.5,999,6.6,-8.1
24044.7,12.5,999,6.6,-8.1
24049.7,12.4,999,6.6,-8
24054.7,12.4,999,6.6,-8
24059.7,12.4,999,6.6,-8.1
24064.7,12.4,999,6.6,-8
24069.7,12.4,999,6.6,-8
24074.8,12.4,999,6.6,-8
24079.8,12.4,999,6.6,-8
24084.8,12.4,999,6.6,-8
24089.8,12.4,999,6.6,-8
24094.8,12.4,999,6.6,-8
24099.8,12.4,999,6.5,-8
24104.8,12.4,999,6.6,-8.1
24109.8,12.4,999,6.6,-8
24114.8,12.4,999,6.5,-8
24119.8,12.4,999,6.5,-8
24124.9,12.4,999,6.5,-8
24129.9,12.4,999,6.5,-8
24134.9,12.4,999,6.5,-8.1
24139.9,12.4,999,6.5,-8
24144.9,12.3,999,6.5,-8
24150,12.3,999,6.5,-8
24155,12.3,999,6.5,-8
24159.9,12.4,999,6.5,-8
24165,12.3,999,6.5,-8
24170,12.3,999,6.5,-8
24175,12.3,999,6.5,-8
24180,12.4,999,6.5,-8
24185,12.3,999,6.5,-8
24190,12.3,999,6.5,-8
24195,12.3,999,6.5,-8
24200.1,12.3,999,6.5,-8
24205.1,12.3,999,6.4,-8
24210.1,12.3,999,6.5,-8
24215.1,12.3,999,6.4,-8
24220.1,12.3,999,6.5,-8
24225.1,12.3,999,6.5,-8
24230.1,12.3,999,6.5,-8
24235.1,12.3,999,6.4,-8
24240.2,12.3,999,6.4,-8
24245.2,12.3,999,6.4,-8
24250.2,12.2,999,6.4,-8
24255.2,12.3,999,6.4,-8
24260.2,12.2,999,6.4,-7.9
24265.2,12.2,999,6.4,-8
24270.3,12.2,999,6.4,-8
24275.3,12.2,999,6.4,-8
24280.3,12.2,999,6.4,-8
24285.3,12.2,999,6.4,-8
24290.3,12.2,999,6.4,-8
24295.3,12.2,999,6.4,-7.9
24300.3,12.2,999,6.4,-8
24305.3,12.2,999,6.3,-8
24310.4,12.2,999,6.4,-8
24315.4,12.2,999,6.4,-8
24320.4,12.2,999,6.4,-8
24325.4,12.2,999,6.3,-7.9
24330.4,12.2,999,6.4,-7.9
24335.4,12.2,999,6.4,-7.9
24340.4,12.2,999,6.3,-7.9
24345.4,12.2,999,6.3,-7.9
24350.5,12.2,999,6.3,-7.9
24355.5,12.2,999,6.3,-7.9
24360.5,12.2,999,6.3,-7.9
24365.5,12.2,999,6.2,-7.9
24370.5,12.2,999,6.3,-7.9
24375.5,12.2,999,6.3,-7.9
24380.6,12.2,999,6.3,-7.9
24385.6,12.2,999,6.3,-7.9
24390.6,12.1,999,6.3,-7.9
24395.6,12.2,999,6.3,-7.9
24400.6,12.2,999,6.2,-7.9
24405.6,12.1,999,6.2,-7.9
24410.6,12.2,999,6.2,-7.9
24415.6,12.1,999,6.2,-7.9
24420.6,12.1,999,6.2,-7.9
24425.6,12.1,999,6.2,-7.9
24430.7,12.1,999,6.2,-7.9
24435.7,12.1,999,6.2,-7.9
24440.7,12.1,999,6.1,-7.9
24445.7,12.1,999,6.2,-7.9
24450.8,12.1,999,6.2,-7.9
24455.8,12,999,6.2,-8
24460.8,12.1,999,6.2,-7.9
24465.8,12.1,999,6.2,-7.9
24470.8,12.1,999,6.1,-7.9
24475.8,12,999,6.1,-7.9
24480.8,12,999,6.1,-8
24485.9,12,999,6.1,-7.9
24490.9,12,999,6.1,-7.9
24495.9,11.9,999,6.1,-7.9
24500.9,11.9,999,6,-8
24505.9,11.9,999,6,-8
24510.9,11.9,999,6,-8
24516,11.9,999,6,-8
24520.9,11.9,999,6,-8
24526,11.9,999,6,-8
24531,11.9,999,6,-8
24536,11.9,999,5.9,-8
24541,11.9,999,5.9,-8
24546,11.9,999,5.9,-8
24551,11.9,999,5.9,-8
24556,11.9,999,5.9,-8
24561.1,11.8,999,5.9,-8
24566.1,11.8,999,5.9,-7.9
24571.1,11.8,999,5.9,-8
24576.1,11.8,999,5.8,-8
24581.1,11.8,999,5.8,-8
24586.1,11.7,999,5.8,-8
24591.2,11.8,999,5.8,-8
24596.2,11.7,999,5.8,-8
24601.2,11.7,999,5.8,-8
24606.2,11.7,999,5.7,-8
24611.2,11.7,999,5.7,-7.9
24616.2,11.7,999,5.7,-8
24621.2,11.7,999,5.7,-8
24626.2,11.7,999,5.7,-8
24631.2,11.7,999,5.7,-8
24636.3,11.7,999,5.7,-7.9
24641.3,11.7,999,5.7,-8
24646.3,11.6,999,5.6,-8
24651.3,11.6,999,5.6,-8
24656.3,11.6,999,5.6,-8
24661.3,11.6,999,5.6,-8
24666.3,11.6,999,5.6,-8
24671.3,11.6,999,5.6,-8
24676.3,11.6,999,5.6,-8
24681.4,11.6,999,5.6,-8
24686.4,11.5,999,5.6,-8
24691.4,11.5,999,5.6,-8
24696.4,11.5,999,5.6,-8
24701.4,11.5,999,5.6,-8
24706.4,11.5,999,5.5,-8
24711.4,11.5,999,5.5,-8
24716.4,11.5,999,5.5,-8
24721.5,11.4,999,5.5,-8
24726.5,11.5,999,5.6,-8
24731.4,11.4,999,5.5,-8
24736.5,11.4,999,5.5,-8
24741.5,11.3,999,5.4,-8
24746.5,11.4,999,5.5,-8
24751.5,11.4,999,5.5,-8
24756.6,11.4,999,5.5,-8
24761.6,11.4,999,5.4,-8
24766.6,11.4,999,5.5,-8
24771.6,11.3,999,5.4,-8
24776.6,11.4,999,5.4,-8
24781.6,11.3,999,5.4,-8
24786.6,11.3,999,5.4,-8
24791.6,11.3,999,5.4,-8
24796.7,11.3,999,5.4,-8
24801.7,11.3,999,5.4,-8
24806.7,11.2,999,5.4,-8
24811.7,11.1,999,5.4,-8
24816.7,11,999,5.4,-8
24821.7,11,999,5.4,-8
24826.7,11.2,999,5.3,-8
24831.8,11.2,999,5.4,-8
24836.8,11,999,5.3,-8
24841.7,11.2,999,5.3,-8
24846.8,11,999,5.3,-8
24851.8,11.2,999,5.3,-8
24856.8,11,999,5.3,-8
24861.8,11.2,999,5.3,-8
24866.8,10.9,999,5.3,-8
24871.9,11.1,999,5.3,-8
24876.9,11.2,999,5.2,-8
24881.9,11.1,999,5.2,-8
24886.9,11.1,999,5.2,-8
24891.9,11.1,999,5.2,-8
24896.9,11.1,999,5.3,-8
24902,11.1,999,5.1,-8
24906.9,11.1,999,5.2,-7.9
24911.9,11.1,999,5.2,-8
24917,11.1,999,5.3,-8
24922,10.9,999,5.1,-8
24927,10.9,999,5.2,-8
24932,11,999,5.2,-7.9
24937,10.8,999,5.2,-8
24942,10.8,999,5.2,-8
24947.1,10.8,999,5.1,-8
24952.1,10.8,999,5.1,-8
24957.1,10.8,999,5.1,-8
24962.1,10.8,999,5.1,-8
24967.1,10.8,999,5.1,-7.9
24972.1,10.7,999,5.1,-8
24977.1,10.7,999,5.1,-8
24982.1,10.7,999,5.1,-8
24987.1,10.7,999,5.1,-7.9
24992.2,10.7,999,5.1,-8
24997.2,10.7,999,5.1,-8
25002.2,10.7,999,5,-8
25007.2,10.6,999,5,-8
25012.3,10.7,999,5.1,-8
25017.3,10.7,999,5.1,-7.9
25022.3,10.7,999,5,-8
25027.3,10.7,999,5,-8
25032.3,10.7,999,5.1,-7.9
25037.3,10.6,999,5,-8
25042.3,10.6,999,5,-8
25047.3,10.6,999,5,-8
25052.4,10.6,999,5,-7.9
25057.4,10.6,999,5,-8
25062.4,10.6,999,4.9,-8
25067.4,10.6,999,4.9,-7.9
25072.4,10.6,999,4.8,-8
25077.5,10.6,999,4.9,-8
25082.5,10.6,999,4.9,-7.9
25087.5,10.5,999,4.9,-7.9
25092.5,10.5,999,4.9,-7.9
25097.5,10.6,999,4.9,-7.9
25102.5,10.5,999,4.8,-7.9
25107.5,10.5,999,4.8,-7.9
25112.6,10.5,999,4.8,-7.9
25117.6,10.4,999,4.8,-8
25122.6,10.4,999,4.8,-7.9
25127.6,10.4,999,4.8,-7.9
25132.7,10.5,999,4.8,-7.9
25137.7,10.4,999,4.8,-7.9
25142.6,10.4,999,4.8,-7.9
25147.7,10.4,999,4.8,-7.9
25152.7,10.3,999,4.7,-7.9
25157.8,10.3,999,4.7,-7.9
25162.7,10.3,999,4.7,-7.9
25167.8,10.3,999,4.7,-7.9
25172.8,10.3,999,4.7,-7.9
25177.8,10.3,999,4.7,-7.9
25182.8,10.3,999,4.7,-8
25187.8,10.3,999,4.7,-7.9
25192.8,10.3,999,4.7,-7.9
25197.9,10.3,999,4.6,-7.9
25202.9,10.2,999,4.6,-7.9
25207.9,10.2,999,4.6,-7.9
25212.9,10.2,999,4.6,-8
25217.9,10.2,999,4.6,-8
25222.9,10.2,999,4.6,-8
25227.9,10.1,999,4.6,-7.9
25232.9,10.2,999,4.5,-8
25238,10.1,999,4.5,-8
25243,10.1,999,4.5,-8
25248,10.1,999,4.5,-8
25253,10.1,999,4.5,-7.9
25258,10.1,999,4.4,-8
25263,10,999,4.5,-8
25268,10,999,4.4,-7.9
25273.1,10,999,4.4,-8
25278,10,999,4.3,-7.9
25283,10,999,4.3,-8
25288.1,9.9,999,4.3,-8
25293.1,9.9,999,4.3,-8
25298.1,9.9,999,4.3,-8
25303.1,9.9,999,4.3,-8
25308.1,9.9,999,4.3,-7.9
25313.1,9.9,999,4.3,-8
25318.2,9.8,999,4.3,-8
25323.1,9.8,999,4.3,-8
25328.2,9.8,999,4.3,-8
25333.2,9.8,999,4.2,-8
25338.2,9.8,999,4.2,-8
25343.2,9.8,999,4.2,-8
25348.2,9.8,999,4,-7.9
25353.3,9.7,999,4.1,-7.9
25358.3,9.8,999,4.2,-8
25363.3,9.7,999,4.2,-8
25368.3,9.6,999,4.1,-8
25373.3,9.6,999,3.9,-7.9
25378.4,9.7,999,4.1,-8
25383.4,9.6,999,3.8,-7.9
25388.4,9.6,999,4,-7.9
25393.4,9.6,999,4.1,-8
25398.4,9.6,999,4,-8
25403.4,9.6,999,4,-7.9
25408.4,9.6,999,3.8,-7.9
25413.4,9.5,999,3.8,-8
25418.5,9.5,999,3.8,-8
25423.5,9.5,999,3.8,-7.9
25428.5,9.5,999,3.8,-8
25433.5,9.5,999,3.7,-7.9
25438.5,9.4,999,3.9,-8
25443.6,9.4,999,3.7,-7.9
25448.6,9.4,999,3.9,-7.9
25453.6,9.4,999,3.7,-8
25458.6,9.4,999,3.7,-8
25463.6,9.4,999,3.6,-8
25468.6,9.4,999,3.7,-8
25473.6,9.4,999,3.6,-8
25478.7,9.3,999,3.6,-7.9
25483.7,9.3,999,3.6,-7.9
25488.7,9.3,999,3.5,-8
25493.7,9.3,999,3.6,-7.9
25498.7,9.3,999,3.5,-8
25503.8,9.2,999,3.5,-8
25508.8,9.2,999,3.6,-8
25513.8,9.2,999,3.5,-8
25518.8,9.2,999,3.5,-8
25523.8,9.2,999,3.5,-8
25528.8,9.1,999,3.5,-7.9
25533.8,9.1,999,3.4,-8
25538.8,9.1,999,3.5,-8
25543.9,9.1,999,3.4,-8
25548.9,9,999,3.4,-8
25553.9,9.1,999,3.4,-8
25558.9,9,999,3.4,-8
25563.9,9,999,3.4,-8
25568.9,9,999,3.3,-8
25574,9,999,3.4,-7.9
25579,9,999,3.3,-7.9
25584,9,999,3.3,-8
25589,9,999,3.3,-8
25594,8.9,999,3.2,-8
25599,8.9,999,3.2,-7.9
25604,8.9,999,3.2,-8
25609,8.9,999,3.2,-8
25614.1,8.9,999,3.2,-8
25619.1,8.9,999,3.2,-7.9
25624.1,8.9,999,3.2,-7.9
25629.1,8.9,999,3.2,-8
25634.1,8.8,999,3.2,-8
25639.2,8.8,999,3.2,-7.9
25644.2,8.8,999,3.1,-7.9
25649.2,8.7,999,3.2,-7.9
25654.2,8.7,999,3.1,-7.9
25659.2,8.7,999,3.1,-8
25664.2,8.7,999,3.1,-8
25669.2,8.7,999,3.1,-8
25674.3,8.7,999,3.1,-8
25679.3,8.7,999,3.1,-8
25684.3,8.6,999,3.1,-8
25689.3,8.6,999,3,-8
25694.3,8.6,999,3,-8
25699.4,8.6,999,3,-8
25704.3,8.6,999,3,-8
25709.3,8.5,999,3,-8
25714.3,8.5,999,2.9,-7.9
25719.4,8.5,999,2.9,-8
25724.4,8.5,999,3,-8
25729.4,8.5,999,2.9,-8
25734.5,8.5,999,2.9,-7.9
25739.5,8.5,999,2.9,-7.9
25744.5,8.4,999,2.8,-8
25749.5,8.4,999,2.9,-8
25754.5,8.4,999,2.8,-7.9
25759.5,8.3,999,2.8,-7.9
25764.5,8.4,999,2.8,-7.9
25769.5,8.3,999,2.8,-8
25774.6,8.3,999,2.8,-8
25779.6,8.3,999,2.7,-8
25784.6,8.3,999,2.8,-8
25789.6,8.3,999,2.8,-8
25794.6,8.3,999,2.7,-8
25799.6,8.3,999,2.7,-8
25804.6,8.3,999,2.7,-8
25809.6,8.3,999,2.7,-8
25814.6,8.2,999,2.7,-8
25819.7,8.2,999,2.7,-8
25824.6,8.2,999,2.7,-7.9
25829.6,8.2,999,2.7,-8
25834.7,8.1,999,2.7,-8
25839.7,8.1,999,2.6,-8
25844.8,8.1,999,2.7,-7.9
25849.7,8.1,999,2.6,-7.9
25854.7,8,999,2.6,-8
25859.7,8,999,2.6,-8
25864.8,8,999,2.6,-8
25869.8,8,999,2.5,-8
25874.8,8,999,2.6,-8
25879.8,8,999,2.5,-8
25884.8,8,999,2.5,-8
25889.8,8,999,2.5,-8
25894.8,7.9,999,2.5,-8
25899.8,7.9,999,2.4,-8
25904.8,7.9,999,2.5,-8
25909.9,7.9,999,2.4,-8
25914.9,7.9,999,2.4,-8
25919.9,7.9,999,2.4,-8
25924.9,7.9,999,2.4,-8
25929.9,7.8,999,2.4,-8
25934.9,7.8,999,2.4,-8
25940,7.8,999,2.4,-8
25945,7.8,999,2.4,-8
25950,7.8,999,2.4,-8
25955,7.8,999,2.4,-8
25960,7.7,999,2.4,-8
25965,7.8,999,2.3,-8
25970,7.8,999,2.3,-8
25975,7.7,999,2.3,-8
25980,7.7,999,2.3,-8
25985.1,7.7,999,2.3,-8
25990.1,7.7,999,2.2,-8
25995.1,7.7,999,2.3,-8
26000.1,7.6,999,2.3,-8
26005.1,7.6,999,2.2,-8
26010.1,7.6,999,2.3,-8
26015.2,7.6,999,2.2,-8
26020.1,7.5,999,2.2,-8
26025.2,7.5,999,2.2,-8
26030.2,7.6,999,2.2,-8
26035.2,7.5,999,2.2,-8
26040.2,7.5,999,2.2,-8
26045.2,7.5,999,2.2,-8
26050.2,7.5,999,2.2,-8
26055.2,7.5,999,2.2,-8
26060.2,7.5,999,2.1,-8
26065.3,7.5,999,2.1,-8
26070.3,7.4,999,2.2,-8
26075.3,7.4,999,2.1,-8
26080.3,7.4,999,2.1,-8
26085.3,7.5,999,2.1,-8
26090.3,7.4,999,2.1,-8
26095.3,7.4,999,2.1,-8
26100.3,7.4,999,2.1,-8
26105.3,7.4,999,2.1,-8
26110.4,7.3,999,2.1,-8
26115.4,7.3,999,2.1,-7.9
26120.4,7.4,999,2,-8
26125.4,7.3,999,2,-8
26130.4,7.3,999,2.1,-8
26135.4,7.3,999,2,-8
26140.4,7.3,999,2,-8
26145.4,7.3,999,2,-8
26150.5,7.2,999,2,-8
26155.4,7.2,999,2,-8
26160.4,7.2,999,2,-8
26165.5,7.3,999,2,-8
26170.5,7,999,2,-8
26175.5,7.2,999,2,-8
26180.5,7,999,1.9,-8
26185.5,6.9,999,1.9,-8
26190.5,7.1,999,1.9,-8
26195.6,6.8,999,1.9,-8
26200.6,6.8,999,1.8,-8
26205.6,7,999,1.8,-8.2
26210.6,7,999,1.7,-8.1
26215.6,6.7,999,1.6,-8.2
26220.6,6.7,999,1.6,-8.2
26225.7,6.6,999,1.6,-8.2
26230.6,6.6,999,1.5,-8.2
26235.6,6.6,999,1.5,-8.3
26240.7,6.5,999,1.4,-8.3
26245.7,6.4,999,1.4,-8.3
26250.7,6.4,999,1.3,-8.5
26255.7,6.3,999,1.2,-8.4
26260.7,6.3,999,1.1,-8.5
26265.7,6.2,999,1.1,-8.5
26270.7,6.2,999,1,-8.5
26275.8,6.2,999,0.9,-8.6
