# Date Created: 21-Feb-2023 (10:40:05),,,
Elapsed [s],Channel,Frequency [GHz],Power [W]
5.2,1,1.80E+01,3.73E-01
10.2,1,1.80E+01,4.02E-01
15.2,1,1.80E+01,4.36E-01
20.2,1,1.80E+01,4.75E-01
25.3,1,1.80E+01,5.20E-01
30.3,1,1.80E+01,5.69E-01
35.3,1,1.80E+01,6.23E-01
40.3,1,1.80E+01,6.88E-01
45.3,1,1.80E+01,7.60E-01
50.3,1,1.80E+01,8.41E-01
55.4,1,1.80E+01,9.34E-01
60.3,1,1.80E+01,1.04E+00
65.4,1,1.80E+01,1.15E+00
70.4,1,1.80E+01,1.29E+00
75.4,1,1.80E+01,1.44E+00
80.4,1,1.80E+01,1.61E+00
85.4,1,1.80E+01,1.82E+00
90.4,1,1.80E+01,2.05E+00
95.5,1,1.80E+01,2.31E+00
100.5,1,1.80E+01,2.63E+00
105.5,1,1.80E+01,2.98E+00
110.5,1,1.80E+01,3.19E+00
115.5,1,1.80E+01,3.67E+00
120.5,1,1.80E+01,4.21E+00
125.5,1,1.80E+01,4.86E+00
130.6,1,1.80E+01,5.60E+00
135.6,1,1.80E+01,6.50E+00
140.6,1,1.80E+01,7.58E+00
145.6,1,1.80E+01,8.87E+00
150.6,1,1.80E+01,1.04E+01
155.6,1,1.80E+01,1.23E+01
160.6,1,1.80E+01,1.46E+01
165.7,1,1.80E+01,1.75E+01
170.7,1,1.80E+01,2.11E+01
175.7,1,1.80E+01,2.56E+01
180.7,1,1.80E+01,3.12E+01
185.7,1,1.80E+01,3.87E+01
190.7,1,1.80E+01,4.77E+01
195.7,1,1.80E+01,6.01E+01
200.8,1,1.80E+01,7.56E+01
205.7,1,1.80E+01,9.51E+01
210.8,1,1.80E+01,9.37E+01
215.8,1,1.80E+01,9.42E+01
220.8,1,1.80E+01,9.38E+01
225.8,1,1.80E+01,9.37E+01
230.8,1,1.80E+01,9.37E+01
235.9,1,1.80E+01,9.37E+01
240.9,1,1.80E+01,9.34E+01
245.9,1,1.80E+01,9.38E+01
250.9,1,1.80E+01,9.45E+01
255.9,1,1.80E+01,9.37E+01
260.9,1,1.80E+01,9.45E+01
265.9,1,1.80E+01,9.38E+01
270.9,1,1.80E+01,9.36E+01
276,1,1.80E+01,9.41E+01
281,1,1.80E+01,9.46E+01
286,1,1.80E+01,9.50E+01
291,1,1.80E+01,9.45E+01
296,1,1.80E+01,9.45E+01
301,1,1.80E+01,9.47E+01
306.1,1,1.80E+01,9.46E+01
311.1,1,1.80E+01,9.48E+01
316.1,1,1.80E+01,9.51E+01
321.1,1,1.80E+01,9.48E+01
326.1,1,1.80E+01,9.51E+01
331.1,1,1.80E+01,9.53E+01
336.1,1,1.80E+01,9.47E+01
341.1,1,1.80E+01,9.52E+01
346.2,1,1.80E+01,9.52E+01
351.2,1,1.80E+01,9.51E+01
356.2,1,1.80E+01,9.54E+01
361.2,1,1.80E+01,9.52E+01
366.3,1,1.80E+01,9.51E+01
371.3,1,1.80E+01,9.57E+01
376.3,1,1.80E+01,9.53E+01
381.3,1,1.80E+01,9.58E+01
386.3,1,1.80E+01,9.58E+01
391.3,1,1.80E+01,9.60E+01
396.3,1,1.80E+01,9.53E+01
401.3,1,1.80E+01,9.60E+01
406.3,1,1.80E+01,9.54E+01
411.4,1,1.80E+01,9.57E+01
416.4,1,1.80E+01,9.53E+01
421.4,1,1.80E+01,9.51E+01
426.4,1,1.80E+01,9.59E+01
431.4,1,1.80E+01,9.51E+01
436.4,1,1.80E+01,9.50E+01
441.5,1,1.80E+01,9.58E+01
446.4,1,1.80E+01,9.59E+01
451.5,1,1.80E+01,9.43E+01
456.5,1,1.80E+01,9.51E+01
461.5,1,1.80E+01,9.60E+01
466.5,1,1.80E+01,9.62E+01
471.5,1,1.80E+01,9.63E+01
476.5,1,1.80E+01,9.68E+01
481.6,1,1.80E+01,9.48E+01
486.6,1,1.80E+01,9.66E+01
491.6,1,1.80E+01,9.82E+01
496.6,1,1.80E+01,9.82E+01
501.6,1,1.80E+01,9.35E+01
506.7,1,1.80E+01,9.63E+01
511.6,1,1.80E+01,9.64E+01
516.6,1,1.80E+01,9.72E+01
521.7,1,1.80E+01,9.71E+01
526.7,1,1.80E+01,9.46E+01
531.7,1,1.80E+01,9.61E+01
536.7,1,1.80E+01,9.64E+01
541.7,1,1.80E+01,9.63E+01
546.7,1,1.80E+01,9.62E+01
551.7,1,1.80E+01,9.68E+01
556.8,1,1.80E+01,9.68E+01
561.8,1,1.80E+01,9.54E+01
566.8,1,1.80E+01,9.55E+01
571.8,1,1.80E+01,9.57E+01
576.8,1,1.80E+01,9.64E+01
581.8,1,1.80E+01,9.58E+01
586.8,1,1.80E+01,9.57E+01
591.8,1,1.80E+01,9.70E+01
596.8,1,1.80E+01,9.70E+01
601.9,1,1.80E+01,9.70E+01
606.9,1,1.80E+01,9.68E+01
611.9,1,1.80E+01,9.55E+01
616.9,1,1.80E+01,9.70E+01
621.9,1,1.80E+01,9.69E+01
626.9,1,1.80E+01,9.62E+01
631.9,1,1.80E+01,9.70E+01
637,1,1.80E+01,9.58E+01
641.9,1,1.80E+01,9.67E+01
646.9,1,1.80E+01,9.64E+01
652,1,1.80E+01,9.73E+01
657,1,1.80E+01,9.69E+01
662,1,1.80E+01,9.68E+01
667,1,1.80E+01,9.63E+01
672,1,1.80E+01,9.62E+01
677,1,1.80E+01,9.71E+01
682,1,1.80E+01,9.64E+01
687.1,1,1.80E+01,9.67E+01
692,1,1.80E+01,9.71E+01
697.1,1,1.80E+01,9.70E+01
702.1,1,1.80E+01,9.71E+01
707.1,1,1.80E+01,9.73E+01
712.1,1,1.80E+01,9.69E+01
717.1,1,1.80E+01,9.59E+01
722.1,1,1.80E+01,9.69E+01
727.2,1,1.80E+01,9.69E+01
732.2,1,1.80E+01,9.72E+01
737.2,1,1.80E+01,9.71E+01
742.2,1,1.80E+01,9.62E+01
747.2,1,1.80E+01,9.78E+01
752.2,1,1.80E+01,9.75E+01
757.3,1,1.80E+01,9.73E+01
762.2,1,1.80E+01,9.74E+01
767.2,1,1.80E+01,9.70E+01
772.3,1,1.80E+01,9.74E+01
777.3,1,1.80E+01,9.72E+01
782.3,1,1.80E+01,9.71E+01
787.3,1,1.80E+01,9.77E+01
792.3,1,1.80E+01,9.72E+01
797.4,1,1.80E+01,9.71E+01
802.4,1,1.80E+01,9.71E+01
807.4,1,1.80E+01,9.72E+01
812.4,1,1.80E+01,9.74E+01
817.4,1,1.80E+01,9.69E+01
822.4,1,1.80E+01,9.72E+01
827.4,1,1.80E+01,9.68E+01
832.4,1,1.80E+01,9.75E+01
837.4,1,1.80E+01,9.75E+01
842.5,1,1.80E+01,9.74E+01
847.5,1,1.80E+01,9.79E+01
852.5,1,1.80E+01,9.77E+01
857.5,1,1.80E+01,9.75E+01
862.5,1,1.80E+01,9.83E+01
867.5,1,1.80E+01,9.79E+01
872.6,1,1.80E+01,9.79E+01
877.6,1,1.80E+01,9.69E+01
882.6,1,1.80E+01,9.77E+01
887.5,1,1.80E+01,9.74E+01
892.6,1,1.80E+01,9.77E+01
897.6,1,1.80E+01,9.72E+01
902.6,1,1.80E+01,9.72E+01
907.6,1,1.80E+01,9.82E+01
912.6,1,1.80E+01,9.78E+01
0.1,1,1.80E+01,1.49E-01
5.2,1,1.80E+01,3.73E-01
10.2,1,1.80E+01,4.02E-01
15.2,1,1.80E+01,4.36E-01
20.2,1,1.80E+01,4.75E-01
25.3,1,1.80E+01,5.20E-01
30.3,1,1.80E+01,5.68E-01
35.3,1,1.80E+01,6.24E-01
40.3,1,1.80E+01,6.89E-01
45.3,1,1.80E+01,7.60E-01
50.4,1,1.80E+01,8.40E-01
55.3,1,1.80E+01,9.34E-01
60.3,1,1.80E+01,1.04E+00
65.3,1,1.80E+01,1.16E+00
70.4,1,1.80E+01,1.29E+00
75.4,1,1.80E+01,1.44E+00
80.4,1,1.80E+01,1.62E+00
85.4,1,1.80E+01,1.82E+00
90.4,1,1.80E+01,2.05E+00
95.5,1,1.80E+01,2.31E+00
100.5,1,1.80E+01,2.63E+00
105.5,1,1.80E+01,2.98E+00
110.5,1,1.80E+01,3.17E+00
115.5,1,1.80E+01,3.62E+00
120.5,1,1.80E+01,4.13E+00
125.5,1,1.80E+01,4.75E+00
130.5,1,1.80E+01,5.45E+00
135.6,1,1.80E+01,6.30E+00
140.6,1,1.80E+01,7.34E+00
145.6,1,1.80E+01,8.53E+00
150.6,1,1.80E+01,9.92E+00
155.6,1,1.80E+01,1.18E+01
160.6,1,1.80E+01,1.39E+01
165.6,1,1.80E+01,1.66E+01
170.7,1,1.80E+01,2.00E+01
175.7,1,1.80E+01,2.42E+01
180.7,1,1.80E+01,2.95E+01
185.7,1,1.80E+01,3.65E+01
190.7,1,1.80E+01,4.53E+01
195.7,1,1.80E+01,5.67E+01
200.7,1,1.80E+01,7.18E+01
205.7,1,1.80E+01,8.93E+01
210.8,1,1.80E+01,8.85E+01
215.8,1,1.80E+01,8.83E+01
220.8,1,1.80E+01,8.86E+01
225.8,1,1.80E+01,8.84E+01
230.8,1,1.80E+01,8.84E+01
235.8,1,1.80E+01,8.84E+01
240.9,1,1.80E+01,8.82E+01
245.9,1,1.80E+01,8.82E+01
250.9,1,1.80E+01,8.85E+01
255.9,1,1.80E+01,8.84E+01
260.9,1,1.80E+01,8.83E+01
265.9,1,1.80E+01,8.81E+01
270.9,1,1.80E+01,8.85E+01
275.9,1,1.80E+01,8.85E+01
280.9,1,1.80E+01,8.83E+01
285.9,1,1.80E+01,8.88E+01
291,1,1.80E+01,8.86E+01
296,1,1.80E+01,8.90E+01
301,1,1.80E+01,8.89E+01
306,1,1.80E+01,8.90E+01
311,1,1.80E+01,8.84E+01
316.1,1,1.80E+01,8.82E+01
321,1,1.80E+01,8.86E+01
326,1,1.80E+01,8.84E+01
331.1,1,1.80E+01,8.84E+01
336.1,1,1.80E+01,8.89E+01
341.1,1,1.80E+01,8.86E+01
346.1,1,1.80E+01,8.86E+01
351.1,1,1.80E+01,8.87E+01
356.2,1,1.80E+01,8.90E+01
361.2,1,1.80E+01,8.91E+01
366.2,1,1.80E+01,8.89E+01
371.2,1,1.80E+01,8.89E+01
376.3,1,1.80E+01,8.93E+01
381.2,1,1.80E+01,8.92E+01
386.2,1,1.80E+01,8.91E+01
391.3,1,1.80E+01,8.93E+01
396.3,1,1.80E+01,8.89E+01
401.3,1,1.80E+01,8.90E+01
406.3,1,1.80E+01,8.93E+01
411.3,1,1.80E+01,8.88E+01
416.4,1,1.80E+01,8.90E+01
421.4,1,1.80E+01,8.94E+01
426.4,1,1.80E+01,8.92E+01
431.4,1,1.80E+01,8.95E+01
436.5,1,1.80E+01,8.91E+01
441.5,1,1.80E+01,8.94E+01
446.4,1,1.80E+01,8.93E+01
451.4,1,1.80E+01,8.98E+01
456.4,1,1.80E+01,8.96E+01
461.5,1,1.80E+01,8.97E+01
466.5,1,1.80E+01,8.96E+01
471.5,1,1.80E+01,8.94E+01
476.5,1,1.80E+01,8.89E+01
481.5,1,1.80E+01,8.96E+01
486.6,1,1.80E+01,8.94E+01
491.6,1,1.80E+01,8.96E+01
496.6,1,1.80E+01,8.95E+01
501.6,1,1.80E+01,8.96E+01
506.6,1,1.80E+01,8.96E+01
511.6,1,1.80E+01,8.94E+01
516.6,1,1.80E+01,8.96E+01
521.6,1,1.80E+01,8.96E+01
526.6,1,1.80E+01,8.97E+01
531.7,1,1.80E+01,8.96E+01
536.7,1,1.80E+01,8.91E+01
541.7,1,1.80E+01,9.00E+01
546.7,1,1.80E+01,8.94E+01
551.7,1,1.80E+01,8.99E+01
556.8,1,1.80E+01,8.95E+01
561.8,1,1.80E+01,8.98E+01
566.8,1,1.80E+01,8.98E+01
571.7,1,1.80E+01,8.98E+01
576.8,1,1.80E+01,8.98E+01
581.8,1,1.80E+01,9.01E+01
586.8,1,1.80E+01,8.95E+01
591.8,1,1.80E+01,8.98E+01
596.8,1,1.80E+01,8.95E+01
601.9,1,1.80E+01,8.95E+01
606.9,1,1.80E+01,8.99E+01
611.9,1,1.80E+01,8.97E+01
616.9,1,1.80E+01,8.98E+01
621.9,1,1.80E+01,9.01E+01
627,1,1.80E+01,9.03E+01
631.9,1,1.80E+01,9.02E+01
636.9,1,1.80E+01,9.01E+01
642,1,1.80E+01,9.07E+01
647,1,1.80E+01,9.02E+01
652,1,1.80E+01,9.07E+01
657,1,1.80E+01,9.08E+01
662,1,1.80E+01,9.04E+01
667,1,1.80E+01,9.05E+01
672,1,1.80E+01,9.04E+01
677.1,1,1.80E+01,9.08E+01
682.1,1,1.80E+01,9.07E+01
687.1,1,1.80E+01,9.02E+01
692.1,1,1.80E+01,9.06E+01
697.1,1,1.80E+01,9.04E+01
702.1,1,1.80E+01,9.05E+01
707.1,1,1.80E+01,9.07E+01
712.1,1,1.80E+01,9.08E+01
717.2,1,1.80E+01,9.03E+01
722.2,1,1.80E+01,9.06E+01
727.2,1,1.80E+01,9.06E+01
732.2,1,1.80E+01,9.03E+01
737.2,1,1.80E+01,9.05E+01
742.2,1,1.80E+01,9.06E+01
747.2,1,1.80E+01,9.09E+01
752.2,1,1.80E+01,9.09E+01
757.2,1,1.80E+01,9.07E+01
762.2,1,1.80E+01,9.08E+01
767.3,1,1.80E+01,9.09E+01
772.3,1,1.80E+01,9.06E+01
777.3,1,1.80E+01,9.09E+01
782.3,1,1.80E+01,9.10E+01
787.3,1,1.80E+01,9.08E+01
792.3,1,1.80E+01,9.10E+01
797.4,1,1.80E+01,9.09E+01
802.4,1,1.80E+01,9.08E+01
807.4,1,1.80E+01,9.12E+01
812.4,1,1.80E+01,9.08E+01
817.4,1,1.80E+01,9.12E+01
822.5,1,1.80E+01,9.10E+01
827.4,1,1.80E+01,9.12E+01
832.4,1,1.80E+01,9.09E+01
837.5,1,1.80E+01,9.07E+01
842.5,1,1.80E+01,9.06E+01
847.5,1,1.80E+01,9.06E+01
852.5,1,1.80E+01,9.08E+01
857.5,1,1.80E+01,9.08E+01
862.5,1,1.80E+01,9.09E+01
867.5,1,1.80E+01,9.12E+01
872.6,1,1.80E+01,9.13E+01
877.6,1,1.80E+01,9.12E+01
882.6,1,1.80E+01,9.06E+01
887.6,1,1.80E+01,9.08E+01
892.6,1,1.80E+01,9.13E+01
897.6,1,1.80E+01,9.06E+01
902.6,1,1.80E+01,9.07E+01
907.7,1,1.80E+01,9.09E+01
912.7,1,1.80E+01,9.06E+01
917.7,1,1.80E+01,9.10E+01
922.7,1,1.80E+01,9.08E+01
927.7,1,1.80E+01,9.08E+01
932.7,1,1.80E+01,9.08E+01
937.8,1,1.80E+01,9.12E+01
942.8,1,1.80E+01,9.06E+01
947.8,1,1.80E+01,9.08E+01
952.8,1,1.80E+01,9.09E+01
957.8,1,1.80E+01,9.14E+01
0.2,1,1.80E+01,1.25E-01
5.3,1,1.80E+01,1.25E-01
10.3,1,1.80E+01,1.24E-01
15.3,1,1.80E+01,1.25E-01
20.3,1,1.80E+01,1.25E-01
25.4,1,1.80E+01,1.25E-01
0.1,1,1.80E+01,1.24E-01
5.2,1,1.80E+01,1.25E-01
10.2,1,1.80E+01,1.25E-01
15.2,1,1.80E+01,1.25E-01
20.2,1,1.80E+01,1.25E-01
25.3,1,1.80E+01,1.25E-01
30.3,1,1.80E+01,1.25E-01
35.3,1,1.80E+01,1.25E-01
40.3,1,1.80E+01,1.25E-01
45.3,1,1.80E+01,1.25E-01
50.3,1,1.80E+01,1.25E-01
55.3,1,1.80E+01,1.25E-01
60.3,1,1.80E+01,1.25E-01
65.4,1,1.80E+01,1.25E-01
70.4,1,1.80E+01,1.25E-01
75.4,1,1.80E+01,1.25E-01
80.4,1,1.80E+01,1.25E-01
85.4,1,1.80E+01,1.25E-01
0,1,1.80E+01,2.06E+00
5,1,1.80E+01,3.74E-01
10.1,1,1.80E+01,4.04E-01
15.1,1,1.80E+01,4.38E-01
20.1,1,1.80E+01,4.77E-01
25.1,1,1.80E+01,5.22E-01
30.1,1,1.80E+01,5.71E-01
35.1,1,1.80E+01,6.27E-01
40.2,1,1.80E+01,6.92E-01
45.2,1,1.80E+01,7.63E-01
50.2,1,1.80E+01,8.43E-01
55.2,1,1.80E+01,9.37E-01
60.2,1,1.80E+01,1.04E+00
65.3,1,1.80E+01,1.16E+00
70.2,1,1.80E+01,1.30E+00
75.2,1,1.80E+01,1.45E+00
80.3,1,1.80E+01,1.63E+00
85.3,1,1.80E+01,1.83E+00
90.3,1,1.80E+01,2.06E+00
95.3,1,1.80E+01,2.32E+00
100.3,1,1.80E+01,2.64E+00
105.4,1,1.80E+01,2.99E+00
110.4,1,1.80E+01,3.25E+00
115.4,1,1.80E+01,3.66E+00
120.4,1,1.80E+01,4.17E+00
125.4,1,1.80E+01,4.79E+00
130.4,1,1.80E+01,5.49E+00
135.4,1,1.80E+01,6.34E+00
140.4,1,1.80E+01,7.37E+00
145.4,1,1.80E+01,8.59E+00
150.5,1,1.80E+01,9.98E+00
155.4,1,1.80E+01,1.18E+01
160.4,1,1.80E+01,1.40E+01
165.5,1,1.80E+01,1.66E+01
170.5,1,1.80E+01,2.01E+01
175.5,1,1.80E+01,2.44E+01
180.5,1,1.80E+01,2.98E+01
185.6,1,1.80E+01,3.68E+01
190.6,1,1.80E+01,4.55E+01
195.6,1,1.80E+01,5.70E+01
200.6,1,1.80E+01,7.19E+01
205.6,1,1.80E+01,8.92E+01
210.6,1,1.80E+01,8.92E+01
215.7,1,1.80E+01,8.86E+01
220.6,1,1.80E+01,8.87E+01
225.6,1,1.80E+01,8.85E+01
230.7,1,1.80E+01,8.90E+01
235.7,1,1.80E+01,8.88E+01
240.7,1,1.80E+01,8.86E+01
245.7,1,1.80E+01,8.85E+01
250.7,1,1.80E+01,8.87E+01
255.8,1,1.80E+01,7.76E+01
260.8,1,1.80E+01,6.82E+01
265.8,1,1.80E+01,5.66E+01
270.8,1,1.80E+01,4.95E+01
275.8,1,1.80E+01,4.18E+01
280.8,1,1.80E+01,3.39E+01
285.8,1,1.80E+01,3.10E+01
290.8,1,1.80E+01,2.99E+01
295.8,1,1.80E+01,2.77E+01
300.9,1,1.80E+01,2.57E+01
305.9,1,1.80E+01,2.47E+01
310.9,1,1.80E+01,2.47E+01
315.9,1,1.80E+01,2.30E+01
320.9,1,1.80E+01,2.21E+01
325.9,1,1.80E+01,2.13E+01
331,1,1.80E+01,2.13E+01
336,1,1.80E+01,2.06E+01
341,1,1.80E+01,1.98E+01
346,1,1.80E+01,1.99E+01
351,1,1.80E+01,8.00E+00
356,1,1.80E+01,4.96E-01
0.2,1,1.80E+01,3.81E-01
5.3,1,1.80E+01,3.75E-01
10.3,1,1.80E+01,4.06E-01
15.3,1,1.80E+01,4.41E-01
20.3,1,1.80E+01,4.80E-01
25.3,1,1.80E+01,5.24E-01
30.3,1,1.80E+01,5.75E-01
35.3,1,1.80E+01,6.30E-01
40.4,1,1.80E+01,6.95E-01
45.4,1,1.80E+01,7.67E-01
50.4,1,1.80E+01,8.48E-01
55.4,1,1.80E+01,9.44E-01
60.4,1,1.80E+01,1.05E+00
65.4,1,1.80E+01,1.17E+00
70.4,1,1.80E+01,1.31E+00
75.4,1,1.80E+01,1.46E+00
80.5,1,1.80E+01,1.63E+00
85.5,1,1.80E+01,1.84E+00
90.5,1,1.80E+01,2.07E+00
95.5,1,1.80E+01,2.34E+00
100.5,1,1.80E+01,2.66E+00
105.6,1,1.80E+01,3.02E+00
110.6,1,1.80E+01,3.29E+00
115.6,1,1.80E+01,3.70E+00
120.6,1,1.80E+01,4.22E+00
125.6,1,1.80E+01,4.85E+00
130.6,1,1.80E+01,5.58E+00
135.6,1,1.80E+01,6.43E+00
140.6,1,1.80E+01,7.49E+00
145.7,1,1.80E+01,8.72E+00
150.7,1,1.80E+01,1.01E+01
155.7,1,1.80E+01,1.20E+01
160.7,1,1.80E+01,1.42E+01
0.2,1,1.80E+01,1.69E+01
5.2,1,1.80E+01,3.74E-01
10.2,1,1.80E+01,4.05E-01
15.3,1,1.80E+01,4.40E-01
20.3,1,1.80E+01,4.79E-01
25.3,1,1.80E+01,5.25E-01
30.3,1,1.80E+01,5.75E-01
35.3,1,1.80E+01,6.31E-01
40.3,1,1.80E+01,6.97E-01
45.3,1,1.80E+01,7.69E-01
50.4,1,1.80E+01,8.49E-01
55.3,1,1.80E+01,9.46E-01
60.4,1,1.80E+01,1.05E+00
65.4,1,1.80E+01,1.17E+00
70.4,1,1.80E+01,1.31E+00
75.4,1,1.80E+01,1.46E+00
80.4,1,1.80E+01,1.64E+00
85.4,1,1.80E+01,1.85E+00
90.4,1,1.80E+01,2.08E+00
95.5,1,1.80E+01,2.34E+00
100.5,1,1.80E+01,2.67E+00
105.5,1,1.80E+01,3.02E+00
110.5,1,1.80E+01,3.37E+00
115.5,1,1.80E+01,3.75E+00
120.5,1,1.80E+01,4.23E+00
0,1,1.80E+01,4.81E+00
5.1,1,1.80E+01,3.76E-01
10.1,1,1.80E+01,4.06E-01
15.1,1,1.80E+01,4.40E-01
20.1,1,1.80E+01,4.79E-01
25.1,1,1.80E+01,5.25E-01
30.2,1,1.80E+01,5.74E-01
35.2,1,1.80E+01,6.30E-01
40.2,1,1.80E+01,6.97E-01
45.2,1,1.80E+01,7.67E-01
50.3,1,1.80E+01,8.49E-01
55.2,1,1.80E+01,9.44E-01
60.2,1,1.80E+01,1.05E+00
65.3,1,1.80E+01,1.17E+00
70.3,1,1.80E+01,1.31E+00
75.3,1,1.80E+01,1.46E+00
80.3,1,1.80E+01,1.64E+00
85.3,1,1.80E+01,1.84E+00
90.4,1,1.80E+01,2.07E+00
95.4,1,1.80E+01,2.34E+00
100.4,1,1.80E+01,2.66E+00
105.4,1,1.80E+01,3.02E+00
110.5,1,1.80E+01,3.37E+00
115.4,1,1.80E+01,3.79E+00
120.5,1,1.80E+01,4.30E+00
125.5,1,1.80E+01,4.93E+00
130.5,1,1.80E+01,5.65E+00
135.5,1,1.80E+01,6.53E+00
140.5,1,1.80E+01,7.62E+00
145.6,1,1.80E+01,8.82E+00
150.5,1,1.80E+01,1.02E+01
155.6,1,1.80E+01,1.22E+01
160.6,1,1.80E+01,1.44E+01
165.6,1,1.80E+01,1.72E+01
170.6,1,1.80E+01,2.08E+01
175.6,1,1.80E+01,2.51E+01
180.6,1,1.80E+01,3.06E+01
185.7,1,1.80E+01,3.79E+01
190.7,1,1.80E+01,4.69E+01
195.7,1,1.80E+01,5.90E+01
200.7,1,1.80E+01,7.42E+01
205.7,1,1.80E+01,9.15E+01
210.7,1,1.80E+01,9.10E+01
215.7,1,1.80E+01,9.04E+01
220.7,1,1.80E+01,9.07E+01
225.7,1,1.80E+01,9.07E+01
230.8,1,1.80E+01,9.09E+01
235.8,1,1.80E+01,9.11E+01
240.8,1,1.80E+01,9.03E+01
245.8,1,1.80E+01,9.05E+01
250.8,1,1.80E+01,9.04E+01
255.9,1,1.80E+01,9.05E+01
260.9,1,1.80E+01,9.01E+01
265.9,1,1.80E+01,9.06E+01
270.9,1,1.80E+01,9.03E+01
275.9,1,1.80E+01,9.05E+01
280.9,1,1.80E+01,9.04E+01
285.9,1,1.80E+01,9.00E+01
290.9,1,1.80E+01,9.02E+01
295.9,1,1.80E+01,9.03E+01
301,1,1.80E+01,9.03E+01
306,1,1.80E+01,9.05E+01
311,1,1.80E+01,9.01E+01
316,1,1.80E+01,9.02E+01
321,1,1.80E+01,9.03E+01
326,1,1.80E+01,9.07E+01
331,1,1.80E+01,8.66E+01
336,1,1.80E+01,7.25E+01
341.1,1,1.80E+01,6.02E+01
346.1,1,1.80E+01,5.26E+01
351.1,1,1.80E+01,4.43E+01
356.1,1,1.80E+01,4.08E+01
361.1,1,1.80E+01,3.60E+01
366.2,1,1.80E+01,3.33E+01
371.2,1,1.80E+01,3.18E+01
376.2,1,1.80E+01,2.92E+01
381.2,1,1.80E+01,2.82E+01
386.2,1,1.80E+01,2.41E+01
391.2,1,1.80E+01,2.60E+01
396.2,1,1.80E+01,2.32E+01
401.2,1,1.80E+01,2.31E+01
406.2,1,1.80E+01,2.23E+01
411.3,1,1.80E+01,2.24E+01
416.3,1,1.80E+01,2.23E+01
421.3,1,1.80E+01,2.15E+01
426.3,1,1.80E+01,2.15E+01
431.4,1,1.80E+01,2.15E+01
436.4,1,1.80E+01,2.16E+01
441.4,1,1.80E+01,2.24E+01
446.4,1,1.80E+01,2.15E+01
451.4,1,1.80E+01,2.15E+01
456.4,1,1.80E+01,2.24E+01
461.4,1,1.80E+01,2.16E+01
466.4,1,1.80E+01,2.16E+01
471.5,1,1.80E+01,2.16E+01
476.5,1,1.80E+01,2.16E+01
481.5,1,1.80E+01,2.24E+01
486.5,1,1.80E+01,2.15E+01
491.5,1,1.80E+01,2.24E+01
496.5,1,1.80E+01,2.24E+01
501.6,1,1.80E+01,2.25E+01
506.6,1,1.80E+01,2.25E+01
511.5,1,1.80E+01,2.16E+01
516.5,1,1.80E+01,2.24E+01
521.6,1,1.80E+01,2.24E+01
526.6,1,1.80E+01,2.16E+01
531.6,1,1.80E+01,2.15E+01
536.6,1,1.80E+01,2.24E+01
0.1,1,1.80E+01,1.25E-01
5.2,1,1.80E+01,3.76E-01
10.2,1,1.80E+01,4.07E-01
15.2,1,1.80E+01,4.42E-01
20.2,1,1.80E+01,4.81E-01
25.2,1,1.80E+01,5.27E-01
30.3,1,1.80E+01,5.76E-01
35.3,1,1.80E+01,6.33E-01
40.3,1,1.80E+01,6.98E-01
45.3,1,1.80E+01,7.70E-01
50.3,1,1.80E+01,8.52E-01
55.3,1,1.80E+01,9.48E-01
60.3,1,1.80E+01,1.05E+00
65.3,1,1.80E+01,1.17E+00
70.4,1,1.80E+01,1.31E+00
75.4,1,1.80E+01,1.47E+00
80.4,1,1.80E+01,1.65E+00
85.4,1,1.80E+01,1.86E+00
90.4,1,1.80E+01,2.09E+00
95.4,1,1.80E+01,2.35E+00
100.4,1,1.80E+01,2.67E+00
105.5,1,1.80E+01,3.03E+00
110.4,1,1.80E+01,3.23E+00
115.4,1,1.80E+01,3.67E+00
120.4,1,1.80E+01,4.19E+00
125.5,1,1.80E+01,4.83E+00
130.5,1,1.80E+01,5.56E+00
135.5,1,1.80E+01,6.42E+00
140.5,1,1.80E+01,7.51E+00
145.5,1,1.80E+01,8.76E+00
150.5,1,1.80E+01,1.02E+01
155.5,1,1.80E+01,1.21E+01
160.5,1,1.80E+01,1.43E+01
165.5,1,1.80E+01,1.70E+01
170.6,1,1.80E+01,2.07E+01
175.6,1,1.80E+01,2.51E+01
180.6,1,1.80E+01,3.04E+01
185.6,1,1.80E+01,3.75E+01
190.6,1,1.80E+01,4.64E+01
195.6,1,1.80E+01,5.82E+01
200.6,1,1.80E+01,7.36E+01
205.6,1,1.80E+01,9.13E+01
210.6,1,1.80E+01,9.13E+01
215.7,1,1.80E+01,9.12E+01
220.7,1,1.80E+01,9.10E+01
225.7,1,1.80E+01,9.12E+01
230.7,1,1.80E+01,9.09E+01
235.7,1,1.80E+01,9.11E+01
240.8,1,1.80E+01,9.07E+01
245.8,1,1.80E+01,9.09E+01
250.8,1,1.80E+01,9.09E+01
255.8,1,1.80E+01,9.08E+01
260.8,1,1.80E+01,9.04E+01
265.8,1,1.80E+01,9.09E+01
270.8,1,1.80E+01,9.10E+01
275.8,1,1.80E+01,9.10E+01
280.8,1,1.80E+01,9.10E+01
285.8,1,1.80E+01,9.09E+01
290.9,1,1.80E+01,9.10E+01
295.9,1,1.80E+01,9.10E+01
300.9,1,1.80E+01,9.10E+01
305.9,1,1.80E+01,9.10E+01
310.9,1,1.80E+01,9.11E+01
316,1,1.80E+01,9.11E+01
321,1,1.80E+01,9.10E+01
326,1,1.80E+01,9.08E+01
331,1,1.80E+01,9.11E+01
336,1,1.80E+01,9.14E+01
341.1,1,1.80E+01,9.13E+01
346,1,1.80E+01,9.15E+01
351,1,1.80E+01,9.16E+01
356,1,1.80E+01,9.12E+01
361.1,1,1.80E+01,9.17E+01
366.1,1,1.80E+01,9.13E+01
371.1,1,1.80E+01,9.11E+01
376.1,1,1.80E+01,9.16E+01
381.1,1,1.80E+01,9.15E+01
386.2,1,1.80E+01,9.16E+01
391.2,1,1.80E+01,9.17E+01
396.2,1,1.80E+01,9.12E+01
401.2,1,1.80E+01,9.15E+01
406.2,1,1.80E+01,9.19E+01
411.2,1,1.80E+01,9.17E+01
416.2,1,1.80E+01,9.11E+01
421.2,1,1.80E+01,9.11E+01
426.2,1,1.80E+01,9.17E+01
431.3,1,1.80E+01,9.14E+01
436.3,1,1.80E+01,9.19E+01
441.3,1,1.80E+01,9.19E+01
446.3,1,1.80E+01,9.17E+01
451.3,1,1.80E+01,9.16E+01
456.3,1,1.80E+01,9.16E+01
461.3,1,1.80E+01,9.17E+01
466.3,1,1.80E+01,9.19E+01
471.3,1,1.80E+01,9.16E+01
476.3,1,1.80E+01,9.21E+01
481.3,1,1.80E+01,9.15E+01
486.3,1,1.80E+01,9.16E+01
491.4,1,1.80E+01,9.19E+01
496.4,1,1.80E+01,9.12E+01
501.4,1,1.80E+01,7.71E+01
506.4,1,1.80E+01,5.35E+01
511.5,1,1.80E+01,3.81E+01
516.5,1,1.80E+01,3.19E+01
521.5,1,1.80E+01,3.22E+01
526.5,1,1.80E+01,2.75E+01
531.5,1,1.80E+01,2.35E+01
536.5,1,1.80E+01,2.76E+01
541.5,1,1.80E+01,3.24E+01
546.5,1,1.80E+01,3.40E+01
551.5,1,1.80E+01,4.02E+01
556.6,1,1.80E+01,4.02E+01
561.6,1,1.80E+01,4.02E+01
566.6,1,1.80E+01,4.00E+01
571.6,1,1.80E+01,3.39E+01
576.6,1,1.80E+01,4.03E+01
581.6,1,1.80E+01,4.01E+01
586.7,1,1.80E+01,3.39E+01
591.7,1,1.80E+01,3.39E+01
596.7,1,1.80E+01,4.18E+01
601.7,1,1.80E+01,4.18E+01
606.7,1,1.80E+01,4.20E+01
611.7,1,1.80E+01,4.18E+01
616.7,1,1.80E+01,4.97E+01
621.7,1,1.80E+01,4.99E+01
626.7,1,1.80E+01,4.96E+01
631.8,1,1.80E+01,5.99E+01
636.8,1,1.80E+01,4.99E+01
641.8,1,1.80E+01,4.99E+01
646.8,1,1.80E+01,5.21E+01
651.8,1,1.80E+01,5.21E+01
656.8,1,1.80E+01,5.22E+01
661.9,1,1.80E+01,5.21E+01
666.9,1,1.80E+01,5.24E+01
671.8,1,1.80E+01,5.24E+01
676.8,1,1.80E+01,5.22E+01
681.9,1,1.80E+01,5.23E+01
686.9,1,1.80E+01,4.37E+01
691.9,1,1.80E+01,4.55E+01
696.9,1,1.80E+01,5.45E+01
701.9,1,1.80E+01,4.57E+01
706.9,1,1.80E+01,4.57E+01
712,1,1.80E+01,5.44E+01
717,1,1.80E+01,4.57E+01
722,1,1.80E+01,5.47E+01
727,1,1.80E+01,5.46E+01
732,1,1.80E+01,4.57E+01
737,1,1.80E+01,4.59E+01
742,1,1.80E+01,4.78E+01
747,1,1.80E+01,4.78E+01
752.1,1,1.80E+01,4.00E+01
757.1,1,1.80E+01,3.40E+01
762.1,1,1.80E+01,4.04E+01
767.1,1,1.80E+01,3.40E+01
772.1,1,1.80E+01,3.39E+01
777.2,1,1.80E+01,3.39E+01
782.2,1,1.80E+01,4.01E+01
787.2,1,1.80E+01,3.39E+01
792.2,1,1.80E+01,4.02E+01
797.2,1,1.80E+01,4.19E+01
802.2,1,1.80E+01,3.54E+01
807.2,1,1.80E+01,3.54E+01
812.2,1,1.80E+01,3.55E+01
817.2,1,1.80E+01,4.21E+01
822.2,1,1.80E+01,4.18E+01
827.3,1,1.80E+01,4.18E+01
832.3,1,1.80E+01,3.54E+01
837.3,1,1.80E+01,4.19E+01
842.3,1,1.80E+01,4.18E+01
847.3,1,1.80E+01,3.53E+01
852.3,1,1.80E+01,3.67E+01
857.3,1,1.80E+01,3.68E+01
862.4,1,1.80E+01,3.66E+01
867.3,1,1.80E+01,3.67E+01
872.4,1,1.80E+01,3.69E+01
877.4,1,1.80E+01,4.38E+01
882.4,1,1.80E+01,3.67E+01
887.4,1,1.80E+01,3.67E+01
892.5,1,1.80E+01,3.69E+01
897.5,1,1.80E+01,3.68E+01
902.5,1,1.80E+01,4.37E+01
907.5,1,1.80E+01,3.84E+01
912.5,1,1.80E+01,3.83E+01
917.5,1,1.80E+01,3.85E+01
922.6,1,1.80E+01,3.84E+01
927.6,1,1.80E+01,3.84E+01
932.5,1,1.80E+01,3.83E+01
937.6,1,1.80E+01,3.83E+01
942.6,1,1.80E+01,4.58E+01
947.6,1,1.80E+01,3.86E+01
952.6,1,1.80E+01,3.24E+01
957.7,1,1.80E+01,3.85E+01
962.7,1,1.80E+01,3.40E+01
967.7,1,1.80E+01,4.03E+01
972.7,1,1.80E+01,4.02E+01
977.7,1,1.80E+01,4.02E+01
982.7,1,1.80E+01,3.40E+01
987.8,1,1.80E+01,3.39E+01
992.8,1,1.80E+01,3.38E+01
997.8,1,1.80E+01,3.39E+01
1002.8,1,1.80E+01,4.04E+01
1007.8,1,1.80E+01,4.02E+01
1012.8,1,1.80E+01,4.01E+01
1017.8,1,1.80E+01,4.19E+01
1022.8,1,1.80E+01,4.19E+01
1027.8,1,1.80E+01,3.54E+01
1032.8,1,1.80E+01,4.20E+01
1037.9,1,1.80E+01,3.53E+01
1042.9,1,1.80E+01,4.19E+01
1047.9,1,1.80E+01,3.54E+01
1052.9,1,1.80E+01,3.54E+01
0.1,1,1.80E+01,1.25E-01
5.2,1,1.80E+01,3.80E-01
10.2,1,1.80E+01,4.10E-01
15.2,1,1.80E+01,4.44E-01
20.2,1,1.80E+01,4.84E-01
25.2,1,1.80E+01,5.30E-01
30.3,1,1.80E+01,5.80E-01
35.3,1,1.80E+01,6.37E-01
40.3,1,1.80E+01,7.03E-01
45.3,1,1.80E+01,7.77E-01
50.3,1,1.80E+01,8.58E-01
55.3,1,1.80E+01,9.54E-01
60.4,1,1.80E+01,1.06E+00
65.4,1,1.80E+01,1.18E+00
70.4,1,1.80E+01,1.32E+00
75.4,1,1.80E+01,1.48E+00
80.4,1,1.80E+01,1.65E+00
85.4,1,1.80E+01,1.86E+00
90.4,1,1.80E+01,2.10E+00
95.4,1,1.80E+01,2.36E+00
100.4,1,1.80E+01,2.69E+00
105.5,1,1.80E+01,3.05E+00
110.5,1,1.80E+01,3.38E+00
115.5,1,1.80E+01,3.83E+00
120.5,1,1.80E+01,4.36E+00
125.5,1,1.80E+01,4.99E+00
130.5,1,1.80E+01,5.72E+00
135.6,1,1.80E+01,6.58E+00
140.5,1,1.80E+01,7.67E+00
145.5,1,1.80E+01,8.92E+00
150.6,1,1.80E+01,1.03E+01
155.6,1,1.80E+01,1.23E+01
160.6,1,1.80E+01,1.45E+01
165.6,1,1.80E+01,1.73E+01
170.6,1,1.80E+01,2.08E+01
175.6,1,1.80E+01,2.52E+01
180.6,1,1.80E+01,3.06E+01
185.7,1,1.80E+01,3.78E+01
190.7,1,1.80E+01,4.68E+01
195.7,1,1.80E+01,5.90E+01
200.7,1,1.80E+01,7.39E+01
205.7,1,1.80E+01,9.18E+01
210.7,1,1.80E+01,9.13E+01
215.8,1,1.80E+01,9.09E+01
220.8,1,1.80E+01,9.08E+01
225.8,1,1.80E+01,9.05E+01
230.8,1,1.80E+01,9.06E+01
235.8,1,1.80E+01,9.09E+01
240.8,1,1.80E+01,9.06E+01
245.8,1,1.80E+01,9.10E+01
250.8,1,1.80E+01,9.08E+01
255.8,1,1.80E+01,9.07E+01
260.9,1,1.80E+01,9.12E+01
265.9,1,1.80E+01,9.08E+01
270.9,1,1.80E+01,9.05E+01
275.9,1,1.80E+01,9.08E+01
280.9,1,1.80E+01,9.11E+01
285.9,1,1.80E+01,9.08E+01
291,1,1.80E+01,9.10E+01
296,1,1.80E+01,9.10E+01
300.9,1,1.80E+01,9.08E+01
306,1,1.80E+01,9.12E+01
311,1,1.80E+01,9.08E+01
316,1,1.80E+01,9.15E+01
321,1,1.80E+01,9.12E+01
326,1,1.80E+01,9.10E+01
331,1,1.80E+01,9.14E+01
336.1,1,1.80E+01,9.15E+01
341.1,1,1.80E+01,9.12E+01
346.1,1,1.80E+01,9.16E+01
351.1,1,1.80E+01,9.13E+01
356.1,1,1.80E+01,9.15E+01
361.2,1,1.80E+01,9.16E+01
366.1,1,1.80E+01,9.16E+01
371.1,1,1.80E+01,9.20E+01
376.2,1,1.80E+01,9.18E+01
381.2,1,1.80E+01,9.18E+01
386.2,1,1.80E+01,9.17E+01
391.2,1,1.80E+01,9.15E+01
396.2,1,1.80E+01,9.22E+01
401.2,1,1.80E+01,9.22E+01
406.3,1,1.80E+01,9.21E+01
411.3,1,1.80E+01,9.22E+01
416.3,1,1.80E+01,9.24E+01
421.3,1,1.80E+01,9.21E+01
426.3,1,1.80E+01,9.25E+01
431.3,1,1.80E+01,9.24E+01
436.3,1,1.80E+01,9.25E+01
441.3,1,1.80E+01,9.21E+01
446.3,1,1.80E+01,9.25E+01
451.4,1,1.80E+01,9.22E+01
456.4,1,1.80E+01,9.22E+01
461.4,1,1.80E+01,9.28E+01
466.4,1,1.80E+01,9.30E+01
471.4,1,1.80E+01,9.24E+01
476.4,1,1.80E+01,9.27E+01
481.5,1,1.80E+01,9.27E+01
486.5,1,1.80E+01,9.25E+01
491.4,1,1.80E+01,9.27E+01
496.4,1,1.80E+01,9.29E+01
501.4,1,1.80E+01,9.26E+01
506.5,1,1.80E+01,9.28E+01
511.5,1,1.80E+01,9.31E+01
516.5,1,1.80E+01,9.32E+01
521.5,1,1.80E+01,9.32E+01
526.5,1,1.80E+01,9.29E+01
531.5,1,1.80E+01,9.29E+01
536.6,1,1.80E+01,9.32E+01
541.6,1,1.80E+01,8.17E+01
546.6,1,1.80E+01,7.21E+01
551.6,1,1.80E+01,6.55E+01
556.6,1,1.80E+01,6.03E+01
561.6,1,1.80E+01,5.24E+01
566.6,1,1.80E+01,4.82E+01
571.6,1,1.80E+01,4.62E+01
576.7,1,1.80E+01,4.23E+01
581.7,1,1.80E+01,4.07E+01
586.7,1,1.80E+01,3.92E+01
591.7,1,1.80E+01,3.72E+01
596.7,1,1.80E+01,3.58E+01
601.7,1,1.80E+01,3.59E+01
606.8,1,1.80E+01,3.60E+01
611.8,1,1.80E+01,3.45E+01
616.7,1,1.80E+01,3.44E+01
621.8,1,1.80E+01,3.44E+01
626.8,1,1.80E+01,3.44E+01
631.8,1,1.80E+01,3.45E+01
636.8,1,1.80E+01,3.44E+01
641.8,1,1.80E+01,3.45E+01
646.9,1,1.80E+01,3.75E+01
651.9,1,1.80E+01,3.75E+01
656.9,1,1.80E+01,4.08E+01
661.9,1,1.80E+01,3.91E+01
666.9,1,1.80E+01,4.10E+01
671.9,1,1.80E+01,4.27E+01
676.9,1,1.80E+01,4.44E+01
681.9,1,1.80E+01,4.65E+01
686.9,1,1.80E+01,4.65E+01
691.9,1,1.80E+01,4.85E+01
697,1,1.80E+01,5.07E+01
702,1,1.80E+01,5.32E+01
707,1,1.80E+01,5.32E+01
712,1,1.80E+01,5.81E+01
717,1,1.80E+01,5.31E+01
722,1,1.80E+01,5.54E+01
727,1,1.80E+01,5.30E+01
732.1,1,1.80E+01,5.33E+01
737.1,1,1.80E+01,5.32E+01
742,1,1.80E+01,5.08E+01
747,1,1.80E+01,4.84E+01
752,1,1.80E+01,4.64E+01
757.1,1,1.80E+01,4.64E+01
762.1,1,1.80E+01,4.45E+01
767.1,1,1.80E+01,4.08E+01
772.1,1,1.80E+01,4.10E+01
777.1,1,1.80E+01,4.10E+01
782.1,1,1.80E+01,4.09E+01
787.2,1,1.80E+01,3.92E+01
792.2,1,1.80E+01,3.95E+01
797.2,1,1.80E+01,3.92E+01
802.2,1,1.80E+01,3.77E+01
807.2,1,1.80E+01,3.77E+01
812.2,1,1.80E+01,3.76E+01
817.2,1,1.80E+01,3.77E+01
822.2,1,1.80E+01,3.62E+01
827.3,1,1.80E+01,3.60E+01
832.3,1,1.80E+01,3.76E+01
837.3,1,1.80E+01,3.47E+01
842.3,1,1.80E+01,3.62E+01
847.3,1,1.80E+01,3.76E+01
852.3,1,1.80E+01,3.75E+01
857.4,1,1.80E+01,3.77E+01
862.4,1,1.80E+01,3.76E+01
867.4,1,1.80E+01,3.75E+01
872.4,1,1.80E+01,3.93E+01
877.4,1,1.80E+01,3.78E+01
882.4,1,1.80E+01,3.75E+01
887.4,1,1.80E+01,3.59E+01
892.4,1,1.80E+01,3.59E+01
897.5,1,1.80E+01,3.76E+01
902.5,1,1.80E+01,3.60E+01
907.5,1,1.80E+01,3.61E+01
912.5,1,1.80E+01,3.74E+01
917.5,1,1.80E+01,3.73E+01
922.6,1,1.80E+01,3.74E+01
927.6,1,1.80E+01,3.74E+01
932.5,1,1.80E+01,3.74E+01
937.6,1,1.80E+01,3.76E+01
942.6,1,1.80E+01,3.75E+01
947.6,1,1.80E+01,3.91E+01
952.6,1,1.80E+01,3.73E+01
957.6,1,1.80E+01,3.75E+01
962.6,1,1.80E+01,3.74E+01
967.7,1,1.80E+01,3.75E+01
972.7,1,1.80E+01,3.76E+01
977.7,1,1.80E+01,3.75E+01
982.7,1,1.80E+01,3.75E+01
987.7,1,1.80E+01,3.91E+01
992.7,1,1.80E+01,3.76E+01
997.7,1,1.80E+01,3.75E+01
1002.7,1,1.80E+01,3.73E+01
1007.7,1,1.80E+01,3.74E+01
1012.7,1,1.80E+01,3.75E+01
1017.8,1,1.80E+01,3.73E+01
1022.8,1,1.80E+01,3.90E+01
1027.8,1,1.80E+01,3.91E+01
1032.8,1,1.80E+01,4.07E+01
1037.9,1,1.80E+01,4.11E+01
1042.9,1,1.80E+01,3.91E+01
1047.9,1,1.80E+01,3.87E+01
1052.9,1,1.80E+01,3.93E+01
1057.9,1,1.80E+01,4.09E+01
1062.9,1,1.80E+01,3.89E+01
1067.9,1,1.80E+01,3.92E+01
1072.9,1,1.80E+01,4.08E+01
1078,1,1.80E+01,3.91E+01
1083,1,1.80E+01,3.91E+01
1088,1,1.80E+01,4.07E+01
1093,1,1.80E+01,3.90E+01
1098,1,1.80E+01,3.90E+01
1103,1,1.80E+01,3.91E+01
1108.1,1,1.80E+01,4.07E+01
1113.1,1,1.80E+01,3.90E+01
1118.1,1,1.80E+01,4.10E+01
1123.1,1,1.80E+01,3.91E+01
1128.1,1,1.80E+01,3.90E+01
1133.1,1,1.80E+01,3.92E+01
1138.1,1,1.80E+01,3.89E+01
1143.1,1,1.80E+01,4.08E+01
1148.2,1,1.80E+01,3.90E+01
1153.2,1,1.80E+01,3.88E+01
1158.2,1,1.80E+01,3.90E+01
1163.2,1,1.80E+01,3.91E+01
1168.2,1,1.80E+01,3.89E+01
1173.3,1,1.80E+01,3.90E+01
1178.3,1,1.80E+01,3.89E+01
1183.3,1,1.80E+01,3.90E+01
1188.3,1,1.80E+01,3.89E+01
1193.3,1,1.80E+01,3.91E+01
1198.3,1,1.80E+01,3.90E+01
1203.3,1,1.80E+01,3.89E+01
1208.3,1,1.80E+01,3.89E+01
1213.4,1,1.80E+01,3.90E+01
1218.4,1,1.80E+01,3.90E+01
1223.4,1,1.80E+01,3.90E+01
1228.4,1,1.80E+01,3.92E+01
1233.4,1,1.80E+01,3.89E+01
1238.5,1,1.80E+01,3.91E+01
1243.5,1,1.80E+01,3.92E+01
1248.5,1,1.80E+01,3.91E+01
1253.5,1,1.80E+01,3.90E+01
1258.5,1,1.80E+01,3.91E+01
1263.5,1,1.80E+01,3.89E+01
1268.5,1,1.80E+01,3.89E+01
1273.5,1,1.80E+01,3.90E+01
1278.6,1,1.80E+01,3.90E+01
1283.6,1,1.80E+01,3.89E+01
1288.6,1,1.80E+01,3.73E+01
1293.6,1,1.80E+01,3.91E+01
1298.6,1,1.80E+01,3.91E+01
1303.7,1,1.80E+01,3.89E+01
1308.7,1,1.80E+01,3.92E+01
1313.7,1,1.80E+01,3.74E+01
1318.7,1,1.80E+01,3.90E+01
1323.7,1,1.80E+01,3.92E+01
1328.7,1,1.80E+01,3.91E+01
1333.7,1,1.80E+01,3.91E+01
1338.7,1,1.80E+01,3.91E+01
1343.7,1,1.80E+01,3.90E+01
1348.8,1,1.80E+01,3.90E+01
1353.8,1,1.80E+01,3.90E+01
1358.8,1,1.80E+01,3.91E+01
1363.8,1,1.80E+01,3.90E+01
1368.8,1,1.80E+01,3.90E+01
1373.8,1,1.80E+01,3.93E+01
1378.9,1,1.80E+01,3.92E+01
1383.8,1,1.80E+01,3.91E+01
1388.9,1,1.80E+01,3.93E+01
1393.9,1,1.80E+01,3.90E+01
1398.9,1,1.80E+01,3.91E+01
1403.9,1,1.80E+01,3.92E+01
1408.9,1,1.80E+01,3.92E+01
1413.9,1,1.80E+01,3.91E+01
1419,1,1.80E+01,3.75E+01
1424,1,1.80E+01,3.93E+01
1429,1,1.80E+01,3.90E+01
1434,1,1.80E+01,3.92E+01
1439,1,1.80E+01,3.92E+01
1444,1,1.80E+01,3.90E+01
1449,1,1.80E+01,3.92E+01
1454,1,1.80E+01,3.92E+01
1459,1,1.80E+01,3.92E+01
1464,1,1.80E+01,3.92E+01
1469.1,1,1.80E+01,3.92E+01
1474.1,1,1.80E+01,3.93E+01
1479.1,1,1.80E+01,3.92E+01
1484.1,1,1.80E+01,3.93E+01
1489.2,1,1.80E+01,3.92E+01
1494.2,1,1.80E+01,3.91E+01
1499.2,1,1.80E+01,3.75E+01
1504.2,1,1.80E+01,3.76E+01
1509.2,1,1.80E+01,3.93E+01
1514.2,1,1.80E+01,3.92E+01
1519.2,1,1.80E+01,3.76E+01
1524.2,1,1.80E+01,3.95E+01
1529.2,1,1.80E+01,3.78E+01
1534.2,1,1.80E+01,3.77E+01
1539.3,1,1.80E+01,3.78E+01
1544.3,1,1.80E+01,3.62E+01
1549.3,1,1.80E+01,3.76E+01
1554.3,1,1.80E+01,3.61E+01
1559.3,1,1.80E+01,3.78E+01
1564.4,1,1.80E+01,3.77E+01
1569.3,1,1.80E+01,3.77E+01
1574.3,1,1.80E+01,3.63E+01
1579.4,1,1.80E+01,3.77E+01
1584.4,1,1.80E+01,3.76E+01
1589.4,1,1.80E+01,3.61E+01
1594.4,1,1.80E+01,3.78E+01
1599.4,1,1.80E+01,3.76E+01
1604.4,1,1.80E+01,3.78E+01
1609.5,1,1.80E+01,3.77E+01
1614.5,1,1.80E+01,3.77E+01
1619.5,1,1.80E+01,3.77E+01
1624.5,1,1.80E+01,3.61E+01
1629.5,1,1.80E+01,3.76E+01
1634.5,1,1.80E+01,3.78E+01
1639.5,1,1.80E+01,3.77E+01
1644.5,1,1.80E+01,3.79E+01
1649.5,1,1.80E+01,3.63E+01
1654.5,1,1.80E+01,3.79E+01
1659.6,1,1.80E+01,3.77E+01
1664.6,1,1.80E+01,3.79E+01
1669.6,1,1.80E+01,3.63E+01
1674.6,1,1.80E+01,3.79E+01
1679.6,1,1.80E+01,3.77E+01
1684.7,1,1.80E+01,3.77E+01
1689.7,1,1.80E+01,3.78E+01
1694.7,1,1.80E+01,3.79E+01
1699.7,1,1.80E+01,3.78E+01
1704.7,1,1.80E+01,3.77E+01
1709.7,1,1.80E+01,3.77E+01
1714.7,1,1.80E+01,3.76E+01
1719.7,1,1.80E+01,3.94E+01
1724.8,1,1.80E+01,3.95E+01
1729.8,1,1.80E+01,3.77E+01
1734.8,1,1.80E+01,3.95E+01
1739.8,1,1.80E+01,3.77E+01
1744.9,1,1.80E+01,3.95E+01
1749.9,1,1.80E+01,3.78E+01
1754.9,1,1.80E+01,3.94E+01
1759.8,1,1.80E+01,3.77E+01
1764.9,1,1.80E+01,3.78E+01
1769.9,1,1.80E+01,3.79E+01
1774.9,1,1.80E+01,3.78E+01
1779.9,1,1.80E+01,3.77E+01
1784.9,1,1.80E+01,3.79E+01
1789.9,1,1.80E+01,3.80E+01
1795,1,1.80E+01,3.77E+01
1800,1,1.80E+01,3.80E+01
1805,1,1.80E+01,3.79E+01
1810,1,1.80E+01,3.78E+01
1815,1,1.80E+01,3.79E+01
1820.1,1,1.80E+01,3.79E+01
1825,1,1.80E+01,3.77E+01
1830.1,1,1.80E+01,3.78E+01
1835.1,1,1.80E+01,3.80E+01
1840.1,1,1.80E+01,3.78E+01
1845.1,1,1.80E+01,3.79E+01
1850.1,1,1.80E+01,3.80E+01
1855.2,1,1.80E+01,3.79E+01
1860.2,1,1.80E+01,3.79E+01
1865.2,1,1.80E+01,3.79E+01
1870.2,1,1.80E+01,3.78E+01
1875.2,1,1.80E+01,3.80E+01
1880.3,1,1.80E+01,3.79E+01
1885.2,1,1.80E+01,3.80E+01
1890.2,1,1.80E+01,3.80E+01
1895.2,1,1.80E+01,3.78E+01
1900.3,1,1.80E+01,3.64E+01
1905.3,1,1.80E+01,3.79E+01
1910.3,1,1.80E+01,3.80E+01
1915.3,1,1.80E+01,3.80E+01
1920.3,1,1.80E+01,3.80E+01
1925.4,1,1.80E+01,3.63E+01
1930.4,1,1.80E+01,3.65E+01
1935.4,1,1.80E+01,3.79E+01
1940.4,1,1.80E+01,3.64E+01
1945.4,1,1.80E+01,3.82E+01
1950.4,1,1.80E+01,3.64E+01
1955.4,1,1.80E+01,3.64E+01
1960.4,1,1.80E+01,3.65E+01
1965.4,1,1.80E+01,3.65E+01
1970.5,1,1.80E+01,3.50E+01
1975.5,1,1.80E+01,3.51E+01
1980.5,1,1.80E+01,3.49E+01
1985.5,1,1.80E+01,3.49E+01
1990.5,1,1.80E+01,3.51E+01
1995.5,1,1.80E+01,3.50E+01
2000.5,1,1.80E+01,3.52E+01
2005.6,1,1.80E+01,3.51E+01
2010.6,1,1.80E+01,3.49E+01
2015.5,1,1.80E+01,3.65E+01
2020.5,1,1.80E+01,3.34E+01
2025.5,1,1.80E+01,3.65E+01
2030.6,1,1.80E+01,3.67E+01
2035.6,1,1.80E+01,3.65E+01
2040.6,1,1.80E+01,3.67E+01
2045.6,1,1.80E+01,3.66E+01
2050.6,1,1.80E+01,3.65E+01
2055.6,1,1.80E+01,3.66E+01
2060.7,1,1.80E+01,3.66E+01
2065.7,1,1.80E+01,3.66E+01
2070.7,1,1.80E+01,3.67E+01
2075.6,1,1.80E+01,3.66E+01
2080.7,1,1.80E+01,3.66E+01
2085.7,1,1.80E+01,3.67E+01
2090.7,1,1.80E+01,3.66E+01
2095.7,1,1.80E+01,3.66E+01
2100.7,1,1.80E+01,3.67E+01
2105.8,1,1.80E+01,3.66E+01
2110.8,1,1.80E+01,3.67E+01
2115.8,1,1.80E+01,3.65E+01
2120.8,1,1.80E+01,3.65E+01
2125.9,1,1.80E+01,3.65E+01
2130.9,1,1.80E+01,3.66E+01
2135.9,1,1.80E+01,3.67E+01
2140.8,1,1.80E+01,3.66E+01
2145.9,1,1.80E+01,3.67E+01
2150.9,1,1.80E+01,3.65E+01
2155.9,1,1.80E+01,3.66E+01
2160.9,1,1.80E+01,3.66E+01
2165.9,1,1.80E+01,3.66E+01
2171,1,1.80E+01,3.66E+01
2176,1,1.80E+01,3.67E+01
2181,1,1.80E+01,3.65E+01
2186,1,1.80E+01,3.65E+01
2191,1,1.80E+01,3.67E+01
2196,1,1.80E+01,3.66E+01
2201,1,1.80E+01,3.65E+01
2206,1,1.80E+01,3.66E+01
2211,1,1.80E+01,3.66E+01
2216.1,1,1.80E+01,3.66E+01
2221.1,1,1.80E+01,3.66E+01
2226.1,1,1.80E+01,3.66E+01
2231.1,1,1.80E+01,3.66E+01
2236.1,1,1.80E+01,3.65E+01
2241.2,1,1.80E+01,3.36E+01
2246.2,1,1.80E+01,3.51E+01
2251.2,1,1.80E+01,3.52E+01
2256.2,1,1.80E+01,3.52E+01
2261.2,1,1.80E+01,3.34E+01
2266.2,1,1.80E+01,3.54E+01
2271.2,1,1.80E+01,3.51E+01
2276.2,1,1.80E+01,3.52E+01
2281.2,1,1.80E+01,3.53E+01
2286.3,1,1.80E+01,3.52E+01
2291.3,1,1.80E+01,3.53E+01
2296.3,1,1.80E+01,3.53E+01
2301.3,1,1.80E+01,3.52E+01
2306.3,1,1.80E+01,3.55E+01
2311.3,1,1.80E+01,3.51E+01
2316.3,1,1.80E+01,3.53E+01
2321.4,1,1.80E+01,3.53E+01
2326.4,1,1.80E+01,3.52E+01
2331.4,1,1.80E+01,3.37E+01
2336.4,1,1.80E+01,3.36E+01
2341.4,1,1.80E+01,3.53E+01
2346.4,1,1.80E+01,3.53E+01
2351.4,1,1.80E+01,3.37E+01
2356.4,1,1.80E+01,3.53E+01
2361.5,1,1.80E+01,3.53E+01
2366.5,1,1.80E+01,3.53E+01
2371.5,1,1.80E+01,3.52E+01
2376.5,1,1.80E+01,3.53E+01
2381.5,1,1.80E+01,3.54E+01
2386.5,1,1.80E+01,3.54E+01
2391.6,1,1.80E+01,3.52E+01
2396.6,1,1.80E+01,3.53E+01
2401.6,1,1.80E+01,3.53E+01
2406.6,1,1.80E+01,3.53E+01
2411.6,1,1.80E+01,3.54E+01
2416.6,1,1.80E+01,3.54E+01
2421.6,1,1.80E+01,3.53E+01
2426.6,1,1.80E+01,3.52E+01
2431.7,1,1.80E+01,3.53E+01
2436.7,1,1.80E+01,3.54E+01
2441.7,1,1.80E+01,3.54E+01
2446.7,1,1.80E+01,3.53E+01
2451.7,1,1.80E+01,3.53E+01
2456.8,1,1.80E+01,3.52E+01
2461.7,1,1.80E+01,3.69E+01
2466.7,1,1.80E+01,3.53E+01
2471.8,1,1.80E+01,3.53E+01
2476.8,1,1.80E+01,3.68E+01
2481.8,1,1.80E+01,3.54E+01
2486.8,1,1.80E+01,3.54E+01
2491.8,1,1.80E+01,3.52E+01
2496.9,1,1.80E+01,3.52E+01
2501.9,1,1.80E+01,3.52E+01
2506.9,1,1.80E+01,3.52E+01
2511.9,1,1.80E+01,3.53E+01
2516.9,1,1.80E+01,3.53E+01
2521.9,1,1.80E+01,3.53E+01
2526.9,1,1.80E+01,3.52E+01
2531.9,1,1.80E+01,3.53E+01
2536.9,1,1.80E+01,3.53E+01
2542,1,1.80E+01,3.53E+01
2547,1,1.80E+01,3.54E+01
2552,1,1.80E+01,3.53E+01
2557,1,1.80E+01,3.53E+01
2562,1,1.80E+01,3.53E+01
2567.1,1,1.80E+01,3.53E+01
2572.1,1,1.80E+01,3.53E+01
2577.1,1,1.80E+01,3.54E+01
2582.1,1,1.80E+01,3.36E+01
2587.1,1,1.80E+01,3.54E+01
2592.1,1,1.80E+01,3.55E+01
2597.1,1,1.80E+01,3.54E+01
2602.2,1,1.80E+01,3.52E+01
2607.2,1,1.80E+01,3.53E+01
2612.2,1,1.80E+01,3.54E+01
2617.2,1,1.80E+01,3.36E+01
2622.2,1,1.80E+01,3.55E+01
2627.2,1,1.80E+01,3.54E+01
2632.2,1,1.80E+01,3.54E+01
2637.3,1,1.80E+01,3.56E+01
2642.3,1,1.80E+01,3.55E+01
2647.3,1,1.80E+01,3.35E+01
2652.3,1,1.80E+01,3.54E+01
2657.3,1,1.80E+01,3.36E+01
2662.3,1,1.80E+01,3.53E+01
2667.3,1,1.80E+01,3.54E+01
2672.4,1,1.80E+01,3.52E+01
2677.4,1,1.80E+01,3.53E+01
2682.4,1,1.80E+01,3.53E+01
2687.4,1,1.80E+01,3.53E+01
2692.5,1,1.80E+01,3.55E+01
2697.5,1,1.80E+01,3.54E+01
2702.5,1,1.80E+01,3.53E+01
2707.5,1,1.80E+01,3.53E+01
2712.5,1,1.80E+01,3.38E+01
2717.5,1,1.80E+01,3.53E+01
2722.5,1,1.80E+01,3.54E+01
2727.5,1,1.80E+01,3.53E+01
2732.5,1,1.80E+01,3.36E+01
2737.5,1,1.80E+01,3.37E+01
2742.5,1,1.80E+01,3.53E+01
2747.6,1,1.80E+01,3.53E+01
2752.6,1,1.80E+01,3.55E+01
2757.6,1,1.80E+01,3.55E+01
2762.6,1,1.80E+01,3.53E+01
2767.6,1,1.80E+01,3.24E+01
2772.6,1,1.80E+01,3.23E+01
2777.6,1,1.80E+01,3.38E+01
2782.6,1,1.80E+01,3.38E+01
2787.6,1,1.80E+01,3.37E+01
2792.7,1,1.80E+01,3.24E+01
2797.7,1,1.80E+01,3.38E+01
2802.7,1,1.80E+01,3.37E+01
2807.7,1,1.80E+01,3.38E+01
2812.7,1,1.80E+01,3.39E+01
2817.7,1,1.80E+01,3.36E+01
2822.8,1,1.80E+01,3.37E+01
2827.8,1,1.80E+01,3.37E+01
2832.8,1,1.80E+01,3.38E+01
2837.8,1,1.80E+01,3.37E+01
2842.8,1,1.80E+01,3.37E+01
2847.8,1,1.80E+01,3.38E+01
2852.8,1,1.80E+01,3.38E+01
2857.8,1,1.80E+01,3.38E+01
2862.9,1,1.80E+01,3.38E+01
2867.9,1,1.80E+01,3.39E+01
2872.9,1,1.80E+01,3.37E+01
2877.9,1,1.80E+01,3.39E+01
2882.9,1,1.80E+01,3.38E+01
2888,1,1.80E+01,3.37E+01
2893,1,1.80E+01,3.38E+01
2898,1,1.80E+01,3.54E+01
2903,1,1.80E+01,3.54E+01
2908,1,1.80E+01,3.38E+01
2913,1,1.80E+01,3.37E+01
2918,1,1.80E+01,3.38E+01
2923,1,1.80E+01,3.39E+01
2928.1,1,1.80E+01,3.37E+01
2933.1,1,1.80E+01,3.70E+01
2938.1,1,1.80E+01,3.71E+01
2943.1,1,1.80E+01,3.55E+01
2948.1,1,1.80E+01,3.55E+01
2953.1,1,1.80E+01,3.57E+01
2958.2,1,1.80E+01,3.55E+01
2963.2,1,1.80E+01,3.56E+01
2968.2,1,1.80E+01,3.55E+01
2973.2,1,1.80E+01,3.56E+01
2978.2,1,1.80E+01,3.55E+01
2983.2,1,1.80E+01,3.39E+01
2988.2,1,1.80E+01,3.57E+01
2993.3,1,1.80E+01,3.25E+01
2998.3,1,1.80E+01,3.39E+01
3003.3,1,1.80E+01,3.25E+01
3008.3,1,1.80E+01,3.39E+01
3013.3,1,1.80E+01,3.39E+01
3018.4,1,1.80E+01,3.40E+01
3023.4,1,1.80E+01,3.39E+01
3028.4,1,1.80E+01,3.38E+01
3033.3,1,1.80E+01,3.39E+01
3038.4,1,1.80E+01,3.25E+01
3043.4,1,1.80E+01,3.40E+01
3048.4,1,1.80E+01,3.38E+01
3053.4,1,1.80E+01,3.38E+01
3058.4,1,1.80E+01,3.40E+01
3063.4,1,1.80E+01,3.38E+01
3068.5,1,1.80E+01,3.38E+01
3073.5,1,1.80E+01,3.39E+01
3078.5,1,1.80E+01,3.38E+01
3083.5,1,1.80E+01,3.38E+01
3088.5,1,1.80E+01,3.40E+01
3093.5,1,1.80E+01,3.38E+01
3098.5,1,1.80E+01,3.38E+01
3103.5,1,1.80E+01,3.40E+01
3108.5,1,1.80E+01,3.38E+01
3113.5,1,1.80E+01,3.37E+01
3118.6,1,1.80E+01,3.38E+01
3123.6,1,1.80E+01,3.38E+01
3128.6,1,1.80E+01,3.40E+01
3133.6,1,1.80E+01,3.40E+01
3138.6,1,1.80E+01,3.38E+01
3143.7,1,1.80E+01,3.38E+01
3148.7,1,1.80E+01,3.39E+01
3153.7,1,1.80E+01,3.37E+01
3158.6,1,1.80E+01,3.38E+01
3163.7,1,1.80E+01,3.38E+01
3168.7,1,1.80E+01,3.38E+01
3173.7,1,1.80E+01,3.38E+01
3178.7,1,1.80E+01,3.37E+01
3183.7,1,1.80E+01,3.37E+01
3188.7,1,1.80E+01,3.38E+01
3193.8,1,1.80E+01,3.38E+01
3198.8,1,1.80E+01,3.38E+01
3203.8,1,1.80E+01,3.39E+01
3208.8,1,1.80E+01,3.39E+01
3213.8,1,1.80E+01,3.38E+01
3218.8,1,1.80E+01,3.39E+01
3223.8,1,1.80E+01,3.37E+01
3228.9,1,1.80E+01,3.38E+01
3233.9,1,1.80E+01,3.38E+01
3238.9,1,1.80E+01,3.37E+01
3243.9,1,1.80E+01,3.39E+01
3248.9,1,1.80E+01,3.38E+01
3254,1,1.80E+01,3.38E+01
3259,1,1.80E+01,3.38E+01
3264,1,1.80E+01,3.38E+01
3269,1,1.80E+01,3.37E+01
3274,1,1.80E+01,3.38E+01
3279,1,1.80E+01,3.38E+01
3284,1,1.80E+01,3.38E+01
3289,1,1.80E+01,3.38E+01
3294,1,1.80E+01,3.38E+01
3299,1,1.80E+01,3.39E+01
3304.1,1,1.80E+01,3.39E+01
3309.1,1,1.80E+01,3.38E+01
3314.1,1,1.80E+01,3.37E+01
3319.1,1,1.80E+01,3.39E+01
3324.1,1,1.80E+01,3.38E+01
3329.1,1,1.80E+01,3.38E+01
3334.1,1,1.80E+01,3.38E+01
3339.2,1,1.80E+01,3.39E+01
3344.2,1,1.80E+01,3.39E+01
3349.2,1,1.80E+01,3.38E+01
3354.2,1,1.80E+01,3.38E+01
3359.2,1,1.80E+01,3.38E+01
3364.2,1,1.80E+01,3.37E+01
3369.2,1,1.80E+01,3.39E+01
3374.2,1,1.80E+01,3.24E+01
3379.3,1,1.80E+01,3.38E+01
3384.3,1,1.80E+01,3.39E+01
3389.3,1,1.80E+01,3.38E+01
3394.3,1,1.80E+01,3.38E+01
3399.3,1,1.80E+01,3.40E+01
3404.4,1,1.80E+01,3.37E+01
3409.4,1,1.80E+01,3.37E+01
3414.3,1,1.80E+01,3.39E+01
3419.4,1,1.80E+01,3.38E+01
3424.4,1,1.80E+01,3.37E+01
3429.4,1,1.80E+01,3.39E+01
3434.4,1,1.80E+01,3.39E+01
3439.4,1,1.80E+01,3.38E+01
3444.4,1,1.80E+01,3.37E+01
3449.5,1,1.80E+01,3.37E+01
3454.5,1,1.80E+01,3.38E+01
3459.5,1,1.80E+01,3.25E+01
3464.5,1,1.80E+01,3.37E+01
3469.5,1,1.80E+01,3.23E+01
3474.5,1,1.80E+01,3.37E+01
3479.5,1,1.80E+01,3.37E+01
3484.5,1,1.80E+01,3.39E+01
3489.5,1,1.80E+01,3.39E+01
3494.6,1,1.80E+01,3.25E+01
3499.6,1,1.80E+01,3.40E+01
3504.6,1,1.80E+01,3.38E+01
3509.6,1,1.80E+01,3.38E+01
3514.6,1,1.80E+01,3.40E+01
3519.6,1,1.80E+01,3.39E+01
3524.7,1,1.80E+01,3.39E+01
3529.7,1,1.80E+01,3.26E+01
3534.6,1,1.80E+01,3.39E+01
3539.6,1,1.80E+01,3.25E+01
3544.7,1,1.80E+01,3.40E+01
3549.7,1,1.80E+01,3.27E+01
3554.7,1,1.80E+01,3.39E+01
3559.7,1,1.80E+01,3.40E+01
3564.7,1,1.80E+01,3.40E+01
3569.7,1,1.80E+01,3.39E+01
3574.7,1,1.80E+01,3.12E+01
3579.8,1,1.80E+01,3.25E+01
3584.8,1,1.80E+01,3.25E+01
3589.8,1,1.80E+01,3.25E+01
3594.8,1,1.80E+01,3.25E+01
3599.8,1,1.80E+01,3.26E+01
3604.8,1,1.80E+01,3.26E+01
3609.8,1,1.80E+01,3.25E+01
3614.8,1,1.80E+01,3.26E+01
3619.8,1,1.80E+01,3.26E+01
3624.9,1,1.80E+01,3.12E+01
3629.9,1,1.80E+01,3.26E+01
3634.9,1,1.80E+01,3.25E+01
3639.9,1,1.80E+01,3.24E+01
3644.9,1,1.80E+01,3.26E+01
3650,1,1.80E+01,3.25E+01
3655,1,1.80E+01,3.26E+01
3660,1,1.80E+01,3.26E+01
3665,1,1.80E+01,3.25E+01
3670,1,1.80E+01,3.25E+01
3675,1,1.80E+01,3.25E+01
3680,1,1.80E+01,3.25E+01
3685.1,1,1.80E+01,3.25E+01
3690.1,1,1.80E+01,3.25E+01
3695.1,1,1.80E+01,3.24E+01
3700.1,1,1.80E+01,3.26E+01
3705.1,1,1.80E+01,3.24E+01
3710.1,1,1.80E+01,3.25E+01
3715.2,1,1.80E+01,3.27E+01
3720.2,1,1.80E+01,3.27E+01
3725.2,1,1.80E+01,3.26E+01
3730.2,1,1.80E+01,3.24E+01
3735.2,1,1.80E+01,3.25E+01
3740.2,1,1.80E+01,3.26E+01
3745.2,1,1.80E+01,3.26E+01
3750.2,1,1.80E+01,3.25E+01
3755.3,1,1.80E+01,3.25E+01
3760.3,1,1.80E+01,3.25E+01
3765.3,1,1.80E+01,3.25E+01
3770.3,1,1.80E+01,3.26E+01
3775.4,1,1.80E+01,3.25E+01
3780.4,1,1.80E+01,3.25E+01
3785.4,1,1.80E+01,3.40E+01
3790.3,1,1.80E+01,3.25E+01
3795.4,1,1.80E+01,3.25E+01
3800.4,1,1.80E+01,3.25E+01
3805.4,1,1.80E+01,3.24E+01
3810.4,1,1.80E+01,3.26E+01
3815.4,1,1.80E+01,3.25E+01
3820.5,1,1.80E+01,3.25E+01
3825.5,1,1.80E+01,3.25E+01
3830.5,1,1.80E+01,3.26E+01
3835.5,1,1.80E+01,3.26E+01
3840.5,1,1.80E+01,3.25E+01
3845.6,1,1.80E+01,3.24E+01
3850.5,1,1.80E+01,3.24E+01
3855.5,1,1.80E+01,3.25E+01
3860.6,1,1.80E+01,3.26E+01
3865.6,1,1.80E+01,3.24E+01
3870.6,1,1.80E+01,3.23E+01
3875.6,1,1.80E+01,3.25E+01
3880.6,1,1.80E+01,3.24E+01
3885.6,1,1.80E+01,3.24E+01
3890.7,1,1.80E+01,3.26E+01
3895.7,1,1.80E+01,3.24E+01
3900.7,1,1.80E+01,3.24E+01
3905.7,1,1.80E+01,3.24E+01
3910.7,1,1.80E+01,3.25E+01
3915.7,1,1.80E+01,3.24E+01
3920.7,1,1.80E+01,3.25E+01
3925.7,1,1.80E+01,3.24E+01
3930.8,1,1.80E+01,3.24E+01
3935.8,1,1.80E+01,3.24E+01
3940.8,1,1.80E+01,3.24E+01
3945.8,1,1.80E+01,3.24E+01
3950.8,1,1.80E+01,3.24E+01
3955.8,1,1.80E+01,3.23E+01
3960.9,1,1.80E+01,3.24E+01
3965.9,1,1.80E+01,3.25E+01
3970.9,1,1.80E+01,3.24E+01
3975.9,1,1.80E+01,3.11E+01
3980.9,1,1.80E+01,3.25E+01
3985.9,1,1.80E+01,3.24E+01
3990.9,1,1.80E+01,3.11E+01
3995.9,1,1.80E+01,3.24E+01
4001,1,1.80E+01,3.11E+01
4006,1,1.80E+01,3.23E+01
4011,1,1.80E+01,3.25E+01
4016,1,1.80E+01,3.25E+01
4021,1,1.80E+01,3.24E+01
4026.1,1,1.80E+01,3.12E+01
4031.1,1,1.80E+01,3.25E+01
4036.1,1,1.80E+01,3.26E+01
4041.1,1,1.80E+01,3.25E+01
4046.1,1,1.80E+01,3.25E+01
4051.1,1,1.80E+01,3.24E+01
4056.1,1,1.80E+01,3.10E+01
4061.1,1,1.80E+01,3.25E+01
4066.2,1,1.80E+01,3.24E+01
4071.2,1,1.80E+01,3.25E+01
4076.2,1,1.80E+01,3.25E+01
4081.2,1,1.80E+01,3.23E+01
4086.2,1,1.80E+01,3.24E+01
4091.3,1,1.80E+01,3.24E+01
4096.3,1,1.80E+01,3.25E+01
4101.3,1,1.80E+01,3.23E+01
4106.3,1,1.80E+01,3.24E+01
4111.3,1,1.80E+01,3.24E+01
4116.3,1,1.80E+01,3.24E+01
4121.3,1,1.80E+01,3.24E+01
4126.3,1,1.80E+01,3.24E+01
4131.3,1,1.80E+01,3.23E+01
4136.4,1,1.80E+01,3.11E+01
4141.4,1,1.80E+01,3.24E+01
4146.4,1,1.80E+01,3.24E+01
4151.4,1,1.80E+01,3.24E+01
4156.4,1,1.80E+01,3.24E+01
4161.4,1,1.80E+01,3.12E+01
4166.4,1,1.80E+01,3.24E+01
4171.4,1,1.80E+01,3.11E+01
4176.4,1,1.80E+01,3.23E+01
4181.5,1,1.80E+01,3.11E+01
4186.5,1,1.80E+01,3.11E+01
4191.5,1,1.80E+01,2.98E+01
4196.5,1,1.80E+01,3.09E+01
4201.5,1,1.80E+01,2.99E+01
4206.5,1,1.80E+01,3.11E+01
4211.6,1,1.80E+01,3.10E+01
4216.6,1,1.80E+01,3.10E+01
4221.6,1,1.80E+01,3.11E+01
4226.6,1,1.80E+01,3.11E+01
4231.6,1,1.80E+01,3.12E+01
4236.6,1,1.80E+01,3.11E+01
4241.6,1,1.80E+01,2.99E+01
4246.6,1,1.80E+01,3.11E+01
4251.6,1,1.80E+01,3.12E+01
4256.7,1,1.80E+01,3.10E+01
4261.7,1,1.80E+01,3.11E+01
4266.7,1,1.80E+01,3.11E+01
4271.7,1,1.80E+01,3.11E+01
4276.7,1,1.80E+01,3.11E+01
4281.8,1,1.80E+01,3.11E+01
4286.8,1,1.80E+01,3.10E+01
4291.7,1,1.80E+01,3.12E+01
4296.8,1,1.80E+01,3.12E+01
4301.8,1,1.80E+01,3.12E+01
4306.8,1,1.80E+01,3.12E+01
4311.8,1,1.80E+01,3.12E+01
4316.8,1,1.80E+01,3.11E+01
4321.8,1,1.80E+01,3.12E+01
4326.8,1,1.80E+01,3.11E+01
4331.9,1,1.80E+01,3.11E+01
4336.9,1,1.80E+01,3.12E+01
4341.9,1,1.80E+01,3.13E+01
4346.9,1,1.80E+01,3.11E+01
4352,1,1.80E+01,3.11E+01
4357,1,1.80E+01,3.11E+01
4362,1,1.80E+01,3.10E+01
4366.9,1,1.80E+01,3.11E+01
4372,1,1.80E+01,3.10E+01
4377,1,1.80E+01,3.11E+01
4382,1,1.80E+01,3.10E+01
4387,1,1.80E+01,3.25E+01
4392,1,1.80E+01,3.09E+01
4397,1,1.80E+01,3.11E+01
4402.1,1,1.80E+01,3.09E+01
4407.1,1,1.80E+01,3.11E+01
4412.1,1,1.80E+01,3.10E+01
4417.1,1,1.80E+01,3.11E+01
4422.1,1,1.80E+01,3.10E+01
4427.1,1,1.80E+01,3.11E+01
4432.1,1,1.80E+01,3.11E+01
4437.1,1,1.80E+01,3.11E+01
4442.1,1,1.80E+01,3.10E+01
4447.2,1,1.80E+01,3.10E+01
4452.2,1,1.80E+01,3.12E+01
4457.2,1,1.80E+01,3.10E+01
4462.2,1,1.80E+01,3.11E+01
4467.2,1,1.80E+01,3.11E+01
4472.3,1,1.80E+01,3.10E+01
4477.3,1,1.80E+01,3.11E+01
4482.3,1,1.80E+01,3.11E+01
4487.3,1,1.80E+01,3.24E+01
4492.3,1,1.80E+01,3.10E+01
4497.3,1,1.80E+01,3.10E+01
4502.3,1,1.80E+01,3.11E+01
4507.3,1,1.80E+01,3.11E+01
4512.3,1,1.80E+01,3.11E+01
4517.4,1,1.80E+01,3.12E+01
4522.4,1,1.80E+01,3.10E+01
4527.4,1,1.80E+01,3.11E+01
4532.4,1,1.80E+01,3.10E+01
4537.4,1,1.80E+01,3.11E+01
4542.4,1,1.80E+01,3.12E+01
4547.4,1,1.80E+01,3.11E+01
4552.4,1,1.80E+01,3.11E+01
4557.4,1,1.80E+01,3.12E+01
4562.5,1,1.80E+01,3.11E+01
4567.5,1,1.80E+01,3.12E+01
4572.5,1,1.80E+01,3.12E+01
4577.5,1,1.80E+01,3.11E+01
4582.5,1,1.80E+01,3.11E+01
4587.5,1,1.80E+01,3.12E+01
4592.5,1,1.80E+01,3.12E+01
4597.6,1,1.80E+01,3.13E+01
4602.6,1,1.80E+01,3.11E+01
4607.5,1,1.80E+01,3.11E+01
4612.6,1,1.80E+01,3.12E+01
4617.6,1,1.80E+01,3.12E+01
4622.6,1,1.80E+01,3.11E+01
4627.6,1,1.80E+01,3.12E+01
4632.6,1,1.80E+01,3.11E+01
4637.6,1,1.80E+01,3.12E+01
4642.7,1,1.80E+01,3.11E+01
4647.7,1,1.80E+01,3.11E+01
4652.7,1,1.80E+01,3.12E+01
4657.7,1,1.80E+01,3.13E+01
4662.7,1,1.80E+01,3.11E+01
4667.7,1,1.80E+01,3.11E+01
4672.7,1,1.80E+01,3.12E+01
4677.7,1,1.80E+01,3.12E+01
4682.8,1,1.80E+01,3.12E+01
4687.8,1,1.80E+01,3.13E+01
4692.8,1,1.80E+01,3.12E+01
4697.8,1,1.80E+01,3.13E+01
4702.8,1,1.80E+01,3.12E+01
4707.8,1,1.80E+01,3.11E+01
4712.9,1,1.80E+01,3.12E+01
4717.9,1,1.80E+01,3.13E+01
4722.9,1,1.80E+01,3.13E+01
4727.9,1,1.80E+01,3.13E+01
4732.9,1,1.80E+01,3.12E+01
4738,1,1.80E+01,3.13E+01
4742.9,1,1.80E+01,3.12E+01
4747.9,1,1.80E+01,3.11E+01
4752.9,1,1.80E+01,3.11E+01
4758,1,1.80E+01,3.00E+01
4763,1,1.80E+01,3.13E+01
4768,1,1.80E+01,3.12E+01
4773,1,1.80E+01,3.13E+01
4778.1,1,1.80E+01,3.11E+01
4783.1,1,1.80E+01,3.13E+01
4788.1,1,1.80E+01,3.12E+01
4793.1,1,1.80E+01,3.13E+01
4798.1,1,1.80E+01,3.12E+01
4803.1,1,1.80E+01,3.14E+01
4808.1,1,1.80E+01,3.00E+01
4813.1,1,1.80E+01,3.14E+01
4818.1,1,1.80E+01,3.12E+01
4823.2,1,1.80E+01,3.13E+01
4828.2,1,1.80E+01,3.12E+01
4833.2,1,1.80E+01,3.14E+01
4838.2,1,1.80E+01,3.14E+01
4843.2,1,1.80E+01,3.00E+01
4848.2,1,1.80E+01,3.13E+01
4853.3,1,1.80E+01,3.00E+01
4858.3,1,1.80E+01,3.12E+01
4863.3,1,1.80E+01,2.99E+01
4868.3,1,1.80E+01,3.01E+01
4873.3,1,1.80E+01,3.13E+01
4878.3,1,1.80E+01,3.11E+01
4883.3,1,1.80E+01,3.00E+01
4888.3,1,1.80E+01,3.13E+01
4893.4,1,1.80E+01,3.12E+01
4898.4,1,1.80E+01,3.12E+01
4903.4,1,1.80E+01,3.13E+01
4908.4,1,1.80E+01,3.13E+01
4913.4,1,1.80E+01,3.12E+01
4918.4,1,1.80E+01,3.12E+01
4923.4,1,1.80E+01,2.99E+01
4928.4,1,1.80E+01,2.89E+01
4933.5,1,1.80E+01,3.13E+01
4938.5,1,1.80E+01,3.13E+01
4943.5,1,1.80E+01,3.12E+01
4948.5,1,1.80E+01,2.89E+01
4953.5,1,1.80E+01,2.99E+01
4958.6,1,1.80E+01,3.00E+01
4963.6,1,1.80E+01,3.00E+01
4968.6,1,1.80E+01,3.01E+01
4973.6,1,1.80E+01,3.00E+01
4978.6,1,1.80E+01,3.01E+01
4983.6,1,1.80E+01,3.01E+01
4988.6,1,1.80E+01,3.01E+01
4993.6,1,1.80E+01,3.00E+01
4998.6,1,1.80E+01,3.01E+01
5003.7,1,1.80E+01,3.00E+01
5008.7,1,1.80E+01,3.01E+01
5013.7,1,1.80E+01,3.00E+01
5018.7,1,1.80E+01,3.00E+01
5023.7,1,1.80E+01,3.00E+01
5028.7,1,1.80E+01,3.00E+01
5033.8,1,1.80E+01,3.00E+01
5038.8,1,1.80E+01,3.00E+01
5043.8,1,1.80E+01,3.00E+01
5048.8,1,1.80E+01,3.00E+01
5053.8,1,1.80E+01,3.00E+01
5058.8,1,1.80E+01,2.99E+01
5063.8,1,1.80E+01,3.01E+01
5068.8,1,1.80E+01,2.98E+01
5073.8,1,1.80E+01,3.00E+01
5078.9,1,1.80E+01,3.01E+01
5083.9,1,1.80E+01,2.99E+01
5088.9,1,1.80E+01,2.98E+01
5093.9,1,1.80E+01,2.99E+01
5098.9,1,1.80E+01,3.00E+01
5103.9,1,1.80E+01,3.00E+01
5108.9,1,1.80E+01,2.99E+01
5114,1,1.80E+01,3.00E+01
5119,1,1.80E+01,3.00E+01
5124,1,1.80E+01,2.99E+01
5129,1,1.80E+01,2.99E+01
5134,1,1.80E+01,3.00E+01
5139,1,1.80E+01,3.00E+01
5144,1,1.80E+01,3.00E+01
5149.1,1,1.80E+01,3.00E+01
5154.1,1,1.80E+01,2.99E+01
5159.1,1,1.80E+01,3.00E+01
5164.1,1,1.80E+01,3.01E+01
5169.1,1,1.80E+01,2.99E+01
5174.1,1,1.80E+01,2.99E+01
5179.2,1,1.80E+01,3.01E+01
5184.1,1,1.80E+01,2.99E+01
5189.1,1,1.80E+01,3.00E+01
5194.2,1,1.80E+01,3.26E+01
5199.2,1,1.80E+01,3.12E+01
5204.2,1,1.80E+01,3.12E+01
5209.2,1,1.80E+01,3.25E+01
5214.2,1,1.80E+01,3.12E+01
5219.3,1,1.80E+01,3.12E+01
5224.3,1,1.80E+01,3.12E+01
5229.3,1,1.80E+01,3.13E+01
5234.3,1,1.80E+01,3.15E+01
5239.3,1,1.80E+01,3.13E+01
5244.3,1,1.80E+01,3.13E+01
5249.3,1,1.80E+01,3.13E+01
5254.3,1,1.80E+01,3.12E+01
5259.4,1,1.80E+01,3.13E+01
5264.4,1,1.80E+01,3.13E+01
5269.4,1,1.80E+01,3.13E+01
5274.4,1,1.80E+01,3.12E+01
5279.4,1,1.80E+01,3.11E+01
5284.4,1,1.80E+01,3.12E+01
5289.5,1,1.80E+01,3.13E+01
5294.5,1,1.80E+01,3.13E+01
5299.5,1,1.80E+01,2.89E+01
5304.5,1,1.80E+01,2.90E+01
5309.5,1,1.80E+01,3.00E+01
5314.5,1,1.80E+01,3.01E+01
5319.5,1,1.80E+01,3.00E+01
5324.6,1,1.80E+01,3.00E+01
5329.6,1,1.80E+01,3.02E+01
5334.6,1,1.80E+01,3.01E+01
5339.6,1,1.80E+01,3.00E+01
5344.6,1,1.80E+01,3.00E+01
5349.6,1,1.80E+01,3.01E+01
5354.6,1,1.80E+01,3.00E+01
5359.7,1,1.80E+01,3.00E+01
5364.7,1,1.80E+01,2.90E+01
5369.6,1,1.80E+01,2.99E+01
5374.7,1,1.80E+01,3.01E+01
5379.7,1,1.80E+01,2.89E+01
5384.7,1,1.80E+01,2.88E+01
5389.7,1,1.80E+01,3.00E+01
5394.7,1,1.80E+01,3.00E+01
5399.8,1,1.80E+01,3.00E+01
5404.8,1,1.80E+01,3.00E+01
5409.8,1,1.80E+01,3.00E+01
5414.8,1,1.80E+01,2.99E+01
5419.8,1,1.80E+01,2.88E+01
5424.9,1,1.80E+01,2.88E+01
5429.9,1,1.80E+01,3.00E+01
5434.9,1,1.80E+01,3.01E+01
5439.9,1,1.80E+01,2.99E+01
5444.9,1,1.80E+01,3.01E+01
5449.9,1,1.80E+01,3.00E+01
5455,1,1.80E+01,2.99E+01
5460,1,1.80E+01,3.00E+01
5465,1,1.80E+01,2.99E+01
5470,1,1.80E+01,3.00E+01
5475,1,1.80E+01,3.00E+01
5480,1,1.80E+01,3.01E+01
5485.1,1,1.80E+01,3.00E+01
5490,1,1.80E+01,3.01E+01
5495,1,1.80E+01,3.00E+01
5500.1,1,1.80E+01,3.00E+01
5505.1,1,1.80E+01,3.00E+01
5510.1,1,1.80E+01,3.00E+01
5515.1,1,1.80E+01,2.88E+01
5520.2,1,1.80E+01,3.00E+01
5525.2,1,1.80E+01,3.00E+01
5530.2,1,1.80E+01,3.02E+01
5535.2,1,1.80E+01,2.99E+01
5540.2,1,1.80E+01,3.00E+01
5545.3,1,1.80E+01,3.01E+01
5550.3,1,1.80E+01,3.00E+01
5555.3,1,1.80E+01,3.01E+01
5560.3,1,1.80E+01,3.02E+01
5565.3,1,1.80E+01,3.01E+01
5570.3,1,1.80E+01,3.01E+01
5575.3,1,1.80E+01,3.01E+01
5580.3,1,1.80E+01,3.01E+01
5585.3,1,1.80E+01,3.01E+01
5590.4,1,1.80E+01,3.00E+01
5595.4,1,1.80E+01,3.01E+01
5600.4,1,1.80E+01,3.01E+01
5605.4,1,1.80E+01,2.89E+01
5610.4,1,1.80E+01,3.01E+01
5615.4,1,1.80E+01,3.01E+01
5620.5,1,1.80E+01,2.88E+01
5625.5,1,1.80E+01,3.01E+01
5630.4,1,1.80E+01,2.77E+01
5635.5,1,1.80E+01,2.89E+01
5640.5,1,1.80E+01,2.89E+01
5645.5,1,1.80E+01,2.90E+01
5650.5,1,1.80E+01,2.88E+01
5655.5,1,1.80E+01,2.78E+01
5660.5,1,1.80E+01,2.89E+01
5665.5,1,1.80E+01,2.89E+01
5670.5,1,1.80E+01,2.89E+01
5675.6,1,1.80E+01,2.90E+01
5680.6,1,1.80E+01,2.89E+01
5685.6,1,1.80E+01,2.90E+01
5690.6,1,1.80E+01,2.89E+01
5695.6,1,1.80E+01,2.89E+01
5700.6,1,1.80E+01,2.88E+01
5705.7,1,1.80E+01,2.88E+01
5710.7,1,1.80E+01,2.88E+01
5715.7,1,1.80E+01,2.90E+01
5720.7,1,1.80E+01,2.88E+01
5725.7,1,1.80E+01,3.14E+01
5730.7,1,1.80E+01,2.90E+01
5735.7,1,1.80E+01,2.88E+01
5740.7,1,1.80E+01,2.89E+01
5745.7,1,1.80E+01,2.89E+01
5750.7,1,1.80E+01,2.89E+01
5755.7,1,1.80E+01,2.89E+01
5760.7,1,1.80E+01,3.13E+01
5765.8,1,1.80E+01,3.01E+01
5770.8,1,1.80E+01,3.00E+01
5775.8,1,1.80E+01,3.01E+01
5780.8,1,1.80E+01,3.01E+01
5785.9,1,1.80E+01,3.00E+01
5790.9,1,1.80E+01,3.02E+01
5795.9,1,1.80E+01,3.00E+01
5800.9,1,1.80E+01,3.01E+01
5805.9,1,1.80E+01,3.00E+01
5810.9,1,1.80E+01,3.01E+01
5815.9,1,1.80E+01,3.00E+01
5820.9,1,1.80E+01,3.00E+01
5825.9,1,1.80E+01,3.00E+01
5831,1,1.80E+01,3.01E+01
5836,1,1.80E+01,3.01E+01
5841,1,1.80E+01,3.00E+01
5846,1,1.80E+01,3.00E+01
5851,1,1.80E+01,3.01E+01
5856.1,1,1.80E+01,3.02E+01
5861.1,1,1.80E+01,3.01E+01
5866.1,1,1.80E+01,3.01E+01
5871.1,1,1.80E+01,3.00E+01
5876.1,1,1.80E+01,3.02E+01
5881.1,1,1.80E+01,2.79E+01
5886.1,1,1.80E+01,2.89E+01
5891.1,1,1.80E+01,2.89E+01
5896.1,1,1.80E+01,2.89E+01
5901.2,1,1.80E+01,2.89E+01
5906.2,1,1.80E+01,2.79E+01
5911.2,1,1.80E+01,2.77E+01
5916.2,1,1.80E+01,2.89E+01
5921.2,1,1.80E+01,2.89E+01
5926.2,1,1.80E+01,2.89E+01
5931.2,1,1.80E+01,2.89E+01
5936.3,1,1.80E+01,2.88E+01
5941.2,1,1.80E+01,2.88E+01
5946.3,1,1.80E+01,2.89E+01
5951.3,1,1.80E+01,2.90E+01
5956.3,1,1.80E+01,2.89E+01
5961.3,1,1.80E+01,2.88E+01
5966.3,1,1.80E+01,2.89E+01
5971.3,1,1.80E+01,2.88E+01
5976.3,1,1.80E+01,2.89E+01
5981.4,1,1.80E+01,2.89E+01
5986.4,1,1.80E+01,2.89E+01
5991.4,1,1.80E+01,2.88E+01
5996.4,1,1.80E+01,2.88E+01
6001.4,1,1.80E+01,2.88E+01
6006.4,1,1.80E+01,2.90E+01
6011.4,1,1.80E+01,2.88E+01
6016.5,1,1.80E+01,2.89E+01
6021.5,1,1.80E+01,2.90E+01
6026.5,1,1.80E+01,2.88E+01
6031.5,1,1.80E+01,2.89E+01
6036.5,1,1.80E+01,2.88E+01
6041.5,1,1.80E+01,2.89E+01
6046.5,1,1.80E+01,2.90E+01
6051.5,1,1.80E+01,2.89E+01
6056.5,1,1.80E+01,2.89E+01
6061.5,1,1.80E+01,2.89E+01
6066.5,1,1.80E+01,2.89E+01
6071.5,1,1.80E+01,3.02E+01
6076.6,1,1.80E+01,2.89E+01
6081.6,1,1.80E+01,2.89E+01
6086.6,1,1.80E+01,2.90E+01
6091.6,1,1.80E+01,2.88E+01
6096.6,1,1.80E+01,2.89E+01
6101.7,1,1.80E+01,2.89E+01
6106.7,1,1.80E+01,3.15E+01
6111.7,1,1.80E+01,2.89E+01
6116.7,1,1.80E+01,2.89E+01
6121.7,1,1.80E+01,2.89E+01
6126.7,1,1.80E+01,2.89E+01
6131.7,1,1.80E+01,2.89E+01
6136.7,1,1.80E+01,2.89E+01
6141.8,1,1.80E+01,2.89E+01
6146.8,1,1.80E+01,2.89E+01
6151.8,1,1.80E+01,2.89E+01
6156.8,1,1.80E+01,2.89E+01
6161.8,1,1.80E+01,2.89E+01
6166.9,1,1.80E+01,2.91E+01
6171.9,1,1.80E+01,2.89E+01
6176.9,1,1.80E+01,2.90E+01
6181.9,1,1.80E+01,2.89E+01
6186.9,1,1.80E+01,2.90E+01
6191.9,1,1.80E+01,2.89E+01
6196.9,1,1.80E+01,2.90E+01
6201.9,1,1.80E+01,2.89E+01
6207,1,1.80E+01,2.90E+01
6212,1,1.80E+01,2.90E+01
6217,1,1.80E+01,2.88E+01
6222,1,1.80E+01,2.89E+01
6227,1,1.80E+01,2.90E+01
6232,1,1.80E+01,2.89E+01
6237.1,1,1.80E+01,2.89E+01
6242.1,1,1.80E+01,2.90E+01
6247.1,1,1.80E+01,2.89E+01
6252.1,1,1.80E+01,2.89E+01
6257.1,1,1.80E+01,2.87E+01
6262.1,1,1.80E+01,2.88E+01
6267.1,1,1.80E+01,2.88E+01
6272.1,1,1.80E+01,2.88E+01
6277.1,1,1.80E+01,2.88E+01
6282.2,1,1.80E+01,2.89E+01
6287.2,1,1.80E+01,3.13E+01
6292.2,1,1.80E+01,3.00E+01
6297.2,1,1.80E+01,2.99E+01
6302.3,1,1.80E+01,2.99E+01
6307.2,1,1.80E+01,2.99E+01
6312.2,1,1.80E+01,3.00E+01
6317.3,1,1.80E+01,3.00E+01
6322.3,1,1.80E+01,3.00E+01
6327.3,1,1.80E+01,3.01E+01
6332.3,1,1.80E+01,3.01E+01
6337.3,1,1.80E+01,3.00E+01
6342.4,1,1.80E+01,3.00E+01
6347.4,1,1.80E+01,3.00E+01
6352.4,1,1.80E+01,2.99E+01
6357.4,1,1.80E+01,3.01E+01
6362.4,1,1.80E+01,3.00E+01
6367.4,1,1.80E+01,3.00E+01
6372.5,1,1.80E+01,3.00E+01
6377.4,1,1.80E+01,2.99E+01
6382.4,1,1.80E+01,2.76E+01
6387.5,1,1.80E+01,2.77E+01
6392.5,1,1.80E+01,2.89E+01
6397.5,1,1.80E+01,2.88E+01
6402.5,1,1.80E+01,2.88E+01
6407.5,1,1.80E+01,2.78E+01
6412.6,1,1.80E+01,2.88E+01
6417.6,1,1.80E+01,2.90E+01
6422.6,1,1.80E+01,2.88E+01
6427.6,1,1.80E+01,2.88E+01
6432.6,1,1.80E+01,2.87E+01
6437.6,1,1.80E+01,2.88E+01
6442.6,1,1.80E+01,2.88E+01
6447.6,1,1.80E+01,2.87E+01
6452.7,1,1.80E+01,2.88E+01
6457.7,1,1.80E+01,2.88E+01
6462.7,1,1.80E+01,2.87E+01
6467.7,1,1.80E+01,2.88E+01
6472.7,1,1.80E+01,2.88E+01
6477.8,1,1.80E+01,2.88E+01
6482.8,1,1.80E+01,2.90E+01
6487.8,1,1.80E+01,2.89E+01
6492.8,1,1.80E+01,2.90E+01
6497.8,1,1.80E+01,2.88E+01
6502.8,1,1.80E+01,2.89E+01
6507.8,1,1.80E+01,2.89E+01
6512.8,1,1.80E+01,2.89E+01
6517.8,1,1.80E+01,2.88E+01
6522.8,1,1.80E+01,2.88E+01
6527.9,1,1.80E+01,2.88E+01
6532.9,1,1.80E+01,2.89E+01
6537.9,1,1.80E+01,2.88E+01
6542.9,1,1.80E+01,2.88E+01
6547.9,1,1.80E+01,2.89E+01
6552.9,1,1.80E+01,2.89E+01
6558,1,1.80E+01,2.89E+01
6562.9,1,1.80E+01,2.89E+01
6568,1,1.80E+01,2.89E+01
6573,1,1.80E+01,2.90E+01
6578,1,1.80E+01,2.90E+01
6583,1,1.80E+01,2.89E+01
6588,1,1.80E+01,2.89E+01
6593.1,1,1.80E+01,2.88E+01
6598.1,1,1.80E+01,2.90E+01
6603.1,1,1.80E+01,2.89E+01
6608.1,1,1.80E+01,2.89E+01
6613.1,1,1.80E+01,2.89E+01
6618.1,1,1.80E+01,2.89E+01
6623.2,1,1.80E+01,2.89E+01
6628.1,1,1.80E+01,2.88E+01
6633.2,1,1.80E+01,2.90E+01
6638.2,1,1.80E+01,2.89E+01
6643.2,1,1.80E+01,2.90E+01
6648.2,1,1.80E+01,2.89E+01
6653.2,1,1.80E+01,2.89E+01
6658.3,1,1.80E+01,2.90E+01
6663.3,1,1.80E+01,2.88E+01
6668.3,1,1.80E+01,2.89E+01
6673.3,1,1.80E+01,2.89E+01
6678.3,1,1.80E+01,2.88E+01
6683.3,1,1.80E+01,2.88E+01
6688.3,1,1.80E+01,2.88E+01
6693.3,1,1.80E+01,2.88E+01
6698.4,1,1.80E+01,2.88E+01
6703.4,1,1.80E+01,2.88E+01
6708.4,1,1.80E+01,2.89E+01
6713.4,1,1.80E+01,2.88E+01
6718.4,1,1.80E+01,2.89E+01
6723.4,1,1.80E+01,2.89E+01
6728.5,1,1.80E+01,2.89E+01
6733.5,1,1.80E+01,2.88E+01
6738.5,1,1.80E+01,2.88E+01
6743.5,1,1.80E+01,2.88E+01
6748.5,1,1.80E+01,2.89E+01
6753.5,1,1.80E+01,2.88E+01
6758.5,1,1.80E+01,2.87E+01
6763.5,1,1.80E+01,2.88E+01
6768.6,1,1.80E+01,2.88E+01
6773.6,1,1.80E+01,2.88E+01
6778.6,1,1.80E+01,2.89E+01
6783.6,1,1.80E+01,2.89E+01
6788.7,1,1.80E+01,2.87E+01
6793.7,1,1.80E+01,2.87E+01
6798.7,1,1.80E+01,2.87E+01
6803.7,1,1.80E+01,2.88E+01
6808.7,1,1.80E+01,2.88E+01
6813.7,1,1.80E+01,2.88E+01
6818.7,1,1.80E+01,2.88E+01
6823.7,1,1.80E+01,2.89E+01
6828.7,1,1.80E+01,2.88E+01
6833.7,1,1.80E+01,2.89E+01
6838.8,1,1.80E+01,2.88E+01
6843.8,1,1.80E+01,2.88E+01
6848.8,1,1.80E+01,2.88E+01
6853.8,1,1.80E+01,2.78E+01
6858.8,1,1.80E+01,2.89E+01
6863.8,1,1.80E+01,2.88E+01
6868.9,1,1.80E+01,2.89E+01
6873.9,1,1.80E+01,2.89E+01
6878.9,1,1.80E+01,2.88E+01
6883.9,1,1.80E+01,2.88E+01
6888.9,1,1.80E+01,2.88E+01
6893.9,1,1.80E+01,2.89E+01
6898.9,1,1.80E+01,2.89E+01
6903.9,1,1.80E+01,2.88E+01
6908.9,1,1.80E+01,2.89E+01
6914,1,1.80E+01,2.88E+01
6919,1,1.80E+01,2.89E+01
6924,1,1.80E+01,2.88E+01
6929,1,1.80E+01,2.88E+01
6934,1,1.80E+01,2.87E+01
6939.1,1,1.80E+01,2.89E+01
6944.1,1,1.80E+01,2.89E+01
6949,1,1.80E+01,2.90E+01
6954.1,1,1.80E+01,2.88E+01
6959.1,1,1.80E+01,2.88E+01
6964.1,1,1.80E+01,2.88E+01
6969.1,1,1.80E+01,2.89E+01
6974.1,1,1.80E+01,2.89E+01
6979.1,1,1.80E+01,2.89E+01
6984.2,1,1.80E+01,2.89E+01
6989.2,1,1.80E+01,2.89E+01
6994.2,1,1.80E+01,2.88E+01
6999.2,1,1.80E+01,2.77E+01
7004.2,1,1.80E+01,2.88E+01
7009.2,1,1.80E+01,2.89E+01
7014.2,1,1.80E+01,2.77E+01
7019.2,1,1.80E+01,2.88E+01
7024.2,1,1.80E+01,2.77E+01
7029.2,1,1.80E+01,2.87E+01
7034.2,1,1.80E+01,2.87E+01
7039.3,1,1.80E+01,2.77E+01
7044.3,1,1.80E+01,2.89E+01
7049.3,1,1.80E+01,2.89E+01
7054.3,1,1.80E+01,2.89E+01
7059.4,1,1.80E+01,2.89E+01
7064.4,1,1.80E+01,2.87E+01
7069.4,1,1.80E+01,2.88E+01
7074.4,1,1.80E+01,2.89E+01
7079.4,1,1.80E+01,2.78E+01
7084.4,1,1.80E+01,2.88E+01
7089.4,1,1.80E+01,2.89E+01
7094.4,1,1.80E+01,2.78E+01
7099.4,1,1.80E+01,2.89E+01
7104.4,1,1.80E+01,2.89E+01
7109.4,1,1.80E+01,2.88E+01
7114.5,1,1.80E+01,2.89E+01
7119.5,1,1.80E+01,2.78E+01
7124.5,1,1.80E+01,2.89E+01
7129.5,1,1.80E+01,2.88E+01
7134.5,1,1.80E+01,2.89E+01
7139.5,1,1.80E+01,2.89E+01
7144.5,1,1.80E+01,2.89E+01
7149.6,1,1.80E+01,2.66E+01
7154.6,1,1.80E+01,2.78E+01
7159.6,1,1.80E+01,2.77E+01
7164.6,1,1.80E+01,2.78E+01
7169.6,1,1.80E+01,2.77E+01
7174.6,1,1.80E+01,2.77E+01
7179.6,1,1.80E+01,2.78E+01
7184.6,1,1.80E+01,2.78E+01
7189.7,1,1.80E+01,2.77E+01
7194.6,1,1.80E+01,2.77E+01
7199.6,1,1.80E+01,2.77E+01
7204.7,1,1.80E+01,2.77E+01
7209.7,1,1.80E+01,2.78E+01
7214.7,1,1.80E+01,2.77E+01
7219.7,1,1.80E+01,2.77E+01
7224.7,1,1.80E+01,2.79E+01
7229.7,1,1.80E+01,2.78E+01
7234.7,1,1.80E+01,2.78E+01
7239.8,1,1.80E+01,2.77E+01
7244.8,1,1.80E+01,2.78E+01
7249.8,1,1.80E+01,2.78E+01
7254.8,1,1.80E+01,2.78E+01
7259.8,1,1.80E+01,2.78E+01
7264.8,1,1.80E+01,2.78E+01
7269.8,1,1.80E+01,2.78E+01
7274.9,1,1.80E+01,2.89E+01
7279.9,1,1.80E+01,2.89E+01
7284.9,1,1.80E+01,2.89E+01
7289.9,1,1.80E+01,2.90E+01
7294.9,1,1.80E+01,2.89E+01
7299.9,1,1.80E+01,2.90E+01
7305,1,1.80E+01,2.89E+01
7310,1,1.80E+01,2.90E+01
7314.9,1,1.80E+01,2.90E+01
7320,1,1.80E+01,2.89E+01
7325,1,1.80E+01,2.90E+01
7330,1,1.80E+01,2.89E+01
7335,1,1.80E+01,2.90E+01
7340,1,1.80E+01,2.89E+01
7345,1,1.80E+01,2.89E+01
7350,1,1.80E+01,2.89E+01
7355.1,1,1.80E+01,2.88E+01
7360.1,1,1.80E+01,2.89E+01
7365.1,1,1.80E+01,2.88E+01
7370.1,1,1.80E+01,2.89E+01
7375.1,1,1.80E+01,2.89E+01
7380.1,1,1.80E+01,2.88E+01
7385.1,1,1.80E+01,2.89E+01
7390.1,1,1.80E+01,2.67E+01
7395.2,1,1.80E+01,2.78E+01
7400.2,1,1.80E+01,2.67E+01
7405.2,1,1.80E+01,2.77E+01
7410.2,1,1.80E+01,2.77E+01
7415.2,1,1.80E+01,2.77E+01
7420.2,1,1.80E+01,2.77E+01
7425.3,1,1.80E+01,2.78E+01
7430.3,1,1.80E+01,2.77E+01
7435.3,1,1.80E+01,2.76E+01
7440.3,1,1.80E+01,2.77E+01
7445.3,1,1.80E+01,2.78E+01
7450.3,1,1.80E+01,2.78E+01
7455.3,1,1.80E+01,2.77E+01
7460.3,1,1.80E+01,2.78E+01
7465.4,1,1.80E+01,2.78E+01
7470.3,1,1.80E+01,2.77E+01
7475.4,1,1.80E+01,2.79E+01
7480.4,1,1.80E+01,2.77E+01
7485.4,1,1.80E+01,2.77E+01
7490.4,1,1.80E+01,2.78E+01
7495.4,1,1.80E+01,2.77E+01
7500.4,1,1.80E+01,2.78E+01
7505.5,1,1.80E+01,2.78E+01
7510.5,1,1.80E+01,2.79E+01
7515.5,1,1.80E+01,2.78E+01
7520.5,1,1.80E+01,2.78E+01
7525.5,1,1.80E+01,2.78E+01
7530.5,1,1.80E+01,2.78E+01
7535.5,1,1.80E+01,2.78E+01
7540.6,1,1.80E+01,2.77E+01
7545.6,1,1.80E+01,2.77E+01
7550.6,1,1.80E+01,2.77E+01
7555.6,1,1.80E+01,2.77E+01
7560.6,1,1.80E+01,2.77E+01
7565.6,1,1.80E+01,2.77E+01
7570.6,1,1.80E+01,2.76E+01
7575.6,1,1.80E+01,2.77E+01
7580.7,1,1.80E+01,2.78E+01
7585.7,1,1.80E+01,2.78E+01
7590.7,1,1.80E+01,2.78E+01
7595.7,1,1.80E+01,2.78E+01
7600.7,1,1.80E+01,2.78E+01
7605.7,1,1.80E+01,2.79E+01
7610.7,1,1.80E+01,2.78E+01
7615.8,1,1.80E+01,2.78E+01
7620.8,1,1.80E+01,2.79E+01
7625.8,1,1.80E+01,2.78E+01
7630.8,1,1.80E+01,2.79E+01
7635.8,1,1.80E+01,2.78E+01
7640.8,1,1.80E+01,2.78E+01
7645.9,1,1.80E+01,2.79E+01
7650.9,1,1.80E+01,2.78E+01
7655.9,1,1.80E+01,2.78E+01
7660.9,1,1.80E+01,2.77E+01
7665.9,1,1.80E+01,2.78E+01
7670.9,1,1.80E+01,2.79E+01
7675.9,1,1.80E+01,2.77E+01
7680.9,1,1.80E+01,2.78E+01
7686,1,1.80E+01,2.78E+01
7691,1,1.80E+01,2.78E+01
7696,1,1.80E+01,2.78E+01
7701,1,1.80E+01,2.77E+01
7706,1,1.80E+01,2.77E+01
7711,1,1.80E+01,2.77E+01
7716,1,1.80E+01,2.78E+01
7721,1,1.80E+01,2.78E+01
7726,1,1.80E+01,2.78E+01
7731.1,1,1.80E+01,2.78E+01
7736.1,1,1.80E+01,2.77E+01
7741.1,1,1.80E+01,2.77E+01
7746.1,1,1.80E+01,2.77E+01
7751.1,1,1.80E+01,2.77E+01
7756.1,1,1.80E+01,2.76E+01
7761.1,1,1.80E+01,2.77E+01
7766.1,1,1.80E+01,2.77E+01
7771.2,1,1.80E+01,2.78E+01
7776.2,1,1.80E+01,2.77E+01
7781.2,1,1.80E+01,2.76E+01
7786.2,1,1.80E+01,2.77E+01
7791.2,1,1.80E+01,2.77E+01
7796.2,1,1.80E+01,2.77E+01
7801.3,1,1.80E+01,2.77E+01
7806.3,1,1.80E+01,2.78E+01
7811.3,1,1.80E+01,2.77E+01
7816.3,1,1.80E+01,2.78E+01
7821.3,1,1.80E+01,2.77E+01
7826.3,1,1.80E+01,2.77E+01
7831.3,1,1.80E+01,2.78E+01
7836.4,1,1.80E+01,2.77E+01
7841.4,1,1.80E+01,2.77E+01
7846.4,1,1.80E+01,2.78E+01
7851.4,1,1.80E+01,2.78E+01
7856.4,1,1.80E+01,2.78E+01
7861.4,1,1.80E+01,2.78E+01
7866.4,1,1.80E+01,2.78E+01
7871.5,1,1.80E+01,2.78E+01
7876.4,1,1.80E+01,2.78E+01
7881.4,1,1.80E+01,2.78E+01
7886.5,1,1.80E+01,2.78E+01
7891.5,1,1.80E+01,2.78E+01
7896.5,1,1.80E+01,2.77E+01
7901.5,1,1.80E+01,2.78E+01
7906.5,1,1.80E+01,2.78E+01
7911.5,1,1.80E+01,2.77E+01
7916.6,1,1.80E+01,2.77E+01
7921.6,1,1.80E+01,2.77E+01
7926.6,1,1.80E+01,2.78E+01
7931.6,1,1.80E+01,2.78E+01
7936.6,1,1.80E+01,2.78E+01
7941.6,1,1.80E+01,2.77E+01
7946.7,1,1.80E+01,2.78E+01
7951.6,1,1.80E+01,2.78E+01
7956.7,1,1.80E+01,2.67E+01
7961.7,1,1.80E+01,2.77E+01
7966.7,1,1.80E+01,2.77E+01
7971.7,1,1.80E+01,2.77E+01
7976.7,1,1.80E+01,2.77E+01
7981.7,1,1.80E+01,2.77E+01
7986.7,1,1.80E+01,2.78E+01
7991.8,1,1.80E+01,2.78E+01
7996.8,1,1.80E+01,2.77E+01
8001.8,1,1.80E+01,2.77E+01
8006.8,1,1.80E+01,2.77E+01
8011.8,1,1.80E+01,2.78E+01
8016.8,1,1.80E+01,2.77E+01
8021.9,1,1.80E+01,2.78E+01
8026.8,1,1.80E+01,2.77E+01
8031.9,1,1.80E+01,2.67E+01
8036.9,1,1.80E+01,2.78E+01
8041.9,1,1.80E+01,2.78E+01
8046.9,1,1.80E+01,2.67E+01
8051.9,1,1.80E+01,2.78E+01
8056.9,1,1.80E+01,2.78E+01
8062,1,1.80E+01,2.78E+01
8067,1,1.80E+01,2.78E+01
8072,1,1.80E+01,2.79E+01
8077,1,1.80E+01,2.79E+01
8082,1,1.80E+01,2.78E+01
8087.1,1,1.80E+01,2.78E+01
8092.1,1,1.80E+01,2.77E+01
8097,1,1.80E+01,2.78E+01
8102.1,1,1.80E+01,2.78E+01
8107.1,1,1.80E+01,2.77E+01
8112.1,1,1.80E+01,2.78E+01
8117.1,1,1.80E+01,2.77E+01
8122.1,1,1.80E+01,2.77E+01
8127.2,1,1.80E+01,2.78E+01
8132.2,1,1.80E+01,2.77E+01
8137.1,1,1.80E+01,2.67E+01
8142.2,1,1.80E+01,2.79E+01
8147.2,1,1.80E+01,2.78E+01
8152.2,1,1.80E+01,2.77E+01
8157.2,1,1.80E+01,2.77E+01
8162.2,1,1.80E+01,2.67E+01
8167.3,1,1.80E+01,2.78E+01
8172.3,1,1.80E+01,2.77E+01
8177.3,1,1.80E+01,2.79E+01
8182.3,1,1.80E+01,2.66E+01
8187.3,1,1.80E+01,2.77E+01
8192.3,1,1.80E+01,2.67E+01
8197.4,1,1.80E+01,2.77E+01
8202.3,1,1.80E+01,2.78E+01
8207.4,1,1.80E+01,2.77E+01
8212.4,1,1.80E+01,2.78E+01
8217.4,1,1.80E+01,2.77E+01
8222.4,1,1.80E+01,2.77E+01
8227.5,1,1.80E+01,2.67E+01
8232.5,1,1.80E+01,2.56E+01
8237.5,1,1.80E+01,2.57E+01
8242.5,1,1.80E+01,2.67E+01
8247.5,1,1.80E+01,2.57E+01
8252.5,1,1.80E+01,2.68E+01
8257.5,1,1.80E+01,2.57E+01
8262.6,1,1.80E+01,2.67E+01
8267.6,1,1.80E+01,2.67E+01
8272.6,1,1.80E+01,2.68E+01
8277.6,1,1.80E+01,2.67E+01
8282.6,1,1.80E+01,2.67E+01
8287.6,1,1.80E+01,2.67E+01
8292.7,1,1.80E+01,2.66E+01
8297.7,1,1.80E+01,2.67E+01
8302.7,1,1.80E+01,2.67E+01
8307.7,1,1.80E+01,2.66E+01
8312.7,1,1.80E+01,2.67E+01
8317.7,1,1.80E+01,2.66E+01
8322.7,1,1.80E+01,2.66E+01
8327.8,1,1.80E+01,2.67E+01
8332.8,1,1.80E+01,2.66E+01
8337.8,1,1.80E+01,2.67E+01
8342.8,1,1.80E+01,2.67E+01
8347.8,1,1.80E+01,2.66E+01
8352.8,1,1.80E+01,2.68E+01
8357.8,1,1.80E+01,2.67E+01
8362.8,1,1.80E+01,2.68E+01
8367.9,1,1.80E+01,2.69E+01
8372.9,1,1.80E+01,2.67E+01
8377.9,1,1.80E+01,2.67E+01
8382.9,1,1.80E+01,2.68E+01
8387.9,1,1.80E+01,2.66E+01
8392.9,1,1.80E+01,2.68E+01
8397.9,1,1.80E+01,2.67E+01
8402.9,1,1.80E+01,2.67E+01
8407.9,1,1.80E+01,2.67E+01
8413,1,1.80E+01,2.67E+01
8418,1,1.80E+01,2.67E+01
8423,1,1.80E+01,2.67E+01
8428,1,1.80E+01,2.68E+01
8433.1,1,1.80E+01,2.67E+01
8438,1,1.80E+01,2.66E+01
8443.1,1,1.80E+01,2.67E+01
8448.1,1,1.80E+01,2.67E+01
8453.1,1,1.80E+01,2.68E+01
8458.1,1,1.80E+01,2.68E+01
8463.1,1,1.80E+01,2.68E+01
8468.2,1,1.80E+01,2.68E+01
8473.1,1,1.80E+01,2.68E+01
8478.2,1,1.80E+01,2.69E+01
8483.2,1,1.80E+01,2.68E+01
8488.2,1,1.80E+01,2.67E+01
8493.2,1,1.80E+01,2.68E+01
8498.2,1,1.80E+01,2.68E+01
8503.3,1,1.80E+01,2.68E+01
8508.3,1,1.80E+01,2.67E+01
8513.3,1,1.80E+01,2.67E+01
8518.3,1,1.80E+01,2.68E+01
8523.3,1,1.80E+01,2.67E+01
8528.3,1,1.80E+01,2.67E+01
8533.3,1,1.80E+01,2.67E+01
8538.3,1,1.80E+01,2.66E+01
8543.4,1,1.80E+01,2.67E+01
8548.4,1,1.80E+01,2.67E+01
8553.4,1,1.80E+01,2.66E+01
8558.4,1,1.80E+01,2.67E+01
8563.4,1,1.80E+01,2.68E+01
8568.4,1,1.80E+01,2.67E+01
8573.4,1,1.80E+01,2.68E+01
8578.4,1,1.80E+01,2.66E+01
8583.4,1,1.80E+01,2.67E+01
8588.5,1,1.80E+01,2.67E+01
8593.5,1,1.80E+01,2.67E+01
8598.5,1,1.80E+01,2.68E+01
8603.5,1,1.80E+01,2.66E+01
8608.5,1,1.80E+01,2.67E+01
8613.5,1,1.80E+01,2.67E+01
8618.5,1,1.80E+01,2.67E+01
8623.5,1,1.80E+01,2.67E+01
8628.6,1,1.80E+01,2.66E+01
8633.6,1,1.80E+01,2.67E+01
8638.6,1,1.80E+01,2.67E+01
8643.6,1,1.80E+01,2.66E+01
8648.6,1,1.80E+01,2.67E+01
8653.7,1,1.80E+01,2.67E+01
8658.6,1,1.80E+01,2.68E+01
8663.6,1,1.80E+01,2.66E+01
8668.7,1,1.80E+01,2.66E+01
8673.7,1,1.80E+01,2.66E+01
8678.7,1,1.80E+01,2.67E+01
8683.7,1,1.80E+01,2.67E+01
8688.7,1,1.80E+01,2.67E+01
8693.8,1,1.80E+01,2.67E+01
8698.8,1,1.80E+01,2.67E+01
8703.7,1,1.80E+01,2.68E+01
8708.8,1,1.80E+01,2.66E+01
8713.8,1,1.80E+01,2.67E+01
8718.8,1,1.80E+01,2.67E+01
8723.8,1,1.80E+01,2.66E+01
8728.8,1,1.80E+01,2.66E+01
8733.8,1,1.80E+01,2.66E+01
8738.8,1,1.80E+01,2.67E+01
8743.9,1,1.80E+01,2.67E+01
8748.9,1,1.80E+01,2.66E+01
8753.9,1,1.80E+01,2.66E+01
8758.9,1,1.80E+01,2.67E+01
8763.9,1,1.80E+01,2.68E+01
8768.9,1,1.80E+01,2.66E+01
8773.9,1,1.80E+01,2.65E+01
8778.9,1,1.80E+01,2.66E+01
8783.9,1,1.80E+01,2.66E+01
8789,1,1.80E+01,2.66E+01
8794,1,1.80E+01,2.66E+01
8799,1,1.80E+01,2.67E+01
8804,1,1.80E+01,2.66E+01
8809,1,1.80E+01,2.67E+01
8814,1,1.80E+01,2.66E+01
8819,1,1.80E+01,2.66E+01
8824,1,1.80E+01,2.67E+01
8829,1,1.80E+01,2.67E+01
8834.1,1,1.80E+01,2.68E+01
8839.1,1,1.80E+01,2.66E+01
8844.1,1,1.80E+01,2.68E+01
8849.1,1,1.80E+01,2.68E+01
8854.1,1,1.80E+01,2.67E+01
8859.1,1,1.80E+01,2.68E+01
8864.1,1,1.80E+01,2.67E+01
8869.2,1,1.80E+01,2.68E+01
8874.2,1,1.80E+01,2.57E+01
8879.2,1,1.80E+01,2.56E+01
8884.2,1,1.80E+01,2.67E+01
8889.2,1,1.80E+01,2.67E+01
8894.3,1,1.80E+01,2.66E+01
8899.2,1,1.80E+01,2.66E+01
8904.2,1,1.80E+01,2.66E+01
8909.3,1,1.80E+01,2.67E+01
8914.3,1,1.80E+01,2.66E+01
8919.3,1,1.80E+01,2.66E+01
8924.3,1,1.80E+01,2.66E+01
8929.3,1,1.80E+01,2.56E+01
8934.4,1,1.80E+01,2.67E+01
8939.4,1,1.80E+01,2.56E+01
8944.4,1,1.80E+01,2.66E+01
8949.4,1,1.80E+01,2.68E+01
8954.4,1,1.80E+01,2.67E+01
8959.4,1,1.80E+01,2.66E+01
8964.4,1,1.80E+01,2.67E+01
8969.4,1,1.80E+01,2.56E+01
8974.5,1,1.80E+01,2.56E+01
8979.4,1,1.80E+01,2.57E+01
8984.5,1,1.80E+01,2.56E+01
8989.5,1,1.80E+01,2.57E+01
8994.5,1,1.80E+01,2.57E+01
8999.5,1,1.80E+01,2.56E+01
9004.5,1,1.80E+01,2.56E+01
9009.5,1,1.80E+01,2.56E+01
9014.5,1,1.80E+01,2.56E+01
9019.5,1,1.80E+01,2.57E+01
9024.6,1,1.80E+01,2.56E+01
9029.6,1,1.80E+01,2.57E+01
9034.6,1,1.80E+01,2.56E+01
9039.6,1,1.80E+01,2.56E+01
9044.6,1,1.80E+01,2.57E+01
9049.6,1,1.80E+01,2.56E+01
9054.7,1,1.80E+01,2.56E+01
9059.7,1,1.80E+01,2.56E+01
9064.7,1,1.80E+01,2.57E+01
9069.7,1,1.80E+01,2.57E+01
9074.7,1,1.80E+01,2.57E+01
9079.7,1,1.80E+01,2.56E+01
9084.7,1,1.80E+01,2.57E+01
9089.8,1,1.80E+01,2.57E+01
9094.7,1,1.80E+01,2.57E+01
9099.8,1,1.80E+01,2.56E+01
9104.8,1,1.80E+01,2.57E+01
9109.8,1,1.80E+01,2.57E+01
9114.8,1,1.80E+01,2.57E+01
9119.9,1,1.80E+01,2.56E+01
9124.8,1,1.80E+01,2.56E+01
9129.9,1,1.80E+01,2.57E+01
9134.9,1,1.80E+01,2.55E+01
9139.9,1,1.80E+01,2.56E+01
9144.9,1,1.80E+01,2.56E+01
9149.9,1,1.80E+01,2.56E+01
9154.9,1,1.80E+01,2.57E+01
9160,1,1.80E+01,2.55E+01
9165,1,1.80E+01,2.76E+01
9170,1,1.80E+01,2.66E+01
9175,1,1.80E+01,2.66E+01
9180,1,1.80E+01,2.66E+01
9185,1,1.80E+01,2.66E+01
9190,1,1.80E+01,2.65E+01
9195.1,1,1.80E+01,2.67E+01
9200.1,1,1.80E+01,2.65E+01
9205.1,1,1.80E+01,2.66E+01
9210.1,1,1.80E+01,2.66E+01
9215.1,1,1.80E+01,2.66E+01
9220.1,1,1.80E+01,2.67E+01
9225.2,1,1.80E+01,2.67E+01
9230.1,1,1.80E+01,2.66E+01
9235.2,1,1.80E+01,2.67E+01
9240.2,1,1.80E+01,2.67E+01
9245.2,1,1.80E+01,2.67E+01
9250.2,1,1.80E+01,2.68E+01
9255.2,1,1.80E+01,2.66E+01
9260.2,1,1.80E+01,2.64E+01
9265.2,1,1.80E+01,2.67E+01
9270.2,1,1.80E+01,2.66E+01
9275.3,1,1.80E+01,2.66E+01
9280.3,1,1.80E+01,2.66E+01
9285.3,1,1.80E+01,2.66E+01
9290.3,1,1.80E+01,2.67E+01
9295.3,1,1.80E+01,2.56E+01
9300.3,1,1.80E+01,2.56E+01
9305.3,1,1.80E+01,2.56E+01
9310.4,1,1.80E+01,2.57E+01
9315.4,1,1.80E+01,2.46E+01
9320.4,1,1.80E+01,2.57E+01
9325.4,1,1.80E+01,2.55E+01
9330.4,1,1.80E+01,2.46E+01
9335.4,1,1.80E+01,2.56E+01
9340.5,1,1.80E+01,2.57E+01
9345.4,1,1.80E+01,2.56E+01
9350.5,1,1.80E+01,2.55E+01
9355.5,1,1.80E+01,2.55E+01
9360.5,1,1.80E+01,2.56E+01
9365.5,1,1.80E+01,2.57E+01
9370.5,1,1.80E+01,2.57E+01
9375.5,1,1.80E+01,2.56E+01
9380.6,1,1.80E+01,2.57E+01
9385.6,1,1.80E+01,2.56E+01
9390.6,1,1.80E+01,2.47E+01
9395.6,1,1.80E+01,2.56E+01
9400.6,1,1.80E+01,2.56E+01
9405.6,1,1.80E+01,2.56E+01
9410.6,1,1.80E+01,2.55E+01
9415.6,1,1.80E+01,2.56E+01
9420.7,1,1.80E+01,2.55E+01
9425.7,1,1.80E+01,2.55E+01
9430.7,1,1.80E+01,2.56E+01
9435.7,1,1.80E+01,2.55E+01
9440.7,1,1.80E+01,2.55E+01
9445.7,1,1.80E+01,2.55E+01
9450.7,1,1.80E+01,2.56E+01
9455.8,1,1.80E+01,2.55E+01
9460.8,1,1.80E+01,2.56E+01
9465.8,1,1.80E+01,2.56E+01
9470.8,1,1.80E+01,2.65E+01
9475.8,1,1.80E+01,2.65E+01
9480.8,1,1.80E+01,2.56E+01
9485.8,1,1.80E+01,2.56E+01
9490.9,1,1.80E+01,2.55E+01
9495.9,1,1.80E+01,2.56E+01
9500.9,1,1.80E+01,2.56E+01
9505.9,1,1.80E+01,2.55E+01
9510.9,1,1.80E+01,2.56E+01
9515.9,1,1.80E+01,2.56E+01
9520.9,1,1.80E+01,2.56E+01
9526,1,1.80E+01,2.56E+01
9531,1,1.80E+01,2.56E+01
9536,1,1.80E+01,2.67E+01
9541,1,1.80E+01,2.55E+01
9546,1,1.80E+01,2.55E+01
9551,1,1.80E+01,2.56E+01
9556.1,1,1.80E+01,2.56E+01
9561.1,1,1.80E+01,2.56E+01
9566.1,1,1.80E+01,2.56E+01
9571.1,1,1.80E+01,2.56E+01
9576.1,1,1.80E+01,2.55E+01
9581.1,1,1.80E+01,2.56E+01
9586.1,1,1.80E+01,2.56E+01
9591.1,1,1.80E+01,2.56E+01
9596.2,1,1.80E+01,2.56E+01
9601.2,1,1.80E+01,2.55E+01
9606.2,1,1.80E+01,2.56E+01
9611.2,1,1.80E+01,2.55E+01
9616.2,1,1.80E+01,2.76E+01
9621.3,1,1.80E+01,2.65E+01
9626.3,1,1.80E+01,2.65E+01
9631.3,1,1.80E+01,2.65E+01
9636.3,1,1.80E+01,2.66E+01
9641.3,1,1.80E+01,2.66E+01
9646.4,1,1.80E+01,2.65E+01
9651.3,1,1.80E+01,2.66E+01
9656.3,1,1.80E+01,2.66E+01
9661.4,1,1.80E+01,2.66E+01
9666.4,1,1.80E+01,2.65E+01
9671.4,1,1.80E+01,2.65E+01
9676.4,1,1.80E+01,2.66E+01
9681.4,1,1.80E+01,2.66E+01
9686.4,1,1.80E+01,2.66E+01
9691.4,1,1.80E+01,2.66E+01
9696.5,1,1.80E+01,2.65E+01
9701.4,1,1.80E+01,2.66E+01
9706.5,1,1.80E+01,2.65E+01
9711.5,1,1.80E+01,2.56E+01
9716.5,1,1.80E+01,2.55E+01
9721.5,1,1.80E+01,2.55E+01
9726.5,1,1.80E+01,2.56E+01
9731.6,1,1.80E+01,2.55E+01
9736.6,1,1.80E+01,2.55E+01
9741.6,1,1.80E+01,2.56E+01
9746.6,1,1.80E+01,2.55E+01
9751.6,1,1.80E+01,2.45E+01
9756.6,1,1.80E+01,2.54E+01
9761.7,1,1.80E+01,2.55E+01
9766.7,1,1.80E+01,2.54E+01
9771.7,1,1.80E+01,2.55E+01
9776.7,1,1.80E+01,2.55E+01
9781.7,1,1.80E+01,2.55E+01
9786.7,1,1.80E+01,2.55E+01
9791.7,1,1.80E+01,2.55E+01
9796.7,1,1.80E+01,2.56E+01
9801.7,1,1.80E+01,2.55E+01
9806.7,1,1.80E+01,2.55E+01
9811.8,1,1.80E+01,2.55E+01
9816.8,1,1.80E+01,2.55E+01
9821.8,1,1.80E+01,2.45E+01
9826.8,1,1.80E+01,2.55E+01
9831.8,1,1.80E+01,2.55E+01
9836.8,1,1.80E+01,2.55E+01
9841.9,1,1.80E+01,2.56E+01
9846.8,1,1.80E+01,2.57E+01
9851.9,1,1.80E+01,2.56E+01
9856.9,1,1.80E+01,2.56E+01
9861.9,1,1.80E+01,2.56E+01
9866.9,1,1.80E+01,2.56E+01
9871.9,1,1.80E+01,2.56E+01
9876.9,1,1.80E+01,2.56E+01
9882,1,1.80E+01,2.57E+01
9887,1,1.80E+01,2.56E+01
9892,1,1.80E+01,2.56E+01
9897,1,1.80E+01,2.57E+01
9902,1,1.80E+01,2.57E+01
9907.1,1,1.80E+01,2.56E+01
9912,1,1.80E+01,2.57E+01
9917.1,1,1.80E+01,2.57E+01
9922.1,1,1.80E+01,2.56E+01
9927.1,1,1.80E+01,2.57E+01
9932.1,1,1.80E+01,2.56E+01
9937.1,1,1.80E+01,2.56E+01
9942.1,1,1.80E+01,2.46E+01
9947.1,1,1.80E+01,2.56E+01
9952.1,1,1.80E+01,2.56E+01
9957.2,1,1.80E+01,2.56E+01
9962.2,1,1.80E+01,2.56E+01
9967.2,1,1.80E+01,2.56E+01
9972.2,1,1.80E+01,2.56E+01
9977.2,1,1.80E+01,2.55E+01
9982.2,1,1.80E+01,2.55E+01
9987.2,1,1.80E+01,2.55E+01
9992.3,1,1.80E+01,2.55E+01
9997.2,1,1.80E+01,2.55E+01
10002.2,1,1.80E+01,2.56E+01
10007.3,1,1.80E+01,2.56E+01
10012.3,1,1.80E+01,2.56E+01
10017.3,1,1.80E+01,2.56E+01
10022.3,1,1.80E+01,2.55E+01
10027.3,1,1.80E+01,2.56E+01
10032.3,1,1.80E+01,2.56E+01
10037.3,1,1.80E+01,2.56E+01
10042.3,1,1.80E+01,2.55E+01
10047.4,1,1.80E+01,2.55E+01
10052.4,1,1.80E+01,2.56E+01
10057.4,1,1.80E+01,2.56E+01
10062.4,1,1.80E+01,2.46E+01
10067.4,1,1.80E+01,2.57E+01
10072.4,1,1.80E+01,2.57E+01
10077.4,1,1.80E+01,2.56E+01
10082.4,1,1.80E+01,2.57E+01
10087.4,1,1.80E+01,2.58E+01
10092.5,1,1.80E+01,2.57E+01
10097.5,1,1.80E+01,2.46E+01
10102.5,1,1.80E+01,2.47E+01
10107.5,1,1.80E+01,2.57E+01
10112.5,1,1.80E+01,2.47E+01
10117.5,1,1.80E+01,2.57E+01
10122.6,1,1.80E+01,2.48E+01
10127.6,1,1.80E+01,2.57E+01
10132.6,1,1.80E+01,2.57E+01
10137.6,1,1.80E+01,2.56E+01
10142.6,1,1.80E+01,2.46E+01
10147.6,1,1.80E+01,2.46E+01
10152.6,1,1.80E+01,2.37E+01
10157.7,1,1.80E+01,2.46E+01
10162.6,1,1.80E+01,2.45E+01
10167.7,1,1.80E+01,2.46E+01
10172.7,1,1.80E+01,2.46E+01
10177.7,1,1.80E+01,2.45E+01
10182.7,1,1.80E+01,2.46E+01
10187.8,1,1.80E+01,2.47E+01
10192.7,1,1.80E+01,2.46E+01
10197.8,1,1.80E+01,2.46E+01
10202.8,1,1.80E+01,2.36E+01
10207.8,1,1.80E+01,2.45E+01
10212.8,1,1.80E+01,2.46E+01
10217.8,1,1.80E+01,2.47E+01
10222.8,1,1.80E+01,2.46E+01
10227.8,1,1.80E+01,2.37E+01
10232.8,1,1.80E+01,2.46E+01
10237.9,1,1.80E+01,2.47E+01
10242.9,1,1.80E+01,2.46E+01
10247.9,1,1.80E+01,2.46E+01
10252.9,1,1.80E+01,2.46E+01
10257.9,1,1.80E+01,2.46E+01
10262.9,1,1.80E+01,2.46E+01
10267.9,1,1.80E+01,2.46E+01
10273,1,1.80E+01,2.47E+01
10277.9,1,1.80E+01,2.46E+01
10282.9,1,1.80E+01,2.47E+01
10288,1,1.80E+01,2.46E+01
10293,1,1.80E+01,2.46E+01
10298,1,1.80E+01,2.46E+01
10303,1,1.80E+01,2.46E+01
10308,1,1.80E+01,2.46E+01
10313.1,1,1.80E+01,2.46E+01
10318.1,1,1.80E+01,2.45E+01
10323.1,1,1.80E+01,2.45E+01
10328.1,1,1.80E+01,2.45E+01
10333.1,1,1.80E+01,2.46E+01
10338.1,1,1.80E+01,2.46E+01
10343.1,1,1.80E+01,2.46E+01
10348.1,1,1.80E+01,2.37E+01
10353.1,1,1.80E+01,2.45E+01
10358.1,1,1.80E+01,2.57E+01
10363.1,1,1.80E+01,2.46E+01
10368.1,1,1.80E+01,2.46E+01
10373.2,1,1.80E+01,2.47E+01
10378.2,1,1.80E+01,2.46E+01
10383.2,1,1.80E+01,2.47E+01
10388.2,1,1.80E+01,2.46E+01
10393.2,1,1.80E+01,2.46E+01
10398.3,1,1.80E+01,2.46E+01
10403.2,1,1.80E+01,2.47E+01
10408.2,1,1.80E+01,2.47E+01
10413.3,1,1.80E+01,2.46E+01
10418.3,1,1.80E+01,2.47E+01
10423.3,1,1.80E+01,2.46E+01
10428.3,1,1.80E+01,2.46E+01
10433.3,1,1.80E+01,2.47E+01
10438.4,1,1.80E+01,2.47E+01
10443.4,1,1.80E+01,2.47E+01
10448.4,1,1.80E+01,2.47E+01
10453.4,1,1.80E+01,2.48E+01
10458.4,1,1.80E+01,2.47E+01
10463.4,1,1.80E+01,2.47E+01
10468.4,1,1.80E+01,2.46E+01
10473.4,1,1.80E+01,2.46E+01
10478.5,1,1.80E+01,2.47E+01
10483.5,1,1.80E+01,2.47E+01
10488.5,1,1.80E+01,2.47E+01
10493.5,1,1.80E+01,2.47E+01
10498.5,1,1.80E+01,2.48E+01
10503.5,1,1.80E+01,2.47E+01
10508.5,1,1.80E+01,2.46E+01
10513.6,1,1.80E+01,2.46E+01
10518.6,1,1.80E+01,2.37E+01
10523.6,1,1.80E+01,2.47E+01
10528.6,1,1.80E+01,2.45E+01
10533.6,1,1.80E+01,2.47E+01
10538.6,1,1.80E+01,2.46E+01
10543.6,1,1.80E+01,2.46E+01
10548.6,1,1.80E+01,2.47E+01
10553.7,1,1.80E+01,2.47E+01
10558.7,1,1.80E+01,2.46E+01
10563.7,1,1.80E+01,2.46E+01
10568.7,1,1.80E+01,2.46E+01
10573.7,1,1.80E+01,2.36E+01
10578.7,1,1.80E+01,2.46E+01
10583.7,1,1.80E+01,2.46E+01
10588.8,1,1.80E+01,2.46E+01
10593.8,1,1.80E+01,2.46E+01
10598.8,1,1.80E+01,2.46E+01
10603.8,1,1.80E+01,2.46E+01
10608.8,1,1.80E+01,2.46E+01
10613.8,1,1.80E+01,2.47E+01
10618.9,1,1.80E+01,2.47E+01
10623.9,1,1.80E+01,2.46E+01
10628.9,1,1.80E+01,2.47E+01
10633.9,1,1.80E+01,2.47E+01
10638.9,1,1.80E+01,2.47E+01
10643.9,1,1.80E+01,2.46E+01
10648.9,1,1.80E+01,2.47E+01
10653.9,1,1.80E+01,2.47E+01
10659,1,1.80E+01,2.47E+01
10664,1,1.80E+01,2.48E+01
10669,1,1.80E+01,2.46E+01
10674,1,1.80E+01,2.37E+01
10679,1,1.80E+01,2.47E+01
10684,1,1.80E+01,2.46E+01
10689,1,1.80E+01,2.37E+01
10694.1,1,1.80E+01,2.47E+01
10699.1,1,1.80E+01,2.37E+01
10704.1,1,1.80E+01,2.37E+01
10709.1,1,1.80E+01,2.47E+01
10714.1,1,1.80E+01,2.46E+01
10719.1,1,1.80E+01,2.47E+01
10724.2,1,1.80E+01,2.28E+01
10729.2,1,1.80E+01,2.46E+01
10734.2,1,1.80E+01,2.47E+01
10739.2,1,1.80E+01,2.45E+01
10744.2,1,1.80E+01,2.46E+01
10749.2,1,1.80E+01,2.28E+01
10754.2,1,1.80E+01,2.37E+01
10759.3,1,1.80E+01,2.37E+01
10764.3,1,1.80E+01,2.37E+01
10769.3,1,1.80E+01,2.37E+01
10774.3,1,1.80E+01,2.28E+01
10779.3,1,1.80E+01,2.37E+01
10784.3,1,1.80E+01,2.37E+01
10789.4,1,1.80E+01,2.37E+01
10794.4,1,1.80E+01,2.37E+01
10799.4,1,1.80E+01,2.36E+01
10804.4,1,1.80E+01,2.36E+01
10809.4,1,1.80E+01,2.37E+01
10814.4,1,1.80E+01,2.36E+01
10819.4,1,1.80E+01,2.36E+01
10824.4,1,1.80E+01,2.36E+01
10829.4,1,1.80E+01,2.37E+01
10834.4,1,1.80E+01,2.45E+01
10839.5,1,1.80E+01,2.36E+01
10844.4,1,1.80E+01,2.37E+01
10849.5,1,1.80E+01,2.37E+01
10854.5,1,1.80E+01,2.37E+01
10859.5,1,1.80E+01,2.37E+01
10864.5,1,1.80E+01,2.37E+01
10869.5,1,1.80E+01,2.36E+01
10874.6,1,1.80E+01,2.37E+01
10879.6,1,1.80E+01,2.37E+01
10884.6,1,1.80E+01,2.37E+01
10889.6,1,1.80E+01,2.36E+01
10894.6,1,1.80E+01,2.36E+01
10899.6,1,1.80E+01,2.36E+01
10904.6,1,1.80E+01,2.36E+01
10909.6,1,1.80E+01,2.37E+01
10914.7,1,1.80E+01,2.37E+01
10919.7,1,1.80E+01,2.37E+01
10924.7,1,1.80E+01,2.37E+01
10929.7,1,1.80E+01,2.36E+01
10934.7,1,1.80E+01,2.37E+01
10939.7,1,1.80E+01,2.37E+01
10944.7,1,1.80E+01,2.36E+01
10949.7,1,1.80E+01,2.37E+01
10954.7,1,1.80E+01,2.37E+01
10959.8,1,1.80E+01,2.37E+01
10964.8,1,1.80E+01,2.37E+01
10969.8,1,1.80E+01,2.37E+01
10974.8,1,1.80E+01,2.38E+01
10979.8,1,1.80E+01,2.55E+01
10984.8,1,1.80E+01,2.45E+01
10989.9,1,1.80E+01,2.45E+01
10994.8,1,1.80E+01,2.45E+01
10999.8,1,1.80E+01,2.46E+01
11004.9,1,1.80E+01,2.55E+01
11009.9,1,1.80E+01,2.46E+01
11014.9,1,1.80E+01,2.45E+01
11019.9,1,1.80E+01,2.45E+01
11024.9,1,1.80E+01,2.27E+01
11030,1,1.80E+01,2.47E+01
11035,1,1.80E+01,2.45E+01
11040,1,1.80E+01,2.47E+01
11045,1,1.80E+01,2.46E+01
11050,1,1.80E+01,2.46E+01
11055,1,1.80E+01,2.45E+01
11060.1,1,1.80E+01,2.45E+01
11065,1,1.80E+01,2.47E+01
11070.1,1,1.80E+01,2.46E+01
11075.1,1,1.80E+01,2.46E+01
11080.1,1,1.80E+01,2.46E+01
11085.1,1,1.80E+01,2.45E+01
11090.1,1,1.80E+01,2.46E+01
11095.1,1,1.80E+01,2.46E+01
11100.1,1,1.80E+01,2.46E+01
11105.1,1,1.80E+01,2.27E+01
11110.2,1,1.80E+01,2.27E+01
11115.2,1,1.80E+01,2.37E+01
11120.2,1,1.80E+01,2.36E+01
11125.2,1,1.80E+01,2.36E+01
11130.2,1,1.80E+01,2.27E+01
11135.3,1,1.80E+01,2.36E+01
11140.3,1,1.80E+01,2.27E+01
11145.3,1,1.80E+01,2.36E+01
11150.3,1,1.80E+01,2.36E+01
11155.3,1,1.80E+01,2.37E+01
11160.3,1,1.80E+01,2.37E+01
11165.3,1,1.80E+01,2.28E+01
11170.3,1,1.80E+01,2.36E+01
11175.4,1,1.80E+01,2.36E+01
11180.4,1,1.80E+01,2.37E+01
11185.4,1,1.80E+01,2.37E+01
11190.4,1,1.80E+01,2.36E+01
11195.4,1,1.80E+01,2.37E+01
11200.4,1,1.80E+01,2.35E+01
11205.4,1,1.80E+01,2.37E+01
11210.4,1,1.80E+01,2.37E+01
11215.5,1,1.80E+01,2.36E+01
11220.5,1,1.80E+01,2.37E+01
11225.5,1,1.80E+01,2.37E+01
11230.5,1,1.80E+01,2.37E+01
11235.5,1,1.80E+01,2.37E+01
11240.6,1,1.80E+01,2.37E+01
11245.5,1,1.80E+01,2.38E+01
11250.6,1,1.80E+01,2.36E+01
11255.6,1,1.80E+01,2.37E+01
11260.6,1,1.80E+01,2.37E+01
11265.6,1,1.80E+01,2.36E+01
11270.6,1,1.80E+01,2.37E+01
11275.6,1,1.80E+01,2.36E+01
11280.6,1,1.80E+01,2.36E+01
11285.6,1,1.80E+01,2.37E+01
11290.7,1,1.80E+01,2.36E+01
11295.7,1,1.80E+01,2.36E+01
11300.6,1,1.80E+01,2.36E+01
11305.7,1,1.80E+01,2.36E+01
11310.7,1,1.80E+01,2.36E+01
11315.7,1,1.80E+01,2.36E+01
11320.7,1,1.80E+01,2.37E+01
11325.7,1,1.80E+01,2.37E+01
11330.8,1,1.80E+01,2.28E+01
11335.8,1,1.80E+01,2.29E+01
11340.8,1,1.80E+01,2.38E+01
11345.8,1,1.80E+01,2.28E+01
11350.8,1,1.80E+01,2.37E+01
11355.8,1,1.80E+01,2.37E+01
11360.8,1,1.80E+01,2.37E+01
11365.8,1,1.80E+01,2.37E+01
11370.8,1,1.80E+01,2.37E+01
11375.9,1,1.80E+01,2.28E+01
11380.9,1,1.80E+01,2.36E+01
11385.9,1,1.80E+01,2.37E+01
11390.9,1,1.80E+01,2.37E+01
11395.9,1,1.80E+01,2.38E+01
11400.9,1,1.80E+01,2.38E+01
11405.9,1,1.80E+01,2.20E+01
11411,1,1.80E+01,2.28E+01
11416,1,1.80E+01,2.28E+01
11421,1,1.80E+01,2.28E+01
11426,1,1.80E+01,2.28E+01
11431,1,1.80E+01,2.28E+01
11436,1,1.80E+01,2.28E+01
11441,1,1.80E+01,2.28E+01
11446,1,1.80E+01,2.27E+01
11451.1,1,1.80E+01,2.29E+01
11456,1,1.80E+01,2.28E+01
11461.1,1,1.80E+01,2.28E+01
11466.1,1,1.80E+01,2.29E+01
11471.1,1,1.80E+01,2.28E+01
11476.1,1,1.80E+01,2.28E+01
11481.1,1,1.80E+01,2.29E+01
11486.1,1,1.80E+01,2.29E+01
11491.2,1,1.80E+01,2.29E+01
11496.2,1,1.80E+01,2.28E+01
11501.2,1,1.80E+01,2.29E+01
11506.2,1,1.80E+01,2.29E+01
11511.2,1,1.80E+01,2.29E+01
11516.2,1,1.80E+01,2.28E+01
11521.3,1,1.80E+01,2.29E+01
11526.2,1,1.80E+01,2.29E+01
11531.2,1,1.80E+01,2.28E+01
11536.3,1,1.80E+01,2.28E+01
11541.2,1,1.80E+01,2.29E+01
11546.3,1,1.80E+01,2.28E+01
11551.3,1,1.80E+01,2.29E+01
11556.3,1,1.80E+01,2.28E+01
11561.3,1,1.80E+01,2.27E+01
11566.3,1,1.80E+01,2.46E+01
11571.3,1,1.80E+01,2.37E+01
11576.4,1,1.80E+01,2.37E+01
11581.4,1,1.80E+01,2.37E+01
11586.3,1,1.80E+01,2.38E+01
11591.4,1,1.80E+01,2.37E+01
11596.4,1,1.80E+01,2.38E+01
11601.4,1,1.80E+01,2.47E+01
11606.4,1,1.80E+01,2.48E+01
11611.5,1,1.80E+01,2.37E+01
11616.4,1,1.80E+01,2.38E+01
11621.5,1,1.80E+01,2.47E+01
11626.5,1,1.80E+01,2.37E+01
11631.5,1,1.80E+01,2.38E+01
11636.5,1,1.80E+01,2.38E+01
11641.5,1,1.80E+01,2.37E+01
11646.5,1,1.80E+01,2.38E+01
11651.6,1,1.80E+01,2.37E+01
11656.5,1,1.80E+01,2.37E+01
11661.6,1,1.80E+01,2.37E+01
11666.6,1,1.80E+01,2.37E+01
11671.6,1,1.80E+01,2.37E+01
11676.6,1,1.80E+01,2.37E+01
11681.6,1,1.80E+01,2.37E+01
11686.6,1,1.80E+01,2.37E+01
11691.6,1,1.80E+01,2.37E+01
11696.6,1,1.80E+01,2.37E+01
11701.6,1,1.80E+01,2.37E+01
11706.7,1,1.80E+01,2.38E+01
11711.7,1,1.80E+01,2.37E+01
11716.7,1,1.80E+01,2.27E+01
11721.7,1,1.80E+01,2.28E+01
11726.7,1,1.80E+01,2.28E+01
11731.7,1,1.80E+01,2.37E+01
11736.8,1,1.80E+01,2.36E+01
11741.8,1,1.80E+01,2.20E+01
11746.8,1,1.80E+01,2.28E+01
11751.8,1,1.80E+01,2.20E+01
11756.8,1,1.80E+01,2.29E+01
11761.8,1,1.80E+01,2.29E+01
11766.8,1,1.80E+01,2.29E+01
11771.8,1,1.80E+01,2.29E+01
11776.9,1,1.80E+01,2.30E+01
11781.9,1,1.80E+01,2.29E+01
11786.9,1,1.80E+01,2.29E+01
11791.9,1,1.80E+01,2.30E+01
11796.9,1,1.80E+01,2.29E+01
11801.9,1,1.80E+01,2.30E+01
11806.9,1,1.80E+01,2.30E+01
11811.9,1,1.80E+01,2.29E+01
11816.9,1,1.80E+01,2.28E+01
11822,1,1.80E+01,2.29E+01
11827,1,1.80E+01,2.29E+01
11832,1,1.80E+01,2.29E+01
11837,1,1.80E+01,2.29E+01
11842.1,1,1.80E+01,2.29E+01
11847.1,1,1.80E+01,2.29E+01
11852.1,1,1.80E+01,2.29E+01
11857.1,1,1.80E+01,2.29E+01
11862.1,1,1.80E+01,2.29E+01
11867.1,1,1.80E+01,2.28E+01
11872.1,1,1.80E+01,2.29E+01
11877.1,1,1.80E+01,2.28E+01
11882.1,1,1.80E+01,2.29E+01
11887.2,1,1.80E+01,2.29E+01
11892.2,1,1.80E+01,2.29E+01
11897.2,1,1.80E+01,2.29E+01
11902.2,1,1.80E+01,2.29E+01
11907.3,1,1.80E+01,2.28E+01
11912.2,1,1.80E+01,2.29E+01
11917.2,1,1.80E+01,2.28E+01
11922.3,1,1.80E+01,2.29E+01
11927.3,1,1.80E+01,2.28E+01
11932.2,1,1.80E+01,2.30E+01
11937.2,1,1.80E+01,2.28E+01
11942.3,1,1.80E+01,2.28E+01
11947.3,1,1.80E+01,2.29E+01
11952.3,1,1.80E+01,2.28E+01
11957.4,1,1.80E+01,2.28E+01
11962.3,1,1.80E+01,2.29E+01
11967.3,1,1.80E+01,2.29E+01
11972.4,1,1.80E+01,2.29E+01
11977.4,1,1.80E+01,2.31E+01
11982.4,1,1.80E+01,2.29E+01
11987.4,1,1.80E+01,2.28E+01
11992.4,1,1.80E+01,2.29E+01
11997.4,1,1.80E+01,2.28E+01
12002.4,1,1.80E+01,2.29E+01
12007.4,1,1.80E+01,2.28E+01
12012.5,1,1.80E+01,2.29E+01
12017.5,1,1.80E+01,2.29E+01
12022.5,1,1.80E+01,2.29E+01
12027.5,1,1.80E+01,2.29E+01
12032.5,1,1.80E+01,2.29E+01
12037.6,1,1.80E+01,2.29E+01
12042.6,1,1.80E+01,2.28E+01
12047.6,1,1.80E+01,2.29E+01
12052.6,1,1.80E+01,2.28E+01
12057.6,1,1.80E+01,2.29E+01
12062.6,1,1.80E+01,2.28E+01
12067.6,1,1.80E+01,2.29E+01
12072.6,1,1.80E+01,2.28E+01
12077.7,1,1.80E+01,2.28E+01
12082.7,1,1.80E+01,2.29E+01
12087.7,1,1.80E+01,2.28E+01
12092.7,1,1.80E+01,2.29E+01
12097.7,1,1.80E+01,2.29E+01
12102.7,1,1.80E+01,2.29E+01
12107.7,1,1.80E+01,2.29E+01
12112.7,1,1.80E+01,2.48E+01
12117.8,1,1.80E+01,2.28E+01
12122.8,1,1.80E+01,2.28E+01
12127.8,1,1.80E+01,2.29E+01
12132.8,1,1.80E+01,2.28E+01
12137.8,1,1.80E+01,2.29E+01
12142.8,1,1.80E+01,2.29E+01
12147.8,1,1.80E+01,2.20E+01
12152.8,1,1.80E+01,2.29E+01
12157.8,1,1.80E+01,2.29E+01
12162.9,1,1.80E+01,2.29E+01
12167.9,1,1.80E+01,2.28E+01
12172.9,1,1.80E+01,2.29E+01
12177.9,1,1.80E+01,2.28E+01
12182.9,1,1.80E+01,2.28E+01
12187.9,1,1.80E+01,2.28E+01
12192.9,1,1.80E+01,2.29E+01
12197.9,1,1.80E+01,2.29E+01
12202.9,1,1.80E+01,2.28E+01
12207.9,1,1.80E+01,2.28E+01
12213,1,1.80E+01,2.29E+01
12218,1,1.80E+01,2.29E+01
12223,1,1.80E+01,2.29E+01
12228,1,1.80E+01,2.29E+01
12233,1,1.80E+01,2.29E+01
12238,1,1.80E+01,2.28E+01
12243.1,1,1.80E+01,2.28E+01
12248.1,1,1.80E+01,2.28E+01
12253.1,1,1.80E+01,2.28E+01
12258.1,1,1.80E+01,2.28E+01
12263.1,1,1.80E+01,2.29E+01
12268.1,1,1.80E+01,2.29E+01
12273.1,1,1.80E+01,2.28E+01
12278.1,1,1.80E+01,2.28E+01
12283.2,1,1.80E+01,2.28E+01
12288.2,1,1.80E+01,2.27E+01
12293.2,1,1.80E+01,2.28E+01
12298.3,1,1.80E+01,2.20E+01
12303.3,1,1.80E+01,2.28E+01
12308.3,1,1.80E+01,2.29E+01
12313.3,1,1.80E+01,2.29E+01
12318.3,1,1.80E+01,2.28E+01
12323.3,1,1.80E+01,2.29E+01
12328.3,1,1.80E+01,2.28E+01
12333.3,1,1.80E+01,2.29E+01
12338.3,1,1.80E+01,2.30E+01
12343.3,1,1.80E+01,2.29E+01
12348.3,1,1.80E+01,2.30E+01
12353.3,1,1.80E+01,2.30E+01
12358.4,1,1.80E+01,2.30E+01
12363.4,1,1.80E+01,2.29E+01
12368.4,1,1.80E+01,2.30E+01
12373.4,1,1.80E+01,2.29E+01
12378.5,1,1.80E+01,2.29E+01
12383.5,1,1.80E+01,2.30E+01
12388.5,1,1.80E+01,2.30E+01
12393.5,1,1.80E+01,2.29E+01
12398.5,1,1.80E+01,2.30E+01
12403.5,1,1.80E+01,2.30E+01
12408.5,1,1.80E+01,2.29E+01
12413.5,1,1.80E+01,2.30E+01
12418.6,1,1.80E+01,2.29E+01
12423.6,1,1.80E+01,2.29E+01
12428.5,1,1.80E+01,2.29E+01
12433.6,1,1.80E+01,2.21E+01
12438.6,1,1.80E+01,2.30E+01
12443.6,1,1.80E+01,2.29E+01
12448.6,1,1.80E+01,2.30E+01
12453.6,1,1.80E+01,2.30E+01
12458.7,1,1.80E+01,2.29E+01
12463.7,1,1.80E+01,2.21E+01
12468.7,1,1.80E+01,2.29E+01
12473.7,1,1.80E+01,2.30E+01
12478.7,1,1.80E+01,2.29E+01
12483.7,1,1.80E+01,2.30E+01
12488.7,1,1.80E+01,2.30E+01
12493.8,1,1.80E+01,2.29E+01
12498.8,1,1.80E+01,2.29E+01
12503.8,1,1.80E+01,2.29E+01
12508.8,1,1.80E+01,2.20E+01
12513.8,1,1.80E+01,2.30E+01
12518.9,1,1.80E+01,2.29E+01
12523.9,1,1.80E+01,2.30E+01
12528.9,1,1.80E+01,2.29E+01
12533.9,1,1.80E+01,2.28E+01
12538.9,1,1.80E+01,2.29E+01
12543.9,1,1.80E+01,2.29E+01
12548.9,1,1.80E+01,2.29E+01
12554,1,1.80E+01,2.20E+01
12559,1,1.80E+01,2.29E+01
12564,1,1.80E+01,2.29E+01
12569,1,1.80E+01,2.29E+01
12574,1,1.80E+01,2.29E+01
12579,1,1.80E+01,2.28E+01
12584.1,1,1.80E+01,2.29E+01
12589.1,1,1.80E+01,2.28E+01
12594.1,1,1.80E+01,2.28E+01
12599.1,1,1.80E+01,2.28E+01
12604.1,1,1.80E+01,2.29E+01
12609.1,1,1.80E+01,2.20E+01
12614.1,1,1.80E+01,2.29E+01
12619.1,1,1.80E+01,2.20E+01
12624.2,1,1.80E+01,2.29E+01
12629.2,1,1.80E+01,2.21E+01
12634.2,1,1.80E+01,2.21E+01
12639.2,1,1.80E+01,2.29E+01
12644.2,1,1.80E+01,2.13E+01
12649.3,1,1.80E+01,2.21E+01
12654.3,1,1.80E+01,2.12E+01
12659.3,1,1.80E+01,2.21E+01
12664.3,1,1.80E+01,2.20E+01
12669.3,1,1.80E+01,2.20E+01
12674.3,1,1.80E+01,2.21E+01
12679.3,1,1.80E+01,2.21E+01
12684.3,1,1.80E+01,2.20E+01
12689.3,1,1.80E+01,2.21E+01
12694.3,1,1.80E+01,2.21E+01
12699.3,1,1.80E+01,2.20E+01
12704.3,1,1.80E+01,2.21E+01
12709.4,1,1.80E+01,2.19E+01
12714.4,1,1.80E+01,2.21E+01
12719.4,1,1.80E+01,2.20E+01
12724.4,1,1.80E+01,2.28E+01
12729.4,1,1.80E+01,2.20E+01
12734.4,1,1.80E+01,2.20E+01
12739.5,1,1.80E+01,2.20E+01
12744.5,1,1.80E+01,2.20E+01
12749.5,1,1.80E+01,2.20E+01
12754.5,1,1.80E+01,2.21E+01
12759.5,1,1.80E+01,2.20E+01
12764.5,1,1.80E+01,2.21E+01
12769.6,1,1.80E+01,2.21E+01
12774.6,1,1.80E+01,2.20E+01
12779.6,1,1.80E+01,2.21E+01
12784.6,1,1.80E+01,2.29E+01
12789.6,1,1.80E+01,2.29E+01
12794.6,1,1.80E+01,2.29E+01
12799.6,1,1.80E+01,2.38E+01
12804.6,1,1.80E+01,2.29E+01
12809.7,1,1.80E+01,2.38E+01
12814.7,1,1.80E+01,2.29E+01
12819.7,1,1.80E+01,2.38E+01
12824.7,1,1.80E+01,2.29E+01
12829.8,1,1.80E+01,2.29E+01
12834.7,1,1.80E+01,2.30E+01
12839.8,1,1.80E+01,2.29E+01
12844.7,1,1.80E+01,2.29E+01
12849.8,1,1.80E+01,2.39E+01
12854.8,1,1.80E+01,2.30E+01
12859.8,1,1.80E+01,2.30E+01
12864.8,1,1.80E+01,2.29E+01
12869.8,1,1.80E+01,2.29E+01
12874.8,1,1.80E+01,2.28E+01
12879.8,1,1.80E+01,2.29E+01
12884.8,1,1.80E+01,2.30E+01
12889.9,1,1.80E+01,2.28E+01
12894.9,1,1.80E+01,2.29E+01
12899.9,1,1.80E+01,2.29E+01
12904.9,1,1.80E+01,2.29E+01
12909.9,1,1.80E+01,2.28E+01
12914.9,1,1.80E+01,2.29E+01
12919.9,1,1.80E+01,2.29E+01
12924.9,1,1.80E+01,2.29E+01
12929.9,1,1.80E+01,2.29E+01
12934.9,1,1.80E+01,2.28E+01
12940,1,1.80E+01,2.29E+01
12945,1,1.80E+01,2.28E+01
12950,1,1.80E+01,2.29E+01
12955,1,1.80E+01,2.29E+01
12960,1,1.80E+01,2.28E+01
12965,1,1.80E+01,2.29E+01
12970,1,1.80E+01,2.29E+01
12975.1,1,1.80E+01,2.20E+01
12980.1,1,1.80E+01,2.29E+01
12985.1,1,1.80E+01,2.29E+01
12990.1,1,1.80E+01,2.20E+01
12995.2,1,1.80E+01,2.29E+01
13000.1,1,1.80E+01,2.28E+01
13005.2,1,1.80E+01,2.28E+01
13010.2,1,1.80E+01,2.20E+01
13015.2,1,1.80E+01,2.28E+01
13020.2,1,1.80E+01,2.28E+01
13025.2,1,1.80E+01,2.29E+01
13030.2,1,1.80E+01,2.29E+01
13035.2,1,1.80E+01,2.28E+01
13040.2,1,1.80E+01,2.28E+01
13045.3,1,1.80E+01,2.28E+01
13050.3,1,1.80E+01,2.20E+01
13055.3,1,1.80E+01,2.28E+01
13060.3,1,1.80E+01,2.29E+01
13065.3,1,1.80E+01,2.29E+01
13070.3,1,1.80E+01,2.12E+01
13075.4,1,1.80E+01,2.20E+01
13080.4,1,1.80E+01,2.21E+01
13085.4,1,1.80E+01,2.21E+01
13090.4,1,1.80E+01,2.20E+01
13095.4,1,1.80E+01,2.21E+01
13100.5,1,1.80E+01,2.20E+01
13105.5,1,1.80E+01,2.21E+01
13110.4,1,1.80E+01,2.21E+01
13115.5,1,1.80E+01,2.21E+01
13120.5,1,1.80E+01,2.21E+01
13125.5,1,1.80E+01,2.21E+01
13130.5,1,1.80E+01,2.20E+01
13135.5,1,1.80E+01,2.21E+01
13140.5,1,1.80E+01,2.21E+01
13145.6,1,1.80E+01,2.20E+01
13150.6,1,1.80E+01,2.22E+01
13155.6,1,1.80E+01,2.20E+01
13160.6,1,1.80E+01,2.20E+01
13165.7,1,1.80E+01,2.20E+01
13170.6,1,1.80E+01,2.20E+01
13175.7,1,1.80E+01,2.21E+01
13180.7,1,1.80E+01,2.21E+01
13185.7,1,1.80E+01,2.21E+01
13190.7,1,1.80E+01,2.21E+01
13195.7,1,1.80E+01,2.21E+01
13200.7,1,1.80E+01,2.21E+01
13205.7,1,1.80E+01,2.21E+01
13210.8,1,1.80E+01,2.21E+01
13215.8,1,1.80E+01,2.21E+01
13220.8,1,1.80E+01,2.21E+01
13225.8,1,1.80E+01,2.21E+01
13230.8,1,1.80E+01,2.22E+01
13235.8,1,1.80E+01,2.29E+01
13240.8,1,1.80E+01,2.29E+01
13245.9,1,1.80E+01,2.29E+01
13250.9,1,1.80E+01,2.29E+01
13255.9,1,1.80E+01,2.30E+01
13260.9,1,1.80E+01,2.29E+01
13265.9,1,1.80E+01,2.30E+01
13270.9,1,1.80E+01,2.30E+01
13275.9,1,1.80E+01,2.29E+01
13280.9,1,1.80E+01,2.29E+01
13286,1,1.80E+01,2.30E+01
13291,1,1.80E+01,2.29E+01
13296,1,1.80E+01,2.30E+01
13301,1,1.80E+01,2.30E+01
13306,1,1.80E+01,2.30E+01
13311,1,1.80E+01,2.30E+01
13316.1,1,1.80E+01,2.30E+01
13321.1,1,1.80E+01,2.30E+01
13326.1,1,1.80E+01,2.30E+01
13331.1,1,1.80E+01,2.30E+01
13336.1,1,1.80E+01,2.29E+01
13341.1,1,1.80E+01,2.13E+01
13346.1,1,1.80E+01,2.13E+01
13351.2,1,1.80E+01,2.21E+01
13356.2,1,1.80E+01,2.21E+01
13361.2,1,1.80E+01,2.21E+01
13366.2,1,1.80E+01,2.21E+01
13371.2,1,1.80E+01,2.21E+01
13376.3,1,1.80E+01,2.21E+01
13381.3,1,1.80E+01,2.20E+01
13386.3,1,1.80E+01,2.22E+01
13391.3,1,1.80E+01,2.21E+01
13396.3,1,1.80E+01,2.21E+01
13401.3,1,1.80E+01,2.21E+01
13406.3,1,1.80E+01,2.21E+01
13411.3,1,1.80E+01,2.21E+01
13416.4,1,1.80E+01,2.21E+01
13421.4,1,1.80E+01,2.21E+01
13426.4,1,1.80E+01,2.20E+01
13431.4,1,1.80E+01,2.21E+01
13436.4,1,1.80E+01,2.12E+01
13441.4,1,1.80E+01,2.21E+01
13446.4,1,1.80E+01,2.21E+01
13451.4,1,1.80E+01,2.21E+01
13456.4,1,1.80E+01,2.21E+01
13461.4,1,1.80E+01,2.21E+01
13466.4,1,1.80E+01,2.22E+01
13471.5,1,1.80E+01,2.20E+01
13476.5,1,1.80E+01,2.21E+01
13481.5,1,1.80E+01,2.21E+01
13486.5,1,1.80E+01,2.20E+01
13491.5,1,1.80E+01,2.21E+01
13496.6,1,1.80E+01,2.21E+01
13501.6,1,1.80E+01,2.21E+01
13506.6,1,1.80E+01,2.21E+01
13511.6,1,1.80E+01,2.21E+01
13516.6,1,1.80E+01,2.21E+01
13521.6,1,1.80E+01,2.21E+01
13526.6,1,1.80E+01,2.20E+01
13531.6,1,1.80E+01,2.21E+01
13536.7,1,1.80E+01,2.22E+01
13541.7,1,1.80E+01,2.22E+01
13546.7,1,1.80E+01,2.22E+01
13551.7,1,1.80E+01,2.20E+01
13556.7,1,1.80E+01,2.21E+01
13561.7,1,1.80E+01,2.21E+01
13566.8,1,1.80E+01,2.21E+01
13571.7,1,1.80E+01,2.21E+01
13576.8,1,1.80E+01,2.22E+01
13581.8,1,1.80E+01,2.21E+01
13586.8,1,1.80E+01,2.22E+01
13591.8,1,1.80E+01,2.22E+01
13596.8,1,1.80E+01,2.21E+01
13601.8,1,1.80E+01,2.22E+01
13606.9,1,1.80E+01,2.21E+01
13611.9,1,1.80E+01,2.22E+01
13616.9,1,1.80E+01,2.22E+01
13621.9,1,1.80E+01,2.21E+01
13626.9,1,1.80E+01,2.22E+01
13632,1,1.80E+01,2.21E+01
13636.9,1,1.80E+01,2.21E+01
13641.9,1,1.80E+01,2.22E+01
13646.9,1,1.80E+01,2.21E+01
13652,1,1.80E+01,2.21E+01
13657,1,1.80E+01,2.23E+01
13662,1,1.80E+01,2.20E+01
13667,1,1.80E+01,2.20E+01
13672,1,1.80E+01,2.20E+01
13677,1,1.80E+01,2.21E+01
13682.1,1,1.80E+01,2.21E+01
13687.1,1,1.80E+01,2.20E+01
13692.1,1,1.80E+01,2.22E+01
13697.1,1,1.80E+01,2.21E+01
13702.1,1,1.80E+01,2.20E+01
13707.1,1,1.80E+01,2.20E+01
13712.1,1,1.80E+01,2.21E+01
13717.1,1,1.80E+01,2.20E+01
13722.1,1,1.80E+01,2.21E+01
13727.2,1,1.80E+01,2.20E+01
13732.2,1,1.80E+01,2.20E+01
13737.2,1,1.80E+01,2.21E+01
13742.2,1,1.80E+01,2.20E+01
13747.2,1,1.80E+01,2.21E+01
13752.3,1,1.80E+01,2.20E+01
13757.3,1,1.80E+01,2.21E+01
13762.2,1,1.80E+01,2.21E+01
13767.3,1,1.80E+01,2.19E+01
13772.3,1,1.80E+01,2.20E+01
13777.3,1,1.80E+01,2.20E+01
13782.3,1,1.80E+01,2.19E+01
13787.3,1,1.80E+01,2.19E+01
13792.3,1,1.80E+01,2.19E+01
13797.4,1,1.80E+01,2.18E+01
13802.4,1,1.80E+01,2.20E+01
13807.4,1,1.80E+01,2.20E+01
13812.4,1,1.80E+01,2.19E+01
13817.4,1,1.80E+01,2.19E+01
13822.4,1,1.80E+01,2.20E+01
13827.4,1,1.80E+01,2.21E+01
13832.4,1,1.80E+01,2.19E+01
13837.5,1,1.80E+01,2.21E+01
13842.5,1,1.80E+01,2.20E+01
13847.5,1,1.80E+01,2.20E+01
13852.5,1,1.80E+01,2.19E+01
13857.5,1,1.80E+01,2.19E+01
13862.6,1,1.80E+01,2.20E+01
13867.6,1,1.80E+01,2.21E+01
13872.6,1,1.80E+01,2.20E+01
13877.6,1,1.80E+01,2.21E+01
13882.6,1,1.80E+01,2.21E+01
13887.6,1,1.80E+01,2.20E+01
13892.6,1,1.80E+01,2.13E+01
13897.7,1,1.80E+01,2.12E+01
13902.7,1,1.80E+01,2.21E+01
13907.7,1,1.80E+01,2.20E+01
13912.7,1,1.80E+01,2.12E+01
13917.7,1,1.80E+01,2.13E+01
13922.7,1,1.80E+01,2.20E+01
13927.8,1,1.80E+01,2.20E+01
13932.8,1,1.80E+01,2.11E+01
13937.8,1,1.80E+01,2.20E+01
13942.8,1,1.80E+01,2.20E+01
13947.9,1,1.80E+01,2.20E+01
13952.8,1,1.80E+01,2.20E+01
13957.8,1,1.80E+01,2.20E+01
13962.9,1,1.80E+01,2.19E+01
13967.9,1,1.80E+01,2.20E+01
13972.9,1,1.80E+01,2.12E+01
13977.9,1,1.80E+01,2.19E+01
13982.9,1,1.80E+01,2.21E+01
13987.9,1,1.80E+01,2.19E+01
13993,1,1.80E+01,2.20E+01
13998,1,1.80E+01,2.19E+01
14003,1,1.80E+01,2.20E+01
14008,1,1.80E+01,2.12E+01
14013,1,1.80E+01,2.11E+01
14018,1,1.80E+01,2.12E+01
14023,1,1.80E+01,2.12E+01
14028.1,1,1.80E+01,2.04E+01
14033.1,1,1.80E+01,2.04E+01
14038.1,1,1.80E+01,2.12E+01
14043.1,1,1.80E+01,2.11E+01
14048.1,1,1.80E+01,2.12E+01
14053.2,1,1.80E+01,2.11E+01
14058.2,1,1.80E+01,2.12E+01
14063.2,1,1.80E+01,2.11E+01
14068.2,1,1.80E+01,2.12E+01
14073.2,1,1.80E+01,2.12E+01
14078.2,1,1.80E+01,2.11E+01
14083.2,1,1.80E+01,2.12E+01
14088.2,1,1.80E+01,2.11E+01
14093.2,1,1.80E+01,2.11E+01
14098.2,1,1.80E+01,2.11E+01
14103.2,1,1.80E+01,2.12E+01
14108.3,1,1.80E+01,2.12E+01
14113.3,1,1.80E+01,2.12E+01
14118.3,1,1.80E+01,2.12E+01
14123.3,1,1.80E+01,2.11E+01
14128.3,1,1.80E+01,2.12E+01
14133.4,1,1.80E+01,2.11E+01
14138.4,1,1.80E+01,2.12E+01
14143.3,1,1.80E+01,2.12E+01
14148.4,1,1.80E+01,2.11E+01
14153.4,1,1.80E+01,2.12E+01
14158.4,1,1.80E+01,2.12E+01
14163.4,1,1.80E+01,2.12E+01
14168.4,1,1.80E+01,2.11E+01
14173.4,1,1.80E+01,2.12E+01
14178.5,1,1.80E+01,2.19E+01
14183.5,1,1.80E+01,2.11E+01
14188.5,1,1.80E+01,2.10E+01
14193.5,1,1.80E+01,2.11E+01
14198.5,1,1.80E+01,2.10E+01
14203.6,1,1.80E+01,2.11E+01
14208.6,1,1.80E+01,2.11E+01
14213.5,1,1.80E+01,2.11E+01
14218.5,1,1.80E+01,2.11E+01
14223.5,1,1.80E+01,2.11E+01
14228.6,1,1.80E+01,2.11E+01
14233.6,1,1.80E+01,2.10E+01
14238.6,1,1.80E+01,2.11E+01
14243.6,1,1.80E+01,2.11E+01
14248.6,1,1.80E+01,2.11E+01
14253.6,1,1.80E+01,2.20E+01
14258.6,1,1.80E+01,2.10E+01
14263.6,1,1.80E+01,2.11E+01
14268.6,1,1.80E+01,2.11E+01
14273.6,1,1.80E+01,2.11E+01
14278.6,1,1.80E+01,2.11E+01
14283.6,1,1.80E+01,2.11E+01
14288.7,1,1.80E+01,2.11E+01
14293.7,1,1.80E+01,2.11E+01
14298.7,1,1.80E+01,2.27E+01
14303.7,1,1.80E+01,2.28E+01
14308.7,1,1.80E+01,2.19E+01
14313.7,1,1.80E+01,2.19E+01
14318.7,1,1.80E+01,2.28E+01
14323.8,1,1.80E+01,2.19E+01
14328.7,1,1.80E+01,2.19E+01
14333.7,1,1.80E+01,2.20E+01
14338.7,1,1.80E+01,2.19E+01
14343.8,1,1.80E+01,2.20E+01
14348.8,1,1.80E+01,2.19E+01
14353.8,1,1.80E+01,2.19E+01
14358.8,1,1.80E+01,2.19E+01
14363.8,1,1.80E+01,2.19E+01
14368.8,1,1.80E+01,2.20E+01
14373.8,1,1.80E+01,2.18E+01
14378.8,1,1.80E+01,2.19E+01
14383.8,1,1.80E+01,2.19E+01
14388.8,1,1.80E+01,2.19E+01
14393.8,1,1.80E+01,2.19E+01
14398.9,1,1.80E+01,2.18E+01
14403.9,1,1.80E+01,2.19E+01
14408.9,1,1.80E+01,2.18E+01
14413.9,1,1.80E+01,2.19E+01
14418.9,1,1.80E+01,2.18E+01
14424,1,1.80E+01,2.18E+01
14429,1,1.80E+01,2.19E+01
14434,1,1.80E+01,2.19E+01
14439,1,1.80E+01,2.19E+01
14444,1,1.80E+01,2.18E+01
14449,1,1.80E+01,2.19E+01
14454,1,1.80E+01,2.18E+01
14459,1,1.80E+01,2.18E+01
14464,1,1.80E+01,2.11E+01
14469,1,1.80E+01,2.11E+01
14474.1,1,1.80E+01,2.10E+01
14479.1,1,1.80E+01,2.03E+01
14484.1,1,1.80E+01,2.03E+01
14489.1,1,1.80E+01,2.03E+01
14494.1,1,1.80E+01,2.12E+01
14499.1,1,1.80E+01,2.10E+01
14504.2,1,1.80E+01,2.11E+01
14509.1,1,1.80E+01,2.10E+01
14514.2,1,1.80E+01,2.10E+01
14519.2,1,1.80E+01,2.11E+01
14524.2,1,1.80E+01,2.11E+01
14529.2,1,1.80E+01,2.10E+01
14534.2,1,1.80E+01,2.11E+01
14539.2,1,1.80E+01,2.11E+01
14544.3,1,1.80E+01,2.10E+01
14549.3,1,1.80E+01,2.11E+01
14554.3,1,1.80E+01,2.10E+01
14559.3,1,1.80E+01,2.11E+01
14564.3,1,1.80E+01,2.10E+01
14569.3,1,1.80E+01,2.10E+01
14574.4,1,1.80E+01,2.11E+01
14579.4,1,1.80E+01,2.11E+01
14584.3,1,1.80E+01,2.11E+01
14589.4,1,1.80E+01,2.11E+01
14594.4,1,1.80E+01,2.11E+01
14599.4,1,1.80E+01,2.10E+01
14604.4,1,1.80E+01,2.12E+01
14609.5,1,1.80E+01,2.11E+01
14614.5,1,1.80E+01,2.11E+01
14619.5,1,1.80E+01,2.11E+01
14624.5,1,1.80E+01,2.10E+01
14629.5,1,1.80E+01,2.11E+01
14634.5,1,1.80E+01,2.11E+01
14639.5,1,1.80E+01,2.11E+01
14644.5,1,1.80E+01,2.11E+01
14649.5,1,1.80E+01,2.11E+01
14654.5,1,1.80E+01,2.11E+01
14659.6,1,1.80E+01,2.11E+01
14664.6,1,1.80E+01,2.10E+01
14669.6,1,1.80E+01,2.11E+01
14674.6,1,1.80E+01,2.11E+01
14679.6,1,1.80E+01,2.10E+01
14684.6,1,1.80E+01,2.12E+01
14689.7,1,1.80E+01,2.11E+01
14694.7,1,1.80E+01,2.11E+01
14699.7,1,1.80E+01,2.11E+01
14704.7,1,1.80E+01,2.11E+01
14709.7,1,1.80E+01,2.10E+01
14714.7,1,1.80E+01,2.11E+01
14719.7,1,1.80E+01,2.11E+01
14724.7,1,1.80E+01,2.11E+01
14729.7,1,1.80E+01,2.11E+01
14734.7,1,1.80E+01,2.11E+01
14739.8,1,1.80E+01,2.11E+01
14744.8,1,1.80E+01,2.11E+01
14749.8,1,1.80E+01,2.12E+01
14754.8,1,1.80E+01,2.11E+01
14759.8,1,1.80E+01,2.11E+01
14764.8,1,1.80E+01,2.11E+01
14769.8,1,1.80E+01,2.11E+01
14774.8,1,1.80E+01,2.11E+01
14779.8,1,1.80E+01,2.10E+01
14784.8,1,1.80E+01,2.11E+01
14789.9,1,1.80E+01,2.11E+01
14794.9,1,1.80E+01,2.11E+01
14799.9,1,1.80E+01,2.11E+01
14804.9,1,1.80E+01,2.11E+01
14809.9,1,1.80E+01,2.11E+01
14814.9,1,1.80E+01,2.11E+01
14820,1,1.80E+01,2.10E+01
14825,1,1.80E+01,2.11E+01
14830,1,1.80E+01,2.12E+01
14835,1,1.80E+01,2.11E+01
14840,1,1.80E+01,2.11E+01
14845,1,1.80E+01,2.10E+01
14850,1,1.80E+01,2.12E+01
14855,1,1.80E+01,2.11E+01
14860.1,1,1.80E+01,2.10E+01
14865.1,1,1.80E+01,2.12E+01
14870.1,1,1.80E+01,2.11E+01
14875.1,1,1.80E+01,2.11E+01
14880.1,1,1.80E+01,2.12E+01
14885.1,1,1.80E+01,2.11E+01
14890.2,1,1.80E+01,2.10E+01
14895.1,1,1.80E+01,2.11E+01
14900.1,1,1.80E+01,2.10E+01
14905.1,1,1.80E+01,2.11E+01
14910.2,1,1.80E+01,2.11E+01
14915.2,1,1.80E+01,2.10E+01
14920.2,1,1.80E+01,2.11E+01
14925.2,1,1.80E+01,2.11E+01
14930.2,1,1.80E+01,2.11E+01
14935.3,1,1.80E+01,2.10E+01
14940.3,1,1.80E+01,2.11E+01
14945.3,1,1.80E+01,2.11E+01
14950.2,1,1.80E+01,2.11E+01
14955.3,1,1.80E+01,2.11E+01
14960.3,1,1.80E+01,2.11E+01
14965.3,1,1.80E+01,2.11E+01
14970.3,1,1.80E+01,2.10E+01
14975.3,1,1.80E+01,2.11E+01
14980.3,1,1.80E+01,2.10E+01
14985.4,1,1.80E+01,2.11E+01
14990.4,1,1.80E+01,2.11E+01
14995.4,1,1.80E+01,2.11E+01
15000.4,1,1.80E+01,2.10E+01
15005.5,1,1.80E+01,2.11E+01
15010.5,1,1.80E+01,2.11E+01
15015.5,1,1.80E+01,2.11E+01
15020.5,1,1.80E+01,2.12E+01
15025.5,1,1.80E+01,2.11E+01
15030.5,1,1.80E+01,2.11E+01
15035.5,1,1.80E+01,2.11E+01
15040.5,1,1.80E+01,2.10E+01
15045.5,1,1.80E+01,2.10E+01
15050.6,1,1.80E+01,2.12E+01
15055.6,1,1.80E+01,2.11E+01
15060.6,1,1.80E+01,2.11E+01
15065.6,1,1.80E+01,2.11E+01
15070.6,1,1.80E+01,2.10E+01
15075.6,1,1.80E+01,2.11E+01
15080.6,1,1.80E+01,2.11E+01
15085.6,1,1.80E+01,2.10E+01
15090.6,1,1.80E+01,2.11E+01
15095.7,1,1.80E+01,2.11E+01
15100.7,1,1.80E+01,2.10E+01
15105.7,1,1.80E+01,2.12E+01
15110.7,1,1.80E+01,2.11E+01
15115.7,1,1.80E+01,2.11E+01
15120.8,1,1.80E+01,2.11E+01
15125.8,1,1.80E+01,2.11E+01
15130.8,1,1.80E+01,2.11E+01
15135.8,1,1.80E+01,2.11E+01
15140.8,1,1.80E+01,2.11E+01
15145.8,1,1.80E+01,2.12E+01
15150.8,1,1.80E+01,2.11E+01
15155.8,1,1.80E+01,2.11E+01
15160.8,1,1.80E+01,2.11E+01
15165.9,1,1.80E+01,2.12E+01
15170.9,1,1.80E+01,2.11E+01
15175.9,1,1.80E+01,2.11E+01
15180.9,1,1.80E+01,2.04E+01
15185.9,1,1.80E+01,2.04E+01
15191,1,1.80E+01,2.11E+01
15195.9,1,1.80E+01,2.11E+01
15200.9,1,1.80E+01,2.11E+01
15206,1,1.80E+01,2.04E+01
15211,1,1.80E+01,2.05E+01
15216,1,1.80E+01,2.12E+01
15221,1,1.80E+01,2.04E+01
15226,1,1.80E+01,2.12E+01
15231.1,1,1.80E+01,2.05E+01
15236.1,1,1.80E+01,2.12E+01
15241.1,1,1.80E+01,2.12E+01
15246.1,1,1.80E+01,2.11E+01
15251.1,1,1.80E+01,2.13E+01
15256.1,1,1.80E+01,2.12E+01
15261.2,1,1.80E+01,2.12E+01
15266.2,1,1.80E+01,2.12E+01
15271.1,1,1.80E+01,2.12E+01
15276.2,1,1.80E+01,1.96E+01
15281.2,1,1.80E+01,2.10E+01
15286.2,1,1.80E+01,2.11E+01
15291.2,1,1.80E+01,2.12E+01
15296.3,1,1.80E+01,2.11E+01
15301.3,1,1.80E+01,1.95E+01
15306.3,1,1.80E+01,1.96E+01
15311.3,1,1.80E+01,2.03E+01
15316.3,1,1.80E+01,2.03E+01
15321.3,1,1.80E+01,1.96E+01
15326.4,1,1.80E+01,2.03E+01
15331.3,1,1.80E+01,2.03E+01
15336.3,1,1.80E+01,2.03E+01
15341.4,1,1.80E+01,2.04E+01
15346.4,1,1.80E+01,2.03E+01
15351.4,1,1.80E+01,2.04E+01
15356.4,1,1.80E+01,2.03E+01
15361.4,1,1.80E+01,2.04E+01
15366.5,1,1.80E+01,2.03E+01
15371.5,1,1.80E+01,2.04E+01
15376.5,1,1.80E+01,2.04E+01
15381.5,1,1.80E+01,2.03E+01
15386.5,1,1.80E+01,2.03E+01
15391.5,1,1.80E+01,2.02E+01
15396.5,1,1.80E+01,2.04E+01
15401.5,1,1.80E+01,2.03E+01
15406.5,1,1.80E+01,2.04E+01
15411.5,1,1.80E+01,2.04E+01
15416.6,1,1.80E+01,2.04E+01
15421.6,1,1.80E+01,2.04E+01
15426.6,1,1.80E+01,2.03E+01
15431.6,1,1.80E+01,2.04E+01
15436.7,1,1.80E+01,2.03E+01
15441.7,1,1.80E+01,2.03E+01
15446.7,1,1.80E+01,2.04E+01
15451.7,1,1.80E+01,2.03E+01
15456.7,1,1.80E+01,2.03E+01
15461.7,1,1.80E+01,2.03E+01
15466.7,1,1.80E+01,2.05E+01
15471.7,1,1.80E+01,2.03E+01
15476.7,1,1.80E+01,2.04E+01
15481.8,1,1.80E+01,2.04E+01
15486.8,1,1.80E+01,2.03E+01
15491.8,1,1.80E+01,2.04E+01
15496.8,1,1.80E+01,2.04E+01
15501.8,1,1.80E+01,2.05E+01
15506.8,1,1.80E+01,2.03E+01
15511.8,1,1.80E+01,2.04E+01
15516.9,1,1.80E+01,2.04E+01
15521.8,1,1.80E+01,2.04E+01
15526.9,1,1.80E+01,2.03E+01
15531.9,1,1.80E+01,2.05E+01
15536.9,1,1.80E+01,2.05E+01
15541.9,1,1.80E+01,2.04E+01
15546.9,1,1.80E+01,2.05E+01
15552,1,1.80E+01,2.04E+01
15557,1,1.80E+01,2.06E+01
15562,1,1.80E+01,2.04E+01
15567,1,1.80E+01,2.04E+01
15572,1,1.80E+01,2.05E+01
15577,1,1.80E+01,2.05E+01
15582,1,1.80E+01,2.05E+01
15587,1,1.80E+01,2.05E+01
15592,1,1.80E+01,2.06E+01
15597,1,1.80E+01,2.05E+01
15602.1,1,1.80E+01,2.04E+01
15607.1,1,1.80E+01,2.05E+01
15612.1,1,1.80E+01,2.05E+01
15617.1,1,1.80E+01,2.04E+01
15622.1,1,1.80E+01,2.05E+01
15627.1,1,1.80E+01,2.05E+01
15632.2,1,1.80E+01,2.05E+01
15637.2,1,1.80E+01,2.05E+01
15642.1,1,1.80E+01,2.05E+01
15647.1,1,1.80E+01,2.05E+01
15652.2,1,1.80E+01,2.12E+01
15657.2,1,1.80E+01,2.05E+01
15662.2,1,1.80E+01,2.05E+01
15667.2,1,1.80E+01,2.05E+01
15672.2,1,1.80E+01,2.05E+01
15677.3,1,1.80E+01,2.04E+01
15682.3,1,1.80E+01,2.03E+01
15687.3,1,1.80E+01,2.04E+01
15692.3,1,1.80E+01,2.03E+01
15697.3,1,1.80E+01,2.04E+01
15702.3,1,1.80E+01,2.03E+01
15707.3,1,1.80E+01,2.04E+01
15712.3,1,1.80E+01,2.03E+01
15717.3,1,1.80E+01,2.03E+01
15722.4,1,1.80E+01,2.03E+01
15727.4,1,1.80E+01,2.03E+01
15732.4,1,1.80E+01,2.03E+01
15737.4,1,1.80E+01,2.03E+01
15742.5,1,1.80E+01,2.03E+01
15747.5,1,1.80E+01,2.02E+01
15752.5,1,1.80E+01,2.03E+01
15757.5,1,1.80E+01,2.03E+01
15762.5,1,1.80E+01,2.04E+01
15767.5,1,1.80E+01,2.03E+01
15772.5,1,1.80E+01,2.03E+01
15777.5,1,1.80E+01,2.03E+01
15782.5,1,1.80E+01,2.03E+01
15787.6,1,1.80E+01,2.02E+01
15792.6,1,1.80E+01,2.03E+01
15797.6,1,1.80E+01,2.03E+01
15802.6,1,1.80E+01,2.03E+01
15807.6,1,1.80E+01,2.03E+01
15812.6,1,1.80E+01,2.03E+01
15817.7,1,1.80E+01,2.03E+01
15822.6,1,1.80E+01,2.02E+01
15827.6,1,1.80E+01,2.02E+01
15832.7,1,1.80E+01,2.03E+01
15837.7,1,1.80E+01,2.03E+01
15842.7,1,1.80E+01,2.02E+01
15847.7,1,1.80E+01,2.03E+01
15852.7,1,1.80E+01,2.03E+01
15857.8,1,1.80E+01,2.03E+01
15862.8,1,1.80E+01,2.04E+01
15867.8,1,1.80E+01,2.03E+01
15872.8,1,1.80E+01,2.03E+01
15877.8,1,1.80E+01,2.12E+01
15882.8,1,1.80E+01,2.19E+01
15887.8,1,1.80E+01,2.19E+01
15892.8,1,1.80E+01,2.11E+01
15897.8,1,1.80E+01,2.11E+01
15902.8,1,1.80E+01,2.11E+01
15907.8,1,1.80E+01,2.11E+01
15912.9,1,1.80E+01,2.11E+01
15917.9,1,1.80E+01,2.11E+01
15922.9,1,1.80E+01,2.11E+01
15927.9,1,1.80E+01,2.11E+01
15932.9,1,1.80E+01,2.11E+01
15938,1,1.80E+01,2.11E+01
15943,1,1.80E+01,2.11E+01
15948,1,1.80E+01,2.10E+01
15953,1,1.80E+01,2.10E+01
15958,1,1.80E+01,2.10E+01
15963,1,1.80E+01,2.10E+01
15968,1,1.80E+01,2.10E+01
15973,1,1.80E+01,2.10E+01
15978.1,1,1.80E+01,1.96E+01
15983.1,1,1.80E+01,1.95E+01
15988.1,1,1.80E+01,2.03E+01
15993.1,1,1.80E+01,2.02E+01
15998.1,1,1.80E+01,2.04E+01
16003.2,1,1.80E+01,2.02E+01
16008.2,1,1.80E+01,2.03E+01
16013.2,1,1.80E+01,2.02E+01
16018.1,1,1.80E+01,1.96E+01
16023.2,1,1.80E+01,2.03E+01
16028.2,1,1.80E+01,2.02E+01
16033.2,1,1.80E+01,2.04E+01
16038.2,1,1.80E+01,2.02E+01
16043.2,1,1.80E+01,2.03E+01
16048.2,1,1.80E+01,1.96E+01
16053.3,1,1.80E+01,2.03E+01
16058.3,1,1.80E+01,2.03E+01
16063.3,1,1.80E+01,2.02E+01
16068.3,1,1.80E+01,2.03E+01
16073.3,1,1.80E+01,2.02E+01
16078.3,1,1.80E+01,2.03E+01
16083.3,1,1.80E+01,1.96E+01
16088.4,1,1.80E+01,2.03E+01
16093.4,1,1.80E+01,2.03E+01
16098.4,1,1.80E+01,2.02E+01
16103.4,1,1.80E+01,1.95E+01
16108.4,1,1.80E+01,2.02E+01
16113.5,1,1.80E+01,2.03E+01
16118.5,1,1.80E+01,2.03E+01
16123.5,1,1.80E+01,2.03E+01
16128.5,1,1.80E+01,2.02E+01
16133.5,1,1.80E+01,2.03E+01
16138.5,1,1.80E+01,2.04E+01
16143.5,1,1.80E+01,2.02E+01
16148.5,1,1.80E+01,2.03E+01
16153.6,1,1.80E+01,2.03E+01
16158.6,1,1.80E+01,2.02E+01
16163.6,1,1.80E+01,2.03E+01
16168.6,1,1.80E+01,2.03E+01
16173.6,1,1.80E+01,1.96E+01
16178.7,1,1.80E+01,2.02E+01
16183.7,1,1.80E+01,2.03E+01
16188.7,1,1.80E+01,2.03E+01
16193.7,1,1.80E+01,2.03E+01
16198.7,1,1.80E+01,1.95E+01
16203.7,1,1.80E+01,2.03E+01
16208.7,1,1.80E+01,2.04E+01
16213.7,1,1.80E+01,2.02E+01
16218.7,1,1.80E+01,2.02E+01
16223.7,1,1.80E+01,1.95E+01
16228.8,1,1.80E+01,2.03E+01
16233.8,1,1.80E+01,2.03E+01
16238.8,1,1.80E+01,2.02E+01
16243.8,1,1.80E+01,2.04E+01
16248.8,1,1.80E+01,2.02E+01
16253.9,1,1.80E+01,2.02E+01
16258.9,1,1.80E+01,2.03E+01
16263.8,1,1.80E+01,2.03E+01
16268.9,1,1.80E+01,2.02E+01
16273.9,1,1.80E+01,2.02E+01
16278.9,1,1.80E+01,2.03E+01
16283.9,1,1.80E+01,2.02E+01
16288.9,1,1.80E+01,2.03E+01
16293.9,1,1.80E+01,2.03E+01
16299,1,1.80E+01,2.03E+01
16304,1,1.80E+01,1.95E+01
16309,1,1.80E+01,1.87E+01
16314,1,1.80E+01,1.95E+01
16319.1,1,1.80E+01,1.95E+01
16324,1,1.80E+01,1.95E+01
16329,1,1.80E+01,1.96E+01
16334,1,1.80E+01,1.96E+01
16339.1,1,1.80E+01,1.95E+01
16344.1,1,1.80E+01,1.95E+01
16349.1,1,1.80E+01,1.95E+01
16354.1,1,1.80E+01,1.94E+01
16359.1,1,1.80E+01,1.94E+01
16364.2,1,1.80E+01,1.95E+01
16369.2,1,1.80E+01,1.95E+01
16374.2,1,1.80E+01,1.94E+01
16379.2,1,1.80E+01,1.95E+01
16384.2,1,1.80E+01,1.95E+01
16389.2,1,1.80E+01,1.94E+01
16394.2,1,1.80E+01,1.94E+01
16399.2,1,1.80E+01,2.10E+01
16404.3,1,1.80E+01,2.02E+01
16409.3,1,1.80E+01,2.01E+01
16414.3,1,1.80E+01,2.02E+01
16419.3,1,1.80E+01,2.02E+01
16424.3,1,1.80E+01,2.02E+01
16429.4,1,1.80E+01,2.02E+01
16434.4,1,1.80E+01,2.03E+01
16439.4,1,1.80E+01,2.02E+01
16444.4,1,1.80E+01,2.02E+01
16449.4,1,1.80E+01,2.02E+01
16454.4,1,1.80E+01,2.02E+01
16459.4,1,1.80E+01,2.02E+01
16464.4,1,1.80E+01,2.02E+01
16469.5,1,1.80E+01,2.02E+01
16474.5,1,1.80E+01,2.02E+01
16479.5,1,1.80E+01,2.02E+01
16484.5,1,1.80E+01,2.03E+01
16489.5,1,1.80E+01,2.02E+01
16494.6,1,1.80E+01,2.02E+01
16499.6,1,1.80E+01,2.03E+01
16504.6,1,1.80E+01,2.02E+01
16509.6,1,1.80E+01,2.02E+01
16514.6,1,1.80E+01,2.01E+01
16519.6,1,1.80E+01,2.03E+01
16524.6,1,1.80E+01,2.01E+01
16529.7,1,1.80E+01,2.02E+01
16534.7,1,1.80E+01,2.03E+01
16539.7,1,1.80E+01,2.03E+01
16544.7,1,1.80E+01,2.03E+01
16549.7,1,1.80E+01,2.02E+01
16554.7,1,1.80E+01,2.02E+01
16559.8,1,1.80E+01,2.03E+01
16564.8,1,1.80E+01,1.87E+01
16569.8,1,1.80E+01,1.95E+01
16574.8,1,1.80E+01,1.95E+01
16579.8,1,1.80E+01,1.96E+01
16584.8,1,1.80E+01,1.95E+01
16589.8,1,1.80E+01,1.95E+01
16594.8,1,1.80E+01,1.95E+01
16599.8,1,1.80E+01,1.95E+01
16604.9,1,1.80E+01,1.95E+01
16609.9,1,1.80E+01,1.86E+01
16614.9,1,1.80E+01,1.96E+01
16619.9,1,1.80E+01,1.94E+01
16624.9,1,1.80E+01,1.95E+01
16630,1,1.80E+01,1.94E+01
16635,1,1.80E+01,1.94E+01
16640,1,1.80E+01,1.94E+01
16645,1,1.80E+01,1.94E+01
16650,1,1.80E+01,1.95E+01
16655,1,1.80E+01,1.94E+01
16660,1,1.80E+01,1.95E+01
16665.1,1,1.80E+01,1.95E+01
16670.1,1,1.80E+01,1.94E+01
16675.1,1,1.80E+01,1.95E+01
16680.1,1,1.80E+01,1.95E+01
16685.1,1,1.80E+01,1.95E+01
16690.1,1,1.80E+01,1.94E+01
16695.2,1,1.80E+01,1.95E+01
16700.2,1,1.80E+01,1.94E+01
16705.2,1,1.80E+01,1.95E+01
16710.2,1,1.80E+01,1.95E+01
16715.2,1,1.80E+01,1.95E+01
16720.2,1,1.80E+01,1.95E+01
16725.2,1,1.80E+01,1.95E+01
16730.2,1,1.80E+01,1.95E+01
16735.2,1,1.80E+01,1.95E+01
16740.3,1,1.80E+01,1.96E+01
16745.3,1,1.80E+01,1.95E+01
16750.3,1,1.80E+01,1.96E+01
16755.3,1,1.80E+01,2.11E+01
16760.4,1,1.80E+01,1.95E+01
16765.4,1,1.80E+01,1.96E+01
16770.4,1,1.80E+01,1.95E+01
16775.4,1,1.80E+01,1.95E+01
16780.4,1,1.80E+01,1.94E+01
16785.4,1,1.80E+01,1.95E+01
16790.4,1,1.80E+01,1.96E+01
16795.4,1,1.80E+01,1.95E+01
16800.4,1,1.80E+01,1.96E+01
16805.5,1,1.80E+01,2.10E+01
16810.5,1,1.80E+01,2.03E+01
16815.5,1,1.80E+01,2.02E+01
16820.5,1,1.80E+01,2.03E+01
16825.5,1,1.80E+01,2.04E+01
16830.5,1,1.80E+01,2.03E+01
16835.5,1,1.80E+01,2.03E+01
16840.5,1,1.80E+01,2.03E+01
16845.5,1,1.80E+01,2.03E+01
16850.5,1,1.80E+01,2.03E+01
16855.6,1,1.80E+01,2.03E+01
16860.6,1,1.80E+01,2.03E+01
16865.6,1,1.80E+01,2.04E+01
16870.6,1,1.80E+01,2.04E+01
16875.6,1,1.80E+01,2.02E+01
16880.7,1,1.80E+01,2.03E+01
16885.7,1,1.80E+01,1.87E+01
16890.7,1,1.80E+01,1.95E+01
16895.7,1,1.80E+01,1.96E+01
16900.7,1,1.80E+01,1.95E+01
16905.7,1,1.80E+01,1.96E+01
16910.7,1,1.80E+01,1.87E+01
16915.7,1,1.80E+01,1.88E+01
16920.8,1,1.80E+01,1.86E+01
16925.8,1,1.80E+01,1.87E+01
16930.8,1,1.80E+01,1.95E+01
16935.8,1,1.80E+01,1.96E+01
16940.8,1,1.80E+01,1.96E+01
16945.8,1,1.80E+01,1.95E+01
16950.8,1,1.80E+01,1.96E+01
16955.8,1,1.80E+01,1.96E+01
16960.8,1,1.80E+01,1.87E+01
16965.8,1,1.80E+01,1.95E+01
16970.9,1,1.80E+01,1.96E+01
16975.9,1,1.80E+01,1.97E+01
16980.9,1,1.80E+01,1.96E+01
16985.9,1,1.80E+01,1.97E+01
16990.9,1,1.80E+01,1.96E+01
16995.9,1,1.80E+01,1.96E+01
17001,1,1.80E+01,1.97E+01
17006,1,1.80E+01,1.88E+01
17011,1,1.80E+01,1.97E+01
17016,1,1.80E+01,1.96E+01
17021,1,1.80E+01,1.89E+01
17026,1,1.80E+01,1.87E+01
17031,1,1.80E+01,1.88E+01
17036,1,1.80E+01,1.97E+01
17041,1,1.80E+01,1.97E+01
17046,1,1.80E+01,1.82E+01
17051.1,1,1.80E+01,1.87E+01
17056.1,1,1.80E+01,1.89E+01
17061.1,1,1.80E+01,1.87E+01
17066.1,1,1.80E+01,1.81E+01
17071.1,1,1.80E+01,1.88E+01
17076.2,1,1.80E+01,1.88E+01
17081.1,1,1.80E+01,1.88E+01
17086.1,1,1.80E+01,1.88E+01
17091.2,1,1.80E+01,1.89E+01
17096.2,1,1.80E+01,1.87E+01
17101.2,1,1.80E+01,1.88E+01
17106.2,1,1.80E+01,1.88E+01
17111.2,1,1.80E+01,1.88E+01
17116.2,1,1.80E+01,1.89E+01
17121.3,1,1.80E+01,1.88E+01
17126.3,1,1.80E+01,1.97E+01
17131.3,1,1.80E+01,1.87E+01
17136.3,1,1.80E+01,1.88E+01
17141.3,1,1.80E+01,1.88E+01
17146.3,1,1.80E+01,1.88E+01
17151.3,1,1.80E+01,1.88E+01
17156.3,1,1.80E+01,2.03E+01
17161.3,1,1.80E+01,1.97E+01
17166.3,1,1.80E+01,1.96E+01
17171.4,1,1.80E+01,1.96E+01
17176.4,1,1.80E+01,1.97E+01
17181.4,1,1.80E+01,1.97E+01
17186.4,1,1.80E+01,1.96E+01
17191.4,1,1.80E+01,1.96E+01
17196.4,1,1.80E+01,1.97E+01
17201.4,1,1.80E+01,1.96E+01
17206.4,1,1.80E+01,1.96E+01
17211.4,1,1.80E+01,1.97E+01
17216.5,1,1.80E+01,1.96E+01
17221.5,1,1.80E+01,1.97E+01
17226.5,1,1.80E+01,1.97E+01
17231.5,1,1.80E+01,1.97E+01
17236.6,1,1.80E+01,1.97E+01
17241.6,1,1.80E+01,1.97E+01
17246.6,1,1.80E+01,1.97E+01
17251.6,1,1.80E+01,1.97E+01
17256.6,1,1.80E+01,1.96E+01
17261.6,1,1.80E+01,1.96E+01
17266.6,1,1.80E+01,1.97E+01
17271.6,1,1.80E+01,1.96E+01
17276.6,1,1.80E+01,1.97E+01
17281.7,1,1.80E+01,1.96E+01
17286.7,1,1.80E+01,1.81E+01
17291.7,1,1.80E+01,1.81E+01
17296.7,1,1.80E+01,1.88E+01
17301.7,1,1.80E+01,1.88E+01
17306.7,1,1.80E+01,1.89E+01
17311.8,1,1.80E+01,1.88E+01
17316.8,1,1.80E+01,1.88E+01
17321.8,1,1.80E+01,1.87E+01
17326.8,1,1.80E+01,1.88E+01
17331.8,1,1.80E+01,1.88E+01
17336.8,1,1.80E+01,1.88E+01
17341.8,1,1.80E+01,1.88E+01
17346.8,1,1.80E+01,1.82E+01
17351.8,1,1.80E+01,1.88E+01
17356.9,1,1.80E+01,1.88E+01
17361.9,1,1.80E+01,1.88E+01
17366.9,1,1.80E+01,1.88E+01
17371.9,1,1.80E+01,1.88E+01
17376.9,1,1.80E+01,1.82E+01
17381.9,1,1.80E+01,1.82E+01
17386.9,1,1.80E+01,1.89E+01
17391.9,1,1.80E+01,1.89E+01
17396.9,1,1.80E+01,1.88E+01
17402,1,1.80E+01,1.90E+01
17407,1,1.80E+01,1.88E+01
17412,1,1.80E+01,1.88E+01
17417,1,1.80E+01,1.88E+01
17422,1,1.80E+01,1.88E+01
17427.1,1,1.80E+01,1.88E+01
17432.1,1,1.80E+01,1.88E+01
17437.1,1,1.80E+01,1.88E+01
17442.1,1,1.80E+01,1.88E+01
17447.1,1,1.80E+01,1.88E+01
17452.1,1,1.80E+01,1.87E+01
17457.1,1,1.80E+01,1.88E+01
17462.1,1,1.80E+01,1.88E+01
17467.2,1,1.80E+01,1.88E+01
17472.2,1,1.80E+01,1.88E+01
17477.2,1,1.80E+01,1.88E+01
17482.2,1,1.80E+01,1.88E+01
17487.2,1,1.80E+01,1.88E+01
17492.2,1,1.80E+01,1.88E+01
17497.3,1,1.80E+01,1.88E+01
17502.3,1,1.80E+01,1.87E+01
17507.3,1,1.80E+01,1.88E+01
17512.3,1,1.80E+01,1.88E+01
17517.3,1,1.80E+01,1.88E+01
17522.3,1,1.80E+01,1.88E+01
17527.3,1,1.80E+01,1.88E+01
17532.3,1,1.80E+01,1.88E+01
17537.4,1,1.80E+01,1.87E+01
17542.4,1,1.80E+01,1.87E+01
17547.4,1,1.80E+01,1.88E+01
17552.4,1,1.80E+01,1.87E+01
17557.4,1,1.80E+01,1.87E+01
17562.5,1,1.80E+01,1.88E+01
17567.5,1,1.80E+01,1.88E+01
17572.5,1,1.80E+01,1.96E+01
17577.5,1,1.80E+01,1.87E+01
17582.5,1,1.80E+01,1.87E+01
17587.5,1,1.80E+01,1.87E+01
17592.5,1,1.80E+01,1.87E+01
17597.5,1,1.80E+01,1.97E+01
17602.6,1,1.80E+01,1.96E+01
17607.6,1,1.80E+01,1.96E+01
17612.6,1,1.80E+01,2.04E+01
17617.6,1,1.80E+01,1.97E+01
17622.6,1,1.80E+01,1.96E+01
17627.7,1,1.80E+01,2.03E+01
17632.7,1,1.80E+01,2.04E+01
17637.6,1,1.80E+01,1.96E+01
17642.7,1,1.80E+01,2.04E+01
17647.7,1,1.80E+01,1.96E+01
17652.7,1,1.80E+01,1.97E+01
17657.7,1,1.80E+01,1.97E+01
17662.7,1,1.80E+01,1.95E+01
17667.7,1,1.80E+01,1.97E+01
17672.8,1,1.80E+01,1.95E+01
17677.8,1,1.80E+01,1.96E+01
17682.8,1,1.80E+01,1.97E+01
17687.8,1,1.80E+01,1.96E+01
17692.8,1,1.80E+01,1.96E+01
17697.8,1,1.80E+01,1.96E+01
17702.8,1,1.80E+01,1.97E+01
17707.8,1,1.80E+01,1.96E+01
17712.8,1,1.80E+01,1.88E+01
17717.9,1,1.80E+01,1.89E+01
17722.9,1,1.80E+01,1.88E+01
17727.9,1,1.80E+01,1.81E+01
17732.9,1,1.80E+01,1.81E+01
17737.9,1,1.80E+01,1.81E+01
17743,1,1.80E+01,1.88E+01
17748,1,1.80E+01,1.88E+01
17753,1,1.80E+01,1.81E+01
17758,1,1.80E+01,1.88E+01
17763,1,1.80E+01,1.87E+01
17768,1,1.80E+01,1.81E+01
17773,1,1.80E+01,1.81E+01
17778,1,1.80E+01,1.87E+01
17783,1,1.80E+01,1.89E+01
17788,1,1.80E+01,1.88E+01
17793.1,1,1.80E+01,1.88E+01
17798.1,1,1.80E+01,1.88E+01
17803.1,1,1.80E+01,1.88E+01
17808.1,1,1.80E+01,1.82E+01
17813.2,1,1.80E+01,1.88E+01
17818.2,1,1.80E+01,1.82E+01
17823.1,1,1.80E+01,1.88E+01
17828.2,1,1.80E+01,1.82E+01
17833.2,1,1.80E+01,1.89E+01
17838.2,1,1.80E+01,1.88E+01
17843.2,1,1.80E+01,1.81E+01
17848.2,1,1.80E+01,1.81E+01
17853.2,1,1.80E+01,1.89E+01
17858.3,1,1.80E+01,1.75E+01
17863.3,1,1.80E+01,1.81E+01
17868.3,1,1.80E+01,1.76E+01
17873.3,1,1.80E+01,1.81E+01
17878.4,1,1.80E+01,1.81E+01
17883.4,1,1.80E+01,1.82E+01
17888.3,1,1.80E+01,1.82E+01
17893.4,1,1.80E+01,1.81E+01
17898.4,1,1.80E+01,1.81E+01
17903.4,1,1.80E+01,1.81E+01
17908.4,1,1.80E+01,1.81E+01
17913.4,1,1.80E+01,1.81E+01
17918.5,1,1.80E+01,1.82E+01
17923.5,1,1.80E+01,1.81E+01
17928.5,1,1.80E+01,1.82E+01
17933.5,1,1.80E+01,1.81E+01
17938.5,1,1.80E+01,1.81E+01
17943.6,1,1.80E+01,1.81E+01
17948.5,1,1.80E+01,1.81E+01
17953.5,1,1.80E+01,1.81E+01
17958.6,1,1.80E+01,1.81E+01
17963.6,1,1.80E+01,1.82E+01
17968.6,1,1.80E+01,1.81E+01
17973.6,1,1.80E+01,1.82E+01
17978.6,1,1.80E+01,1.88E+01
17983.7,1,1.80E+01,1.81E+01
17988.7,1,1.80E+01,1.82E+01
17993.7,1,1.80E+01,1.82E+01
17998.7,1,1.80E+01,1.82E+01
18003.7,1,1.80E+01,1.81E+01
18008.7,1,1.80E+01,1.89E+01
18013.7,1,1.80E+01,1.88E+01
18018.7,1,1.80E+01,1.97E+01
18023.7,1,1.80E+01,1.88E+01
18028.8,1,1.80E+01,1.88E+01
18033.8,1,1.80E+01,1.88E+01
18038.8,1,1.80E+01,1.88E+01
18043.8,1,1.80E+01,1.88E+01
18048.8,1,1.80E+01,1.96E+01
18053.9,1,1.80E+01,1.88E+01
18058.9,1,1.80E+01,1.97E+01
18063.9,1,1.80E+01,1.88E+01
18068.9,1,1.80E+01,1.88E+01
18073.9,1,1.80E+01,1.87E+01
18078.9,1,1.80E+01,1.88E+01
18083.9,1,1.80E+01,1.87E+01
18088.9,1,1.80E+01,1.88E+01
18094,1,1.80E+01,1.88E+01
18099,1,1.80E+01,1.88E+01
18104,1,1.80E+01,1.88E+01
18109,1,1.80E+01,1.88E+01
18114,1,1.80E+01,1.88E+01
18119,1,1.80E+01,1.88E+01
18124,1,1.80E+01,1.88E+01
18129.1,1,1.80E+01,1.88E+01
18134.1,1,1.80E+01,1.88E+01
18139,1,1.80E+01,1.89E+01
18144,1,1.80E+01,1.88E+01
18149.1,1,1.80E+01,1.88E+01
18154.1,1,1.80E+01,1.83E+01
18159.1,1,1.80E+01,1.88E+01
18164.1,1,1.80E+01,1.88E+01
18169.1,1,1.80E+01,1.88E+01
18174.1,1,1.80E+01,1.90E+01
18179.1,1,1.80E+01,1.88E+01
18184.2,1,1.80E+01,1.88E+01
18189.2,1,1.80E+01,1.89E+01
18194.2,1,1.80E+01,1.89E+01
18199.2,1,1.80E+01,1.89E+01
18204.2,1,1.80E+01,1.89E+01
18209.2,1,1.80E+01,1.88E+01
18214.2,1,1.80E+01,1.89E+01
18219.3,1,1.80E+01,1.89E+01
18224.3,1,1.80E+01,1.82E+01
18229.3,1,1.80E+01,1.88E+01
18234.3,1,1.80E+01,1.83E+01
18239.3,1,1.80E+01,1.89E+01
18244.3,1,1.80E+01,1.89E+01
18249.4,1,1.80E+01,1.75E+01
18254.4,1,1.80E+01,1.82E+01
18259.4,1,1.80E+01,1.82E+01
18264.4,1,1.80E+01,1.82E+01
18269.4,1,1.80E+01,1.82E+01
18274.4,1,1.80E+01,1.75E+01
18279.4,1,1.80E+01,1.82E+01
18284.5,1,1.80E+01,1.81E+01
18289.5,1,1.80E+01,1.76E+01
18294.5,1,1.80E+01,1.81E+01
18299.5,1,1.80E+01,1.82E+01
18304.5,1,1.80E+01,1.82E+01
18309.5,1,1.80E+01,1.82E+01
18314.5,1,1.80E+01,1.82E+01
18319.5,1,1.80E+01,1.81E+01
18324.5,1,1.80E+01,1.81E+01
18329.5,1,1.80E+01,1.81E+01
18334.5,1,1.80E+01,1.82E+01
18339.6,1,1.80E+01,1.81E+01
18344.6,1,1.80E+01,1.82E+01
18349.6,1,1.80E+01,1.82E+01
18354.6,1,1.80E+01,1.82E+01
18359.6,1,1.80E+01,1.82E+01
18364.6,1,1.80E+01,1.82E+01
18369.7,1,1.80E+01,1.82E+01
18374.7,1,1.80E+01,1.82E+01
18379.7,1,1.80E+01,1.82E+01
18384.7,1,1.80E+01,1.82E+01
18389.7,1,1.80E+01,1.82E+01
18394.7,1,1.80E+01,1.82E+01
18399.7,1,1.80E+01,1.82E+01
18404.7,1,1.80E+01,1.81E+01
18409.7,1,1.80E+01,1.82E+01
18414.7,1,1.80E+01,1.82E+01
18419.8,1,1.80E+01,1.82E+01
18424.8,1,1.80E+01,1.81E+01
18429.8,1,1.80E+01,1.81E+01
18434.8,1,1.80E+01,1.82E+01
18439.8,1,1.80E+01,1.82E+01
18444.8,1,1.80E+01,1.82E+01
18449.8,1,1.80E+01,1.81E+01
18454.8,1,1.80E+01,1.83E+01
18459.9,1,1.80E+01,1.81E+01
18464.9,1,1.80E+01,1.82E+01
18469.9,1,1.80E+01,1.81E+01
18474.9,1,1.80E+01,1.83E+01
18479.9,1,1.80E+01,1.82E+01
18484.9,1,1.80E+01,1.82E+01
18490,1,1.80E+01,1.82E+01
18495,1,1.80E+01,1.82E+01
18500,1,1.80E+01,1.81E+01
18505,1,1.80E+01,1.81E+01
18510,1,1.80E+01,1.81E+01
18515,1,1.80E+01,1.82E+01
18520,1,1.80E+01,1.82E+01
18525,1,1.80E+01,1.82E+01
18530.1,1,1.80E+01,1.81E+01
18535.1,1,1.80E+01,1.82E+01
18540.1,1,1.80E+01,1.81E+01
18545.1,1,1.80E+01,1.81E+01
18550.1,1,1.80E+01,1.81E+01
18555.1,1,1.80E+01,1.81E+01
18560.2,1,1.80E+01,1.81E+01
18565.1,1,1.80E+01,1.81E+01
18570.2,1,1.80E+01,1.81E+01
18575.2,1,1.80E+01,1.81E+01
18580.2,1,1.80E+01,1.82E+01
18585.2,1,1.80E+01,1.81E+01
18590.2,1,1.80E+01,1.82E+01
18595.2,1,1.80E+01,1.82E+01
18600.2,1,1.80E+01,1.82E+01
18605.3,1,1.80E+01,1.81E+01
18610.3,1,1.80E+01,1.82E+01
18615.3,1,1.80E+01,1.82E+01
18620.3,1,1.80E+01,1.82E+01
18625.3,1,1.80E+01,1.82E+01
18630.3,1,1.80E+01,1.82E+01
18635.3,1,1.80E+01,1.82E+01
18640.3,1,1.80E+01,1.82E+01
18645.3,1,1.80E+01,1.81E+01
18650.4,1,1.80E+01,1.82E+01
18655.4,1,1.80E+01,1.82E+01
18660.4,1,1.80E+01,1.81E+01
18665.4,1,1.80E+01,1.81E+01
18670.4,1,1.80E+01,1.82E+01
18675.4,1,1.80E+01,1.82E+01
18680.5,1,1.80E+01,1.81E+01
18685.5,1,1.80E+01,1.81E+01
18690.4,1,1.80E+01,1.81E+01
18695.5,1,1.80E+01,1.81E+01
18700.5,1,1.80E+01,1.81E+01
18705.5,1,1.80E+01,1.81E+01
18710.5,1,1.80E+01,1.81E+01
18715.5,1,1.80E+01,1.82E+01
18720.5,1,1.80E+01,1.82E+01
18725.6,1,1.80E+01,1.81E+01
18730.6,1,1.80E+01,1.82E+01
18735.6,1,1.80E+01,1.82E+01
18740.6,1,1.80E+01,1.82E+01
18745.6,1,1.80E+01,1.81E+01
18750.6,1,1.80E+01,1.81E+01
18755.6,1,1.80E+01,1.82E+01
18760.6,1,1.80E+01,1.82E+01
18765.6,1,1.80E+01,1.81E+01
18770.7,1,1.80E+01,1.81E+01
18775.7,1,1.80E+01,1.82E+01
18780.7,1,1.80E+01,1.81E+01
18785.7,1,1.80E+01,1.81E+01
18790.7,1,1.80E+01,1.81E+01
18795.7,1,1.80E+01,1.82E+01
18800.7,1,1.80E+01,1.81E+01
18805.8,1,1.80E+01,1.81E+01
18810.7,1,1.80E+01,1.82E+01
18815.7,1,1.80E+01,1.82E+01
18820.7,1,1.80E+01,1.81E+01
18825.8,1,1.80E+01,1.81E+01
18830.8,1,1.80E+01,1.81E+01
18835.8,1,1.80E+01,1.82E+01
18840.8,1,1.80E+01,1.75E+01
18845.8,1,1.80E+01,1.82E+01
18850.8,1,1.80E+01,1.81E+01
18855.8,1,1.80E+01,1.82E+01
18860.8,1,1.80E+01,1.82E+01
18865.9,1,1.80E+01,1.82E+01
18870.9,1,1.80E+01,1.81E+01
18875.9,1,1.80E+01,1.75E+01
18880.9,1,1.80E+01,1.82E+01
18885.9,1,1.80E+01,1.81E+01
18890.9,1,1.80E+01,1.82E+01
18895.9,1,1.80E+01,1.81E+01
18900.9,1,1.80E+01,1.82E+01
18905.9,1,1.80E+01,1.81E+01
18910.9,1,1.80E+01,1.81E+01
18916,1,1.80E+01,1.82E+01
18921,1,1.80E+01,1.75E+01
18926,1,1.80E+01,1.81E+01
18931,1,1.80E+01,1.81E+01
18936.1,1,1.80E+01,1.81E+01
18941,1,1.80E+01,1.82E+01
18946,1,1.80E+01,1.82E+01
18951.1,1,1.80E+01,1.82E+01
18956.1,1,1.80E+01,1.81E+01
18961.1,1,1.80E+01,1.82E+01
18966.1,1,1.80E+01,1.81E+01
18971.1,1,1.80E+01,1.75E+01
18976.1,1,1.80E+01,1.82E+01
18981.2,1,1.80E+01,1.82E+01
18986.2,1,1.80E+01,1.82E+01
18991.2,1,1.80E+01,1.81E+01
18996.2,1,1.80E+01,1.82E+01
19001.2,1,1.80E+01,1.82E+01
19006.2,1,1.80E+01,1.76E+01
19011.2,1,1.80E+01,1.75E+01
19016.3,1,1.80E+01,1.82E+01
19021.3,1,1.80E+01,1.82E+01
19026.3,1,1.80E+01,1.82E+01
19031.3,1,1.80E+01,1.76E+01
19036.3,1,1.80E+01,1.69E+01
19041.3,1,1.80E+01,1.75E+01
19046.3,1,1.80E+01,1.76E+01
19051.4,1,1.80E+01,1.75E+01
19056.4,1,1.80E+01,1.75E+01
19061.4,1,1.80E+01,1.75E+01
19066.4,1,1.80E+01,1.70E+01
19071.4,1,1.80E+01,1.75E+01
19076.4,1,1.80E+01,1.75E+01
19081.4,1,1.80E+01,1.75E+01
19086.4,1,1.80E+01,1.75E+01
19091.4,1,1.80E+01,1.75E+01
19096.5,1,1.80E+01,1.75E+01
19101.5,1,1.80E+01,1.75E+01
19106.5,1,1.80E+01,1.75E+01
19111.5,1,1.80E+01,1.76E+01
19116.5,1,1.80E+01,1.76E+01
19121.6,1,1.80E+01,1.75E+01
19126.5,1,1.80E+01,1.75E+01
19131.5,1,1.80E+01,1.75E+01
19136.6,1,1.80E+01,1.75E+01
19141.6,1,1.80E+01,1.75E+01
19146.6,1,1.80E+01,1.75E+01
19151.6,1,1.80E+01,1.75E+01
19156.6,1,1.80E+01,1.75E+01
19161.6,1,1.80E+01,1.75E+01
19166.7,1,1.80E+01,1.75E+01
19171.7,1,1.80E+01,1.75E+01
19176.7,1,1.80E+01,1.75E+01
19181.7,1,1.80E+01,1.75E+01
19186.7,1,1.80E+01,1.75E+01
19191.7,1,1.80E+01,1.75E+01
19196.7,1,1.80E+01,1.75E+01
19201.7,1,1.80E+01,1.74E+01
19206.7,1,1.80E+01,1.75E+01
19211.8,1,1.80E+01,1.75E+01
19216.8,1,1.80E+01,1.75E+01
19221.8,1,1.80E+01,1.75E+01
19226.8,1,1.80E+01,1.75E+01
19231.8,1,1.80E+01,1.75E+01
19236.8,1,1.80E+01,1.76E+01
19241.8,1,1.80E+01,1.75E+01
19246.8,1,1.80E+01,1.75E+01
19251.8,1,1.80E+01,1.75E+01
19256.9,1,1.80E+01,1.76E+01
19261.9,1,1.80E+01,1.76E+01
19266.9,1,1.80E+01,1.75E+01
19271.9,1,1.80E+01,1.75E+01
19276.9,1,1.80E+01,1.76E+01
19282,1,1.80E+01,1.75E+01
19287,1,1.80E+01,1.76E+01
19292,1,1.80E+01,1.75E+01
19297,1,1.80E+01,1.76E+01
19302,1,1.80E+01,1.76E+01
19307,1,1.80E+01,1.75E+01
19312,1,1.80E+01,1.75E+01
19317,1,1.80E+01,1.76E+01
19322,1,1.80E+01,1.76E+01
19327,1,1.80E+01,1.76E+01
19332.1,1,1.80E+01,1.75E+01
19337.1,1,1.80E+01,1.75E+01
19342.1,1,1.80E+01,1.75E+01
19347.1,1,1.80E+01,1.75E+01
19352.1,1,1.80E+01,1.75E+01
19357.2,1,1.80E+01,1.76E+01
19362.2,1,1.80E+01,1.75E+01
19367.1,1,1.80E+01,1.75E+01
19372.1,1,1.80E+01,1.75E+01
19377.2,1,1.80E+01,1.75E+01
19382.2,1,1.80E+01,1.75E+01
19387.2,1,1.80E+01,1.75E+01
19392.2,1,1.80E+01,1.75E+01
19397.2,1,1.80E+01,1.75E+01
19402.2,1,1.80E+01,1.75E+01
19407.3,1,1.80E+01,1.75E+01
19412.3,1,1.80E+01,1.74E+01
19417.3,1,1.80E+01,1.75E+01
19422.3,1,1.80E+01,1.76E+01
19427.3,1,1.80E+01,1.75E+01
19432.3,1,1.80E+01,1.75E+01
19437.3,1,1.80E+01,1.75E+01
19442.3,1,1.80E+01,1.75E+01
19447.3,1,1.80E+01,1.76E+01
19452.3,1,1.80E+01,1.75E+01
19457.3,1,1.80E+01,1.75E+01
19462.4,1,1.80E+01,1.76E+01
19467.4,1,1.80E+01,1.75E+01
19472.4,1,1.80E+01,1.75E+01
19477.4,1,1.80E+01,1.75E+01
19482.4,1,1.80E+01,1.75E+01
19487.5,1,1.80E+01,1.75E+01
19492.4,1,1.80E+01,1.75E+01
19497.4,1,1.80E+01,1.75E+01
19502.4,1,1.80E+01,1.75E+01
19507.5,1,1.80E+01,1.75E+01
19512.5,1,1.80E+01,1.75E+01
19517.5,1,1.80E+01,1.75E+01
19522.5,1,1.80E+01,1.75E+01
19527.5,1,1.80E+01,1.75E+01
19532.5,1,1.80E+01,1.75E+01
19537.6,1,1.80E+01,1.75E+01
19542.6,1,1.80E+01,1.75E+01
19547.6,1,1.80E+01,1.74E+01
19552.6,1,1.80E+01,1.75E+01
19557.6,1,1.80E+01,1.75E+01
19562.6,1,1.80E+01,1.76E+01
19567.6,1,1.80E+01,1.75E+01
19572.6,1,1.80E+01,1.75E+01
19577.7,1,1.80E+01,1.75E+01
19582.7,1,1.80E+01,1.75E+01
19587.7,1,1.80E+01,1.75E+01
19592.7,1,1.80E+01,1.75E+01
19597.7,1,1.80E+01,1.75E+01
19602.8,1,1.80E+01,1.75E+01
19607.8,1,1.80E+01,1.69E+01
19612.8,1,1.80E+01,1.75E+01
19617.8,1,1.80E+01,1.75E+01
19622.8,1,1.80E+01,1.75E+01
19627.8,1,1.80E+01,1.75E+01
19632.8,1,1.80E+01,1.75E+01
19637.8,1,1.80E+01,1.74E+01
19642.8,1,1.80E+01,1.76E+01
19647.9,1,1.80E+01,1.74E+01
19652.9,1,1.80E+01,1.75E+01
19657.9,1,1.80E+01,1.75E+01
19662.9,1,1.80E+01,1.75E+01
19667.9,1,1.80E+01,1.74E+01
19673,1,1.80E+01,1.76E+01
19678,1,1.80E+01,1.75E+01
19683,1,1.80E+01,1.75E+01
19688,1,1.80E+01,1.75E+01
19693,1,1.80E+01,1.75E+01
19698,1,1.80E+01,1.75E+01
19703,1,1.80E+01,1.74E+01
19708,1,1.80E+01,1.75E+01
19713,1,1.80E+01,1.75E+01
19718,1,1.80E+01,1.75E+01
19723.1,1,1.80E+01,1.75E+01
19728.1,1,1.80E+01,1.76E+01
19733.1,1,1.80E+01,1.76E+01
19738.1,1,1.80E+01,1.69E+01
19743.1,1,1.80E+01,1.75E+01
19748.1,1,1.80E+01,1.70E+01
19753.1,1,1.80E+01,1.75E+01
19758.1,1,1.80E+01,1.75E+01
19763.2,1,1.80E+01,1.76E+01
19768.2,1,1.80E+01,1.75E+01
19773.2,1,1.80E+01,1.69E+01
19778.2,1,1.80E+01,1.75E+01
19783.2,1,1.80E+01,1.76E+01
19788.2,1,1.80E+01,1.69E+01
19793.3,1,1.80E+01,1.69E+01
19798.3,1,1.80E+01,1.76E+01
19803.3,1,1.80E+01,1.69E+01
19808.3,1,1.80E+01,1.75E+01
19813.3,1,1.80E+01,1.69E+01
19818.3,1,1.80E+01,1.63E+01
19823.3,1,1.80E+01,1.69E+01
19828.3,1,1.80E+01,1.63E+01
19833.3,1,1.80E+01,1.63E+01
19838.4,1,1.80E+01,1.63E+01
19843.4,1,1.80E+01,1.69E+01
19848.4,1,1.80E+01,1.69E+01
19853.4,1,1.80E+01,1.69E+01
19858.4,1,1.80E+01,1.69E+01
19863.4,1,1.80E+01,1.69E+01
19868.4,1,1.80E+01,1.69E+01
19873.4,1,1.80E+01,1.69E+01
19878.4,1,1.80E+01,1.68E+01
19883.5,1,1.80E+01,1.68E+01
19888.5,1,1.80E+01,1.69E+01
19893.5,1,1.80E+01,1.68E+01
19898.5,1,1.80E+01,1.69E+01
19903.6,1,1.80E+01,1.69E+01
19908.6,1,1.80E+01,1.69E+01
19913.6,1,1.80E+01,1.69E+01
19918.6,1,1.80E+01,1.69E+01
19923.6,1,1.80E+01,1.69E+01
19928.6,1,1.80E+01,1.68E+01
19933.6,1,1.80E+01,1.69E+01
19938.6,1,1.80E+01,1.69E+01
19943.6,1,1.80E+01,1.69E+01
19948.6,1,1.80E+01,1.69E+01
19953.7,1,1.80E+01,1.69E+01
19958.7,1,1.80E+01,1.70E+01
19963.7,1,1.80E+01,1.69E+01
19968.7,1,1.80E+01,1.75E+01
19973.7,1,1.80E+01,1.69E+01
19978.8,1,1.80E+01,1.69E+01
19983.8,1,1.80E+01,1.69E+01
19988.8,1,1.80E+01,1.69E+01
19993.8,1,1.80E+01,1.69E+01
19998.8,1,1.80E+01,1.68E+01
20003.8,1,1.80E+01,1.69E+01
20008.8,1,1.80E+01,1.75E+01
20013.9,1,1.80E+01,1.75E+01
20018.9,1,1.80E+01,1.69E+01
20023.9,1,1.80E+01,1.75E+01
20028.9,1,1.80E+01,1.69E+01
20033.9,1,1.80E+01,1.69E+01
20039,1,1.80E+01,1.82E+01
20044,1,1.80E+01,1.82E+01
20049,1,1.80E+01,1.75E+01
20054,1,1.80E+01,1.75E+01
20059,1,1.80E+01,1.76E+01
20064,1,1.80E+01,1.82E+01
20069,1,1.80E+01,1.82E+01
20074,1,1.80E+01,1.76E+01
20079,1,1.80E+01,1.75E+01
20084,1,1.80E+01,1.75E+01
20089.1,1,1.80E+01,1.75E+01
20094.1,1,1.80E+01,1.75E+01
20099.1,1,1.80E+01,1.75E+01
20104.1,1,1.80E+01,1.75E+01
20109.2,1,1.80E+01,1.76E+01
20114.1,1,1.80E+01,1.75E+01
20119.1,1,1.80E+01,1.75E+01
20124.1,1,1.80E+01,1.76E+01
20129.2,1,1.80E+01,1.75E+01
20134.2,1,1.80E+01,1.75E+01
20139.2,1,1.80E+01,1.75E+01
20144.2,1,1.80E+01,1.76E+01
20149.2,1,1.80E+01,1.75E+01
20154.2,1,1.80E+01,1.75E+01
20159.3,1,1.80E+01,1.75E+01
20164.3,1,1.80E+01,1.75E+01
20169.3,1,1.80E+01,1.75E+01
20174.2,1,1.80E+01,1.75E+01
20179.3,1,1.80E+01,1.70E+01
20184.3,1,1.80E+01,1.75E+01
20189.3,1,1.80E+01,1.75E+01
20194.3,1,1.80E+01,1.76E+01
20199.3,1,1.80E+01,1.75E+01
20204.3,1,1.80E+01,1.75E+01
20209.4,1,1.80E+01,1.69E+01
20214.4,1,1.80E+01,1.75E+01
20219.4,1,1.80E+01,1.75E+01
20224.4,1,1.80E+01,1.75E+01
20229.4,1,1.80E+01,1.75E+01
20234.5,1,1.80E+01,1.75E+01
20239.4,1,1.80E+01,1.75E+01
20244.5,1,1.80E+01,1.74E+01
20249.5,1,1.80E+01,1.74E+01
20254.5,1,1.80E+01,1.74E+01
20259.5,1,1.80E+01,1.75E+01
20264.5,1,1.80E+01,1.75E+01
20269.6,1,1.80E+01,1.68E+01
20274.6,1,1.80E+01,1.74E+01
20279.6,1,1.80E+01,1.69E+01
20284.6,1,1.80E+01,1.68E+01
20289.6,1,1.80E+01,1.68E+01
20294.6,1,1.80E+01,1.69E+01
20299.6,1,1.80E+01,1.68E+01
20304.6,1,1.80E+01,1.69E+01
20309.6,1,1.80E+01,1.63E+01
20314.6,1,1.80E+01,1.63E+01
20319.7,1,1.80E+01,1.68E+01
20324.7,1,1.80E+01,1.63E+01
20329.7,1,1.80E+01,1.63E+01
20334.7,1,1.80E+01,1.63E+01
20339.7,1,1.80E+01,1.69E+01
20344.7,1,1.80E+01,1.69E+01
20349.7,1,1.80E+01,1.69E+01
20354.7,1,1.80E+01,1.69E+01
20359.7,1,1.80E+01,1.69E+01
20364.7,1,1.80E+01,1.69E+01
20369.8,1,1.80E+01,1.69E+01
20374.8,1,1.80E+01,1.69E+01
20379.8,1,1.80E+01,1.69E+01
20384.8,1,1.80E+01,1.63E+01
20389.8,1,1.80E+01,1.63E+01
20394.9,1,1.80E+01,1.69E+01
20399.9,1,1.80E+01,1.68E+01
20404.9,1,1.80E+01,1.69E+01
20409.9,1,1.80E+01,1.69E+01
20414.9,1,1.80E+01,1.69E+01
20419.9,1,1.80E+01,1.69E+01
20425,1,1.80E+01,1.69E+01
20429.9,1,1.80E+01,1.63E+01
20434.9,1,1.80E+01,1.69E+01
20440,1,1.80E+01,1.69E+01
20445,1,1.80E+01,1.69E+01
20450,1,1.80E+01,1.64E+01
20455,1,1.80E+01,1.69E+01
20460,1,1.80E+01,1.63E+01
20465.1,1,1.80E+01,1.69E+01
20470.1,1,1.80E+01,1.69E+01
20475.1,1,1.80E+01,1.69E+01
20480.1,1,1.80E+01,1.69E+01
20485.1,1,1.80E+01,1.70E+01
20490.1,1,1.80E+01,1.69E+01
20495.1,1,1.80E+01,1.69E+01
20500.1,1,1.80E+01,1.69E+01
20505.1,1,1.80E+01,1.69E+01
20510.1,1,1.80E+01,1.68E+01
20515.2,1,1.80E+01,1.69E+01
20520.2,1,1.80E+01,1.69E+01
20525.2,1,1.80E+01,1.69E+01
20530.2,1,1.80E+01,1.69E+01
20535.2,1,1.80E+01,1.57E+01
20540.2,1,1.80E+01,1.63E+01
20545.3,1,1.80E+01,1.57E+01
20550.2,1,1.80E+01,1.62E+01
20555.2,1,1.80E+01,1.63E+01
20560.3,1,1.80E+01,1.63E+01
20565.3,1,1.80E+01,1.63E+01
20570.3,1,1.80E+01,1.63E+01
20575.3,1,1.80E+01,1.63E+01
20580.3,1,1.80E+01,1.57E+01
20585.3,1,1.80E+01,1.62E+01
20590.3,1,1.80E+01,1.62E+01
20595.4,1,1.80E+01,1.63E+01
20600.4,1,1.80E+01,1.63E+01
20605.4,1,1.80E+01,1.63E+01
20610.3,1,1.80E+01,1.63E+01
20615.4,1,1.80E+01,1.63E+01
20620.4,1,1.80E+01,1.63E+01
20625.4,1,1.80E+01,1.63E+01
20630.4,1,1.80E+01,1.63E+01
20635.4,1,1.80E+01,1.63E+01
20640.4,1,1.80E+01,1.63E+01
20645.5,1,1.80E+01,1.63E+01
20650.5,1,1.80E+01,1.63E+01
20655.5,1,1.80E+01,1.63E+01
20660.5,1,1.80E+01,1.63E+01
20665.5,1,1.80E+01,1.63E+01
20670.5,1,1.80E+01,1.63E+01
20675.5,1,1.80E+01,1.63E+01
20680.5,1,1.80E+01,1.63E+01
20685.5,1,1.80E+01,1.64E+01
20690.6,1,1.80E+01,1.64E+01
20695.6,1,1.80E+01,1.63E+01
20700.6,1,1.80E+01,1.69E+01
20705.6,1,1.80E+01,1.64E+01
20710.6,1,1.80E+01,1.63E+01
20715.6,1,1.80E+01,1.63E+01
20720.7,1,1.80E+01,1.63E+01
20725.7,1,1.80E+01,1.64E+01
20730.7,1,1.80E+01,1.63E+01
20735.7,1,1.80E+01,1.63E+01
20740.7,1,1.80E+01,1.63E+01
20745.7,1,1.80E+01,1.63E+01
20750.7,1,1.80E+01,1.63E+01
20755.7,1,1.80E+01,1.63E+01
20760.8,1,1.80E+01,1.64E+01
20765.8,1,1.80E+01,1.63E+01
20770.8,1,1.80E+01,1.63E+01
20775.8,1,1.80E+01,1.63E+01
20780.8,1,1.80E+01,1.69E+01
20785.8,1,1.80E+01,1.69E+01
20790.8,1,1.80E+01,1.69E+01
20795.8,1,1.80E+01,1.69E+01
20800.9,1,1.80E+01,1.69E+01
20805.9,1,1.80E+01,1.69E+01
20810.9,1,1.80E+01,1.69E+01
20815.9,1,1.80E+01,1.69E+01
20820.9,1,1.80E+01,1.69E+01
20826,1,1.80E+01,1.69E+01
20831,1,1.80E+01,1.69E+01
20836,1,1.80E+01,1.69E+01
20841,1,1.80E+01,1.69E+01
20846,1,1.80E+01,1.69E+01
20851,1,1.80E+01,1.69E+01
20856,1,1.80E+01,1.69E+01
20861,1,1.80E+01,1.69E+01
20866,1,1.80E+01,1.70E+01
20871,1,1.80E+01,1.69E+01
20876.1,1,1.80E+01,1.58E+01
20881.1,1,1.80E+01,1.64E+01
20886.1,1,1.80E+01,1.63E+01
20891.1,1,1.80E+01,1.63E+01
20896.1,1,1.80E+01,1.63E+01
20901.2,1,1.80E+01,1.63E+01
20906.2,1,1.80E+01,1.63E+01
20911.2,1,1.80E+01,1.63E+01
20916.2,1,1.80E+01,1.64E+01
20921.2,1,1.80E+01,1.63E+01
20926.2,1,1.80E+01,1.63E+01
20931.2,1,1.80E+01,1.63E+01
20936.2,1,1.80E+01,1.63E+01
20941.2,1,1.80E+01,1.63E+01
20946.3,1,1.80E+01,1.63E+01
20951.3,1,1.80E+01,1.63E+01
20956.3,1,1.80E+01,1.57E+01
20961.3,1,1.80E+01,1.63E+01
20966.3,1,1.80E+01,1.63E+01
20971.3,1,1.80E+01,1.63E+01
20976.3,1,1.80E+01,1.62E+01
20981.3,1,1.80E+01,1.64E+01
20986.4,1,1.80E+01,1.63E+01
20991.4,1,1.80E+01,1.63E+01
20996.4,1,1.80E+01,1.64E+01
21001.4,1,1.80E+01,1.63E+01
21006.5,1,1.80E+01,1.63E+01
21011.5,1,1.80E+01,1.63E+01
21016.5,1,1.80E+01,1.63E+01
21021.5,1,1.80E+01,1.63E+01
21026.5,1,1.80E+01,1.63E+01
21031.5,1,1.80E+01,1.64E+01
21036.6,1,1.80E+01,1.63E+01
21041.5,1,1.80E+01,1.63E+01
21046.5,1,1.80E+01,1.63E+01
21051.6,1,1.80E+01,1.57E+01
21056.6,1,1.80E+01,1.62E+01
21061.6,1,1.80E+01,1.63E+01
21066.6,1,1.80E+01,1.63E+01
21071.6,1,1.80E+01,1.63E+01
21076.6,1,1.80E+01,1.62E+01
21081.7,1,1.80E+01,1.63E+01
21086.7,1,1.80E+01,1.63E+01
21091.7,1,1.80E+01,1.63E+01
21096.7,1,1.80E+01,1.63E+01
21101.7,1,1.80E+01,1.63E+01
21106.7,1,1.80E+01,1.63E+01
21111.7,1,1.80E+01,1.63E+01
21116.7,1,1.80E+01,1.64E+01
21121.8,1,1.80E+01,1.63E+01
21126.8,1,1.80E+01,1.63E+01
21131.8,1,1.80E+01,1.63E+01
21136.8,1,1.80E+01,1.63E+01
21141.8,1,1.80E+01,1.63E+01
21146.9,1,1.80E+01,1.63E+01
21151.9,1,1.80E+01,1.63E+01
21156.9,1,1.80E+01,1.63E+01
21161.9,1,1.80E+01,1.63E+01
21166.9,1,1.80E+01,1.63E+01
21171.9,1,1.80E+01,1.63E+01
21176.9,1,1.80E+01,1.63E+01
21181.9,1,1.80E+01,1.64E+01
21187,1,1.80E+01,1.63E+01
21192,1,1.80E+01,1.63E+01
21197,1,1.80E+01,1.57E+01
21202,1,1.80E+01,1.63E+01
21207,1,1.80E+01,1.63E+01
21212.1,1,1.80E+01,1.63E+01
21217.1,1,1.80E+01,1.57E+01
21222.1,1,1.80E+01,1.63E+01
21227.1,1,1.80E+01,1.63E+01
21232.1,1,1.80E+01,1.63E+01
21237.1,1,1.80E+01,1.64E+01
21242.1,1,1.80E+01,1.63E+01
21247.1,1,1.80E+01,1.58E+01
21252.1,1,1.80E+01,1.63E+01
21257.2,1,1.80E+01,1.63E+01
21262.2,1,1.80E+01,1.63E+01
21267.2,1,1.80E+01,1.63E+01
21272.2,1,1.80E+01,1.62E+01
21277.3,1,1.80E+01,1.63E+01
21282.3,1,1.80E+01,1.63E+01
21287.3,1,1.80E+01,1.63E+01
21292.3,1,1.80E+01,1.63E+01
21297.3,1,1.80E+01,1.58E+01
21302.3,1,1.80E+01,1.57E+01
21307.3,1,1.80E+01,1.57E+01
21312.3,1,1.80E+01,1.57E+01
21317.3,1,1.80E+01,1.52E+01
21322.4,1,1.80E+01,1.52E+01
21327.4,1,1.80E+01,1.57E+01
21332.4,1,1.80E+01,1.52E+01
21337.4,1,1.80E+01,1.58E+01
21342.4,1,1.80E+01,1.57E+01
21347.4,1,1.80E+01,1.57E+01
21352.5,1,1.80E+01,1.57E+01
21357.4,1,1.80E+01,1.52E+01
21362.4,1,1.80E+01,1.57E+01
21367.5,1,1.80E+01,1.58E+01
21372.5,1,1.80E+01,1.57E+01
21377.5,1,1.80E+01,1.52E+01
21382.5,1,1.80E+01,1.57E+01
21387.5,1,1.80E+01,1.57E+01
21392.5,1,1.80E+01,1.57E+01
21397.6,1,1.80E+01,1.57E+01
21402.6,1,1.80E+01,1.58E+01
21407.6,1,1.80E+01,1.57E+01
21412.6,1,1.80E+01,1.57E+01
21417.6,1,1.80E+01,1.58E+01
21422.6,1,1.80E+01,1.57E+01
21427.6,1,1.80E+01,1.52E+01
21432.6,1,1.80E+01,1.57E+01
21437.6,1,1.80E+01,1.58E+01
21442.7,1,1.80E+01,1.57E+01
21447.7,1,1.80E+01,1.52E+01
21452.7,1,1.80E+01,1.58E+01
21457.7,1,1.80E+01,1.57E+01
21462.7,1,1.80E+01,1.57E+01
21467.7,1,1.80E+01,1.57E+01
21472.8,1,1.80E+01,1.57E+01
21477.7,1,1.80E+01,1.57E+01
21482.8,1,1.80E+01,1.57E+01
21487.8,1,1.80E+01,1.58E+01
21492.8,1,1.80E+01,1.57E+01
21497.8,1,1.80E+01,1.57E+01
21502.8,1,1.80E+01,1.58E+01
21507.8,1,1.80E+01,1.57E+01
21512.9,1,1.80E+01,1.57E+01
21517.9,1,1.80E+01,1.58E+01
21522.9,1,1.80E+01,1.58E+01
21527.9,1,1.80E+01,1.58E+01
21532.9,1,1.80E+01,1.57E+01
21537.9,1,1.80E+01,1.57E+01
21542.9,1,1.80E+01,1.57E+01
21547.9,1,1.80E+01,1.52E+01
21552.9,1,1.80E+01,1.57E+01
21558,1,1.80E+01,1.58E+01
21563,1,1.80E+01,1.57E+01
21568,1,1.80E+01,1.57E+01
21573,1,1.80E+01,1.58E+01
21578,1,1.80E+01,1.57E+01
21583,1,1.80E+01,1.57E+01
21588.1,1,1.80E+01,1.57E+01
21593.1,1,1.80E+01,1.57E+01
21598,1,1.80E+01,1.51E+01
21603.1,1,1.80E+01,1.52E+01
21608.1,1,1.80E+01,1.46E+01
21613.1,1,1.80E+01,1.46E+01
21618.1,1,1.80E+01,1.52E+01
21623.1,1,1.80E+01,1.52E+01
21628.2,1,1.80E+01,1.47E+01
21633.2,1,1.80E+01,1.52E+01
21638.2,1,1.80E+01,1.52E+01
21643.2,1,1.80E+01,1.52E+01
21648.2,1,1.80E+01,1.52E+01
21653.2,1,1.80E+01,1.46E+01
21658.3,1,1.80E+01,1.52E+01
21663.2,1,1.80E+01,1.52E+01
21668.2,1,1.80E+01,1.47E+01
21673.2,1,1.80E+01,1.52E+01
21678.3,1,1.80E+01,1.47E+01
21683.3,1,1.80E+01,1.52E+01
21688.3,1,1.80E+01,1.47E+01
21693.3,1,1.80E+01,1.52E+01
21698.4,1,1.80E+01,1.52E+01
21703.4,1,1.80E+01,1.52E+01
21708.4,1,1.80E+01,1.46E+01
21713.4,1,1.80E+01,1.52E+01
21718.4,1,1.80E+01,1.52E+01
21723.4,1,1.80E+01,1.52E+01
21728.4,1,1.80E+01,1.52E+01
21733.4,1,1.80E+01,1.52E+01
21738.5,1,1.80E+01,1.52E+01
21743.5,1,1.80E+01,1.51E+01
21748.5,1,1.80E+01,1.52E+01
21753.5,1,1.80E+01,1.52E+01
21758.5,1,1.80E+01,1.52E+01
21763.5,1,1.80E+01,1.52E+01
21768.6,1,1.80E+01,1.52E+01
21773.6,1,1.80E+01,1.52E+01
21778.6,1,1.80E+01,1.52E+01
21783.6,1,1.80E+01,1.52E+01
21788.6,1,1.80E+01,1.52E+01
21793.6,1,1.80E+01,1.52E+01
21798.6,1,1.80E+01,1.52E+01
21803.6,1,1.80E+01,1.52E+01
21808.6,1,1.80E+01,1.52E+01
21813.6,1,1.80E+01,1.52E+01
21818.7,1,1.80E+01,1.52E+01
21823.7,1,1.80E+01,1.53E+01
21828.7,1,1.80E+01,1.52E+01
21833.7,1,1.80E+01,1.52E+01
21838.7,1,1.80E+01,1.52E+01
21843.7,1,1.80E+01,1.52E+01
21848.7,1,1.80E+01,1.52E+01
21853.7,1,1.80E+01,1.52E+01
21858.8,1,1.80E+01,1.53E+01
21863.8,1,1.80E+01,1.52E+01
21868.8,1,1.80E+01,1.52E+01
21873.8,1,1.80E+01,1.48E+01
21878.8,1,1.80E+01,1.52E+01
21883.9,1,1.80E+01,1.52E+01
21888.9,1,1.80E+01,1.52E+01
21893.9,1,1.80E+01,1.53E+01
21898.9,1,1.80E+01,1.52E+01
21904,1,1.80E+01,1.52E+01
21909,1,1.80E+01,1.53E+01
21913.9,1,1.80E+01,1.53E+01
21918.9,1,1.80E+01,1.53E+01
21923.9,1,1.80E+01,1.52E+01
21929,1,1.80E+01,1.53E+01
21934,1,1.80E+01,1.53E+01
21939,1,1.80E+01,1.52E+01
21944,1,1.80E+01,1.53E+01
21949,1,1.80E+01,1.53E+01
21954.1,1,1.80E+01,1.52E+01
21959.1,1,1.80E+01,1.52E+01
21964.1,1,1.80E+01,1.53E+01
21969.1,1,1.80E+01,1.47E+01
21974.1,1,1.80E+01,1.52E+01
21979.1,1,1.80E+01,1.52E+01
21984.1,1,1.80E+01,1.42E+01
21989.1,1,1.80E+01,1.42E+01
21994.1,1,1.80E+01,1.42E+01
21999.2,1,1.80E+01,1.42E+01
22004.2,1,1.80E+01,1.42E+01
22009.2,1,1.80E+01,1.42E+01
22014.2,1,1.80E+01,1.47E+01
22019.2,1,1.80E+01,1.47E+01
22024.3,1,1.80E+01,1.47E+01
22029.3,1,1.80E+01,1.47E+01
22034.3,1,1.80E+01,1.47E+01
22039.3,1,1.80E+01,1.47E+01
22044.3,1,1.80E+01,1.47E+01
22049.3,1,1.80E+01,1.47E+01
22054.3,1,1.80E+01,1.47E+01
22059.3,1,1.80E+01,1.47E+01
22064.4,1,1.80E+01,1.47E+01
22069.4,1,1.80E+01,1.42E+01
22074.4,1,1.80E+01,1.48E+01
22079.4,1,1.80E+01,1.42E+01
22084.4,1,1.80E+01,1.47E+01
22089.5,1,1.80E+01,1.47E+01
22094.5,1,1.80E+01,1.42E+01
22099.4,1,1.80E+01,1.47E+01
22104.4,1,1.80E+01,1.47E+01
22109.5,1,1.80E+01,1.38E+01
22114.5,1,1.80E+01,1.42E+01
22119.5,1,1.80E+01,1.42E+01
22124.5,1,1.80E+01,1.43E+01
22129.5,1,1.80E+01,1.42E+01
22134.6,1,1.80E+01,1.41E+01
22139.6,1,1.80E+01,1.42E+01
22144.6,1,1.80E+01,1.42E+01
22149.6,1,1.80E+01,1.42E+01
22154.6,1,1.80E+01,1.42E+01
22159.6,1,1.80E+01,1.42E+01
22164.6,1,1.80E+01,1.42E+01
22169.6,1,1.80E+01,1.41E+01
22174.7,1,1.80E+01,1.42E+01
22179.7,1,1.80E+01,1.42E+01
22184.7,1,1.80E+01,1.42E+01
22189.7,1,1.80E+01,1.41E+01
22194.7,1,1.80E+01,1.42E+01
22199.7,1,1.80E+01,1.42E+01
22204.8,1,1.80E+01,1.37E+01
22209.8,1,1.80E+01,1.42E+01
22214.8,1,1.80E+01,1.42E+01
22219.8,1,1.80E+01,1.42E+01
22224.8,1,1.80E+01,1.42E+01
22229.8,1,1.80E+01,1.43E+01
22234.8,1,1.80E+01,1.42E+01
22239.8,1,1.80E+01,1.42E+01
22244.9,1,1.80E+01,1.42E+01
22249.9,1,1.80E+01,1.42E+01
22254.9,1,1.80E+01,1.42E+01
22259.9,1,1.80E+01,1.37E+01
22264.9,1,1.80E+01,1.42E+01
22269.9,1,1.80E+01,1.42E+01
22274.9,1,1.80E+01,1.42E+01
22280,1,1.80E+01,1.42E+01
22284.9,1,1.80E+01,1.42E+01
22289.9,1,1.80E+01,1.42E+01
22295,1,1.80E+01,1.42E+01
22300,1,1.80E+01,1.42E+01
22305,1,1.80E+01,1.42E+01
22310,1,1.80E+01,1.42E+01
22315.1,1,1.80E+01,1.42E+01
22320.1,1,1.80E+01,1.42E+01
22325.1,1,1.80E+01,1.42E+01
22330.1,1,1.80E+01,1.42E+01
22335.1,1,1.80E+01,1.42E+01
22340.2,1,1.80E+01,1.42E+01
22345.2,1,1.80E+01,1.42E+01
22350.1,1,1.80E+01,1.42E+01
22355.2,1,1.80E+01,1.42E+01
22360.2,1,1.80E+01,1.42E+01
22365.2,1,1.80E+01,1.42E+01
22370.2,1,1.80E+01,1.42E+01
22375.2,1,1.80E+01,1.42E+01
22380.3,1,1.80E+01,1.42E+01
22385.3,1,1.80E+01,1.42E+01
22390.3,1,1.80E+01,1.42E+01
22395.3,1,1.80E+01,1.42E+01
22400.4,1,1.80E+01,1.42E+01
22405.3,1,1.80E+01,1.42E+01
22410.3,1,1.80E+01,1.42E+01
22415.4,1,1.80E+01,1.42E+01
22420.4,1,1.80E+01,1.42E+01
22425.4,1,1.80E+01,1.42E+01
22430.4,1,1.80E+01,1.42E+01
22435.4,1,1.80E+01,1.42E+01
22440.4,1,1.80E+01,1.42E+01
22445.5,1,1.80E+01,1.42E+01
22450.5,1,1.80E+01,1.42E+01
22455.5,1,1.80E+01,1.42E+01
22460.5,1,1.80E+01,1.42E+01
22465.5,1,1.80E+01,1.42E+01
22470.5,1,1.80E+01,1.42E+01
22475.5,1,1.80E+01,1.42E+01
22480.5,1,1.80E+01,1.42E+01
22485.6,1,1.80E+01,1.42E+01
22490.6,1,1.80E+01,1.42E+01
22495.6,1,1.80E+01,1.43E+01
22500.6,1,1.80E+01,1.42E+01
22505.6,1,1.80E+01,1.42E+01
22510.7,1,1.80E+01,1.42E+01
22515.7,1,1.80E+01,1.42E+01
22520.7,1,1.80E+01,1.42E+01
22525.7,1,1.80E+01,1.37E+01
22530.7,1,1.80E+01,1.42E+01
22535.7,1,1.80E+01,1.42E+01
22540.7,1,1.80E+01,1.42E+01
22545.7,1,1.80E+01,1.43E+01
22550.7,1,1.80E+01,1.42E+01
22555.7,1,1.80E+01,1.42E+01
22560.8,1,1.80E+01,1.42E+01
22565.8,1,1.80E+01,1.42E+01
22570.8,1,1.80E+01,1.42E+01
22575.8,1,1.80E+01,1.42E+01
22580.8,1,1.80E+01,1.42E+01
22585.9,1,1.80E+01,1.42E+01
22590.8,1,1.80E+01,1.41E+01
22595.8,1,1.80E+01,1.37E+01
22600.8,1,1.80E+01,1.38E+01
22605.9,1,1.80E+01,1.42E+01
22610.9,1,1.80E+01,1.42E+01
22615.9,1,1.80E+01,1.38E+01
22620.9,1,1.80E+01,1.38E+01
22625.9,1,1.80E+01,1.37E+01
22630.9,1,1.80E+01,1.37E+01
22636,1,1.80E+01,1.37E+01
22641,1,1.80E+01,1.37E+01
22646,1,1.80E+01,1.37E+01
22651,1,1.80E+01,1.33E+01
22656,1,1.80E+01,1.33E+01
22661,1,1.80E+01,1.32E+01
22666,1,1.80E+01,1.32E+01
22671,1,1.80E+01,1.33E+01
22676,1,1.80E+01,1.33E+01
22681,1,1.80E+01,1.32E+01
22686.1,1,1.80E+01,1.33E+01
22691.1,1,1.80E+01,1.33E+01
22696.1,1,1.80E+01,1.33E+01
22701.1,1,1.80E+01,1.28E+01
22706.2,1,1.80E+01,1.29E+01
22711.1,1,1.80E+01,1.33E+01
22716.1,1,1.80E+01,1.28E+01
22721.2,1,1.80E+01,1.29E+01
22726.2,1,1.80E+01,1.28E+01
22731.2,1,1.80E+01,1.32E+01
22736.2,1,1.80E+01,1.28E+01
22741.2,1,1.80E+01,1.33E+01
22746.2,1,1.80E+01,1.33E+01
22751.3,1,1.80E+01,1.33E+01
22756.3,1,1.80E+01,1.33E+01
22761.3,1,1.80E+01,1.28E+01
22766.3,1,1.80E+01,1.33E+01
22771.3,1,1.80E+01,1.32E+01
22776.3,1,1.80E+01,1.29E+01
22781.3,1,1.80E+01,1.33E+01
22786.3,1,1.80E+01,1.33E+01
22791.3,1,1.80E+01,1.32E+01
22796.4,1,1.80E+01,1.33E+01
22801.4,1,1.80E+01,1.33E+01
22806.4,1,1.80E+01,1.28E+01
22811.4,1,1.80E+01,1.33E+01
22816.4,1,1.80E+01,1.33E+01
22821.4,1,1.80E+01,1.28E+01
22826.4,1,1.80E+01,1.24E+01
22831.4,1,1.80E+01,1.29E+01
22836.5,1,1.80E+01,1.24E+01
22841.5,1,1.80E+01,1.28E+01
22846.5,1,1.80E+01,1.29E+01
22851.5,1,1.80E+01,1.29E+01
22856.5,1,1.80E+01,1.29E+01
22861.5,1,1.80E+01,1.29E+01
22866.5,1,1.80E+01,1.29E+01
22871.6,1,1.80E+01,1.28E+01
22876.6,1,1.80E+01,1.29E+01
22881.6,1,1.80E+01,1.28E+01
22886.6,1,1.80E+01,1.29E+01
22891.6,1,1.80E+01,1.28E+01
22896.6,1,1.80E+01,1.28E+01
22901.6,1,1.80E+01,1.28E+01
22906.6,1,1.80E+01,1.29E+01
22911.6,1,1.80E+01,1.28E+01
22916.6,1,1.80E+01,1.28E+01
22921.7,1,1.80E+01,1.24E+01
22926.7,1,1.80E+01,1.29E+01
22931.7,1,1.80E+01,1.28E+01
22936.7,1,1.80E+01,1.29E+01
22941.7,1,1.80E+01,1.29E+01
22946.8,1,1.80E+01,1.28E+01
22951.8,1,1.80E+01,1.29E+01
22956.8,1,1.80E+01,1.29E+01
22961.8,1,1.80E+01,1.29E+01
22966.8,1,1.80E+01,1.29E+01
22971.8,1,1.80E+01,1.29E+01
22976.8,1,1.80E+01,1.28E+01
22981.8,1,1.80E+01,1.28E+01
22986.9,1,1.80E+01,1.28E+01
22991.9,1,1.80E+01,1.29E+01
22996.9,1,1.80E+01,1.29E+01
23001.9,1,1.80E+01,1.29E+01
23006.9,1,1.80E+01,1.24E+01
23011.9,1,1.80E+01,1.29E+01
23016.9,1,1.80E+01,1.24E+01
23021.9,1,1.80E+01,1.24E+01
23026.9,1,1.80E+01,1.25E+01
23031.9,1,1.80E+01,1.29E+01
23036.9,1,1.80E+01,1.29E+01
23041.9,1,1.80E+01,1.29E+01
23047,1,1.80E+01,1.29E+01
23052,1,1.80E+01,1.24E+01
23057,1,1.80E+01,1.24E+01
23062,1,1.80E+01,1.29E+01
23067,1,1.80E+01,1.24E+01
23072,1,1.80E+01,1.29E+01
23077.1,1,1.80E+01,1.20E+01
23082.1,1,1.80E+01,1.25E+01
23087,1,1.80E+01,1.20E+01
23092.1,1,1.80E+01,1.20E+01
23097.1,1,1.80E+01,1.25E+01
23102.1,1,1.80E+01,1.24E+01
23107.1,1,1.80E+01,1.24E+01
23112.1,1,1.80E+01,1.24E+01
23117.2,1,1.80E+01,1.24E+01
23122.2,1,1.80E+01,1.25E+01
23127.2,1,1.80E+01,1.20E+01
23132.2,1,1.80E+01,1.21E+01
23137.2,1,1.80E+01,1.20E+01
23142.2,1,1.80E+01,1.20E+01
23147.3,1,1.80E+01,1.20E+01
23152.2,1,1.80E+01,1.24E+01
23157.2,1,1.80E+01,1.20E+01
23162.3,1,1.80E+01,1.21E+01
23167.3,1,1.80E+01,1.17E+01
23172.3,1,1.80E+01,1.21E+01
23177.3,1,1.80E+01,1.16E+01
23182.4,1,1.80E+01,1.21E+01
23187.4,1,1.80E+01,1.16E+01
23192.4,1,1.80E+01,1.16E+01
23197.4,1,1.80E+01,1.16E+01
23202.4,1,1.80E+01,1.20E+01
23207.4,1,1.80E+01,1.16E+01
23212.4,1,1.80E+01,1.17E+01
23217.4,1,1.80E+01,1.20E+01
23222.4,1,1.80E+01,1.20E+01
23227.5,1,1.80E+01,1.20E+01
23232.5,1,1.80E+01,1.20E+01
23237.5,1,1.80E+01,1.20E+01
23242.5,1,1.80E+01,1.16E+01
23247.5,1,1.80E+01,1.20E+01
23252.5,1,1.80E+01,1.20E+01
23257.5,1,1.80E+01,1.20E+01
23262.5,1,1.80E+01,1.20E+01
23267.6,1,1.80E+01,1.20E+01
23272.6,1,1.80E+01,1.20E+01
23277.6,1,1.80E+01,1.20E+01
23282.6,1,1.80E+01,1.20E+01
23287.6,1,1.80E+01,1.24E+01
23292.6,1,1.80E+01,1.24E+01
23297.6,1,1.80E+01,1.24E+01
23302.6,1,1.80E+01,1.28E+01
23307.7,1,1.80E+01,1.24E+01
23312.7,1,1.80E+01,1.24E+01
23317.7,1,1.80E+01,1.32E+01
23322.7,1,1.80E+01,1.32E+01
23327.7,1,1.80E+01,1.33E+01
23332.7,1,1.80E+01,1.33E+01
23337.7,1,1.80E+01,1.33E+01
23342.7,1,1.80E+01,1.38E+01
23347.7,1,1.80E+01,1.37E+01
23352.8,1,1.80E+01,1.37E+01
23357.8,1,1.80E+01,1.38E+01
23362.8,1,1.80E+01,1.37E+01
23367.8,1,1.80E+01,1.47E+01
23372.8,1,1.80E+01,1.47E+01
23377.9,1,1.80E+01,1.47E+01
23382.9,1,1.80E+01,1.58E+01
23387.9,1,1.80E+01,1.47E+01
23392.8,1,1.80E+01,1.53E+01
23397.9,1,1.80E+01,1.58E+01
23402.9,1,1.80E+01,1.57E+01
23407.9,1,1.80E+01,1.58E+01
23412.9,1,1.80E+01,1.58E+01
23417.9,1,1.80E+01,1.63E+01
23422.9,1,1.80E+01,1.69E+01
23427.9,1,1.80E+01,1.76E+01
23433,1,1.80E+01,1.70E+01
23438,1,1.80E+01,1.70E+01
23443,1,1.80E+01,1.70E+01
23448,1,1.80E+01,1.83E+01
23453,1,1.80E+01,1.76E+01
23458,1,1.80E+01,1.76E+01
23463,1,1.80E+01,1.83E+01
23468,1,1.80E+01,1.82E+01
23473,1,1.80E+01,1.89E+01
23478,1,1.80E+01,1.89E+01
23483,1,1.80E+01,1.89E+01
23488.1,1,1.80E+01,1.90E+01
23493.1,1,1.80E+01,1.98E+01
23498.1,1,1.80E+01,1.98E+01
23503.1,1,1.80E+01,1.89E+01
23508.1,1,1.80E+01,1.90E+01
23513.2,1,1.80E+01,1.89E+01
23518.1,1,1.80E+01,1.99E+01
23523.2,1,1.80E+01,1.98E+01
23528.2,1,1.80E+01,1.98E+01
23533.2,1,1.80E+01,1.98E+01
23538.2,1,1.80E+01,1.98E+01
23543.2,1,1.80E+01,2.05E+01
23548.2,1,1.80E+01,2.05E+01
23553.3,1,1.80E+01,2.06E+01
23558.3,1,1.80E+01,1.98E+01
23563.3,1,1.80E+01,2.06E+01
23568.3,1,1.80E+01,1.99E+01
23573.3,1,1.80E+01,1.90E+01
23578.3,1,1.80E+01,1.90E+01
23583.3,1,1.80E+01,1.90E+01
23588.4,1,1.80E+01,1.90E+01
23593.4,1,1.80E+01,1.89E+01
23598.4,1,1.80E+01,1.91E+01
23603.4,1,1.80E+01,1.90E+01
23608.4,1,1.80E+01,1.90E+01
23613.4,1,1.80E+01,1.83E+01
23618.4,1,1.80E+01,1.84E+01
23623.4,1,1.80E+01,1.85E+01
23628.5,1,1.80E+01,1.91E+01
23633.5,1,1.80E+01,1.84E+01
23638.5,1,1.80E+01,1.84E+01
23643.5,1,1.80E+01,1.84E+01
23648.5,1,1.80E+01,1.83E+01
23653.5,1,1.80E+01,1.77E+01
23658.5,1,1.80E+01,1.83E+01
23663.5,1,1.80E+01,1.71E+01
23668.5,1,1.80E+01,1.71E+01
23673.6,1,1.80E+01,1.65E+01
23678.6,1,1.80E+01,1.72E+01
23683.6,1,1.80E+01,1.59E+01
23688.6,1,1.80E+01,1.65E+01
23693.7,1,1.80E+01,1.59E+01
23698.6,1,1.80E+01,1.64E+01
23703.6,1,1.80E+01,1.53E+01
23708.6,1,1.80E+01,1.59E+01
23713.6,1,1.80E+01,1.54E+01
23718.7,1,1.80E+01,1.59E+01
23723.7,1,1.80E+01,1.53E+01
23728.7,1,1.80E+01,1.53E+01
23733.7,1,1.80E+01,1.54E+01
23738.7,1,1.80E+01,1.53E+01
23743.8,1,1.80E+01,1.48E+01
23748.8,1,1.80E+01,1.49E+01
23753.8,1,1.80E+01,1.48E+01
23758.8,1,1.80E+01,1.49E+01
23763.8,1,1.80E+01,1.48E+01
23768.8,1,1.80E+01,1.48E+01
23773.8,1,1.80E+01,1.43E+01
23778.9,1,1.80E+01,1.43E+01
23783.9,1,1.80E+01,1.43E+01
23788.9,1,1.80E+01,1.48E+01
23793.9,1,1.80E+01,1.48E+01
23798.9,1,1.80E+01,1.48E+01
23803.9,1,1.80E+01,1.39E+01
23809,1,1.80E+01,1.38E+01
23814,1,1.80E+01,1.43E+01
23819,1,1.80E+01,1.43E+01
23824,1,1.80E+01,1.44E+01
23829,1,1.80E+01,1.43E+01
23834,1,1.80E+01,1.43E+01
23839,1,1.80E+01,1.44E+01
23844.1,1,1.80E+01,1.38E+01
23849.1,1,1.80E+01,1.38E+01
23854.1,1,1.80E+01,1.38E+01
23859.1,1,1.80E+01,1.43E+01
23864.1,1,1.80E+01,1.43E+01
23869.1,1,1.80E+01,1.43E+01
23874.2,1,1.80E+01,1.43E+01
23879.2,1,1.80E+01,1.43E+01
23884.2,1,1.80E+01,1.43E+01
23889.2,1,1.80E+01,1.43E+01
23894.2,1,1.80E+01,1.43E+01
23899.2,1,1.80E+01,1.44E+01
23904.2,1,1.80E+01,1.44E+01
23909.2,1,1.80E+01,1.44E+01
23914.2,1,1.80E+01,1.43E+01
23919.3,1,1.80E+01,1.43E+01
23924.3,1,1.80E+01,1.44E+01
23929.3,1,1.80E+01,1.48E+01
23934.3,1,1.80E+01,1.43E+01
23939.3,1,1.80E+01,1.48E+01
23944.4,1,1.80E+01,1.44E+01
23949.4,1,1.80E+01,1.44E+01
23954.4,1,1.80E+01,1.44E+01
23959.4,1,1.80E+01,1.44E+01
23964.4,1,1.80E+01,1.55E+01
23969.4,1,1.80E+01,1.55E+01
23974.4,1,1.80E+01,1.55E+01
23979.4,1,1.80E+01,1.60E+01
23984.5,1,1.80E+01,1.54E+01
23989.5,1,1.80E+01,1.54E+01
23994.5,1,1.80E+01,1.49E+01
23999.5,1,1.80E+01,1.54E+01
24004.5,1,1.80E+01,1.54E+01
24009.6,1,1.80E+01,1.59E+01
24014.6,1,1.80E+01,1.60E+01
24019.6,1,1.80E+01,1.60E+01
24024.6,1,1.80E+01,1.59E+01
24029.6,1,1.80E+01,1.54E+01
24034.6,1,1.80E+01,1.60E+01
24039.6,1,1.80E+01,1.54E+01
24044.7,1,1.80E+01,1.60E+01
24049.7,1,1.80E+01,1.60E+01
24054.7,1,1.80E+01,1.54E+01
24059.7,1,1.80E+01,1.54E+01
24064.7,1,1.80E+01,1.60E+01
24069.7,1,1.80E+01,1.54E+01
24074.8,1,1.80E+01,1.54E+01
24079.7,1,1.80E+01,1.54E+01
24084.7,1,1.80E+01,1.54E+01
24089.7,1,1.80E+01,1.54E+01
24094.8,1,1.80E+01,1.54E+01
24099.8,1,1.80E+01,1.54E+01
24104.8,1,1.80E+01,1.54E+01
24109.8,1,1.80E+01,1.60E+01
24114.8,1,1.80E+01,1.54E+01
24119.8,1,1.80E+01,1.54E+01
24124.9,1,1.80E+01,1.54E+01
24129.9,1,1.80E+01,1.54E+01
24134.9,1,1.80E+01,1.54E+01
24139.9,1,1.80E+01,1.59E+01
24144.9,1,1.80E+01,1.54E+01
24149.9,1,1.80E+01,1.54E+01
24154.9,1,1.80E+01,1.53E+01
24159.9,1,1.80E+01,1.54E+01
24165,1,1.80E+01,1.54E+01
24170,1,1.80E+01,1.53E+01
24175,1,1.80E+01,1.53E+01
24180,1,1.80E+01,1.54E+01
24185,1,1.80E+01,1.54E+01
24190,1,1.80E+01,1.53E+01
24195,1,1.80E+01,1.53E+01
24200,1,1.80E+01,1.54E+01
24205,1,1.80E+01,1.53E+01
24210.1,1,1.80E+01,1.54E+01
24215.1,1,1.80E+01,1.54E+01
24220.1,1,1.80E+01,1.53E+01
24225.1,1,1.80E+01,1.53E+01
24230.1,1,1.80E+01,1.53E+01
24235.1,1,1.80E+01,1.54E+01
24240.2,1,1.80E+01,1.54E+01
24245.2,1,1.80E+01,1.54E+01
24250.2,1,1.80E+01,1.54E+01
24255.2,1,1.80E+01,1.54E+01
24260.2,1,1.80E+01,1.54E+01
24265.2,1,1.80E+01,1.48E+01
24270.2,1,1.80E+01,1.54E+01
24275.2,1,1.80E+01,1.54E+01
24280.2,1,1.80E+01,1.53E+01
24285.3,1,1.80E+01,1.54E+01
24290.3,1,1.80E+01,1.54E+01
24295.3,1,1.80E+01,1.54E+01
24300.3,1,1.80E+01,1.48E+01
24305.3,1,1.80E+01,1.54E+01
24310.4,1,1.80E+01,1.54E+01
24315.4,1,1.80E+01,1.54E+01
24320.3,1,1.80E+01,1.54E+01
24325.4,1,1.80E+01,1.54E+01
24330.4,1,1.80E+01,1.49E+01
24335.4,1,1.80E+01,1.49E+01
24340.4,1,1.80E+01,1.49E+01
24345.4,1,1.80E+01,1.49E+01
24350.5,1,1.80E+01,1.49E+01
24355.5,1,1.80E+01,1.49E+01
24360.5,1,1.80E+01,1.49E+01
24365.5,1,1.80E+01,1.44E+01
24370.5,1,1.80E+01,1.43E+01
24375.5,1,1.80E+01,1.44E+01
24380.5,1,1.80E+01,1.44E+01
24385.5,1,1.80E+01,1.44E+01
24390.6,1,1.80E+01,1.44E+01
24395.6,1,1.80E+01,1.43E+01
24400.6,1,1.80E+01,1.43E+01
24405.6,1,1.80E+01,1.44E+01
24410.6,1,1.80E+01,1.38E+01
24415.6,1,1.80E+01,1.40E+01
24420.6,1,1.80E+01,1.39E+01
24425.6,1,1.80E+01,1.39E+01
24430.7,1,1.80E+01,1.39E+01
24435.7,1,1.80E+01,1.39E+01
24440.7,1,1.80E+01,1.39E+01
24445.7,1,1.80E+01,1.39E+01
24450.7,1,1.80E+01,1.39E+01
24455.7,1,1.80E+01,1.39E+01
24460.7,1,1.80E+01,1.44E+01
24465.8,1,1.80E+01,1.39E+01
24470.8,1,1.80E+01,1.34E+01
24475.8,1,1.80E+01,1.34E+01
24480.8,1,1.80E+01,1.34E+01
24485.8,1,1.80E+01,1.39E+01
24490.9,1,1.80E+01,1.34E+01
24495.9,1,1.80E+01,1.34E+01
24500.9,1,1.80E+01,1.34E+01
24505.9,1,1.80E+01,1.39E+01
24510.9,1,1.80E+01,1.38E+01
24515.9,1,1.80E+01,1.39E+01
24520.9,1,1.80E+01,1.39E+01
24526,1,1.80E+01,1.39E+01
24531,1,1.80E+01,1.38E+01
24536,1,1.80E+01,1.38E+01
24541,1,1.80E+01,1.39E+01
24546,1,1.80E+01,1.38E+01
24551,1,1.80E+01,1.39E+01
24556,1,1.80E+01,1.39E+01
24561.1,1,1.80E+01,1.39E+01
24566.1,1,1.80E+01,1.39E+01
24571,1,1.80E+01,1.34E+01
24576.1,1,1.80E+01,1.39E+01
24581.1,1,1.80E+01,1.39E+01
24586.1,1,1.80E+01,1.39E+01
24591.1,1,1.80E+01,1.39E+01
24596.1,1,1.80E+01,1.39E+01
24601.2,1,1.80E+01,1.39E+01
24606.2,1,1.80E+01,1.39E+01
24611.2,1,1.80E+01,1.39E+01
24616.2,1,1.80E+01,1.35E+01
24621.2,1,1.80E+01,1.39E+01
24626.2,1,1.80E+01,1.39E+01
24631.2,1,1.80E+01,1.39E+01
24636.3,1,1.80E+01,1.39E+01
24641.2,1,1.80E+01,1.34E+01
24646.3,1,1.80E+01,1.39E+01
24651.3,1,1.80E+01,1.39E+01
24656.3,1,1.80E+01,1.38E+01
24661.3,1,1.80E+01,1.39E+01
24666.3,1,1.80E+01,1.39E+01
24671.3,1,1.80E+01,1.39E+01
24676.3,1,1.80E+01,1.38E+01
24681.4,1,1.80E+01,1.39E+01
24686.4,1,1.80E+01,1.38E+01
24691.4,1,1.80E+01,1.38E+01
24696.4,1,1.80E+01,1.38E+01
24701.4,1,1.80E+01,1.39E+01
24706.4,1,1.80E+01,1.39E+01
24711.4,1,1.80E+01,1.38E+01
24716.4,1,1.80E+01,1.38E+01
24721.4,1,1.80E+01,1.38E+01
24726.4,1,1.80E+01,1.38E+01
24731.4,1,1.80E+01,1.38E+01
24736.5,1,1.80E+01,1.38E+01
24741.5,1,1.80E+01,1.39E+01
24746.5,1,1.80E+01,1.39E+01
24751.5,1,1.80E+01,1.39E+01
24756.6,1,1.80E+01,1.39E+01
24761.5,1,1.80E+01,1.39E+01
24766.5,1,1.80E+01,1.39E+01
24771.6,1,1.80E+01,1.39E+01
24776.6,1,1.80E+01,1.39E+01
24781.6,1,1.80E+01,1.39E+01
24786.6,1,1.80E+01,1.39E+01
24791.6,1,1.80E+01,1.39E+01
24796.7,1,1.80E+01,1.39E+01
24801.7,1,1.80E+01,1.39E+01
24806.7,1,1.80E+01,1.40E+01
24811.7,1,1.80E+01,1.40E+01
24816.7,1,1.80E+01,1.39E+01
24821.7,1,1.80E+01,1.39E+01
24826.7,1,1.80E+01,1.39E+01
24831.7,1,1.80E+01,1.39E+01
24836.7,1,1.80E+01,1.40E+01
24841.7,1,1.80E+01,1.39E+01
24846.8,1,1.80E+01,1.39E+01
24851.8,1,1.80E+01,1.39E+01
24856.8,1,1.80E+01,1.39E+01
24861.8,1,1.80E+01,1.38E+01
24866.8,1,1.80E+01,1.39E+01
24871.9,1,1.80E+01,1.39E+01
24876.9,1,1.80E+01,1.38E+01
24881.9,1,1.80E+01,1.38E+01
24886.9,1,1.80E+01,1.39E+01
24891.9,1,1.80E+01,1.39E+01
24896.9,1,1.80E+01,1.38E+01
24901.9,1,1.80E+01,1.38E+01
24906.9,1,1.80E+01,1.39E+01
24911.9,1,1.80E+01,1.34E+01
24917,1,1.80E+01,1.39E+01
24922,1,1.80E+01,1.39E+01
24927,1,1.80E+01,1.38E+01
24932,1,1.80E+01,1.38E+01
24937,1,1.80E+01,1.29E+01
24942,1,1.80E+01,1.34E+01
24947,1,1.80E+01,1.34E+01
24952,1,1.80E+01,1.34E+01
24957,1,1.80E+01,1.34E+01
24962.1,1,1.80E+01,1.34E+01
24967.1,1,1.80E+01,1.34E+01
24972.1,1,1.80E+01,1.30E+01
24977.1,1,1.80E+01,1.34E+01
24982.1,1,1.80E+01,1.34E+01
24987.1,1,1.80E+01,1.34E+01
24992.2,1,1.80E+01,1.30E+01
24997.2,1,1.80E+01,1.34E+01
25002.2,1,1.80E+01,1.34E+01
25007.2,1,1.80E+01,1.34E+01
25012.2,1,1.80E+01,1.34E+01
25017.2,1,1.80E+01,1.34E+01
25022.2,1,1.80E+01,1.30E+01
25027.3,1,1.80E+01,1.33E+01
25032.3,1,1.80E+01,1.34E+01
25037.3,1,1.80E+01,1.30E+01
25042.3,1,1.80E+01,1.34E+01
25047.3,1,1.80E+01,1.34E+01
25052.4,1,1.80E+01,1.34E+01
25057.4,1,1.80E+01,1.30E+01
25062.4,1,1.80E+01,1.34E+01
25067.4,1,1.80E+01,1.34E+01
25072.4,1,1.80E+01,1.30E+01
25077.4,1,1.80E+01,1.34E+01
25082.4,1,1.80E+01,1.34E+01
25087.5,1,1.80E+01,1.30E+01
25092.5,1,1.80E+01,1.30E+01
25097.5,1,1.80E+01,1.30E+01
25102.5,1,1.80E+01,1.26E+01
25107.5,1,1.80E+01,1.26E+01
25112.6,1,1.80E+01,1.25E+01
25117.6,1,1.80E+01,1.25E+01
25122.6,1,1.80E+01,1.29E+01
25127.6,1,1.80E+01,1.25E+01
25132.6,1,1.80E+01,1.25E+01
25137.6,1,1.80E+01,1.25E+01
25142.6,1,1.80E+01,1.25E+01
25147.7,1,1.80E+01,1.25E+01
25152.7,1,1.80E+01,1.25E+01
25157.7,1,1.80E+01,1.21E+01
25162.7,1,1.80E+01,1.21E+01
25167.8,1,1.80E+01,1.21E+01
25172.8,1,1.80E+01,1.21E+01
25177.8,1,1.80E+01,1.21E+01
25182.8,1,1.80E+01,1.21E+01
25187.8,1,1.80E+01,1.25E+01
25192.8,1,1.80E+01,1.21E+01
25197.8,1,1.80E+01,1.21E+01
25202.8,1,1.80E+01,1.21E+01
25207.8,1,1.80E+01,1.21E+01
25212.9,1,1.80E+01,1.17E+01
25217.9,1,1.80E+01,1.21E+01
25222.9,1,1.80E+01,1.21E+01
25227.9,1,1.80E+01,1.21E+01
25232.9,1,1.80E+01,1.17E+01
25238,1,1.80E+01,1.21E+01
25243,1,1.80E+01,1.21E+01
25248,1,1.80E+01,1.21E+01
25252.9,1,1.80E+01,1.21E+01
25258,1,1.80E+01,1.17E+01
25263,1,1.80E+01,1.21E+01
25268,1,1.80E+01,1.21E+01
25273,1,1.80E+01,1.17E+01
25278,1,1.80E+01,1.21E+01
25283,1,1.80E+01,1.17E+01
25288.1,1,1.80E+01,1.21E+01
25293.1,1,1.80E+01,1.21E+01
25298.1,1,1.80E+01,1.21E+01
25303.1,1,1.80E+01,1.21E+01
25308.1,1,1.80E+01,1.21E+01
25313.1,1,1.80E+01,1.17E+01
25318.1,1,1.80E+01,1.21E+01
25323.1,1,1.80E+01,1.21E+01
25328.2,1,1.80E+01,1.21E+01
25333.2,1,1.80E+01,1.21E+01
25338.2,1,1.80E+01,1.21E+01
25343.2,1,1.80E+01,1.21E+01
25348.2,1,1.80E+01,1.21E+01
25353.3,1,1.80E+01,1.17E+01
25358.3,1,1.80E+01,1.17E+01
25363.3,1,1.80E+01,1.21E+01
25368.3,1,1.80E+01,1.20E+01
25373.3,1,1.80E+01,1.21E+01
25378.4,1,1.80E+01,1.17E+01
25383.3,1,1.80E+01,1.20E+01
25388.4,1,1.80E+01,1.17E+01
25393.4,1,1.80E+01,1.12E+01
25398.4,1,1.80E+01,1.17E+01
25403.4,1,1.80E+01,1.17E+01
25408.4,1,1.80E+01,1.12E+01
25413.4,1,1.80E+01,1.13E+01
25418.5,1,1.80E+01,1.17E+01
25423.5,1,1.80E+01,1.17E+01
25428.5,1,1.80E+01,1.12E+01
25433.5,1,1.80E+01,1.17E+01
25438.5,1,1.80E+01,1.12E+01
25443.6,1,1.80E+01,1.17E+01
25448.5,1,1.80E+01,1.13E+01
25453.5,1,1.80E+01,1.13E+01
25458.6,1,1.80E+01,1.17E+01
25463.6,1,1.80E+01,1.17E+01
25468.6,1,1.80E+01,1.17E+01
25473.6,1,1.80E+01,1.17E+01
25478.7,1,1.80E+01,1.17E+01
25483.7,1,1.80E+01,1.13E+01
25488.7,1,1.80E+01,1.13E+01
25493.7,1,1.80E+01,1.17E+01
25498.7,1,1.80E+01,1.13E+01
25503.8,1,1.80E+01,1.17E+01
25508.7,1,1.80E+01,1.17E+01
25513.7,1,1.80E+01,1.17E+01
25518.8,1,1.80E+01,1.17E+01
25523.8,1,1.80E+01,1.17E+01
25528.8,1,1.80E+01,1.17E+01
25533.8,1,1.80E+01,1.09E+01
25538.8,1,1.80E+01,1.13E+01
25543.9,1,1.80E+01,1.13E+01
25548.9,1,1.80E+01,1.13E+01
25553.9,1,1.80E+01,1.13E+01
25558.9,1,1.80E+01,1.13E+01
25563.9,1,1.80E+01,1.12E+01
25568.9,1,1.80E+01,1.13E+01
25573.9,1,1.80E+01,1.13E+01
25578.9,1,1.80E+01,1.09E+01
25583.9,1,1.80E+01,1.09E+01
25589,1,1.80E+01,1.13E+01
25594,1,1.80E+01,1.12E+01
25599,1,1.80E+01,1.12E+01
25604,1,1.80E+01,1.09E+01
25609,1,1.80E+01,1.13E+01
25614.1,1,1.80E+01,1.12E+01
25619.1,1,1.80E+01,1.13E+01
25624.1,1,1.80E+01,1.09E+01
25629.1,1,1.80E+01,1.09E+01
25634.1,1,1.80E+01,1.13E+01
25639.1,1,1.80E+01,1.13E+01
25644.1,1,1.80E+01,1.09E+01
25649.2,1,1.80E+01,1.09E+01
25654.2,1,1.80E+01,1.09E+01
25659.2,1,1.80E+01,1.09E+01
25664.2,1,1.80E+01,1.12E+01
25669.2,1,1.80E+01,1.12E+01
25674.3,1,1.80E+01,1.12E+01
25679.3,1,1.80E+01,1.12E+01
25684.3,1,1.80E+01,1.13E+01
25689.3,1,1.80E+01,1.12E+01
25694.3,1,1.80E+01,1.12E+01
25699.3,1,1.80E+01,1.12E+01
25704.3,1,1.80E+01,1.12E+01
25709.3,1,1.80E+01,1.12E+01
25714.3,1,1.80E+01,1.12E+01
25719.4,1,1.80E+01,1.05E+01
25724.4,1,1.80E+01,1.09E+01
25729.4,1,1.80E+01,1.09E+01
25734.4,1,1.80E+01,1.09E+01
25739.5,1,1.80E+01,1.05E+01
25744.5,1,1.80E+01,1.05E+01
25749.5,1,1.80E+01,1.09E+01
25754.5,1,1.80E+01,1.09E+01
25759.5,1,1.80E+01,1.05E+01
25764.5,1,1.80E+01,1.05E+01
25769.5,1,1.80E+01,1.06E+01
25774.5,1,1.80E+01,1.09E+01
25779.5,1,1.80E+01,1.09E+01
25784.6,1,1.80E+01,1.09E+01
25789.6,1,1.80E+01,1.09E+01
25794.6,1,1.80E+01,1.09E+01
25799.6,1,1.80E+01,1.09E+01
25804.6,1,1.80E+01,1.09E+01
25809.6,1,1.80E+01,1.09E+01
25814.6,1,1.80E+01,1.09E+01
25819.6,1,1.80E+01,1.09E+01
25824.6,1,1.80E+01,1.09E+01
25829.6,1,1.80E+01,1.05E+01
25834.7,1,1.80E+01,1.09E+01
25839.7,1,1.80E+01,1.09E+01
25844.7,1,1.80E+01,1.09E+01
25849.7,1,1.80E+01,1.05E+01
25854.7,1,1.80E+01,1.05E+01
25859.7,1,1.80E+01,1.09E+01
25864.8,1,1.80E+01,1.09E+01
25869.8,1,1.80E+01,1.09E+01
25874.7,1,1.80E+01,1.09E+01
25879.7,1,1.80E+01,1.09E+01
25884.8,1,1.80E+01,1.09E+01
25889.8,1,1.80E+01,1.09E+01
25894.8,1,1.80E+01,1.09E+01
25899.8,1,1.80E+01,1.09E+01
25904.8,1,1.80E+01,1.09E+01
25909.9,1,1.80E+01,1.09E+01
25914.9,1,1.80E+01,1.09E+01
25919.9,1,1.80E+01,1.09E+01
25924.9,1,1.80E+01,1.09E+01
25929.9,1,1.80E+01,1.09E+01
25934.9,1,1.80E+01,1.09E+01
25939.9,1,1.80E+01,1.09E+01
25944.9,1,1.80E+01,1.09E+01
25950,1,1.80E+01,1.08E+01
25955,1,1.80E+01,1.09E+01
25960,1,1.80E+01,1.09E+01
25965,1,1.80E+01,1.09E+01
25970,1,1.80E+01,1.09E+01
25975,1,1.80E+01,1.09E+01
25980,1,1.80E+01,1.09E+01
25985.1,1,1.80E+01,1.09E+01
25990.1,1,1.80E+01,1.09E+01
25995.1,1,1.80E+01,1.09E+01
26000.1,1,1.80E+01,1.09E+01
26005.1,1,1.80E+01,1.09E+01
26010.1,1,1.80E+01,1.09E+01
26015.1,1,1.80E+01,1.09E+01
26020.1,1,1.80E+01,1.09E+01
26025.1,1,1.80E+01,1.09E+01
26030.2,1,1.80E+01,1.09E+01
26035.2,1,1.80E+01,1.09E+01
26040.2,1,1.80E+01,1.09E+01
26045.2,1,1.80E+01,1.09E+01
26050.2,1,1.80E+01,1.09E+01
26055.2,1,1.80E+01,1.09E+01
26060.2,1,1.80E+01,1.09E+01
26065.2,1,1.80E+01,1.09E+01
26070.2,1,1.80E+01,1.09E+01
26075.2,1,1.80E+01,1.09E+01
26080.3,1,1.80E+01,1.09E+01
26085.3,1,1.80E+01,1.08E+01
26090.3,1,1.80E+01,1.08E+01
26095.3,1,1.80E+01,1.09E+01
26100.3,1,1.80E+01,1.09E+01
26105.3,1,1.80E+01,1.09E+01
26110.4,1,1.80E+01,1.09E+01
26115.4,1,1.80E+01,1.09E+01
26120.3,1,1.80E+01,1.05E+01
26125.3,1,1.80E+01,1.09E+01
26130.4,1,1.80E+01,1.09E+01
26135.4,1,1.80E+01,1.09E+01
26140.4,1,1.80E+01,1.09E+01
26145.4,1,1.80E+01,1.09E+01
26150.4,1,1.80E+01,1.09E+01
26155.4,1,1.80E+01,1.09E+01
26160.4,1,1.80E+01,1.09E+01
26165.5,1,1.80E+01,1.09E+01
26170.5,1,1.80E+01,1.25E-03
26175.5,1,1.80E+01,1.01E-03
26180.5,1,1.80E+01,9.85E-04
26185.5,1,1.80E+01,8.58E-04
26190.5,1,1.80E+01,8.48E-04
26195.6,1,1.80E+01,7.97E-04
26200.6,1,1.80E+01,7.83E-04
26205.5,1,1.80E+01,7.88E-04
26210.5,1,1.80E+01,7.58E-04
26215.6,1,1.80E+01,7.68E-04
26220.6,1,1.80E+01,7.77E-04
26225.6,1,1.80E+01,7.77E-04
26230.6,1,1.80E+01,7.98E-04
26235.6,1,1.80E+01,8.01E-04
26240.7,1,1.80E+01,7.44E-04
26245.7,1,1.80E+01,6.97E-04
26250.7,1,1.80E+01,7.26E-04
26255.7,1,1.80E+01,8.17E-04
26260.7,1,1.80E+01,7.69E-04
26265.7,1,1.80E+01,7.90E-04
26270.7,1,1.80E+01,7.70E-04
26275.7,1,1.80E+01,7.32E-04
