Elapsed [s],T1 [C],T2 [C],T3 [C],T4 [C]
54566.95865,-37.6,999,-38.6,-38.3
54576.98618,-37.6,999,-38.6,-38.2
54587.01828,-37.6,999,-38.6,-38.3
54597.05411,-37.6,999,-38.6,-38.3
54607.0866,-37.6,999,-38.6,-38.3
54617.11344,-37.6,999,-38.6,-38.3
54627.14249,-37.6,999,-38.6,-38.3
54637.18673,-37.6,999,-38.6,-38.3
54647.21457,-37.6,999,-38.6,-38.3
54657.24109,-37.6,999,-38.6,-38.3
54667.2705,-37.6,999,-38.6,-38.3
54677.29866,-37.6,999,-38.6,-38.3
54687.32616,-37.6,999,-38.6,-38.3
54697.33724,-37.6,999,-38.6,-38.3
54707.3655,-37.6,999,-38.6,-38.3
54717.38174,-37.6,999,-38.6,-38.3
54727.38959,-37.6,999,-38.6,-38.2
54737.41689,-37.6,999,-38.6,-38.3
54747.42666,-37.6,999,-38.6,-38.3
54757.46947,-37.6,999,-38.6,-38.3
54767.51314,-37.6,999,-38.6,-38.3
54777.53995,-37.6,999,-38.6,-38.3
54787.56761,-37.6,999,-38.6,-38.2
54797.59449,-37.6,999,-38.6,-38.3
54807.6215,-37.6,999,-38.6,-38.3
54817.64888,-37.6,999,-38.6,-38.3
54827.67658,-37.6,999,-38.6,-38.3
54837.69497,-37.6,999,-38.6,-38.3
54847.7019,-37.6,999,-38.6,-38.3
54857.7154,-37.6,999,-38.6,-38.3
54867.74446,-37.6,999,-38.6,-38.3
54877.76578,-37.6,999,-38.6,-38.2
54887.79223,-37.6,999,-38.6,-38.3
54897.82316,-37.6,999,-38.6,-38.3
54907.85063,-37.6,999,-38.6,-38.2
54917.88025,-37.6,999,-38.6,-38.3
54927.90893,-37.6,999,-38.6,-38.3
54937.93678,-37.6,999,-38.6,-38.2
54947.95775,-37.5,999,-38.6,-38.3
54957.97739,-37.6,999,-38.6,-38.3
54968.00736,-37.6,999,-38.6,-38.3
54978.03514,-37.6,999,-38.6,-38.2
54988.06485,-37.6,999,-38.6,-38.3
54998.07945,-37.6,999,-38.6,-38.3
55008.12169,-37.6,999,-38.6,-38.2
55018.14976,-37.6,999,-38.6,-38.3
55028.1774,-37.6,999,-38.6,-38.3
55038.22053,-37.6,999,-38.6,-38.3
55048.25386,-37.6,999,-38.6,-38.3
55058.28246,-37.6,999,-38.6,-38.3
55068.29755,-37.6,999,-38.6,-38.3
55078.33702,-37.6,999,-38.6,-38.3
55088.35299,-37.6,999,-38.6,-38.3
55098.41343,-37.6,999,-38.6,-38.3
55108.45558,-37.6,999,-38.6,-38.3
55118.48621,-37.6,999,-38.6,-38.3
55128.51512,-37.6,999,-38.6,-38.3
55138.54357,-37.6,999,-38.6,-38.3
55148.57253,-37.6,999,-38.6,-38.3
55158.59827,-37.6,999,-38.6,-38.2
55168.63243,-37.6,999,-38.6,-38.2
55178.69091,-37.5,999,-38.6,-38.3
55188.71915,-37.6,999,-38.6,-38.3
55198.74708,-37.6,999,-38.6,-38.2
55208.77531,-37.6,999,-38.6,-38.3
55218.80341,-37.6,999,-38.6,-38.3
55228.81873,-37.6,999,-38.6,-38.3
55238.86238,-37.6,999,-38.6,-38.3
55248.88545,-37.6,999,-38.6,-38.3
55258.89663,-37.6,999,-38.6,-38.3
55268.90946,-37.6,999,-38.6,-38.3
55278.92907,-37.6,999,-38.6,-38.3
55288.95567,-37.6,999,-38.6,-38.3
55298.98771,-37.6,999,-38.6,-38.3
55309.01251,-37.6,999,-38.6,-38.3
55319.04493,-37.6,999,-38.6,-38.3
55329.07096,-37.6,999,-38.6,-38.3
55339.09647,-37.6,999,-38.6,-38.3
55349.11501,-37.6,999,-38.6,-38.3
55359.13025,-37.6,999,-38.6,-38.2
55369.15737,-37.6,999,-38.6,-38.3
55379.18635,-37.6,999,-38.6,-38.3
55389.22907,-37.6,999,-38.6,-38.3
55399.26242,-37.6,999,-38.6,-38.3
55409.28957,-37.6,999,-38.6,-38.3
55419.31849,-37.6,999,-38.6,-38.3
55429.34568,-37.6,999,-38.6,-38.3
55439.37521,-37.6,999,-38.6,-38.3
55449.40243,-37.6,999,-38.6,-38.3
55459.44611,-37.6,999,-38.6,-38.3
55469.49076,-37.6,999,-38.6,-38.3
55479.50429,-37.5,999,-38.6,-38.3
55489.53204,-37.6,999,-38.6,-38.3
55499.57511,-37.6,999,-38.6,-38.3
55509.60364,-37.6,999,-38.6,-38.3
55519.63571,-37.6,999,-38.6,-38.3
55529.67432,-37.6,999,-38.6,-38.2
55539.70377,-37.6,999,-38.6,-38.3
55549.73189,-37.6,999,-38.6,-38.2
55559.7612,-37.6,999,-38.6,-38.3
55569.78984,-37.6,999,-38.6,-38.3
55579.81915,-37.6,999,-38.6,-38.3
55589.84493,-37.6,999,-38.6,-38.3
55599.87271,-37.6,999,-38.6,-38.3
55609.90697,-37.6,999,-38.6,-38.3
55619.93667,-37.6,999,-38.6,-38.3
55629.95927,-37.6,999,-38.6,-38.3
55639.97027,-37.6,999,-38.6,-38.3
55649.98206,-37.6,999,-38.6,-38.3
55660.01041,-37.6,999,-38.6,-38.3
55670.02496,-37.6,999,-38.6,-38.3
55680.03693,-37.6,999,-38.6,-38.3
55690.04974,-37.6,999,-38.6,-38.3
55700.05998,-37.6,999,-38.6,-38.3
55710.11728,-37.6,999,-38.6,-38.3
55720.18548,-37.6,999,-38.6,-38.3
55730.20541,-37.6,999,-38.6,-38.2
55740.23257,-37.6,999,-38.6,-38.3
55750.2587,-37.6,999,-38.6,-38.3
55760.28672,-37.6,999,-38.6,-38.3
55770.32097,-37.6,999,-38.6,-38.3
55780.34888,-37.6,999,-38.6,-38.3
55790.37677,-37.6,999,-38.6,-38.3
55800.40436,-37.6,999,-38.6,-38.3
55810.43147,-37.6,999,-38.6,-38.3
55820.46033,-37.6,999,-38.6,-38.3
55830.50239,-37.6,999,-38.6,-38.3
55840.5291,-37.6,999,-38.6,-38.3
55850.54924,-37.6,999,-38.6,-38.3
55860.56333,-37.6,999,-38.6,-38.3
55870.59676,-37.6,999,-38.6,-38.3
55880.62676,-37.6,999,-38.6,-38.3
55890.63924,-37.5,999,-38.6,-38.3
55900.65006,-37.6,999,-38.6,-38.3
55910.67824,-37.6,999,-38.6,-38.3
55920.7072,-37.6,999,-38.6,-38.3
55930.73558,-37.6,999,-38.6,-38.3
55940.76346,-37.7,999,-38.6,-38.3
55950.79126,-37.6,999,-38.6,-38.3
55960.81979,-37.6,999,-38.6,-38.3
55970.87897,-37.6,999,-38.6,-38.3
55980.89762,-37.6,999,-38.6,-38.3
55990.93696,-37.6,999,-38.6,-38.3
56000.97797,-37.6,999,-38.6,-38.3
56011.02168,-37.6,999,-38.6,-38.2
56021.06583,-37.6,999,-38.6,-38.3
56031.09367,-37.6,999,-38.6,-38.3
56041.10471,-37.6,999,-38.6,-38.3
56051.11587,-37.6,999,-38.6,-38.3
56061.12699,-37.6,999,-38.6,-38.3
56071.15394,-37.5,999,-38.6,-38.3
56081.19635,-37.6,999,-38.6,-38.3
56091.23941,-37.6,999,-38.6,-38.3
56101.24256,-37.6,999,-38.6,-38.3
56111.29319,-37.6,999,-38.6,-38.3
56121.32605,-37.6,999,-38.6,-38.3
56131.35467,-37.6,999,-38.6,-38.3
56141.38144,-37.6,999,-38.6,-38.3
56151.41006,-37.6,999,-38.6,-38.3
56161.43971,-37.6,999,-38.6,-38.3
56171.46716,-37.6,999,-38.6,-38.3
56181.49609,-37.6,999,-38.6,-38.3
56191.52435,-37.6,999,-38.6,-38.3
56201.55171,-37.6,999,-38.6,-38.3
56211.58108,-37.6,999,-38.6,-38.3
56221.60665,-37.6,999,-38.6,-38.3
56231.63697,-37.6,999,-38.6,-38.3
56241.67256,-37.6,999,-38.6,-38.3
56251.69898,-37.6,999,-38.6,-38.3
56261.71717,-37.6,999,-38.6,-38.3
56271.73219,-37.6,999,-38.6,-38.3
56281.74488,-37.6,999,-38.6,-38.2
56291.75639,-37.6,999,-38.6,-38.3
56301.76917,-37.6,999,-38.6,-38.3
56311.78944,-37.6,999,-38.6,-38.2
56321.81651,-37.6,999,-38.6,-38.2
56331.84882,-37.6,999,-38.6,-38.3
56341.85195,-37.6,999,-38.6,-38.3
56351.87368,-37.6,999,-38.6,-38.3
56361.91432,-37.6,999,-38.6,-38.2
56371.94209,-37.6,999,-38.6,-38.3
56381.96986,-37.6,999,-38.6,-38.3
56391.99697,-37.6,999,-38.6,-38.3
56402.04731,-37.6,999,-38.6,-38.3
56412.07456,-37.6,999,-38.6,-38.2
56422.08157,-37.6,999,-38.6,-38.3
56432.09435,-37.6,999,-38.6,-38.2
56442.12239,-37.6,999,-38.6,-38.3
56452.13434,-37.6,999,-38.6,-38.3
56462.16663,-37.6,999,-38.6,-38.3
56472.18626,-37.6,999,-38.6,-38.3
56482.20283,-37.6,999,-38.6,-38.3
56492.2168,-37.6,999,-38.6,-38.3
56502.2293,-37.6,999,-38.6,-38.3
56512.27318,-37.6,999,-38.6,-38.2
56522.31673,-37.6,999,-38.6,-38.3
56532.34505,-37.6,999,-38.6,-38.3
56542.37314,-37.6,999,-38.6,-38.3
56552.40213,-37.6,999,-38.6,-38.3
56562.43063,-37.6,999,-38.6,-38.3
56572.47233,-37.6,999,-38.6,-38.3
56582.51577,-37.6,999,-38.6,-38.3
56592.54569,-37.6,999,-38.6,-38.3
56602.57556,-37.6,999,-38.6,-38.3
56612.60178,-37.6,999,-38.6,-38.3
56622.62991,-37.6,999,-38.6,-38.3
56632.65556,-37.6,999,-38.6,-38.3
56642.68262,-37.6,999,-38.6,-38.3
56652.72665,-37.6,999,-38.6,-38.3
56662.73882,-37.6,999,-38.6,-38.3
56672.7502,-37.6,999,-38.6,-38.3
56682.77943,-37.6,999,-38.6,-38.3
56692.80672,-37.6,999,-38.6,-38.3
56702.82241,-37.6,999,-38.6,-38.3
56712.8427,-37.6,999,-38.6,-38.3
56722.88773,-37.6,999,-38.6,-38.3
56732.90239,-37.6,999,-38.6,-38.3
56742.94434,-37.6,999,-38.6,-38.3
56752.96997,-37.6,999,-38.6,-38.2
56762.99622,-37.6,999,-38.6,-38.3
56773.02355,-37.6,999,-38.6,-38.3
56783.05193,-37.6,999,-38.6,-38.3
56793.07961,-37.6,999,-38.6,-38.3
56803.12293,-37.6,999,-38.6,-38.3
56813.13385,-37.6,999,-38.6,-38.3
56823.16034,-37.6,999,-38.6,-38.3
56833.20398,-37.6,999,-38.6,-38.3
56843.22169,-37.6,999,-38.6,-38.3
56853.26053,-37.6,999,-38.6,-38.3
56863.28772,-37.6,999,-38.6,-38.3
56873.3152,-37.6,999,-38.6,-38.3
56883.34408,-37.6,999,-38.6,-38.3
56893.37297,-37.6,999,-38.6,-38.3
56903.40184,-37.6,999,-38.6,-38.3
56913.42974,-37.6,999,-38.6,-38.3
56923.45808,-37.6,999,-38.6,-38.3
56933.48628,-37.6,999,-38.6,-38.3
56943.5143,-37.6,999,-38.6,-38.3
56953.54101,-37.6,999,-38.6,-38.3
56963.55053,-37.6,999,-38.6,-38.2
56973.58723,-37.6,999,-38.6,-38.3
56983.61133,-37.6,999,-38.6,-38.3
56993.63914,-37.6,999,-38.6,-38.2
57003.66659,-37.6,999,-38.6,-38.3
57013.67722,-37.6,999,-38.6,-38.3
57023.68974,-37.6,999,-38.6,-38.3
57033.70155,-37.6,999,-38.6,-38.3
57043.72339,-37.6,999,-38.6,-38.3
57053.7595,-37.6,999,-38.6,-38.3
57063.77816,-37.6,999,-38.6,-38.3
57073.78202,-37.6,999,-38.6,-38.3
57083.82398,-37.6,999,-38.6,-38.3
57093.84827,-37.6,999,-38.6,-38.3
57103.87653,-37.6,999,-38.6,-38.3
57113.90449,-37.6,999,-38.6,-38.3
57123.93312,-37.6,999,-38.6,-38.2
57133.96098,-37.6,999,-38.6,-38.2
57143.99498,-37.6,999,-38.6,-38.3
57154.00077,-37.6,999,-38.6,-38.3
57164.02866,-37.6,999,-38.6,-38.3
57174.04483,-37.7,999,-38.6,-38.2
57184.05289,-37.6,999,-38.6,-38.3
57194.07533,-37.6,999,-38.6,-38.3
57204.09136,-37.6,999,-38.6,-38.3
57214.1328,-37.6,999,-38.6,-38.3
57224.15998,-37.6,999,-38.6,-38.3
57234.18731,-37.6,999,-38.6,-38.3
57244.2139,-37.6,999,-38.6,-38.3
57254.24223,-37.6,999,-38.6,-38.3
57264.25266,-37.6,999,-38.6,-38.3
57274.26434,-37.7,999,-38.6,-38.3
57284.30754,-37.7,999,-38.6,-38.2
57294.32156,-37.6,999,-38.6,-38.3
57304.34014,-37.6,999,-38.6,-38.3
57314.34318,-37.6,999,-38.6,-38.3
57324.37059,-37.6,999,-38.6,-38.3
57334.39789,-37.6,999,-38.6,-38.3
57344.42669,-37.6,999,-38.6,-38.3
57354.45576,-37.6,999,-38.6,-38.3
57364.49906,-37.6,999,-38.6,-38.3
57374.52806,-37.7,999,-38.6,-38.3
57384.55469,-37.6,999,-38.6,-38.3
57394.58163,-37.6,999,-38.6,-38.3
57404.61384,-37.6,999,-38.6,-38.3
57414.63636,-37.6,999,-38.6,-38.3
57424.67084,-37.6,999,-38.6,-38.3
57434.69987,-37.6,999,-38.6,-38.3
57444.7176,-37.6,999,-38.6,-38.3
57454.7685,-37.6,999,-38.6,-38.3
57464.79686,-37.6,999,-38.6,-38.3
57474.81973,-37.6,999,-38.6,-38.3
57484.83803,-37.6,999,-38.6,-38.3
57494.87214,-37.6,999,-38.6,-38.3
57504.90138,-37.6,999,-38.6,-38.3
57514.9038,-37.5,999,-38.6,-38.3
57524.91509,-37.6,999,-38.6,-38.2
57534.92732,-37.6,999,-38.6,-38.3
57544.9546,-37.6,999,-38.6,-38.3
57554.99661,-37.6,999,-38.6,-38.2
57565.04162,-37.7,999,-38.6,-38.3
57575.08617,-37.6,999,-38.6,-38.3
57585.13098,-37.6,999,-38.6,-38.3
57595.17562,-37.6,999,-38.6,-38.2
57605.20333,-37.6,999,-38.6,-38.3
57615.22732,-37.7,999,-38.6,-38.3
57625.25882,-37.6,999,-38.6,-38.3
57635.28558,-37.6,999,-38.6,-38.3
57645.31132,-37.6,999,-38.6,-38.3
57655.32929,-37.6,999,-38.6,-38.3
57665.35545,-37.6,999,-38.6,-38.3
57675.3634,-37.6,999,-38.6,-38.3
57685.39805,-37.6,999,-38.6,-38.3
57695.40573,-37.6,999,-38.6,-38.3
57705.43521,-37.6,999,-38.6,-38.3
57715.46221,-37.6,999,-38.6,-38.3
57725.47369,-37.6,999,-38.6,-38.3
57735.485,-37.6,999,-38.6,-38.3
57745.51277,-37.5,999,-38.6,-38.3
57755.55447,-37.6,999,-38.6,-38.3
57765.56544,-37.6,999,-38.6,-38.3
57775.59324,-37.6,999,-38.6,-38.3
57785.6367,-37.6,999,-38.6,-38.3
57795.64928,-37.6,999,-38.6,-38.3
57805.6552,-37.6,999,-38.6,-38.3
57815.68121,-37.6,999,-38.6,-38.3
57825.70958,-37.6,999,-38.6,-38.3
57835.75167,-37.6,999,-38.6,-38.3
57845.76591,-37.6,999,-38.6,-38.3
57855.81741,-37.6,999,-38.6,-38.3
57865.82362,-37.6,999,-38.6,-38.3
57875.85207,-37.6,999,-38.6,-38.3
57885.89371,-37.6,999,-38.6,-38.3
57895.92226,-37.6,999,-38.6,-38.3
57905.93751,-37.6,999,-38.6,-38.3
57915.97413,-37.6,999,-38.6,-38.3
57925.99386,-37.6,999,-38.6,-38.3
57936.03285,-37.6,999,-38.6,-38.3
57946.06071,-37.6,999,-38.6,-38.3
57956.0883,-37.6,999,-38.6,-38.3
57966.0997,-37.6,999,-38.6,-38.3
57976.10978,-37.6,999,-38.6,-38.3
57986.1496,-37.6,999,-38.6,-38.3
57996.18079,-37.6,999,-38.6,-38.3
58006.22305,-37.6,999,-38.6,-38.3
58016.24964,-37.6,999,-38.6,-38.3
58026.27625,-37.6,999,-38.6,-38.3
58036.30216,-37.6,999,-38.6,-38.2
58046.32083,-37.6,999,-38.6,-38.3
58056.32303,-37.6,999,-38.6,-38.3
58066.35106,-37.6,999,-38.6,-38.3
58076.39024,-37.6,999,-38.6,-38.4
58086.41925,-37.7,999,-38.6,-38.6
58096.4458,-37.7,999,-38.7,-38.6
58106.47209,-37.7,999,-38.7,-38.8
58116.50033,-37.7,999,-38.9,-38.8
58126.52894,-37.8,999,-39,-38.9
58136.55529,-37.8,999,-38.7,-38.9
58146.58444,-37.8,999,-38.7,-39
58156.59433,-37.8,999,-38.8,-39
58166.60723,-37.9,999,-38.8,-39.1
58176.63006,-37.9,999,-39.1,-39.1
58186.65701,-37.9,-29.3,-38.8,-39.1
58196.686,-37.9,999,-38.8,-39
58206.71373,-38,999,-39,-39.1
58216.74992,-38,999,-39.1,-39.1
58226.77174,-38,999,-38.9,-39.1
58236.80005,-38.1,999,-39.1,-39.1
58246.82645,-38,999,-38.9,-39.1
58256.85431,-38.1,999,-39.1,-39.3
58266.88823,-38.1,999,-38.9,-39.2
58276.91693,-38.1,999,-38.9,-39.3
58286.94561,-38.1,999,-38.9,-39.4
58296.99079,-38.1,999,-38.9,-39.4
58307.00212,-38.2,999,-38.9,-39.4
58317.00652,-38.2,999,-39.2,-39.2
58327.01848,-38.2,999,-39.2,-39.2
58337.03122,-38.2,999,-39.2,-39.2
58347.04159,-38.2,999,-39.2,-39.5
58357.06848,-38.2,999,-39.2,-39.5
58367.1101,-38.2,999,-39.2,-39.4
58377.13804,-38.3,999,-39.3,-39.5
58387.14313,-38.3,999,-39.3,-39.6
58397.19351,-38.3,999,-39.2,-39.5
58407.22126,-38.3,999,-39.3,-39.6
58417.24795,-38.3,999,-39.3,-39.6
58427.29008,-38.3,999,-39.3,-39.6
58437.30138,-38.3,999,-39.3,-39.6
58447.31422,-38.3,999,-39.3,-39.6
58457.32618,-38.3,999,-39.3,-39.6
58467.35369,-38.3,999,-39.3,-39.7
58477.382,-38.4,999,-39.3,-39.7
58487.40934,-38.4,999,-39.3,-39.7
58497.4542,-38.4,999,-39.3,-39.8
58507.5135,-38.4,999,-39.3,-39.8
58517.53803,-38.4,999,-39.4,-39.9
58527.5541,-38.4,999,-39.4,-39.9
58537.58218,-38.4,999,-39.4,-40
58547.61108,-38.5,999,-39.4,-39.9
58557.64034,-38.5,999,-39.5,-39.9
58567.66784,-38.5,999,-39.4,-40
58577.69542,-38.5,999,-39.4,-40.1
58587.72103,-38.5,999,-39.5,-40.1
58597.74924,-38.5,999,-39.5,-40.1
58607.77784,-38.5,999,-39.5,-40.3
58617.78745,-38.6,999,-39.6,-40.3
58627.79885,-38.6,999,-39.6,-40.2
58637.81954,-38.6,999,-39.6,-40.3
58647.83889,-38.7,999,-39.6,-40.3
58657.86492,-38.7,999,-39.6,-40.3
58667.92331,-38.7,999,-39.6,-40.3
58677.95029,-38.7,999,-39.7,-40.4
58687.97817,-38.7,999,-39.7,-40.4
58698.00525,-38.7,999,-39.7,-40.5
58708.03209,-38.7,999,-39.7,-40.5
58718.04442,-38.7,999,-39.8,-40.5
58728.0864,-38.7,999,-39.8,-40.5
58738.13052,-38.8,999,-39.7,-40.5
58748.14314,-38.8,999,-39.8,-40.6
58758.18652,-38.8,999,-39.9,-40.6
58768.21563,-38.8,999,-39.9,-40.6
58778.24919,-38.8,999,-39.9,-40.6
58788.2546,-38.8,999,-40,-40.6
58798.28331,-38.8,999,-39.9,-40.6
58808.34168,-38.9,999,-40,-40.6
58818.36903,-38.9,999,-40,-40.7
58828.41343,-38.9,999,-39.9,-40.7
58838.44218,-38.9,999,-39.9,-40.7
58848.46936,-38.9,999,-40,-40.7
58858.49651,-39,999,-40,-40.7
58868.5259,-39,999,-40,-40.7
58878.55347,-39,999,-40,-40.7
58888.55935,-39.1,999,-40,-40.7
58898.59467,-39,999,-40,-40.8
58908.62858,-39.1,999,-40,-40.8
58918.64835,-39.1,999,-40,-40.8
58928.66227,-39.1,999,-40,-40.7
58938.67202,-39.1,999,-40,-40.7
58948.69924,-39.1,999,-40,-40.7
58958.72635,-39.1,999,-40,-40.8
58968.7688,-39.1,999,-40.1,-40.7
58978.79931,-39.2,999,-40,-40.8
58988.84121,-39.2,999,-40,-40.8
58998.86768,-39.3,999,-40.1,-40.8
59008.89707,-39.2,999,-40.1,-40.8
59018.92357,-39.3,999,-40.1,-40.8
59028.95739,-39.3,999,-40.1,-40.8
59038.98193,-39.3,999,-40,-40.8
59049.01403,-39.3,999,-40.1,-40.8
59059.03649,-39.3,999,-40.1,-40.9
59069.06486,-39.3,999,-40.1,-40.9
59079.08569,-39.4,999,-40.1,-40.9
59089.1047,-39.4,999,-40.1,-40.9
59099.11741,-39.4,999,-40.1,-40.9
59109.16278,-39.5,999,-40.1,-40.9
59119.19017,-39.5,999,-40.1,-40.9
59129.2002,-39.4,999,-40,-40.8
59139.22079,-39.1,999,-39.9,-40.6
59149.25322,-38.7,999,-39.7,-40.2
59159.26757,-38.4,999,-39.6,-40.1
59169.29671,-38.1,999,-39.4,-39.8
59179.33963,-37.9,999,-39.3,-39.6
59189.36887,-37.6,999,-39.3,-39.1
59199.4114,-37.4,999,-39.1,-38.9
59209.4392,-37.2,999,-39,-38.6
59219.46793,-37,999,-39,-38.3
59229.51234,-36.8,999,-38.7,-38.1
59239.5423,-36.6,999,-38.6,-37.7
59249.58533,-36.4,999,-38.6,-37.3
59259.61375,-36.2,999,-38.6,-37.1
59269.61737,-36.1,999,-38.6,-36.8
59279.6499,-35.7,999,-38.6,-36.5
59289.66428,-35.5,999,-38.5,-36.2
59299.67551,-35.4,999,-38.5,-35.9
59309.68747,-35.2,999,-38.4,-35.6
59319.69822,-35.1,999,-38.4,-35.4
59329.74231,-35,999,-38.3,-35.2
59339.7702,-34.8,999,-38.2,-34.7
59349.7971,-34.7,999,-38.2,-34.5
59359.83866,-34.5,999,-38.1,-34.2
59369.88188,-34.3,999,-38,-34
59379.90741,-34.2,999,-38,-33.8
59389.92925,-34.1,999,-37.9,-33.5
59399.96371,-33.9,999,-37.8,-33.4
59409.97519,-33.8,999,-37.7,-33.1
59419.98661,-33.8,999,-37.6,-33
59429.99795,-33.6,999,-37.5,-32.8
59440.01811,-33.4,999,-37.5,-32.7
59450.04582,-33.4,999,-37.3,-32.6
59460.07826,-33.2,999,-37.2,-32.4
59470.08269,-33.2,999,-37.1,-32.3
59480.09357,-33,999,-36.9,-32.1
59490.12384,-33,999,-36.8,-32
59500.15884,-32.9,999,-36.7,-31.8
59510.162,-32.8,999,-36.5,-31.7
59520.21995,-32.7,999,-36.3,-31.6
59530.24766,-32.6,999,-36.1,-31.4
59540.2765,-32.5,999,-36,-31.3
59550.29059,-32.4,999,-35.8,-31.2
59560.31931,-32.3,999,-35.6,-31.1
59570.36266,-32.2,999,-35.4,-30.9
59580.40662,-32.2,999,-35.3,-30.9
59590.43427,-32,999,-35.1,-30.7
59600.46179,-31.9,999,-34.9,-30.4
59610.49322,-31.8,999,-34.7,-30.3
59620.51909,-31.6,999,-34.4,-30.1
59630.52263,-31.4,999,-34.2,-30.1
59640.56398,-31.3,999,-34.1,-30
59650.58066,-31.3,999,-34,-29.9
59660.61037,-31.2,999,-33.9,-29.7
59670.62077,-31.1,999,-33.8,-29.7
59680.64878,-31,999,-33.7,-29.7
59690.69271,-30.9,999,-33.5,-29.5
59700.73532,-30.9,999,-33.4,-29.4
59710.76318,-30.8,999,-33.3,-29.3
59720.79103,-30.8,999,-33.2,-29.2
59730.81784,-30.7,999,-33,-29.2
59740.84779,-30.6,999,-32.9,-29.1
59750.86865,-30.6,999,-32.8,-29
59760.91784,-30.5,999,-32.7,-28.8
59770.95325,-30.4,999,-32.6,-28.7
59780.98515,-30.4,999,-32.5,-28.7
59791.01362,-30.4,999,-32.4,-28.6
59801.0561,-30.2,999,-32.3,-28.5
59811.08402,-30.2,999,-32.2,-28.4
59821.11188,-30.1,999,-32.1,-28.4
59831.12353,-30.1,999,-32,-28.2
59841.13052,-30.1,999,-31.9,-28.2
59851.14159,-29.9,999,-31.8,-28.1
59861.16999,-29.9,999,-31.8,-28
59871.1811,-29.8,999,-31.6,-27.9
59881.23112,-29.8,999,-31.5,-27.8
59891.23697,-29.7,999,-31.5,-27.7
59901.26528,-29.7,999,-31.4,-27.7
59911.32421,-29.7,999,-31.3,-27.5
59921.35082,-29.6,999,-31.2,-27.5
59931.37908,-29.5,999,-31.1,-27.4
59941.40741,-29.5,999,-31,-27.3
59951.43417,-29.4,999,-30.9,-27.2
59961.4624,-29.4,999,-30.9,-27.2
59971.49014,-29.4,999,-30.8,-27.1
59981.50006,-29.3,999,-30.7,-27
59991.52914,-29.3,999,-30.6,-26.9
60001.55983,-29.3,999,-30.6,-26.9
60011.59491,-29.3,999,-30.3,-26.8
60021.61334,-29.3,999,-30.4,-26.7
60031.64219,-29.2,999,-30.2,-26.7
60041.65472,-29.2,999,-30.3,-26.7
60051.66747,-29.2,999,-30,-26.6
60061.67933,-29.2,999,-30,-26.5
60071.68966,-29.2,999,-29.9,-26.3
60081.71817,-29.2,999,-29.9,-26.3
60091.75995,-29.2,999,-29.9,-26.5
60101.83344,-29.2,999,-29.9,-26.4
60111.86094,-29.3,999,-29.9,-26.5
60121.88861,-29.2,999,-29.8,-26.2
60131.92502,-29.2,999,-29.8,-26.4
60141.96706,-29.3,999,-29.8,-26.1
60151.99021,-29.3,999,-29.8,-26.1
60162.01619,-29.3,999,-29.7,-26.3
60172.0295,-29.3,999,-29.7,-26
60182.04239,-29.2,999,-29.6,-26
60192.08649,-29.2,999,-29.6,-26.1
60202.09919,-29.2,999,-29.5,-25.8
60212.11194,-29.2,999,-29.5,-25.8
60222.12291,-29.1,999,-29.4,-25.8
60232.13653,-29.1,999,-29.4,-25.7
60242.16446,-29.1,999,-29.3,-25.6
60252.18764,-29,999,-29.2,-25.6
60262.21361,-29,999,-29.2,-25.5
60272.24857,-29,999,-29.2,-25.5
60282.27435,-28.9,999,-29,-25.4
60292.3175,-28.9,999,-29,-25.3
60302.33027,-28.9,999,-28.9,-25.2
60312.33489,-28.8,999,-28.8,-25.1
60322.36186,-28.9,999,-28.8,-25.1
60332.37227,-28.8,999,-28.7,-25
60342.39938,-28.8,999,-28.6,-25
60352.41654,-28.7,999,-28.5,-24.8
60362.45204,-28.6,999,-28.5,-24.7
60372.46621,-28.6,999,-28.3,-24.7
60382.47886,-28.5,999,-28.2,-24.6
60392.49718,-28.5,999,-28.2,-24.6
60402.52412,-28.5,999,-28.1,-24.4
60412.5669,-28.5,999,-28,-24.4
60422.59472,-28.5,999,-28,-24.3
60432.62062,-28.3,999,-27.8,-24.3
60442.64925,-28.3,999,-27.8,-24.2
60452.67508,-28.3,999,-27.7,-24.1
60462.68716,-28.3,999,-27.6,-24
60472.6992,-28.2,999,-27.5,-23.9
60482.73645,-28.2,999,-27.4,-23.9
60492.77173,-28.2,999,-27.4,-23.8
60502.80108,-28.2,999,-27.2,-23.7
60512.82233,-28,999,-27.2,-23.6
60522.82574,-28.1,999,-27.1,-23.5
60532.83896,-28,999,-27,-23.5
60542.84561,-28.1,999,-26.9,-23.4
60552.91166,-27.9,999,-26.8,-23.4
60562.92453,-27.9,999,-26.7,-23.2
60572.94053,-27.9,999,-26.6,-23.1
60582.94473,-27.9,999,-26.5,-23.1
60592.98789,-27.8,999,-26.4,-23.1
60603.01382,-27.7,999,-26.4,-22.9
60613.05776,-27.7,999,-26.3,-22.8
60623.08696,-27.6,999,-26.2,-22.8
60633.1157,-27.6,999,-26.1,-22.8
60643.14383,-27.6,999,-26,-22.8
60653.17138,-27.5,999,-26,-22.6
60663.20569,-27.6,999,-25.7,-22.5
60673.24861,-27.5,999,-25.5,-22.5
60683.26131,-27.5,999,-25.4,-22.4
60693.2643,-27.4,999,-25.4,-22.3
60703.27332,-27.2,999,-25.3,-22.2
60713.32396,-27.2,999,-25.3,-22.2
60723.34685,-27.2,999,-25.2,-21.9
60733.37641,-27.2,999,-25,-21.8
60743.42805,-27,999,-25,-21.7
60753.43419,-27,999,-24.8,-21.6
60763.46137,-27,999,-24.8,-21.6
60773.49074,-26.9,999,-24.7,-21.5
60783.51845,-26.9,999,-24.6,-21.4
60793.5468,-26.9,999,-24.6,-21.3
60803.57718,-26.9,999,-24.5,-21.3
60813.61928,-26.8,999,-24.4,-21.3
60823.64759,-26.8,999,-24.3,-21.1
60833.68855,-26.8,999,-24.2,-21.1
60843.72003,-26.7,999,-24.1,-21
60853.75054,-26.7,999,-24.1,-21
60863.77616,-26.7,999,-24,-20.9
60873.80347,-26.6,999,-24,-20.8
60883.83129,-26.6,999,-23.9,-20.7
60893.85854,-26.6,999,-23.8,-20.7
60903.86968,-26.5,999,-23.7,-20.6
60913.881,-26.5,999,-23.7,-20.5
60923.8946,-26.5,999,-23.6,-20.5
60933.90613,-26.4,999,-23.5,-20.4
60943.91627,-26.4,999,-23.4,-20.3
60953.9778,-26.4,999,-23.4,-20.3
60964.0286,-26.4,999,-23.4,-20.7
60974.03487,-26.8,999,-23.7,-21.3
60984.05914,-27.3,999,-23.8,-21.8
60994.06131,-27.7,999,-24.2,-22.5
61004.07291,-28,999,-24.3,-22.9
61014.10006,-28.3,999,-24.6,-23.4
61024.1584,-28.5,999,-24.8,-23.8
61034.18541,-28.8,999,-25,-24.2
61044.22897,-29,999,-25.2,-24.6
61054.27242,-29.2,999,-25.4,-24.9
61064.30052,-29.4,999,-25.6,-25.2
61074.32694,-29.6,999,-25.7,-25.5
61084.36136,-29.8,999,-26.2,-25.7
61094.3902,-30,999,-26.4,-26.3
61104.40058,-30.1,999,-26.4,-26.1
61114.44619,-30,999,-26.5,-25.3
61124.47419,-29.6,999,-26.5,-24.2
61134.4876,-29.4,999,-26.4,-23.4
61144.49327,-29,999,-26.4,-22.6
61154.50573,-28.8,999,-26.3,-21.8
61164.51838,-28.5,999,-26.2,-21.3
61174.53162,-28.3,999,-26.2,-20.9
61184.58525,-28.1,999,-26.1,-20.4
61194.6075,-27.8,999,-26,-20.1
61204.64267,-27.6,999,-25.9,-19.8
61214.67081,-27.4,999,-25.6,-19.5
61224.71639,-27.2,999,-25.5,-19.1
61234.74305,-26.8,999,-25.4,-18.9
61244.7715,-26.7,999,-25.3,-18.6
61254.81296,-26.5,999,-25.1,-18.2
61264.8413,-26.4,999,-25,-18
61274.8691,-26.2,999,-25,-17.8
61284.9036,-26.2,999,-24.9,-17.4
61294.90888,-26,999,-24.7,-17.2
61304.9216,-25.9,999,-24.6,-17
61314.96581,-25.8,999,-24.5,-16.8
61324.97891,-25.7,999,-24.4,-16.5
61335.00624,-25.6,999,-24.3,-16.4
61345.01932,-25.6,999,-24.3,-16.2
61355.0468,-25.4,999,-24.2,-16
61365.06957,-25.3,999,-24,-15.8
61375.09829,-25.2,999,-23.9,-15.6
61385.12683,-25.2,999,-23.8,-15.5
61395.1546,-25.1,999,-23.7,-15.4
61405.18833,-25.1,999,-23.7,-15.2
61415.22252,-25,999,-23.6,-15.1
61425.2296,-24.9,999,-23.5,-14.8
61435.27878,-24.8,999,-23.4,-14.7
61445.28556,-24.8,999,-23.3,-14.5
61455.34808,-24.7,999,-23.2,-14.5
61465.38866,-24.6,999,-23.1,-14.2
61475.40438,-24.5,999,-23,-14.1
61485.43106,-24.4,999,-22.9,-13.9
61495.47429,-24.4,999,-22.8,-13.8
61505.50164,-24.3,999,-22.7,-13.6
61515.54381,-24.3,999,-22.6,-13.5
61525.57244,-24.2,999,-22.5,-13.2
61535.59971,-24.1,999,-22.5,-13
61545.62735,-24.1,999,-22.4,-12.9
61555.65495,-24.1,999,-22.3,-12.8
61565.66815,-24,999,-22.2,-12.7
61575.69739,-24,999,-22.2,-12.5
61585.73006,-24,999,-22.1,-12.4
61595.76519,-23.8,999,-22,-12.3
61605.82208,-23.8,999,-21.9,-12.2
61615.84099,-23.7,999,-21.9,-12.1
61625.86838,-23.6,999,-21.7,-11.9
61635.88111,-23.6,999,-21.4,-11.9
61645.92394,-23.6,999,-21.4,-11.7
61655.95241,-23.6,999,-21.3,-11.6
61665.98013,-23.5,999,-21.2,-11.5
61676.02338,-23.5,999,-21.1,-11.4
61686.05058,-23.5,999,-21.1,-11.4
61696.07919,-23.4,999,-21,-11.2
61706.08356,-23.3,999,-20.9,-11.2
61716.11082,-23.3,999,-20.8,-11
61726.15266,-23.2,999,-20.8,-10.9
61736.15953,-23.2,999,-20.7,-10.9
61746.17089,-23.2,999,-20.6,-10.7
61756.18399,-23.1,999,-20.5,-10.7
61766.21217,-23,999,-20.5,-10.6
61776.22674,-23,999,-20.4,-10.5
61786.24737,-23,999,-20.3,-10.4
61796.27774,-22.9,999,-20.2,-10.3
61806.30652,-22.9,999,-20.2,-10.2
61816.32903,-22.6,999,-20.1,-10.1
61826.3651,-22.7,999,-20,-10
61836.39652,-22.5,999,-20,-9.9
61846.42267,-22.5,999,-19.9,-9.8
61856.4524,-22.4,999,-19.8,-9.7
61866.4863,-22.4,999,-19.8,-9.7
61876.52886,-22.4,999,-19.7,-9.6
61886.54094,-22.3,999,-19.7,-9.5
61896.5691,-22.3,999,-19.6,-9.4
61906.57478,-22.3,999,-19.5,-9.4
61916.60113,-22.2,999,-19.4,-9.4
61926.63073,-22.2,999,-19.4,-9.3
61936.65059,-22.1,999,-19.4,-9
61946.68634,-22.1,999,-19.2,-8.9
61956.7167,-22.1,999,-19.2,-8.8
61966.76112,-22,999,-19.1,-9
61976.786,-21.9,999,-19.1,-8.7
61986.79595,-21.9,999,-19,-8.6
61996.82437,-21.9,999,-19,-8.6
62006.83514,-21.9,999,-18.9,-8.5
62016.86367,-21.8,999,-18.9,-8.4
62026.89193,-21.8,999,-18.8,-8.4
62036.93527,-21.8,999,-18.7,-8.3
62046.96108,-21.7,999,-18.6,-8.2
62056.98951,-21.7,999,-18.6,-8.2
62067.00637,-21.6,999,-18.6,-8.1
62077.04275,-21.6,999,-18.5,-8
62087.05505,-21.5,999,-18.4,-8
62097.06691,-21.5,999,-18.4,-7.9
62107.09603,-21.4,999,-18.3,-7.9
62117.12387,-21.4,999,-18.2,-7.8
62127.15279,-21.3,999,-18.2,-7.7
62137.19769,-21.3,999,-18.1,-7.6
62147.25507,-21.2,999,-18.1,-7.6
62157.29843,-21.2,999,-18,-7.4
62167.3294,-21.1,999,-18,-7.4
62177.3583,-21.1,999,-17.9,-7.3
62187.38682,-21.1,999,-17.9,-7.2
62197.39459,-21,999,-17.8,-7.2
62207.43027,-21,999,-17.8,-7.1
62217.45892,-20.9,999,-17.7,-7
62227.4884,-20.9,999,-17.6,-6.9
62237.49135,-20.9,999,-17.6,-6.9
62247.52022,-20.8,999,-17.5,-6.8
62257.56428,-20.8,999,-17.5,-6.8
62267.60821,-20.7,999,-17.2,-6.7
62277.65155,-20.7,999,-17.4,-6.6
62287.67997,-20.6,999,-17.1,-6.7
62297.70938,-20.6,999,-17.3,-6.5
62307.73776,-20.5,999,-17.2,-6.4
62317.76587,-20.6,999,-16.9,-6.4
62327.81632,-20.6,999,-16.8,-6.3
62337.8451,-20.5,999,-16.8,-6.2
62347.87662,-20.4,999,-16.8,-6.1
62357.90079,-20.4,999,-16.7,-6.1
62367.92928,-20.3,999,-16.7,-6
62377.93676,-20.3,999,-16.6,-5.9
62387.97235,-20.3,999,-16.5,-5.8
62397.97783,-20.2,999,-16.5,-5.8
62408.02218,-20.2,999,-16.5,-5.7
62418.07314,-20.1,999,-16.3,-5.7
62428.09349,-20,999,-16.3,-5.6
62438.12906,-20,999,-16.2,-5.5
62448.17155,-20,999,-16.2,-5.5
62458.20137,-20,999,-16.1,-5.4
62468.24695,-20,999,-16.1,-5.3
62478.30456,-19.9,999,-16,-5.1
62488.33414,-19.9,999,-16,-5.2
62498.37952,-19.8,999,-15.8,-4.9
62508.40717,-19.8,999,-15.8,-5
62518.45225,-19.8,999,-15.7,-4.9
62528.48015,-19.7,999,-15.7,-4.9
62538.50976,-19.7,999,-15.6,-4.7
62548.54529,-19.7,999,-15.6,-4.6
62558.6031,-19.6,999,-15.4,-4.6
62568.61853,-19.6,999,-15.4,-4.5
62578.67707,-19.5,999,-15.4,-4.5
62588.70612,-19.5,999,-15.3,-4.4
62598.73404,-19.5,999,-15.3,-4.3
62608.76188,-19.4,999,-15.2,-4.3
62618.7699,-19.4,999,-15.1,-4.2
62628.80806,-19.3,999,-15.1,-4.2
62638.83413,-19.3,999,-15,-4.2
62648.86413,-19.3,999,-14.9,-4.1
62658.89239,-19.2,999,-14.8,-4
62668.93501,-19.2,999,-14.8,-4
62678.94763,-19.2,999,-14.7,-3.9
62688.95899,-19.2,999,-14.6,-3.8
62698.97112,-19.1,999,-14.5,-3.8
62708.99182,-19.1,999,-14.5,-3.8
62719.02668,-19,999,-14.4,-3.7
62729.07113,-19,999,-14.4,-3.7
62739.11493,-18.9,999,-14.3,-3.6
62749.13032,-18.9,999,-14.3,-3.6
62759.20379,-18.8,999,-14.2,-3.5
62769.23195,-18.8,999,-14.1,-3.5
62779.26028,-18.8,999,-14,-3.4
62789.28808,-18.8,999,-14,-3.3
62799.31629,-18.8,999,-14,-3.3
62809.32755,-18.7,999,-13.9,-3.3
62819.35584,-18.6,999,-13.8,-3.3
62829.36789,-18.6,999,-13.8,-3.2
62839.3957,-18.5,999,-13.7,-3.1
62849.40773,-18.5,999,-13.7,-3.1
62859.45241,-18.5,999,-13.6,-3.1
62869.48206,-18.2,999,-13.5,-3
62879.53295,-18.2,999,-13.4,-2.9
62889.54583,-18.2,999,-13.4,-2.9
62899.57461,-18.1,999,-13.3,-2.8
62909.58853,-18.1,999,-13.2,-2.8
62919.60126,-18.1,999,-13.2,-2.8
62929.61409,-18.1,999,-13.2,-2.8
62939.64148,-18.6,999,-13.4,-3.6
62949.66228,-19.1,999,-13.7,-4.6
62959.68908,-19.5,999,-14.1,-5.9
62969.72349,-19.9,999,-14.3,-6.7
62979.75084,-20.3,999,-14.6,-7.6
62989.76609,-20.7,999,-14.9,-8.3
62999.77154,-21,999,-15.2,-9.3
63009.80092,-21.3,999,-15.4,-10
63019.81342,-21.7,999,-15.6,-10.6
63029.84155,-21.9,999,-15.9,-11.2
63039.85489,-22.2,999,-16.2,-11.7
63049.86757,-22.4,999,-16.2,-12
63059.89461,-22.2,999,-16.2,-11.6
63069.92415,-21.9,999,-15.9,-11
63079.95192,-21.6,999,-15.8,-10.5
63089.99583,-21.3,999,-15.6,-9.9
63100.03697,-21.1,999,-15.4,-9.4
63110.06852,-20.8,999,-15.2,-8.7
63120.11028,-20.6,999,-15.1,-8.2
63130.13878,-20.4,999,-14.9,-7.9
63140.16735,-20.2,999,-14.8,-7.5
63150.19624,-20,999,-14.6,-7.2
63160.22411,-19.8,999,-14.5,-6.9
63170.25249,-19.7,999,-14.4,-6.6
63180.28177,-19.6,999,-14.2,-6.3
63190.30892,-19.4,999,-14.1,-6.1
63200.33613,-19.3,999,-14,-5.8
63210.36556,-19.2,999,-13.9,-5.6
63220.39523,-19.1,999,-13.7,-5.4
63230.40993,-18.9,999,-13.7,-5.1
63240.42286,-18.9,999,-13.5,-4.7
63250.43402,-18.8,999,-13.4,-4.6
63260.46236,-18.7,999,-13.3,-4.4
63270.48984,-18.4,999,-13.1,-4.2
63280.53316,-18.5,999,-12.8,-4.1
63290.55568,-18.2,999,-12.7,-4
63300.59931,-18.2,999,-12.7,-3.8
63310.62578,-18,999,-12.6,-3.6
63320.63846,-18,999,-12.4,-3.6
63330.66552,-17.9,999,-12.4,-3.4
63340.71046,-17.9,999,-12.3,-3.3
63350.75962,-17.9,999,-12.2,-3.1
63360.78269,-17.8,999,-12.1,-3
63370.79765,-17.7,999,-12,-2.9
63380.82704,-17.6,999,-12,-2.8
63390.88585,-17.6,999,-11.9,-2.8
63400.9148,-17.5,999,-11.9,-2.6
63410.94487,-17.5,999,-11.7,-2.5
63420.97324,-17.4,999,-11.7,-2.4
63431.01585,-17.4,999,-11.6,-2.4
63441.04573,-17.4,999,-11.5,-2.3
63451.07448,-17.3,999,-11.5,-2.2
63461.10162,-17.3,999,-11.4,-2
63471.11135,-17.2,999,-11.3,-2
63481.13082,-17.1,999,-11.2,-1.8
63491.13913,-17.1,999,-11.2,-1.8
63501.15192,-17,999,-11.1,-1.7
63511.16426,-17,999,-11.1,-1.5
63521.17578,-17,999,-11,-1.5
63531.19756,-16.9,999,-10.9,-1.5
63541.22537,-16.9,999,-11,-1.3
63551.25432,-16.9,999,-10.8,-1.2
63561.28262,-16.8,999,-10.8,-1.2
63571.31698,-16.8,999,-10.8,-1.1
63581.34506,-16.7,999,-10.7,-1
63591.37396,-16.7,999,-10.7,-0.9
63601.40367,-16.7,999,-10.7,-0.8
63611.43357,-16.6,999,-10.6,-0.5
63621.45726,-16.6,999,-10.6,-0.5
63631.49235,-16.5,999,-10.6,-0.4
63641.52058,-16.5,999,-10.5,-0.2
63651.5505,-16.5,999,-10.4,-0.2
63661.55588,-16.4,999,-10.4,-0.1
63671.56861,-16.4,999,-10.4,0
63681.58052,-16.4,999,-10.3,0
63691.59366,-16.3,999,-10.3,0
63701.63888,-16.2,999,-10.3,0.1
63711.66219,-16.2,999,-10.2,0.2
63721.66805,-16.2,999,-10.2,0.3
63731.68142,-16.2,999,-10.2,0.3
63741.68889,-16.1,999,-10.2,0.5
63751.73817,-16.1,999,-10.2,0.6
63761.75683,-16.1,999,-10.1,0.6
63771.77335,-16,999,-10.1,0.7
63781.80071,-15.9,999,-10.1,0.8
63791.80861,-15.9,999,-10,0.8
63801.82152,-15.9,999,-10,0.9
63811.85612,-15.8,999,-10,0.9
63821.87529,-15.8,999,-10,1
63831.90746,-15.8,999,-10,1
63841.91946,-15.8,999,-10,1.1
63851.94384,-15.7,999,-9.9,1.1
63861.97587,-15.7,999,-9.9,1.2
63872.00325,-15.7,999,-9.8,1.3
63882.05832,-15.6,999,-9.8,1.3
63892.07484,-15.6,999,-9.8,1.4
63902.09965,-15.5,999,-9.8,1.4
63912.12404,-15.5,999,-9.8,1.5
63922.14085,-15.5,999,-9.7,1.6
63932.16146,-15.4,999,-9.7,1.7
63942.19002,-15.4,999,-9.7,1.7
63952.21447,-15.3,999,-9.7,1.7
63962.22466,-15.3,999,-9.7,1.8
63972.23511,-15.2,999,-9.7,1.9
63982.24695,-15.2,999,-9.6,1.9
63992.27489,-15.2,999,-9.6,2
64002.30358,-15.1,999,-9.7,2.1
64012.36163,-15.2,999,-9.6,2.1
64022.40713,-15.1,999,-9.6,2.2
64032.44249,-15,999,-9.5,2.3
64042.46963,-15,999,-9.5,2.4
64052.5104,-15,999,-9.5,2.4
64062.54068,-14.9,999,-9.5,2.4
64072.56907,-14.9,999,-9.5,2.4
64082.59688,-14.8,999,-9.5,2.6
64092.62435,-14.8,999,-9.5,2.6
64102.65553,-14.8,999,-9.4,2.6
64112.69723,-14.7,999,-9.4,2.7
64122.7311,-14.7,999,-9.4,2.7
64132.73749,-14.6,999,-9.4,2.8
64142.76857,-14.6,999,-9.4,2.9
64152.79591,-14.6,999,-9.4,2.9
64162.82537,-14.5,999,-9.4,3
64172.85422,-14.5,999,-9.3,3.1
64182.87474,-14.2,999,-9.3,3.1
64192.89583,-14.2,999,-9.3,3.2
64202.92371,-14.1,999,-9.4,3.2
64212.95165,-14.1,999,-9.3,3.3
64222.96595,-14,999,-9.3,3.4
64232.9886,-14,999,-9.3,3.7
64243.01371,-14,999,-9.3,3.7
64253.04161,-14,999,-9.3,3.8
64263.04917,-13.8,999,-9.2,3.8
64273.06632,-13.8,999,-9.2,3.9
64283.09508,-13.7,999,-9.2,3.9
64293.1152,-13.7,999,-9.2,4
64303.12014,-13.7,999,-9.1,4
64313.13318,-13.7,999,-9.1,4.1
64323.14736,-13.6,999,-9.1,4.2
64333.15595,-13.5,999,-9.1,4.2
64343.18634,-13.4,999,-9.1,4.3
64353.19681,-13.4,999,-9.1,4.4
64363.26252,-13.4,999,-9.1,4.4
64373.26983,-13.4,999,-9.1,4.5
64383.31906,-13.3,999,-9.1,4.6
64393.3311,-13.3,999,-9,4.6
64403.35561,-13.2,999,-9,4.7
64413.40158,-13.2,999,-9,4.7
64423.4264,-13.1,999,-9,4.7
64433.45571,-13.1,999,-9,4.8
64443.48322,-13,999,-8.7,4.9
64453.5128,-13.1,999,-8.9,5
64463.54106,-13,999,-8.7,5
64473.59009,-13,999,-8.8,5.1
64483.60365,-12.9,999,-8.6,5
64493.6083,-12.9,999,-8.6,5.2
64503.62059,-12.9,999,-8.6,5.2
64513.63542,-12.8,999,-8.5,5.2
64523.65824,-12.7,999,-8.5,5.3
64533.67555,-12.8,999,-8.5,5.4
64543.70413,-12.6,999,-8.5,5.4
64553.73412,-12.6,999,-8.5,5.4
64563.76433,-12.6,999,-8.5,5.5
64573.79052,-12.5,999,-8.4,5.6
64583.8188,-12.5,999,-8.5,5.6
64593.86121,-12.5,999,-8.5,5.7
64603.90503,-12.4,999,-8.4,5.7
64613.93354,-12.3,999,-8.4,5.8
64623.96054,-12.3,999,-8.4,5.7
64633.98506,-12.2,999,-8.3,5.8
64644.019,-12.2,999,-8.3,5.9
64654.05398,-12.2,999,-8.3,5.9
64664.08237,-12.1,999,-8.2,6
64674.11029,-12,999,-8.2,6
64684.13998,-11.9,999,-8.2,6
64694.16816,-11.9,999,-8.1,6.1
64704.19798,-11.9,999,-8.1,6.1
64714.22622,-11.8,999,-8.1,6.1
64724.25461,-11.7,999,-8,6.2
64734.2729,-11.6,999,-8,6.2
64744.32769,-11.6,999,-8,6.2
64754.35702,-11.5,999,-8,6.3
64764.40192,-11.5,999,-7.9,6.3
64774.40623,-11.3,999,-8,6.3
64784.44764,-11.3,999,-7.9,6.4
64794.47008,-11.2,999,-7.8,6.5
64804.49941,-11.2,999,-7.8,6.5
64814.52898,-11.1,999,-7.7,6.5
64824.54014,-11,999,-7.7,6.5
64834.56845,-10.9,999,-7.7,6.5
64844.61148,-10.7,999,-7.7,6.6
64854.653,-10.6,999,-7.6,6.6
64864.69596,-10.5,999,-7.5,6.6
64874.72445,-10.4,999,-7.5,6.7
64884.74952,-10.1,999,-7.4,6.7
64894.75685,-9.9,999,-7.4,6.7
64904.77523,-9.5,999,-7.4,6.8
64914.78712,-9.4,999,-7.3,6.8
64924.79905,-9.3,999,-7.4,6.8
64934.82139,-9.2,999,-7.2,6.9
64944.83936,-9.1,999,-7.2,6.9
64954.86684,-9,999,-7.2,7
64964.89743,-8.9,999,-7.2,7
64974.92647,-8.9,999,-7.1,7
64984.95444,-8.8,999,-7,7
64994.98254,-8.8,999,-7,7
65005.01285,-8.6,999,-6.9,7.1
65015.04025,-8.6,999,-6.9,7.1
65025.08403,-8.7,999,-7,6.7
65035.11273,-9,999,-7.3,5.8
65045.15805,-9.2,999,-7.6,4.8
65055.18728,-9.6,999,-7.9,4
65065.21421,-10.2,999,-8.1,2.9
65075.24249,-10.5,999,-8.3,2.1
65085.27053,-10.8,999,-8.5,1.3
65095.29842,-11.2,999,-9,0.7
65105.31001,-11.5,999,-9.2,0
65115.35342,-11.8,999,-9.4,-0.6
65125.38121,-12.1,999,-9.7,-1.2
65135.40912,-12.4,999,-9.8,-1.8
65145.42728,-12.6,999,-10,-2.3
65155.46164,-12.8,999,-10.2,-2.7
65165.47813,-13,999,-10.2,-3
65175.50752,-12.9,999,-10.1,-2.6
65185.53495,-12.8,999,-10,-2
65195.5785,-12.6,999,-9.7,-1.4
65205.6077,-12.3,999,-9.5,-0.8
65215.63716,-12.2,999,-9.4,-0.1
65225.6647,-11.9,999,-9.2,0.3
65235.69325,-11.7,999,-9,0.8
65245.72262,-11.4,999,-8.9,1.2
65255.75189,-11.3,999,-8.7,1.6
65265.78141,-11,999,-8.4,1.9
65275.81189,-10.9,999,-8.2,2.2
65285.85595,-10.7,999,-8.1,2.4
65295.87912,-10.5,999,-8,2.7
65305.891,-10.4,999,-7.8,3
65315.90063,-10.3,999,-7.7,3.3
65325.92919,-9.9,999,-7.6,3.4
65335.95897,-10,999,-7.4,3.6
65345.98753,-9.6,999,-7.3,4
65356.01587,-9.5,999,-7.2,4.2
65366.05991,-9.4,999,-7.1,4.3
65376.10242,-9.3,999,-7,4.4
65386.13173,-9.2,999,-6.8,4.6
65396.16064,-9.1,999,-6.8,4.7
65406.182,-8.9,999,-6.7,4.8
65416.19896,-8.8,999,-6.6,5
65426.23258,-8.7,999,-6.5,5.1
65436.25522,-8.7,999,-6.4,5.2
65446.2669,-8.6,999,-6.3,5.3
65456.27898,-8.5,999,-6.1,5.4
65466.29192,-8.4,999,-6.1,5.5
65476.31385,-8.3,999,-6,5.6
65486.34833,-8.2,999,-5.9,5.7
65496.36057,-8.1,999,-5.8,5.8
65506.39675,-8,999,-5.8,5.9
65516.41604,-8,999,-5.6,6
65526.45346,-8,999,-5.6,6
65536.48792,-7.8,999,-5.5,6.1
65546.49343,-7.7,999,-5.4,6.2
65556.50488,-7.7,999,-5.3,6.2
65566.51785,-7.6,999,-5.3,6.3
65576.52943,-7.5,999,-5.2,6.4
65586.57292,-7.5,999,-5.1,6.5
65596.61833,-7.4,999,-5,6.5
65606.64631,-7.4,999,-5,6.6
65616.67518,-7.3,999,-4.9,6.7
65626.71417,-7.3,999,-4.8,6.8
65636.73431,-7.2,999,-4.6,6.8
65646.77318,-7.2,999,-4.7,6.9
65656.79949,-7,999,-4.4,6.9
65666.82789,-7,999,-4.3,7
65676.83986,-7,999,-4.3,7
65686.86789,-6.9,999,-4.3,7.1
65696.87983,-6.9,999,-4.2,7
65706.89326,-6.9,999,-4.2,7
65716.93714,-6.8,999,-4.1,6.9
65726.96406,-6.8,999,-4,6.9
65737.00684,-6.8,999,-3.9,6.8
65747.04963,-6.8,999,-3.7,6.8
65757.06815,-6.8,999,-3.6,6.8
65767.11024,-6.8,999,-3.4,6.8
65777.13504,-6.9,999,-3.3,6.8
65787.18399,-6.8,999,-3.2,6.8
65797.20739,-6.8,999,-3,6.7
65807.21591,-6.8,999,-2.9,6.7
65817.22591,-6.7,999,-2.8,6.7
65827.26781,-6.8,999,-2.7,6.8
65837.29416,-6.7,999,-2.6,6.8
65847.32019,-6.7,999,-2.4,6.8
65857.34892,-6.7,999,-2.6,7
65867.37669,-6.6,999,-2.8,7.1
65877.40236,-6.5,999,-2.8,7.2
65887.43715,-6.5,999,-2.8,7.3
65897.47283,-6.4,999,-2.8,7.4
65907.48921,-6.4,999,-2.8,7.5
65917.51691,-6.3,999,-2.7,7.6
65927.57451,-6.2,999,-2.6,7.9
65937.60232,-6.1,999,-2.6,8
65947.63027,-6.1,999,-2.6,8
65957.6591,-6.1,999,-2.5,8.1
65967.68614,-6,999,-2.4,8.1
65977.69694,-5.9,999,-2.4,8.2
65987.749,-5.9,999,-2.3,8.3
65997.75013,-5.6,999,-2.3,8.4
66007.7859,-5.6,999,-2.2,8.4
66017.80558,-5.6,999,-2.2,8.5
66027.84002,-5.7,999,-2.1,8.5
66037.85342,-5.4,999,-2.1,8.6
66047.86612,-5.6,999,-2,8.7
66057.87801,-5.4,999,-2,8.8
66067.90468,-5.3,999,-1.9,8.8
66077.94925,-5.3,999,-1.9,8.9
66088.00862,-5.2,999,-1.8,8.9
66098.0363,-5.2,999,-1.8,9
66108.0652,-5.1,999,-1.8,9
66118.09435,-5.1,999,-1.7,9.1
66128.11881,-5.1,999,-1.6,9
66138.15463,-5.1,999,-1.6,9.1
66148.17505,-5,999,-1.6,9.1
66158.18802,-5,999,-1.5,9.2
66168.20085,-5.1,999,-1.3,9.1
66178.21191,-5,999,-1.3,9.1
66188.22387,-5,999,-1.2,9.2
66198.25131,-5,999,-1.1,9.1
66208.27957,-5,999,-1,9.2
66218.30782,-4.9,999,-0.8,9.2
66228.34977,-5,999,-0.7,9.1
66238.36414,-4.9,999,-0.6,9.1
66248.38962,-4.9,999,-0.6,9.1
66258.42251,-4.9,999,-0.5,9.1
66268.42816,-4.9,999,-0.2,9.1
66278.44149,-4.9,999,-0.1,9.1
66288.47075,-4.9,999,0,9.2
66298.48233,-4.9,999,0,9.2
66308.51013,-4.8,999,0,9.2
66318.5243,-4.8,999,-0.5,9.2
66328.55265,-5,999,-1.3,8.6
66338.56463,-5.1,999,-2.6,7.7
66348.59368,-5.4,999,-4.9,6.9
66358.61781,-5.9,999,-6.6,6.2
66368.63221,-6.3,999,-8.8,5.4
66378.67602,-6.7,999,-11.1,4.7
66388.68683,-7,999,-13,4
66398.71414,-7.3,999,-15.2,3.4
66408.72326,-7.6,999,-16.7,2.5
66418.73486,-8,999,-17.8,2.1
66428.74445,-8.3,999,-18.6,1.5
66438.78613,-8.6,999,-19.5,1.1
66448.81447,-8.8,999,-20.2,0.6
66458.83947,-9.1,999,-20.9,0.4
66468.87357,-9.1,999,-21.2,0.8
66478.89675,-9.2,999,-21.7,1.3
66488.90851,-9,999,-22,1.7
66498.95224,-8.9,999,-22.2,2.2
66508.96431,-8.8,999,-22.3,2.6
66518.97683,-8.6,999,-22.5,3.1
66528.98689,-8.4,999,-22.6,3.7
66539.0449,-8.3,999,-22.7,4
66549.07272,-8,999,-22.8,4.3
66559.09852,-7.9,999,-22.8,4.7
66569.12602,-7.8,999,-22.8,5
66579.15687,-7.6,999,-22.9,5.2
66589.19357,-7.5,999,-22.9,5.4
66599.25134,-7.3,999,-22.9,5.7
66609.27028,-7.2,999,-22.9,5.8
66619.29818,-7.1,999,-22.9,6
66629.32745,-7,999,-22.8,6.2
66639.36094,-6.9,999,-22.8,6.3
66649.3823,-6.8,999,-22.8,6.5
66659.42425,-6.7,999,-22.8,6.7
66669.45462,-6.6,999,-22.7,6.9
66679.48259,-6.5,999,-22.6,7
66689.51119,-6.4,999,-22.6,7.2
66699.54039,-6.3,999,-22.6,7.4
66709.55614,-6.2,999,-22.5,7.5
66719.60773,-6.1,999,-22.4,7.7
66729.62912,-6,999,-22.4,8
66739.67087,-5.8,999,-22.3,8.2
66749.70062,-5.9,999,-22.2,8.3
66759.72812,-5.8,999,-22.2,8.5
66769.75558,-5.7,999,-22.1,8.7
66779.7664,-5.4,999,-22,8.8
66789.79388,-5.4,999,-22,9
66799.80617,-5.2,999,-21.9,9.1
66809.83329,-5.1,999,-21.9,9.2
66819.85958,-5.1,999,-21.8,9.5
66829.88929,-4.9,999,-21.8,9.6
66839.927,-4.9,999,-21.7,9.7
66849.94502,-4.8,999,-21.4,9.9
66859.98594,-4.7,999,-21.5,9.9
66870.01393,-4.6,999,-21.2,10.2
66880.04253,-4.5,999,-21.1,10.2
66890.05316,-4.5,999,-21.1,10.4
66900.08162,-4.3,999,-21,10.5
66910.09213,-4.3,999,-20.8,10.6
66920.12026,-4.2,999,-20.8,10.7
66930.14784,-4.1,999,-20.7,10.9
66940.18958,-4.1,999,-20.6,11
66950.21729,-4,999,-20.5,11.1
66960.25822,-3.9,999,-20.5,11.2
66970.29307,-3.8,999,-20.4,11.3
66980.32218,-3.8,999,-20.4,11.4
66990.34463,-3.7,999,-20.2,11.6
67000.35652,-3.6,999,-20.2,11.7
67010.3677,-3.6,999,-20.1,11.8
67020.37923,-3.5,999,-20,12
67030.40627,-3.4,999,-19.9,12.1
67040.4349,-3.3,999,-19.9,12.3
67050.47743,-3.3,999,-19.8,12.3
67060.50349,-3.2,999,-19.8,12.5
67070.53012,-3.1,999,-19.7,12.5
67080.57648,-3.1,999,-19.6,12.6
67090.6102,-3,999,-19.5,12.8
67100.63871,-2.9,999,-19.4,12.8
67110.66282,-2.8,999,-19.4,12.9
67120.702,-2.8,999,-19.3,13
67130.72371,-2.6,999,-19.2,13.1
67140.75133,-2.5,999,-19.2,13.3
67150.77894,-2.5,999,-19.2,13.4
67160.81446,-2.3,999,-19.1,13.5
67170.84393,-2.3,999,-19,13.7
67180.88581,-2.2,999,-18.9,13.8
67190.92203,-2,999,-18.9,13.9
67200.94378,-1.9,999,-18.8,14.1
67210.97818,-1.8,999,-18.8,14.2
67221.00707,-1.7,999,-18.7,14.3
67231.03309,-1.6,999,-18.6,14.4
67241.05832,-1.5,999,-18.6,14.6
67251.08686,-1.2,999,-18.6,14.7
67261.11397,-1.1,999,-18.5,14.9
67271.14319,-1,999,-18.5,15
67281.1713,-0.9,999,-18.5,15.1
67291.18287,-0.8,999,-18.5,15.1
67301.21095,-0.7,999,-18.4,15.3
67311.22539,-0.6,999,-18.3,15.4
67321.2379,-0.5,999,-18.3,15.4
67331.24439,-0.4,999,-18.3,15.6
67341.27209,-0.3,999,-18.3,15.7
67351.29269,-0.2,999,-18.3,15.8
67361.30634,-0.1,999,-18.2,15.8
67371.31377,0,999,-18.2,16.1
67381.34231,0.1,999,-18.2,16.2
67391.38385,0.1,999,-18.2,16.3
67401.41214,0.3,999,-18.2,16.4
67411.44532,0.3,999,-18.2,16.4
67421.47238,0.4,999,-18.1,16.4
67431.50087,0.4,999,-18.2,16.6
67441.52705,0.6,999,-18.1,16.7
67451.54297,0.7,999,-18.1,16.8
67461.56244,0.8,999,-18.1,16.8
67471.57259,0.9,999,-18.1,16.8
67481.59991,1,999,-18,16.9
67491.64247,1.1,999,-18.1,16.9
67501.66931,1.1,999,-18,17
67511.69501,1.2,999,-18,17
67521.7065,1.3,999,-18,17
67531.71807,1.4,999,-18,17
67541.73146,1.5,999,-18,17
67551.74375,1.6,999,-18,17.1
67561.75437,1.6,999,-18,17.1
67571.77336,1.7,999,-18,17.1
67581.80685,1.9,999,-18,17.2
67591.81165,2,999,-18,17.1
67601.82189,2.1,999,-17.9,17.2
67611.83246,2.1,999,-17.9,17.2
67621.87358,2.4,999,-17.9,17.2
67631.90233,2.4,999,-17.9,17.2
67641.93105,2.5,999,-17.8,17.2
67651.95853,2.6,999,-17.8,17.2
67661.99332,2.9,999,-17.8,17.2
67672.02115,3.1,999,-17.8,17.2
67682.04073,3.1,999,-17.8,17.2
67692.05104,3.3,999,-17.8,17.2
67702.08048,3.4,999,-17.8,17.3
67712.10886,3.6,999,-17.7,17.2
67722.13641,3.7,999,-17.8,17.3
67732.18107,3.7,999,-17.8,17.4
67742.20924,3.9,999,-17.8,17.4
67752.25273,3.9,999,-17.7,17.5
67762.281,4.1,999,-17.7,17.5
67772.3062,4.2,999,-17.7,17.6
67782.31067,4.4,999,-17.7,17.6
67792.36204,4.5,999,-17.6,17.7
67802.37102,4.6,999,-17.6,17.8
67812.38381,4.8,999,-17.6,17.9
67822.42783,5,999,-17.6,18
67832.45528,5.1,999,-17.6,18.1
67842.49901,5.2,999,-17.5,18.1
67852.52698,5.4,999,-17.6,18.2
67862.55394,5.5,999,-17.5,18.2
67872.58263,5.7,999,-17.4,18.4
67882.61202,5.9,999,-17.2,18.5
67892.63879,6,999,-17.2,18.7
67902.64268,6.2,999,-17.4,18.8
67912.67847,6.2,999,-17.4,18.9
67922.71395,6.4,999,-17.4,18.9
67932.7206,6.5,999,-17.2,19
67942.73133,6.7,999,-17.2,19
67952.75915,7,999,-17.3,19
67962.78543,7.1,999,-17.2,19
67972.81459,7.3,999,-17.4,19
67982.85596,7.3,999,-17.5,19.1
67992.88472,7.5,999,-17.5,19.1
68002.91106,7.6,999,-17.5,19.2
68012.93768,7.7,999,-17.5,19.3
68022.94855,7.8,999,-17.6,19.3
68032.97032,8,999,-17.6,19.3
68042.98993,8.1,999,-17.6,19.5
68053.00197,8.2,999,-17.7,19.5
68063.02059,8.3,999,-17.6,19.6
68073.07068,8.5,999,-17.7,19.7
68083.09858,8.6,999,-17.6,19.7
68093.11184,8.7,999,-17.6,19.8
68103.1164,8.8,999,-17.6,19.8
68113.12813,9,999,-17.6,19.9
68123.14071,9,999,-17.6,20.2
68133.19692,9.2,999,-17.6,20.2
68143.226,9.3,999,-17.6,20
68153.24116,9.4,999,-17.6,20.3
68163.28499,9.5,999,-17.6,20.4
68173.32851,9.7,999,-17.5,20.5
68183.3577,9.8,999,-17.5,20.5
68193.38568,9.9,999,-17.5,20.6
68203.41513,10.1,999,-17.5,20.6
68213.44268,10.2,999,-17.5,20.7
68223.48497,10.3,999,-17.5,20.8
68233.51419,10.5,999,-17.2,20.8
68243.55573,10.6,999,-17.4,20.9
68253.56431,10.8,999,-17.4,20.9
68263.59329,10.9,999,-17.2,21
68273.62779,11.2,999,-17.4,21
68283.63653,11.3,999,-17.1,21.2
68293.66492,11.5,999,-17.1,21.2
68303.70808,11.6,999,-17.3,21.3
68313.75068,11.6,999,-17.3,21.4
68323.8009,11.8,999,-17.1,21.5
68333.82931,11.9,999,-17.3,21.5
68343.85839,12,999,-17.1,21.6
68353.88729,12.1,999,-17.3,21.7
68363.91531,12.2,999,-17.3,21.8
68373.9429,12.4,999,-17,21.9
68383.9709,12.5,999,-17,22
68393.97508,12.6,999,-17,22.1
68404.01028,12.7,999,-17,22.2
68414.04274,12.9,999,-17,22.2
68424.06172,13,999,-17,22.3
68434.08724,13.1,999,-17,22.4
68444.11535,13.2,999,-17,22.4
68454.15904,13.4,999,-17,22.5
68464.17265,13.5,999,-17.2,22.5
68474.21692,13.5,999,-17.1,22.6
68484.2449,13.7,999,-17.1,22.6
68494.27204,13.8,999,-16.9,22.7
68504.29931,13.9,999,-16.9,22.7
68514.34374,13.9,999,-16.9,22.7
68524.37407,14,999,-16.9,22.8
68534.39458,14.1,999,-16.9,22.8
68544.45131,14.2,999,-16.8,22.9
68554.48048,14.3,999,-16.8,23
68564.52553,14.4,999,-16.8,23.1
68574.55217,14.6,999,-16.8,23.1
68584.59682,14.7,999,-16.8,23.2
68594.62413,14.8,999,-16.8,23.3
68604.65301,14.9,999,-16.8,23.4
68614.68108,15.3,999,-16.8,23.5
68624.72603,15.5,999,-16.8,23.6
68634.75488,15.5,999,-16.7,23.6
68644.76591,15.7,999,-16.7,23.8
68654.77897,15.8,999,-16.7,23.8
68664.79058,16,999,-16.7,23.8
68674.80217,16.1,999,-16.7,23.9
68684.84695,16.2,999,-16.7,24
68694.87515,16.4,999,-16.7,24.3
68704.91941,16.5,999,-16.7,24.2
68714.9485,16.7,999,-16.6,24.3
68724.97748,16.8,999,-16.6,24.6
68735.00715,17,999,-16.6,24.8
68745.03708,17.2,999,-16.6,24.9
68755.08025,17.3,999,-16.5,25
68765.10951,17.6,999,-16.5,25.2
68775.13727,17.8,999,-16.5,25.1
68785.16637,17.9,999,-16.5,25.2
68795.19464,18.1,999,-16.5,25.2
68805.22764,18.4,999,-16.5,25.3
68815.2679,18.7,999,-16.4,25.4
68825.29492,18.8,999,-16.4,25.6
68835.32422,19.1,999,-16.5,25.7
68845.35366,19.6,999,-16.4,25.8
68855.38016,19.7,999,-16.4,26
68865.40636,20,999,-16.4,26.1
68875.43489,20.2,999,-16.3,26.3
68885.46558,20.5,999,-16.3,26.4
68895.49364,20.7,999,-16.3,26.5
68905.50487,21,999,-16.3,26.8
68915.51688,21.2,999,-16.3,26.8
68925.53911,21.4,999,-16.2,26.9
68935.55878,21.6,999,-16.2,27.1
68945.57315,21.9,999,-16.2,27.2
68955.57925,22,999,-16.2,27.4
68965.60893,22.3,999,-16.2,27.5
68975.63763,22.5,999,-16.2,27.6
68985.68755,22.7,999,-16.2,27.8
68995.7103,22.9,999,-16.2,27.9
69005.73738,23.1,999,-16.2,28
69015.7662,23.2,999,-16.2,28.3
69025.79941,23.5,999,-16.2,28.2
69035.82783,23.8,999,-16.1,28.6
69045.87081,24,999,-16.1,28.6
69055.88253,24.2,999,-16.1,28.8
69065.91062,24.3,999,-16.1,28.9
69075.91559,24.5,999,-16.1,28.9
69085.92791,24.5,999,-16.2,28.6
69095.94494,24.3,999,-16.4,27.8
69105.95568,24.1,999,-16.6,27.2
69115.96377,23.7,999,-16.8,26.6
69125.99939,23.2,999,-17.1,26
69136.021,22.7,999,-17.4,25.4
69146.06319,22.2,999,-17.7,24.8
69156.09431,21.8,999,-17.8,24
69166.11765,21.3,999,-18,23.4
69176.14569,20.8,999,-18.2,22.9
69186.17943,20.2,999,-18.4,22.3
69196.186,19.8,999,-18.5,21.8
69206.19653,19.1,999,-18.7,21.2
69216.218,18.8,999,-18.8,20.8
69226.24813,18.3,999,-18.9,20.3
69236.27383,17.9,999,-19.1,19.6
69246.32324,17.4,999,-19.2,19.2
69256.36811,17,999,-19.4,18.7
69266.3931,16.7,999,-19.4,18.6
69276.4208,16.6,999,-19.3,18.9
69286.43046,16.6,999,-19.2,19.2
69296.4423,16.7,999,-19.1,19.6
69306.4551,16.9,999,-18.9,20
69316.46823,17.1,999,-18.8,20.5
69326.48042,17.4,999,-18.7,21
69336.50275,17.8,999,-18.5,21.4
69346.53103,18.2,999,-18.4,21.8
69356.55803,18.6,999,-18.3,22.2
69366.58718,18.9,999,-18.2,22.6
69376.61978,19.5,999,-18,22.9
69386.6489,19.9,999,-17.9,23.3
69396.67423,20.3,999,-17.8,23.7
69406.67897,20.7,999,-17.7,24.1
69416.72879,21.1,999,-17.7,24.6
69426.73355,21.4,999,-17.6,24.8
69436.79953,21.9,999,-17.5,25.2
69446.82572,22.3,999,-17.1,25.4
69456.85569,22.7,999,-17.1,25.8
69466.88296,23.1,999,-17,26.1
69476.9118,23.6,999,-17,26.4
69486.95476,24,999,-16.9,26.6
69496.98193,24.4,999,-16.8,26.9
69507.00936,24.8,999,-16.8,27.2
69517.02499,25.1,999,-16.7,27.5
69527.05434,25.5,999,-16.7,27.7
69537.08232,25.7,999,-16.6,27.9
69547.11015,26.1,999,-16.5,28.4
69557.13793,26.5,999,-16.5,28.7
69567.18219,26.7,999,-16.5,28.8
69577.21108,27.1,999,-16.4,29
69587.23841,27.5,999,-16.4,29.2
69597.25007,27.9,999,-16.3,29.6
69607.2611,28.1,999,-16.4,29.8
69617.27277,28.5,999,-16.3,30
69627.30671,28.7,999,-16.3,30.2
69637.32631,29.1,999,-16.2,30.4
69647.34219,29.3,999,-16.2,30.6
69657.36983,29.6,999,-16.2,30.8
69667.41299,29.9,999,-16.2,31
69677.44011,30.2,999,-16.1,31.2
69687.46744,30.4,999,-16.1,31.4
69697.4967,30.7,999,-16.1,31.5
69707.52501,31,999,-16.1,31.8
69717.55268,31.3,999,-16,31.9
69727.58014,31.7,999,-16,32.1
69737.59053,32.1,999,-15.9,32.4
69747.6012,32.2,999,-16,32.6
69757.6289,32.5,999,-15.9,32.8
69767.65556,32.8,999,-15.9,33
69777.69797,33,999,-15.9,33.2
69787.72365,33.2,999,-15.9,33.3
69797.74825,33.5,999,-15.9,33.5
69807.75835,33.8,999,-15.8,33.7
69817.80268,34,999,-15.8,33.9
69827.83256,34.2,999,-15.8,34
69837.84445,34.4,999,-15.8,34.2
69847.87308,34.7,999,-15.8,34.3
69857.91679,34.9,999,-15.7,34.5
69867.94497,35.2,999,-15.7,34.6
69877.98839,35.3,999,-15.7,34.8
69888.03376,35.7,999,-15.7,35
69898.06208,35.9,999,-15.7,35.1
69908.08847,36.2,999,-15.6,35.2
69918.11583,36.3,999,-15.6,35.3
69928.14398,36.6,999,-15.6,35.5
69938.17204,36.7,999,-15.6,35.6
69948.18287,36.9,999,-15.6,35.8
69958.19403,37.1,999,-15.6,35.9
69968.20539,37.2,999,-15.6,36.2
69978.26247,37.4,999,-15.5,36.2
69988.28951,37.6,999,-15.5,36.5
69998.33564,37.8,999,-15.5,36.6
70008.37125,37.9,999,-15.5,36.7
70018.38536,38.1,999,-15.5,36.8
70028.40686,38.3,999,-15.4,37
70038.4324,38.4,999,-15.5,37
70048.45972,38.6,999,-15.4,37.2
70058.48797,38.7,999,-15.4,37.2
70068.52272,38.9,999,-15.5,37.4
70078.52738,39,999,-15.5,37.5
70088.53873,39.2,999,-15.4,37.6
70098.55067,39.3,999,-15.4,37.7
70108.57736,39.4,999,-15.4,37.8
70118.63621,39.8,999,-15.4,37.8
70128.66542,39.9,999,-15.5,38
70138.68999,40,999,-15.5,38.1
70148.71927,40.2,999,-15.4,38.2
70158.7462,40.3,999,-15.4,38.2
70168.7765,40.4,999,-15.4,38.3
70178.80487,40.5,999,-15.4,38.4
70188.83391,40.7,999,-15.4,38.5
70198.86223,40.8,999,-15.4,38.6
70208.89171,40.9,999,-15.3,38.6
70218.91888,40.9,999,-15.4,38.8
70228.93036,41,999,-15.3,38.8
70238.96761,41.1,999,-15.4,38.9
70248.98142,41.2,999,-15.3,39
70258.99807,41.2,999,-15.4,39
70269.02673,41.3,999,-15.3,39.1
70279.05401,41.3,999,-15.3,39.1
70289.11337,41.3,999,-15.3,39.2
70299.14177,41.5,999,-15.2,39.3
70309.17059,41.5,999,-15.2,39.4
70319.21436,41.6,999,-15.2,39.4
70329.24235,41.6,999,-15.2,39.5
70339.26857,41.7,999,-15.2,39.6
70349.27935,41.8,999,-15.2,39.6
70359.29156,41.8,999,-15.2,39.8
70369.30197,41.9,999,-15.2,39.7
70379.33135,42,999,-15.1,39.8
70389.34272,42.1,999,-15.1,39.9
70399.40144,42.1,999,-15.1,39.9
70409.44418,42.2,999,-15.2,40
70419.44647,42.3,999,-15.2,40
70429.47424,42.3,999,-15.1,40.3
70439.521,42.4,999,-15.1,40.2
70449.52977,42.4,999,-15.1,40.2
70459.56211,42.5,999,-15.1,40.2
70469.57322,42.6,999,-15.1,40.6
70479.63208,42.6,999,-15.1,40.6
70489.63399,42.7,999,-15.1,40.7
70499.67264,42.8,999,-15.1,40.7
70509.69802,42.9,999,-15.1,40.7
70519.72785,42.9,999,-15.1,40.8
70529.75603,43,999,-15.1,40.9
70539.78477,43.1,999,-15.1,40.9
70549.82737,43.2,999,-15,41
70559.85673,43.3,999,-15,41
70569.9022,43.3,999,-15,41.1
70579.93085,43.5,999,-15,41.2
70589.95909,43.6,999,-15,41.2
70599.97038,43.7,999,-14.9,41.3
70609.98227,43.8,999,-15,41.4
70620.01617,43.9,999,-15,41.4
70630.02311,44,999,-14.9,41.5
70640.03859,44.1,999,-14.9,41.6
70650.0557,44.1,999,-14.9,41.6
70660.07759,44.1,999,-14.9,41.7
70670.10601,44.3,999,-14.9,41.8
70680.12046,44.3,999,-14.8,41.8
70690.15524,44.4,999,-14.9,41.7
70700.18384,44.4,999,-15.1,41.1
70710.19409,44.1,999,-15.3,40.6
70720.20474,43.9,999,-15.5,39.8
70730.22711,43.5,999,-15.7,39.1
70740.24406,42.9,999,-16,38.5
70750.27321,42.5,999,-16.2,37.8
70760.30066,42,999,-16.3,37.3
70770.3276,41.5,999,-16.6,36.7
70780.35501,41,999,-16.7,36
70790.38435,40.5,999,-16.9,35.4
70800.39023,39.9,999,-17.1,34.8
70810.40249,39.2,999,-17.4,34.3
70820.43067,38.6,999,-17.6,33.7
70830.46204,38,999,-17.7,33.3
70840.48106,37.6,999,-17.7,33.3
70850.49997,37.3,999,-17.7,33.4
70860.51438,37.1,999,-17.6,33.7
70870.52651,37,999,-17.5,33.9
70880.53951,37.1,999,-17.1,34.2
70890.56179,37.1,999,-17.1,34.4
70900.58944,37.2,999,-16.9,34.7
70910.61903,37.3,999,-16.8,35
70920.64668,37.5,999,-16.7,35.2
70930.67524,37.8,999,-16.6,35.4
70940.69428,38,999,-16.5,35.6
70950.73105,38.2,999,-16.4,35.9
70960.75915,38.4,999,-16.3,36.4
70970.769,38.7,999,-16.2,36.6
70980.78227,38.9,999,-16.2,36.8
70990.79451,39.2,999,-16.1,37.1
71000.80636,39.6,999,-16,37.2
71010.81954,39.8,999,-15.9,37.4
71020.83223,40,999,-15.9,37.7
71030.86015,40.2,999,-15.8,37.8
71040.87716,40.4,999,-15.7,38
71050.89721,40.6,999,-15.7,38.2
71060.92397,40.8,999,-15.7,38.4
71070.95381,41.1,999,-15.6,38.6
71080.98205,41.3,999,-15.6,38.8
71091.00897,41.5,999,-15.5,39
71101.0362,41.7,999,-15.5,39.1
71111.0654,41.9,999,-15.4,39.3
71121.09291,42,999,-15.4,39.5
71131.10393,42.2,999,-15.4,39.6
71141.11585,42.4,999,-15.4,39.8
71151.1291,42.5,999,-15.3,39.9
71161.14517,42.7,999,-15.3,40
71171.16817,42.8,999,-15.3,40.4
71181.1968,43,999,-15.2,40.3
71191.22479,43.2,999,-15.1,40.7
71201.26868,43.3,999,-15.2,40.8
71211.29796,43.5,999,-15.1,41
71221.32771,43.8,999,-15.2,41.1
71231.35623,43.9,999,-15.1,41.1
71241.39784,44.1,999,-15.1,41.3
71251.42784,44.2,999,-15.1,41.4
71261.45642,44.3,999,-15.1,41.5
71271.4846,44.5,999,-15.1,41.6
71281.51215,44.6,999,-15.1,41.7
71291.54365,44.7,999,-15,41.8
71301.58811,44.8,999,-15,41.9
71311.61284,45,999,-15,42
71321.64096,45.1,999,-15,42.1
71331.66867,45.2,999,-15,42.2
71341.69601,45.3,999,-14.9,42.3
71351.72591,45.5,999,-14.9,42.4
71361.75334,45.6,999,-14.9,42.5
71371.76419,45.7,999,-14.9,42.5
71381.79192,45.8,999,-14.9,42.6
71391.81852,45.9,999,-14.9,42.7
71401.86093,46,999,-14.8,42.8
71411.89015,46.2,999,-14.8,42.9
71421.90949,46.2,999,-14.9,43
71431.96301,46.3,999,-14.8,43.1
71441.99032,46.5,999,-14.8,43.1
71452.01878,46.5,999,-14.8,43.2
71462.04785,46.6,999,-14.8,43.3
71472.07822,46.8,999,-14.8,43.3
71482.10779,46.9,999,-14.8,43.4
71492.135,46.9,999,-14.8,43.5
71502.16303,47,999,-14.8,43.6
71512.19094,47.2,999,-14.8,43.6
71522.21687,47.4,999,-14.8,43.7
71532.26033,47.5,999,-14.8,43.7
71542.27155,47.6,999,-14.8,43.8
71552.29125,47.7,999,-14.8,43.9
71562.29527,47.8,999,-14.8,44
71572.3233,47.9,999,-14.8,44
71582.36257,48,999,-14.7,44.1
71592.3984,48,999,-14.8,44.4
71602.42532,48.1,999,-14.7,44.2
71612.45409,48.2,999,-14.7,44.4
71622.48421,48.3,999,-14.7,44.5
71632.52811,48.3,999,-14.7,44.6
71642.55698,48.4,999,-14.7,44.6
71652.60081,48.4,999,-14.7,44.7
71662.64362,48.5,999,-14.7,44.7
71672.68595,48.6,999,-14.7,44.8
71682.70584,48.6,999,-14.6,44.9
71692.75641,48.7,999,-14.7,44.9
71702.76824,48.8,999,-14.7,44.9
71712.77966,48.8,999,-14.7,45
71722.79145,48.9,999,-14.6,45
71732.81761,49,999,-14.6,45.1
71742.84568,49,999,-14.6,45.1
71752.88794,49.1,999,-14.6,45.2
71762.91619,49.1,999,-14.7,45.2
71772.94336,49.2,999,-14.6,45.2
71782.97048,49.2,999,-14.6,45.3
71793.01187,49.3,999,-14.6,45.3
71803.02083,49.3,999,-14.6,45.5
71813.07091,49.4,999,-14.6,45.5
71823.09423,49.4,999,-14.6,45.5
71833.12289,49.5,999,-14.6,45.6
71843.18145,49.5,999,-14.5,45.6
71853.19967,49.6,999,-14.6,45.6
71863.21086,49.6,999,-14.5,45.7
71873.23833,49.8,999,-14.5,45.7
71883.26676,49.8,999,-14.5,45.8
71893.30925,49.8,999,-14.6,45.9
71903.335,49.9,999,-14.5,45.9
71913.39179,50,999,-14.5,45.9
71923.4229,50,999,-14.5,46
71933.47327,50,999,-14.5,46
71943.50159,50,999,-14.5,46.1
71953.5149,50.1,999,-14.5,46.1
71963.5429,50.1,999,-14.5,46.1
71973.57169,50.2,999,-14.5,46.2
71983.57755,50.2,999,-14.5,46.2
71993.58852,50.2,999,-14.5,46.2
72003.60058,50.3,999,-14.5,46.2
72013.61234,50.3,999,-14.5,46.3
72023.64007,50.4,999,-14.5,46.4
72033.66723,50.4,999,-14.5,46.4
72043.6968,50.5,999,-14.5,46.4
72053.72458,50.5,999,-14.5,46.4
72063.76821,50.5,999,-14.5,46.4
72073.79711,50.6,999,-14.5,46.5
72083.81137,50.6,999,-14.5,46.5
72093.84034,50.7,999,-14.5,46.6
72103.86998,50.7,999,-14.5,46.6
72113.89765,50.8,999,-14.5,46.6
72123.93987,50.7,999,-14.5,46.7
72133.97011,50.8,999,-14.5,46.7
72143.99701,50.8,999,-14.5,46.8
72154.02343,50.9,999,-14.5,46.8
72164.05468,50.9,999,-14.5,46.8
72174.08354,51,999,-14.5,46.8
72184.11421,50.9,999,-14.5,46.8
72194.13352,51,999,-14.5,46.9
72204.15354,51,999,-14.5,46.9
72214.18039,51.1,999,-14.5,46.9
72224.20994,51.1,999,-14.5,46.9
72234.23788,51.2,999,-14.5,47
72244.26515,51.3,999,-14.5,47
72254.29436,51.4,999,-14.5,47.1
72264.33669,51.4,999,-14.5,47.1
72274.34827,51.3,999,-14.4,47.1
72284.36095,51.5,999,-14.5,47.1
72294.37389,51.3,999,-14.5,47.2
72304.39678,51.5,999,-14.5,47.2
72314.42524,51.5,999,-14.4,47.2
72324.45676,51.6,999,-14.5,47.3
72334.49922,51.6,999,-14.5,47.3
72344.52815,51.6,999,-14.5,47.3
72354.55029,51.7,999,-14.5,47.3
72364.56931,51.7,999,-14.4,47.3
72374.59804,51.8,999,-14.5,47.3
72384.60208,51.8,999,-14.5,47.4
72394.61536,51.8,999,-14.5,47.4
72404.64335,51.8,999,-14.5,47.5
72414.66214,51.8,999,-14.5,47.5
72424.67951,51.9,999,-14.5,47.4
72434.69705,51.9,999,-14.5,47.5
72444.7249,51.9,999,-14.5,47.6
72454.76974,51.9,999,-14.5,47.6
72464.79905,52,999,-14.4,47.6
72474.82686,52,999,-14.5,47.6
72484.86902,52,999,-14.5,47.6
72494.89624,52,999,-14.5,47.6
72504.92349,52.1,999,-14.5,47.7
72514.94928,52.1,999,-14.5,47.7
72524.97817,52.1,999,-14.5,47.7
72535.00854,52.1,999,-14.5,47.8
72545.02796,52.2,999,-14.5,47.8
72555.07076,52.2,999,-14.5,48
72565.08882,52.3,999,-14.5,47.8
72575.10019,52.2,999,-14.5,47.8
72585.12696,52.3,999,-14.5,48
72595.16883,52.3,999,-14.5,48.1
72605.19869,52.4,999,-14.5,47.8
72615.22736,52.4,999,-14.5,48.1
72625.27,52.3,999,-14.5,48
72635.29717,52.4,999,-14.5,48
72645.3256,52.4,999,-14.5,48.2
72655.35411,52.4,999,-14.5,48
72665.35824,52.4,999,-14.5,48.2
72675.3937,52.5,999,-14.5,48.1
72685.40656,52.5,999,-14.5,48.1
72695.41877,52.5,999,-14.5,48.3
72705.44865,52.5,999,-14.5,48.3
72715.46032,52.6,999,-14.5,48.3
72725.47288,52.6,999,-14.5,48.4
72735.49352,52.6,999,-14.5,48.4
72745.5215,52.7,999,-14.5,48.4
72755.54881,52.6,999,-14.6,48.5
72765.55588,52.7,999,-14.5,48.5
72775.59187,52.7,999,-14.5,48.5
72785.62209,52.7,999,-14.5,48.5
72795.64556,52.7,999,-14.5,48.5
72805.65771,52.8,999,-14.5,48.5
72815.66869,52.7,999,-14.5,48.6
72825.6815,52.8,999,-14.5,48.6
72835.69454,52.9,999,-14.6,48.7
72845.70548,52.9,999,-14.5,48.6
72855.72731,52.9,999,-14.6,48.6
72865.75602,52.8,999,-14.6,48.7
72875.77255,52.9,999,-14.6,48.7
72885.80787,52.9,999,-14.6,48.7
72895.83808,52.9,999,-14.7,48.7
72905.86791,53,999,-14.6,48.7
72915.89591,53,999,-14.7,48.7
72925.93032,53,999,-14.7,48.8
72935.93451,52.9,999,-14.6,48.8
72945.96243,53,999,-14.7,48.8
72955.99074,53.1,999,-14.7,48.8
72966.0033,53.1,999,-14.7,48.9
72976.01642,53.1,999,-14.7,48.9
72986.02956,53.1,999,-14.7,48.9
72996.04026,53.1,999,-14.8,48.9
73006.06953,53.2,999,-14.8,48.9
73016.09789,53.1,999,-14.8,49
73026.12501,53.1,999,-14.9,48.5
73036.1538,53,999,-15.1,47.7
73046.18324,52.6,999,-15.3,47.1
73056.21262,52.3,999,-15.5,46.3
73066.2438,51.7,999,-15.7,45.7
73076.27083,50.9,999,-15.8,45
73086.29796,50.4,999,-16,44.4
73096.34156,49.6,999,-16.2,43.5
73106.36955,49.1,999,-16.4,43
73116.40386,48.4,999,-16.6,42.3
73126.43722,47.7,999,-16.8,41.7
73136.47111,46.9,999,-16.9,41.1
73146.49843,46.1,999,-17.1,40.5
73156.52588,45.5,999,-17.4,39.7
73166.53687,44.9,999,-17.6,39.2
73176.5484,44.3,999,-17.6,39.1
73186.56161,43.9,999,-17.6,39.3
73196.5818,43.7,999,-17.5,39.5
73206.58504,43.5,999,-17.4,39.7
73216.59724,43.2,999,-17.4,40
73226.62122,43.5,999,-17.1,40.2
73236.63934,43.3,999,-17.3,40.6
73246.6518,43.5,999,-16.9,40.9
73256.67929,43.8,999,-16.8,41.1
73266.72366,43.9,999,-16.8,41.4
73276.76561,44.1,999,-16.7,41.5
73286.78803,44.3,999,-16.6,41.8
73296.81908,44.6,999,-16.6,42
73306.84511,44.7,999,-16.5,42.1
73316.86559,45,999,-16.5,42.4
73326.88428,45.2,999,-16.4,42.5
73336.9203,45.4,999,-16.4,42.8
73346.94961,45.7,999,-16.3,43
73356.98082,45.9,999,-16.2,43.1
73367.02142,46,999,-16.2,43.3
73377.04748,46.3,999,-16.2,43.5
73387.06168,46.5,999,-16.1,43.7
73397.09656,46.7,999,-16,43.8
73407.12537,46.9,999,-16,44.2
73417.14736,47,999,-16,44.3
73427.18355,47.3,999,-16,44.5
73437.19829,47.6,999,-15.9,44.6
73447.22913,47.8,999,-15.9,44.7
73457.28418,48,999,-15.8,44.9
73467.3145,48.1,999,-15.8,45
73477.33143,48.3,999,-15.8,45.2
73487.37206,48.5,999,-15.8,45.2
73497.40131,48.6,999,-15.8,45.4
73507.42394,48.8,999,-15.7,45.6
73517.43562,48.9,999,-15.7,45.7
73527.44765,49.1,999,-15.7,45.8
73537.4542,49.2,999,-15.7,45.8
73547.50573,49.3,999,-15.7,46
73557.51154,49.4,999,-15.7,46.1
73567.55449,49.6,999,-15.6,46.2
73577.58282,49.8,999,-15.6,46.3
73587.6122,49.9,999,-15.6,46.4
73597.63085,50,999,-15.6,46.5
73607.66972,50.1,999,-15.5,46.6
73617.69369,50.2,999,-15.5,46.7
73627.74491,50.3,999,-15.5,46.8
73637.77307,50.5,999,-15.5,46.9
73647.78433,50.6,999,-15.6,47
73657.80313,50.7,999,-15.5,47.1
73667.83222,50.8,999,-15.5,47.1
73677.85382,50.9,999,-15.5,47.2
73687.88329,51,999,-15.4,47.2
73697.91157,51.3,999,-15.4,47.4
73707.93927,51.3,999,-15.5,47.4
73717.96019,51.5,999,-15.4,47.4
73728.00038,51.5,999,-15.4,47.6
73738.02449,51.6,999,-15.4,47.6
73748.05409,51.7,999,-15.4,47.8
73758.08449,51.8,999,-15.4,47.8
73768.11096,51.9,999,-15.4,47.9
73778.13833,51.9,999,-15.4,48.1
73788.16655,52,999,-15.4,48
73798.19387,52,999,-15.4,48
73808.2058,52.2,999,-15.4,48.3
73818.23508,52.3,999,-15.4,48.3
73828.24788,52.3,999,-15.3,48.4
73838.25907,52.4,999,-15.3,48.5
73848.29982,52.4,999,-15.3,48.5
73858.3326,52.5,999,-15.3,48.5
73868.35933,52.6,999,-15.3,48.6
73878.41105,52.6,999,-15.3,48.7
73888.42998,52.7,999,-15.3,48.8
73898.45944,52.7,999,-15.3,48.8
73908.48636,52.9,999,-15.3,48.8
73918.51492,52.9,999,-15.3,48.9
73928.54386,52.9,999,-15.3,48.9
73938.5863,53,999,-15.3,49
73948.61484,53.1,999,-15.3,49
73958.64104,53.2,999,-15.2,49
73968.67139,53.2,999,-15.3,49.1
73978.69092,53.3,999,-15.3,49.1
73988.69401,53.3,999,-15.2,49.2
73998.70361,53.3,999,-15.2,49.2
74008.73255,53.4,999,-15.2,49.2
74018.76137,53.5,999,-15.2,49.3
74028.79017,53.5,999,-15.2,49.3
74038.81923,53.5,999,-15.2,49.3
74048.84776,53.6,999,-15.2,49.4
74058.90596,53.7,999,-15.2,49.5
74068.94945,53.7,999,-15.2,49.5
74078.97739,53.8,999,-15.2,49.5
74089.00285,53.8,999,-15.1,49.6
74099.03663,53.9,999,-15.1,49.5
74109.06558,53.9,999,-15.2,49.6
74119.08749,53.9,999,-15.1,49.6
74129.09883,54,999,-15.1,49.7
74139.11023,54,999,-15.1,49.8
74149.12268,54.1,999,-15.1,49.8
74159.13441,54.1,999,-15.1,49.8
74169.16188,54.2,999,-15.1,49.9
74179.18923,54.2,999,-15.1,49.9
74189.21903,54.2,999,-15.1,49.9
74199.29318,54.3,999,-15.1,50
74209.3226,54.3,999,-15.1,50
74219.3363,54.4,999,-15.1,50
74229.38042,54.4,999,-15.1,50
74239.40685,54.4,999,-15.1,50.1
74249.4514,54.5,999,-15.1,50.1
74259.48022,54.5,999,-15.1,50.1
74269.50982,54.6,999,-15.1,50.1
74279.53811,54.6,999,-15.1,50.2
74289.58331,54.6,999,-15.1,50.2
74299.60843,54.7,999,-15.1,50.3
74309.63947,54.7,999,-15,50.3
74319.65536,54.8,999,-15,50.3
74329.66078,54.8,999,-15,50.4
74339.67399,54.8,999,-15,50.4
74349.69436,54.8,999,-15,50.4
74359.75526,54.9,999,-14.9,50.4
74369.75984,54.9,999,-14.9,50.5
74379.77267,54.9,999,-14.9,50.5
74389.78458,54.9,999,-14.9,50.5
74399.81284,55.2,999,-14.9,50.6
74409.82023,55.2,999,-14.9,50.6
74419.86294,55.3,999,-14.9,50.6
74429.89013,55.1,999,-14.9,50.6
74439.91828,55.1,999,-14.9,50.6
74449.94447,55.4,999,-14.9,50.7
74459.97964,55.4,999,-14.8,50.7
74469.98486,55.5,999,-14.8,50.7
74479.99687,55.5,999,-14.8,50.7
74490.04079,55.5,999,-14.8,50.7
74500.05148,55.5,999,-14.8,50.9
74510.07834,55.6,999,-14.8,50.9
74520.13704,55.6,999,-14.8,50.9
74530.16381,55.6,999,-14.8,50.9
74540.1926,55.7,999,-14.8,50.9
74550.2184,55.7,999,-14.8,50.9
74560.24687,55.7,999,-14.8,51
74570.27622,55.8,999,-14.8,51
74580.30184,55.8,999,-14.8,51
74590.32252,55.8,999,-14.8,51
74600.35039,55.8,999,-14.7,51.1
74610.3851,55.9,999,-14.7,51.1
74620.41157,55.9,999,-14.7,51.1
74630.45524,55.9,999,-14.6,51.1
74640.48412,55.9,999,-14.6,51.2
74650.54318,56,999,-14.6,51.1
74660.57135,56,999,-14.6,51.2
74670.5985,56,999,-14.6,51.2
74680.62566,56,999,-14.7,51.2
74690.65359,56.1,999,-14.7,51.2
74700.69714,56.1,999,-14.6,51.3
74710.70804,56.1,999,-14.6,51.3
74720.72791,56.1,999,-14.5,51.3
74730.72963,56.2,999,-14.5,51.3
74740.75733,56.2,999,-14.5,51.4
74750.79919,56.2,999,-14.5,51.4
74760.82749,56.2,999,-14.5,51.4
74770.8552,56.2,999,-14.5,51.4
74780.88377,56.2,999,-14.5,51.4
74790.90959,56.4,999,-14.5,51.4
74800.92066,56.3,999,-14.5,51.4
74810.94853,56.4,999,-14.5,51.4
74820.96628,56.3,999,-14.5,51.5
74830.99155,56.4,999,-14.4,51.5
74841.01184,56.4,999,-14.4,51.6
74851.03707,56.4,999,-14.4,51.6
74861.06357,56.4,999,-14.4,51.6
74871.10899,56.4,999,-14.5,51.2
74881.13422,56.2,999,-14.6,50.7
74891.14727,55.9,999,-14.8,50
74901.1579,55.5,999,-15,49.3
74911.20086,54.8,999,-15.2,48.7
74921.22736,54.2,999,-15.3,47.7
74931.27138,53.5,999,-15.5,47.1
74941.30018,52.9,999,-15.7,46.4
74951.32777,52.2,999,-15.9,45.7
74961.35752,51.4,999,-16.1,45.1
74971.38651,50.5,999,-16.3,44.5
74981.41241,49.9,999,-16.4,43.6
74991.44118,49.1,999,-16.6,43
75001.48597,48.5,999,-16.7,42.5
75011.51263,47.8,999,-16.9,41.9
75021.54128,46.9,999,-17,41.4
75031.56851,46.3,999,-17.4,40.9
75041.5961,45.7,999,-17.4,40.3
75051.60723,45,999,-17.6,39.6
75061.62001,44.5,999,-17.7,39.5
75071.63338,44.1,999,-17.6,39.7
75081.67084,43.9,999,-17.5,39.9
75091.7001,43.8,999,-17.2,40.1
75101.71853,43.8,999,-17.1,40.4
75111.73109,43.9,999,-17.2,40.9
75121.75157,44,999,-16.8,41.1
75131.78031,44.1,999,-16.8,41.4
75141.80945,44.4,999,-16.6,41.7
75151.83988,44.6,999,-16.6,41.9
75161.86539,44.9,999,-16.5,42.2
75171.89313,45.1,999,-16.4,42.5
75181.91492,45.4,999,-16.2,42.7
75191.95678,45.7,999,-16.2,42.9
75201.98472,45.9,999,-16.1,43.2
75212.01353,46.2,999,-16,43.4
75222.01956,46.5,999,-15.9,43.7
75232.04718,46.7,999,-15.8,43.9
75242.07656,47,999,-15.8,44.1
75252.10577,47.4,999,-15.7,44.5
75262.11838,47.7,999,-15.6,44.7
75272.16308,47.9,999,-15.6,44.9
75282.17475,48.1,999,-15.5,45.1
75292.18797,48.3,999,-15.4,45.2
75302.19847,48.5,999,-15.3,45.5
75312.23192,48.9,999,-15.3,45.7
75322.24134,49,999,-15.2,45.7
75332.27071,49.2,999,-15.2,46
75342.28637,49.4,999,-15.1,46.1
75352.33009,49.6,999,-15.1,46.3
75362.34359,49.8,999,-15,46.4
75372.37124,50,999,-14.9,46.6
75382.39189,50.2,999,-14.8,46.8
75392.42025,50.4,999,-14.8,46.9
75402.45399,50.5,999,-14.7,47
75412.48094,50.7,999,-14.6,47.1
75422.5247,50.9,999,-14.5,47.2
75432.56689,51,999,-14.5,47.4
75442.58118,51.1,999,-14.5,47.5
75452.5929,51.5,999,-14.4,47.6
75462.59843,51.7,999,-14.4,47.7
75472.60939,51.8,999,-14.4,47.9
75482.62119,51.9,999,-14.3,48
75492.66285,52,999,-14.3,48.2
75502.70426,52.2,999,-14.2,48.3
75512.73329,52.3,999,-14.2,48.4
75522.76065,52.4,999,-14.2,48.6
75532.78622,52.5,999,-14.1,48.6
75542.79549,52.6,999,-14.1,48.7
75552.81855,52.7,999,-14,48.8
75562.83722,52.9,999,-14,48.9
75572.848,52.9,999,-14,49
75582.87529,53,999,-13.9,49
75592.90326,53.1,999,-13.9,49.1
75602.9462,53.2,999,-13.9,49.2
75612.97485,53.3,999,-13.8,49.3
75623.00376,53.4,999,-13.8,49.3
75633.04728,53.5,999,-13.7,49.4
75643.07505,53.6,999,-13.7,49.5
75653.10325,53.7,999,-13.7,49.5
75663.12966,53.7,999,-13.6,49.6
75673.14877,53.8,999,-13.6,49.7
75683.16963,53.9,999,-13.5,49.8
75693.18185,54,999,-13.5,49.9
75703.19584,54,999,-13.5,49.9
75713.23159,54.1,999,-13.5,50
75723.2506,54.2,999,-13.4,50
75733.27295,54.3,999,-13.4,50.1
75743.29159,54.3,999,-13.3,50.1
75753.32022,54.4,999,-13.3,50.2
75763.3484,54.4,999,-13.3,50.2
75773.37654,54.5,999,-13.2,50.2
75783.42236,54.6,999,-13.1,50.3
75793.45817,54.6,999,-13.1,50.4
75803.47855,54.7,999,-13.1,50.5
75813.53817,54.8,999,-13.1,50.5
75823.56797,54.8,999,-12.8,50.5
75833.59761,54.9,999,-12.8,50.6
75843.65539,54.9,999,-12.9,50.6
75853.68287,54.9,999,-12.8,50.7
75863.71032,55,999,-12.7,50.7
75873.7382,55.2,999,-12.6,50.7
75883.76523,55.1,999,-12.6,50.8
75893.79232,55.2,999,-12.5,50.9
75903.8162,55.4,999,-12.5,50.9
75913.85104,55.4,999,-12.4,51
75923.85505,55.3,999,-12.4,51
75933.87269,55.5,999,-12.4,51
75943.91706,55.6,999,-12.3,51.1
75953.92907,55.6,999,-12.3,51.1
75963.9547,55.7,999,-12.2,51.1
75973.99583,55.7,999,-12.2,51.2
75984.04083,55.8,999,-12.2,51.2
75994.06763,55.8,999,-12.2,51.2
76004.09581,55.8,999,-12.1,51.2
76014.14362,55.9,999,-12,51.3
76024.1482,55.9,999,-12,51.4
76034.15969,55.9,999,-12,51.4
76044.20139,56,999,-12,51.4
76054.23614,56,999,-11.9,51.4
76064.25803,56.1,999,-11.9,51.5
76074.284,56.1,999,-11.8,51.6
76084.31348,56.2,999,-11.7,51.6
76094.34094,56.1,999,-11.7,51.6
76104.36715,56.2,999,-11.7,51.6
76114.3932,56.3,999,-11.6,51.7
76124.40343,56.3,999,-11.5,51.7
76134.43067,56.3,999,-11.5,51.7
76144.45871,56.3,999,-11.4,51.8
76154.50139,56.4,999,-11.4,51.8
76164.54474,56.4,999,-11.3,52
76174.54965,56.5,999,-11.2,51.9
76184.56803,56.5,999,-11.2,52.1
76194.60064,56.5,999,-11.1,52.1
76204.62445,56.6,999,-11,52.2
76214.65277,56.6,999,-11,52.2
76224.68437,56.6,999,-10.9,52.2
76234.72476,56.7,999,-10.9,52.2
76244.75344,56.7,999,-10.8,52.3
76254.79664,56.7,999,-10.8,52.3
76264.82582,56.8,999,-10.6,52.4
76274.83826,56.8,999,-10.6,52.4
76284.85172,56.9,999,-10.5,52.4
76294.8816,56.9,999,-10.4,52.4
76304.91479,56.9,999,-10.3,52.4
76314.92053,56.9,999,-10.2,52.5
76324.93429,57,999,-10.1,52.6
76334.96171,57,999,-10.1,52.6
76344.98421,57,999,-10,52.6
76355.01079,57.1,999,-9.9,52.6
76365.04647,57.1,999,-9.8,52.7
76375.06821,57.2,999,-9.7,52.7
76385.09739,57.2,999,-9.6,52.7
76395.12752,57.2,999,-9.4,52.7
76405.12826,57.3,999,-9.3,52.8
76415.16317,57.2,999,-9.2,52.8
76425.18222,57.3,999,-9.1,52.8
76435.22438,57.4,999,-8.9,52.9
76445.25427,57.4,999,-8.8,52.9
76455.26035,57.4,999,-8.4,53
76465.28014,57.5,999,-8.2,53
76475.30764,57.5,999,-8.1,53
76485.35133,57.5,999,-7.9,53
76495.3784,57.6,999,-7.7,53.1
76505.40666,57.6,999,-7.5,53.1
76515.43528,57.6,999,-7.3,53.1
76525.44198,57.6,999,-7.2,53.1
76535.493,57.7,999,-7,53.2
76545.50297,57.7,999,-6.8,53.2
76555.5156,57.8,999,-6.6,53.2
76565.5281,57.8,999,-6.2,53.2
76575.54106,57.8,999,-6.1,53.3
76585.56177,57.8,999,-5.8,53.3
76595.58955,57.9,999,-5.6,53.3
76605.61623,57.9,999,-5.4,53.4
76615.64545,57.9,999,-5.2,53.4
76625.69334,58,999,-5,53.4
76635.71773,58,999,-4.7,53.5
76645.72473,58.1,999,-4.2,53.5
76655.7632,58.1,999,-4,53.6
76665.78871,58.2,999,-3.7,53.6
76675.81869,58.2,999,-3.4,53.6
76685.8467,58.3,999,-3.1,53.6
76695.87466,58.3,999,-2.9,53.7
76705.90086,58.3,999,-2.7,53.7
76715.92647,58.3,999,-2.5,53.8
76725.93698,58.4,999,-2.4,53.8
76735.96471,58.4,999,-2.2,53.8
76745.99354,58.4,999,-2.1,53.8
76756.02197,58.4,999,-2,53.8
76766.05074,58.5,999,-1.8,53.9
76776.09393,58.6,999,-1.7,53.9
76786.10758,58.6,999,-1.6,54
76796.13691,58.6,999,-1.6,54
76806.16368,58.7,999,-1.5,54
76816.16946,58.7,999,-1.4,54
76826.18087,58.7,999,-1.3,54
76836.21697,58.8,999,-1.2,54.1
76846.25543,58.8,999,-1,54.1
76856.28273,58.8,999,-0.8,54.1
76866.29565,58.8,999,-0.6,54.1
76876.34149,58.7,999,-0.7,53.6
76886.36926,58.5,999,-0.8,53
76896.39157,58.2,999,-1,52.3
76906.39653,57.8,999,-1.2,51.4
76916.40726,57.2,999,-1.3,50.7
76926.43596,56.6,999,-1.5,50
76936.44853,56,999,-1.7,49.3
76946.46951,55.3,999,-1.8,48.7
76956.49717,54.5,999,-2,48
76966.52468,53.8,999,-2.2,47.2
76976.53462,53.1,999,-2.4,46.6
76986.56401,52.4,999,-2.5,46.1
76996.58417,51.8,999,-2.7,45.4
77006.62728,50.9,999,-2.8,44.9
77016.63307,50.2,999,-3,44.3
77026.64645,49.6,999,-3,43.9
77036.67666,49.1,999,-2.9,44
77046.70494,48.9,999,-2.8,44.2
77056.73505,48.7,999,-2.6,44.6
77066.76287,48.6,999,-2.5,44.9
77076.77443,48.5,999,-2.4,45.1
77086.78544,48.7,999,-2.2,45.3
77096.79782,48.8,999,-2,45.6
77106.83356,49,999,-1.8,45.8
77116.85335,49.2,999,-1.6,46
77126.87545,49.4,999,-1.4,46.3
77136.90378,49.6,999,-1.3,46.5
77146.92932,49.8,999,-1.2,46.8
77156.96165,50.1,999,-1.1,47
77166.96727,50.4,999,-1,47.3
77176.99566,50.6,999,-0.8,47.4
77187.02117,50.8,999,-0.6,47.7
77197.04828,51.2,999,-0.5,47.8
77207.07657,51.4,999,-0.1,48
77217.10962,51.7,999,0,48.4
77227.13293,51.9,999,0.2,48.6
77237.17745,52.2,999,0.5,48.8
77247.20447,52.4,999,0.7,48.9
77257.2318,52.6,999,0.8,49.1
77267.25875,52.8,999,0.9,49.2
77277.29221,52.9,999,1.1,49.4
77287.29675,53.1,999,1.3,49.6
77297.32591,53.3,999,1.5,49.7
77307.35519,53.5,999,1.6,49.9
77317.36703,53.7,999,1.8,50
77327.39502,53.9,999,2.1,50.1
77337.42407,54.1,999,2.3,50.3
77347.44373,54.2,999,2.5,50.4
77357.44475,54.4,999,2.7,50.6
77367.48838,54.6,999,3,50.7
77377.52182,54.7,999,3.2,50.8
77387.56413,54.9,999,3.3,50.9
77397.59222,55,999,3.5,51.1
77407.62203,55.3,999,3.7,51.2
77417.66593,55.5,999,4.1,51.3
77427.69453,55.7,999,4.3,51.4
77437.72344,55.8,999,4.5,51.5
77447.76467,56,999,4.6,51.6
77457.79142,56.1,999,4.7,51.7
77467.81953,56.2,999,4.9,51.8
77477.83944,56.2,999,5,52.1
77487.88129,56.4,999,5.2,52.2
77497.88561,56.5,999,5.4,52.3
77507.91183,56.7,999,5.5,52.4
77517.93767,56.8,999,5.7,52.5
77527.96652,56.9,999,5.9,52.6
77538.02437,56.9,999,6.1,52.6
77548.0519,57.1,999,6.2,52.8
77558.07898,57.2,999,6.2,52.8
77568.1064,57.2,999,6.3,52.9
77578.13238,57.3,999,6.4,53
77588.14551,57.4,999,6.4,53
77598.15418,57.5,999,6.5,53.1
77608.2044,57.6,999,6.6,53.1
77618.21141,57.7,999,6.8,53.2
77628.23928,57.8,999,6.9,53.3
77638.26712,57.9,999,7,53.3
77648.29704,57.9,999,7.2,53.4
77658.3236,58,999,7.4,53.5
77668.38334,58.1,999,7.6,53.5
77678.41074,58.2,999,7.8,53.6
77688.44085,58.3,999,8,53.6
77698.46508,58.3,999,8.2,53.7
77708.4918,58.4,999,8.6,53.8
77718.50935,58.4,999,8.9,53.8
77728.5239,58.5,999,9.1,53.9
77738.54568,58.6,999,9.4,54
77748.55643,58.6,999,9.5,54
77758.56869,58.8,999,9.7,54.1
77768.59087,58.8,999,9.9,54.1
77778.61455,58.9,999,10,54.1
77788.65229,58.9,999,10.1,54.2
77798.68039,58.9,999,10.2,54.3
77808.72428,59.2,999,10.3,54.3
77818.76931,59.2,999,10.4,54.3
77828.79722,59.3,999,10.6,54.3
77838.82587,59.4,999,10.7,54.4
77848.86545,59.4,999,10.8,54.5
77858.86766,59.5,999,10.9,54.5
77868.91063,59.5,999,11.1,54.5
77878.93797,59.6,999,11.1,54.5
77888.96604,59.6,999,11.2,54.6
77898.9922,59.6,999,11.4,54.7
77909.03571,59.7,999,11.6,54.7
77919.04693,59.7,999,11.8,54.7
77929.05754,59.8,999,12,54.7
77939.06912,59.8,999,12.4,54.8
77949.09697,59.9,999,12.7,54.8
77959.11417,59.9,999,12.9,54.8
77969.16359,60,999,13.2,54.9
77979.21022,60,999,13.4,54.9
77989.23728,60.1,999,13.6,55
77999.26662,60.1,999,13.8,55
78009.29572,60.1,999,14,55.1
78019.32231,60.1,999,14.2,55.1
78029.35085,60.2,999,14.4,55.1
78039.38075,60.3,999,14.7,55.2
78049.40981,60.3,999,14.9,55.2
78059.43795,60.4,999,15.2,55.2
78069.46663,60.3,999,15.4,55.2
78079.51084,60.3,999,15.6,55.3
78089.53818,60.4,999,15.9,55.3
78099.54414,60.5,999,16.1,55.3
78109.56176,60.5,999,16.6,55.4
78119.5732,60.5,999,16.8,55.4
78129.60089,60.6,999,17,55.4
78139.61793,60.6,999,17.3,55.5
78149.6489,60.6,999,17.5,55.5
78159.68006,60.7,999,17.7,55.4
78169.73963,60.7,999,18,55.5
78179.76708,60.8,999,18.2,55.5
78189.79585,60.8,999,18.3,55.6
78199.82251,60.8,999,18.5,55.6
78209.84965,60.8,999,18.8,55.6
78219.87406,60.8,999,19,55.9
78229.89885,60.8,999,19.2,55.7
78239.91972,60.9,999,19.4,55.7
78249.93182,61,999,19.6,55.8
78259.94804,61,999,19.9,55.8
78269.98451,61,999,20.1,55.8
78280.01307,61,999,20.2,56
78290.04258,61,999,20.6,56
78300.07014,61.1,999,20.8,56
78310.09824,61.2,999,20.9,55.9
78320.14093,61.1,999,21.1,55.9
78330.16723,61.2,999,21.3,56.2
78340.19799,61.2,999,21.5,56.2
78350.21203,61.2,999,21.7,56.2
78360.23568,61.3,999,21.8,56.1
78370.24141,61.3,999,22,56.2
78380.29096,61.3,999,22.2,56.2
78390.30827,61.3,999,22.4,56.2
78400.31027,61.3,999,22.5,56.2
78410.34972,61.4,999,22.7,56.2
78420.37648,61.4,999,22.9,56.3
78430.39332,61.4,999,23,56.3
78440.43236,61.4,999,23.2,56.3
78450.44991,61.5,999,23.4,56.4
78460.46908,61.5,999,23.6,56.4
78470.52514,61.5,999,23.8,56.4
78480.54796,61.5,999,24,56.4
78490.55801,61.5,999,24.1,56.4
78500.58134,61.6,999,24.3,56.4
78510.5972,61.6,999,24.5,56.4
78520.62599,61.6,999,24.9,56.4
78530.69738,61.7,999,25,56.5
78540.71422,61.7,999,25.2,56.4
78550.74004,61.7,999,25.3,56.5
78560.77915,61.7,999,25.5,56.5
78570.7951,61.7,999,25.7,56.6
78580.81422,61.8,999,25.9,56.6
78590.86635,61.8,999,26.1,56.6
78600.89872,61.8,999,26.2,56.6
78610.92332,61.8,999,26.4,56.6
78620.95835,61.8,999,26.6,56.6
78631.00101,61.9,999,26.8,56.6
78641.01485,62,999,26.9,56.7
78651.04158,61.9,999,27.1,56.7
78661.048,61.9,999,27.3,56.7
78671.06078,62,999,27.5,56.8
78681.08361,62,999,27.6,56.8
78691.13955,62,999,27.8,56.8
78701.15959,62,999,27.9,56.8
78711.19461,62,999,28.1,56.8
78721.2279,62.1,999,28.3,56.8
78731.25538,62.2,999,28.5,56.8
78741.28149,62.1,999,28.8,56.9
78751.29789,62.1,999,29,56.9
78761.32601,62.2,999,29.2,56.9
78771.367,62.2,999,29.4,56.9
78781.38334,62.2,999,29.5,57
78791.40975,62.2,999,29.7,56.9
78801.43315,62.2,999,29.9,57
78811.45066,62.2,999,30.1,57
78821.47769,62.3,999,30.3,57
78831.52785,62.3,999,30.5,57
78841.54363,62.3,999,30.7,57
78851.56192,62.3,999,30.9,57.1
78861.5914,62.4,999,31.1,57
78871.60231,62.3,999,31.1,56.8
78881.61448,62.2,999,31,56.4
78891.64277,62,999,30.8,55.5
78901.65237,61.5,999,30.7,54.8
78911.68159,61,999,30.4,54.2
78921.73978,60.5,999,30.1,53.4
78931.77989,60,999,29.9,52.8
78941.80792,59.1,999,29.6,52
78951.82396,58.4,999,29.3,51.3
78961.83783,57.8,999,29,50.7
78971.8599,57.1,999,28.7,50.1
78981.87084,56.5,999,28.3,49.6
78991.88434,55.9,999,28,48.9
79001.9041,54.9,999,27.8,48.4
79011.93082,54.3,999,27.6,47.9
79021.95898,53.8,999,27.6,47.9
79031.98625,53.5,999,27.7,48.3
79042.01308,53.3,999,27.9,48.5
79052.04465,53.1,999,28,48.6
79062.05465,53.1,999,28.2,48.8
79072.06385,53.2,999,28.4,49
79082.0728,53.3,999,28.6,49.3
79092.10138,53.4,999,28.9,49.5
79102.14339,53.5,999,29.1,49.7
79112.17083,53.7,999,29.3,49.9
79122.1983,53.9,999,29.6,50
79132.22547,54,999,29.8,50.3
79142.25407,54.3,999,30.1,50.4
79152.26957,54.4,999,30.3,50.6
79162.29851,54.7,999,30.5,50.8
79172.32567,54.9,999,30.7,51
79182.3357,55.1,999,31,51.2
79192.38183,55.5,999,31.2,51.3
79202.38614,55.7,999,31.4,51.5
79212.42931,55.9,999,31.6,51.6
79222.48042,56,999,31.9,51.8
79232.51035,56.2,999,32.2,52.1
79242.53668,56.4,999,32.4,52.3
79252.57787,56.6,999,32.8,52.4
79262.62147,56.8,999,33,52.5
79272.66339,56.9,999,33.1,52.7
79282.69084,57.1,999,33.4,52.8
79292.71837,57.2,999,33.6,52.9
79302.76106,57.4,999,33.8,53
79312.7788,57.6,999,34,53.1
79322.7944,57.7,999,34.2,53.3
79332.81468,57.8,999,34.4,53.4
79342.82671,58,999,34.6,53.5
79352.83682,58.1,999,34.7,53.6
79362.86591,58.3,999,34.9,53.8
79372.89273,58.4,999,35.1,53.8
79382.92248,58.5,999,35.3,53.9
79392.95151,58.7,999,35.5,54
79403.01074,58.7,999,35.6,54.1
79413.06891,58.8,999,35.8,54.2
79423.09786,59.1,999,36,54.3
79433.12548,59.3,999,36.1,54.4
79443.12927,59.4,999,36.3,54.5
79453.15223,59.5,999,36.4,54.5
79463.1807,59.5,999,36.8,54.6
79473.19559,59.7,999,36.9,54.7
79483.23914,59.8,999,37.1,54.8
79493.26676,59.8,999,37.2,54.9
79503.28154,60,999,37.4,55
79513.32441,60.1,999,37.5,55
79523.35355,60.2,999,37.6,55
79533.3821,60.2,999,37.8,55.2
79543.4104,60.3,999,37.9,55.2
79553.43776,60.4,999,38.1,55.3
79563.44289,60.4,999,38.2,55.3
79573.48225,60.5,999,38.4,55.4
79583.51985,60.6,999,38.4,55.5
79593.53824,60.7,999,38.6,55.5
79603.57594,60.7,999,38.7,55.5
79613.58848,60.9,999,38.9,55.7
79623.63183,60.9,999,39,55.7
79633.64342,61,999,39.1,55.8
79643.67224,61.1,999,39.2,56
79653.6985,61.2,999,39.4,56
79663.72741,61.2,999,39.5,56.1
79673.75484,61.3,999,39.6,56
79683.79633,61.3,999,39.7,56
79693.80697,61.4,999,39.8,56.2
79703.83937,61.5,999,40,56.3
79713.84519,61.5,999,40.1,56.3
79723.8578,61.5,999,40.2,56.3
79733.86363,61.6,999,40.3,56.4
79743.9056,61.7,999,40.4,56.5
79753.94214,61.8,999,40.8,56.5
79763.94948,61.8,999,40.6,56.5
79773.99279,61.8,999,41,56.5
79784.02077,61.9,999,41,56.6
79794.04975,62,999,41.2,56.6
79804.06899,62,999,41.3,56.7
79814.10825,62,999,41.4,56.7
79824.13454,62.1,999,41.5,56.7
79834.16138,62.1,999,41.6,56.8
79844.21046,62.2,999,41.8,56.8
79854.22211,62.3,999,41.8,56.9
79864.22603,62.3,999,42,56.9
79874.23846,62.3,999,42.1,56.9
79884.25274,62.4,999,42.2,56.9
79894.26382,62.4,999,42.3,57
79904.27554,62.4,999,42.4,57
79914.30566,62.5,999,42.5,57
79924.34476,62.5,999,42.6,57.1
79934.36131,62.5,999,42.7,57.2
79944.38917,62.7,999,42.8,57.2
79954.43178,62.7,999,42.9,57.2
79964.46135,62.7,999,43,57.2
79974.50393,62.9,999,43.1,57.3
79984.53237,62.8,999,43.2,57.4
79994.56084,62.8,999,43.3,57.4
80004.60515,62.9,999,43.4,57.4
80014.63396,62.9,999,43.5,57.4
80024.66269,63,999,43.6,57.5
80034.6935,63.1,999,43.7,57.4
80044.69791,63,999,43.8,57.5
80054.73201,63.2,999,43.9,57.5
80064.77991,63.2,999,44,57.5
80074.78409,63.2,999,44.1,57.6
80084.79494,63.3,999,44.1,57.6
80094.80727,63.3,999,44.2,57.6
80104.83466,63.4,999,44.3,57.7
80114.86234,63.4,999,44.6,57.7
80124.89055,63.4,999,44.5,57.7
80134.92029,63.5,999,44.8,57.7
80144.96359,63.5,999,44.8,57.5
80155.00756,63.3,999,44.4,56.9
80165.05171,63.1,999,44.1,56.2
80175.09337,62.5,999,43.8,55.4
80185.12548,62,999,43.5,54.7
80195.15247,61.4,999,43.1,54.2
80205.18002,60.9,999,42.7,53.4
80215.20674,60.3,999,42.2,52.8
80225.23342,59.6,999,41.8,52.2
80235.253,58.8,999,41.3,51.4
80245.26788,58.2,999,40.9,50.7
80255.31089,57.5,999,40.2,50.2
80265.33831,56.7,999,39.8,49.7
80275.36676,56.1,999,39.3,49
80285.39296,55.5,999,38.9,48.5
80295.42035,54.6,999,38.4,47.8
80305.43852,54,999,38,47.3
80315.48332,53.5,999,37.5,46.7
80325.50208,52.8,999,37.1,46.2
80335.51341,52.2,999,36.5,45.8
80345.55752,51.6,999,36.1,45.3
80355.58445,50.9,999,35.7,44.9
80365.61371,50.3,999,35.2,44.2
80375.65801,49.7,999,34.8,43.7
80385.69947,49.2,999,34.5,43.3
80395.74368,48.7,999,34.1,42.9
80405.77241,48.1,999,33.8,42.5
80415.80044,47.6,999,33.4,42.1
80425.82854,47,999,33,41.7
80435.85427,46.5,999,32.6,41.3
80445.88827,46,999,32.2,40.9
80455.91163,45.6,999,31.8,40.4
80465.94101,45.1,999,31.5,40
80475.97116,44.7,999,31.2,39.7
80485.98115,44.3,999,30.9,39.3
80495.99294,43.8,999,30.6,39
80506.03596,43.2,999,30.3,38.6
80516.04735,42.8,999,30,38.3
80526.09184,42.4,999,29.8,38
80536.11965,42.1,999,29.5,37.7
80546.16038,41.7,999,29.2,37.4
80556.16732,41.3,999,28.9,37
80566.18702,41,999,28.5,36.8
80576.23209,40.6,999,28.3,36.5
80586.2722,40.2,999,28,36.1
80596.2996,39.9,999,27.8,35.6
80606.33086,39.3,999,27.5,35.4
80616.33845,39,999,27.3,35.1
80626.36713,38.7,999,27.1,34.9
80636.3797,38.4,999,27.1,35
80646.39207,38.3,999,27.1,35.1
80656.40576,38.2,999,27.1,35.4
80666.4349,38.1,999,27.2,35.6
80676.44597,38.2,999,27.3,35.9
80686.46652,38.3,999,27.5,36.2
80696.49535,38.5,999,27.6,36.6
80706.52443,38.7,999,27.8,36.8
80716.54974,38.9,999,28,37.1
80726.57755,39.2,999,28.3,37.3
80736.58852,39.6,999,28.6,37.6
80746.61804,39.7,999,28.8,37.8
80756.64694,40,999,29.1,38
80766.67544,40.2,999,29.3,38.2
80776.70442,40.5,999,29.6,38.4
80786.71215,40.7,999,29.8,38.6
80796.73674,41,999,30,38.8
80806.75703,41.2,999,30.3,39
80816.78466,41.4,999,30.5,39.2
80826.79909,41.6,999,30.8,39.4
80836.81197,41.9,999,31.1,39.6
80846.8243,42.1,999,31.3,39.8
80856.8303,42.3,999,31.5,40
80866.87259,42.5,999,31.7,40.1
80876.90208,42.7,999,32,40.4
80886.9073,42.8,999,32.2,40.6
80896.92817,43.1,999,32.4,40.8
80906.95354,43.3,999,32.8,40.9
80916.98004,43.6,999,33,41.1
80926.99111,43.8,999,33.2,41.2
80937.01861,44,999,33.4,41.3
80947.04706,44.2,999,33.6,41.5
80957.05911,44.3,999,33.8,41.6
80967.07042,44.4,999,34,41.7
80977.09257,44.6,999,34.3,41.9
80987.12129,44.8,999,34.4,41.9
80997.16481,44.9,999,34.6,42.1
81007.22198,45,999,34.8,42.2
81017.25683,45.1,999,35,42.3
81027.28619,45.3,999,35.2,42.3
81037.30884,45.5,999,35.3,42.5
81047.35694,45.6,999,35.6,42.5
81057.36831,45.7,999,35.7,42.7
81067.37392,45.8,999,35.9,42.8
81077.40183,45.9,999,36,42.9
81087.42722,46,999,36.2,43
81097.46922,46.2,999,36.4,43.1
81107.49609,46.3,999,36.4,43.1
81117.52514,46.4,999,36.8,43.2
81127.54992,46.5,999,36.9,43.3
81137.58477,46.6,999,37,43.4
81147.62132,46.6,999,37.2,43.5
81157.6403,46.8,999,37.4,43.5
81167.64551,46.9,999,37.4,43.5
81177.6576,47,999,37.6,43.6
81187.68304,47,999,37.8,43.7
81197.7267,47.1,999,37.8,43.7
81207.75162,47.4,999,37.9,43.8
81217.77875,47.6,999,38.1,44
81227.80694,47.6,999,38.2,44.2
81237.83349,47.6,999,38.3,44.1
81247.86406,47.8,999,38.4,44.3
81257.86821,47.8,999,38.5,44.2
81267.91208,47.9,999,38.6,44.4
81277.94354,48,999,38.8,44.4
81287.98507,48,999,38.8,44.5
81298.01085,48,999,38.9,44.5
81308.03849,48.1,999,39.1,44.7
81318.07281,48.2,999,39.2,44.7
81328.10145,48.3,999,39.3,44.7
81338.13001,48.3,999,39.3,44.8
81348.17358,48.4,999,39.4,44.8
81358.18779,48.5,999,39.5,44.9
81368.24536,48.5,999,39.7,44.9
81378.27257,48.5,999,39.8,44.9
81388.30074,48.6,999,39.8,45
81398.33035,48.7,999,40,45
81408.33937,48.7,999,40.1,45.1
81418.35256,48.7,999,40.2,45
81428.38039,48.8,999,40.2,45.1
81438.40138,48.9,999,40.4,45.2
81448.43552,48.9,999,40.4,45.2
81458.45779,48.9,999,40.6,45.3
81468.48414,49,999,40.8,45.3
81478.51277,49.1,999,40.9,45.4
81488.54797,49.1,999,41,45.4
81498.57526,49.1,999,41.1,45.4
81508.59267,49.2,999,41.2,45.4
81518.6121,49.2,999,41.3,45.4
81528.65655,49.2,999,41.4,45.4
81538.66247,49.3,999,41.5,45.5
81548.68997,49.4,999,41.6,45.6
81558.71836,49.4,999,41.6,45.6
81568.74781,49.4,999,41.8,45.6
81578.79595,49.4,999,41.8,45.7
81588.81691,49.5,999,42,45.7
81598.84423,49.5,999,42,45.7
81608.87138,49.6,999,42.2,45.7
81618.89726,49.6,999,42.2,45.8
81628.94705,49.6,999,42.3,45.7
81638.97516,49.6,999,42.4,45.8
81648.99033,49.6,999,42.4,45.9
81659.01227,49.7,999,42.5,45.9
81669.04142,49.7,999,42.6,45.9
81679.04565,49.8,999,42.7,45.9
81689.07432,49.8,999,42.8,46
81699.11656,49.9,999,42.8,46
81709.14993,49.9,999,43,46
81719.17626,49.9,999,43,46.1
81729.20318,50,999,43.1,46.1
81739.20868,50,999,43.2,46
81749.21978,50,999,43.3,46.1
81759.23946,50,999,43.4,46.1
81769.24299,50.1,999,43.4,46.1
81779.27085,50.1,999,43.6,46.1
81789.31401,50.1,999,43.6,46.1
81799.3576,50.1,999,43.6,46.2
81809.38514,50.1,999,43.8,46.1
81819.41264,50.2,999,43.8,46.2
81829.44042,50.2,999,44,46.2
81839.46764,50.2,999,44,46.2
81849.49581,50.2,999,44.1,46.2
81859.52431,50.3,999,44.2,46.3
81869.55157,50.2,999,44.2,46.3
81879.58443,50.2,999,44.3,46.3
81889.6168,50.3,999,44.4,46.3
81899.63478,50.3,999,44.4,46.4
81909.67803,50.3,999,44.5,46.4
81919.70713,50.4,999,44.7,46.4
81929.73488,50.4,999,44.8,46.4
81939.77273,50.4,999,44.9,46.4
81949.7895,50.4,999,44.9,46.4
81959.81508,50.5,999,45,46.4
81969.84088,50.5,999,45,46.4
81979.8522,50.5,999,45.1,46.5
81989.86364,50.5,999,45.2,46.5
81999.89828,50.4,999,45.3,46.6
82009.914,50.3,999,45.3,46.6
82019.93264,50.3,999,45.4,46.6
82029.97588,50.3,999,45.4,46.6
82040.00997,50.3,999,45.5,46.6
82050.02057,50.3,999,45.6,46.6
82060.03284,50.3,999,45.6,46.6
82070.06045,50.3,999,45.7,46.5
82080.07334,50.4,999,45.7,46.5
82090.10236,50.4,999,45.7,46.5
82100.13064,50.4,999,45.7,46.6
82110.15684,50.5,999,45.8,46.5
82120.21183,50.5,999,45.8,46.5
82130.22767,50.5,999,45.8,46.5
82140.27288,50.5,999,45.8,46.5
82150.29946,50.5,999,45.8,46.5
82160.32902,50.5,999,45.9,46.5
82170.35619,50.5,999,45.9,46.6
82180.38411,50.5,999,45.9,46.5
82190.41453,50.6,999,45.9,46.5
82200.45779,50.6,999,45.9,46.5
82210.48492,50.6,999,45.9,46.6
82220.51302,50.6,999,45.9,46.5
82230.53888,50.6,999,45.9,46.5
82240.56635,50.6,999,46,46.5
82250.57558,50.6,999,45.9,46.6
82260.61769,50.6,999,45.9,46.6
82270.63345,50.7,999,46,46.6
82280.66116,50.7,999,46,46.6
82290.68913,50.6,999,46,46.6
82300.71726,50.6,999,46,46.6
82310.76053,50.7,999,46.1,46.6
82320.78722,50.7,999,46.1,46.6
82330.81442,50.7,999,46.1,46.6
82340.84357,50.7,999,46.1,46.6
82350.87211,50.7,999,46.1,46.6
82360.89986,50.7,999,46.2,46.6
82370.90486,50.7,999,46.2,46.6
82380.94077,50.7,999,46.2,46.6
82390.95282,50.7,999,46.2,46.6
82400.95898,50.8,999,46.2,46.6
82411.00015,50.8,999,46.3,46.7
82421.02813,50.8,999,46.3,46.6
82431.05466,50.8,999,46.3,46.7
82441.08258,50.9,999,46.3,46.7
82451.09287,50.9,999,46.3,46.7
82461.1407,50.9,999,46.3,46.8
82471.14634,50.9,999,46.3,46.7
82481.19554,50.9,999,46.3,46.7
82491.20289,50.9,999,46.4,46.8
82501.24378,50.9,999,46.4,46.8
82511.30435,50.9,999,46.4,46.8
82521.32025,50.9,999,46.4,46.8
82531.36029,50.9,999,46.4,46.8
82541.38745,50.9,999,46.4,46.8
82551.41682,50.9,999,46.4,46.8
82561.44606,51,999,46.4,46.8
82571.47364,50.9,999,46.4,46.8
82581.50088,50.9,999,46.5,46.8
82591.529,51,999,46.5,46.8
82601.55683,51,999,46.5,46.8
82611.58475,50.9,999,46.5,46.9
82621.59629,51,999,46.5,46.8
82631.61757,51.2,999,46.5,46.9
82641.65087,51.2,999,46.5,46.8
82651.67971,51.2,999,46.5,46.9
82661.7221,51,999,46.5,46.9
82671.74946,51.3,999,46.6,46.9
82681.79419,51.1,999,46.6,46.9
82691.85355,51.1,999,46.6,46.9
82701.88229,51.1,999,46.6,46.9
82711.91043,51.3,999,46.6,46.9
82721.93938,51.3,999,46.6,46.9
82731.98344,51.1,999,46.6,46.9
82742.01187,51.3,999,46.6,46.9
82752.0415,51.3,999,46.6,46.9
82762.04502,51.1,999,46.6,46.9
82772.06745,51.1,999,46.6,46.9
82782.0906,51.3,999,46.6,46.9
82792.11866,51.1,999,46.6,46.9
82802.13012,51.1,999,46.6,46.9
82812.14179,51.2,999,46.6,46.9
82822.16841,51.1,999,46.6,47
82832.19713,51.1,999,46.7,46.9
82842.22291,51.4,999,46.6,47
82852.26542,51.4,999,46.7,47
82862.32486,51.4,999,46.7,46.9
82872.35054,51.2,999,46.7,47
82882.37678,51.4,999,46.7,47
82892.39485,51.2,999,46.7,47
82902.4014,51.3,999,46.7,47
82912.4119,51.5,999,46.7,47
82922.42344,51.4,999,46.7,47
82932.45155,51.5,999,46.7,47
82942.48038,51.4,999,46.7,47
82952.50782,51.4,999,46.8,47
82962.53698,51.4,999,46.8,47
82972.56515,51.5,999,46.8,47
82982.60746,51.5,999,46.8,47
82992.65127,51.4,999,46.8,47
83002.65646,51.5,999,46.8,47
83012.69393,51.5,999,46.8,47.1
83022.72088,51.5,999,46.8,47
83032.7485,51.5,999,46.8,47.1
83042.77828,51.3,999,46.8,47.1
83052.80595,51.3,999,46.8,47
83062.83412,51.5,999,46.8,47
83072.86086,51.3,999,46.8,47.1
83082.88913,51.5,999,46.8,47.1
83092.91568,51.5,999,46.8,47.1
83102.94314,51.5,999,46.8,47.1
83112.95477,51.5,999,46.9,47.1
83122.98161,51.3,999,46.8,47.1
83133.0207,51.5,999,46.9,47.1
83143.03907,51.5,999,46.8,47.1
83153.06714,51.3,999,46.8,47.1
83163.09574,51.5,999,46.9,47.1
83173.12543,51.5,999,46.8,47.1
83183.16931,51.4,999,46.8,47.1
83193.19763,51.5,999,46.8,47.1
83203.25621,51.4,999,46.8,47.1
83213.28462,51.5,999,46.8,47.1
83223.31318,51.4,999,46.8,47.1
83233.35648,51.6,999,46.9,47.1
83243.38407,51.4,999,46.9,47.1
83253.42761,51.6,999,46.8,47.1
83263.44785,51.5,999,46.8,47.1
83273.48393,51.5,999,46.8,47.1
83283.49489,51.6,999,46.8,47.1
83293.5242,51.6,999,46.9,47.1
83303.53607,51.6,999,46.8,47.1
83313.5607,51.6,999,46.9,47.1
83323.58926,51.6,999,46.8,47.1
83333.6178,51.6,999,46.9,47.1
83343.64691,51.6,999,46.8,47.1
83353.69151,51.6,999,46.9,47.1
83363.71799,51.6,999,46.9,47.1
83373.76134,51.6,999,46.9,47.1
83383.77678,51.6,999,46.9,47.2
83393.82289,51.6,999,46.9,47.1
83403.8632,51.6,999,46.8,47.1
83413.88122,51.6,999,46.9,47.1
83423.90984,51.4,999,46.9,47.1
83433.92954,51.6,999,46.9,47.1
83443.95803,51.6,999,46.9,47.1
83453.98521,51.6,999,46.9,47.2
83464.01943,51.6,999,46.9,47.2
83474.02442,51.6,999,46.9,47.1
83484.03455,51.6,999,46.9,47.1
83494.04588,51.6,999,46.9,47.2
83504.07449,51.6,999,46.9,47.2
83514.14052,51.4,999,46.9,47.1
83524.16078,51.6,999,46.9,47.2
83534.18607,51.4,999,46.9,47.2
83544.22885,51.6,999,46.9,47.2
83554.25619,51.6,999,46.9,47.1
83564.29027,51.6,999,46.9,47.2
83574.29634,51.7,999,46.9,47.2
83584.30795,51.6,999,46.9,47.2
83594.33487,51.6,999,46.9,47.2
83604.37886,51.4,999,46.9,47.2
83614.38923,51.6,999,47,47.2
83624.43246,51.6,999,46.9,47.2
83634.45466,51.6,999,46.9,47.2
83644.48992,51.6,999,47,47.2
83654.51273,51.6,999,46.9,47.2
83664.55746,51.6,999,47,47.2
83674.59376,51.6,999,47,47.3
83684.62233,51.6,999,47,47.2
83694.66538,51.6,999,47,47.2
83704.71015,51.6,999,46.9,47.2
83714.75413,51.6,999,47,47.2
83724.76912,51.6,999,47,47.2
83734.798,51.7,999,47,47.2
83744.82734,51.6,999,47,47.2
83754.86935,51.6,999,47,47.2
83764.89572,51.6,999,46.9,47.2
83774.92299,51.6,999,46.9,47.2
83784.95128,51.6,999,46.9,47.2
83795.00022,51.6,999,46.9,47.2
83805.00663,51.7,999,46.9,47.2
83815.0165,51.6,999,47,47.2
83825.039,51.6,999,47,47.2
83835.06609,51.7,999,47,47.2
83845.09251,51.7,999,47,47.2
83855.12102,51.7,999,46.9,47.2
83865.15593,51.7,999,47,47.2
83875.19871,51.6,999,46.9,47.3
83885.22774,51.7,999,47,47.2
83895.25702,51.6,999,47,47.3
83905.28553,51.7,999,46.9,47.2
83915.31349,51.6,999,47,47.2
83925.33296,51.7,999,47,47.3
83935.35205,51.6,999,46.9,47.3
83945.35634,51.7,999,47,47.2
83955.39274,51.7,999,47,47.3
83965.39761,51.7,999,47,47.2
83975.42549,51.7,999,47,47.3
83985.45403,51.6,999,47,47.3
83995.48268,51.7,999,47,47.3
84005.52626,51.7,999,46.9,47.3
84015.54295,51.7,999,47,47.3
84025.59432,51.7,999,47,47.3
84035.61153,51.7,999,47,47.3
84045.66461,51.7,999,47,47.3
84055.68371,51.7,999,47,47.3
84065.71007,51.8,999,47,47.3
84075.7378,51.7,999,47,47.3
84085.7666,51.7,999,47,47.3
84095.79489,51.7,999,47,47.3
84105.82363,51.7,999,47,47.3
84115.83336,51.7,999,47,47.3
84125.8473,51.7,999,47,47.3
84135.87655,51.8,999,47,47.3
84145.89236,51.8,999,47,47.3
84155.92495,51.7,999,47,47.3
84165.94333,51.7,999,47,47.3
84175.95381,51.7,999,47,47.3
84185.9801,51.7,999,47,47.3
84196.00856,51.8,999,47,47.3
84206.05229,51.7,999,47,47.3
84216.07915,51.7,999,47,47.3
84226.10672,51.7,999,47,47.3
84236.13483,51.8,999,47,47.2
84246.16226,51.8,999,47,47.3
84256.19024,51.7,999,47,47.3
84266.22409,51.7,999,47,47.3
84276.26765,51.8,999,47,47.3
84286.27381,51.8,999,47,47.3
84296.28476,51.7,999,47,47.3
84306.31292,51.7,999,47,47.3
84316.3389,51.7,999,47,47.3
84326.4045,51.8,999,47,47.3
84336.42407,51.7,999,47,47.4
84346.45218,51.7,999,47,47.3
84356.48057,51.7,999,47,47.3
84366.50919,51.7,999,47,47.3
84376.53609,51.8,999,47,47.3
84386.56804,51.8,999,47,47.3
84396.59711,51.7,999,47,47.4
84406.61203,51.7,999,47,47.3
84416.61628,51.7,999,47,47.3
84426.64656,51.7,999,47,47.4
84436.65824,51.8,999,47,47.4
84446.66928,51.8,999,47.1,47.3
84456.69592,51.8,999,47.1,47.4
84466.72301,51.8,999,47,47.4
84476.75064,51.8,999,47.1,47.4
84486.7938,51.8,999,47.1,47.4
84496.83506,51.8,999,47.1,47.4
84506.86333,51.8,999,47.1,47.4
84516.88319,51.8,999,47.2,47.4
84526.92501,51.8,999,47.2,47.4
84536.92945,51.9,999,47.2,47.5
84546.95595,51.8,999,47.2,47.5
84556.96954,51.9,999,47.2,47.5
84566.97766,51.9,999,47.2,47.5
84577.05194,51.9,999,47.2,47.6
84587.08013,52,999,47.2,47.5
84597.12356,52,999,47.2,47.5
84607.15267,52,999,47.3,47.6
84617.17826,52,999,47.3,47.6
84627.21137,52,999,47.3,47.6
84637.21178,52,999,47.3,47.6
84647.23765,52,999,47.3,47.6
84657.25537,52,999,47.3,47.6
84667.28345,52,999,47.4,47.7
84677.29544,52,999,47.4,47.7
84687.32198,52.2,999,47.4,47.7
84697.38092,52.2,999,47.5,47.7
84707.40599,52.2,999,47.5,47.8
84717.43246,52.1,999,47.5,47.8
84727.48405,52.2,999,47.5,47.8
84737.50663,52.2,999,47.5,47.8
84747.54097,52.2,999,47.5,47.8
84757.5829,52.2,999,47.6,47.9
84767.62595,52.3,999,47.6,47.9
84777.65838,52.3,999,47.7,48.1
84787.66337,52.3,999,47.7,47.9
84797.67649,52.4,999,47.7,48
84807.6957,52.4,999,47.7,48
84817.7306,52.4,999,47.8,48
84827.75902,52.4,999,47.7,48.2
84837.7883,52.5,999,47.8,48.3
84847.8155,52.4,999,47.9,48.2
84857.84393,52.5,999,47.9,48.1
84867.90133,52.5,999,47.9,48.3
84877.93096,52.5,999,47.9,48.3
84887.95934,52.6,999,47.9,48.3
84897.98743,52.6,999,47.9,48.4
84908.01849,52.6,999,48,48.4
84918.04258,52.7,999,48,48.5
84928.06962,52.7,999,48,48.5
84938.09825,52.7,999,48,48.5
84948.12653,52.7,999,48.1,48.5
84958.16889,52.7,999,48.1,48.5
84968.18251,52.8,999,48.1,48.5
84978.20926,52.9,999,48.2,48.5
84988.22142,52.9,999,48.2,48.6
84998.28089,52.8,999,48.3,48.6
85008.32339,52.9,999,48.2,48.7
85018.35125,52.9,999,48.4,48.7
85028.3671,53,999,48.4,48.7
85038.40298,53,999,48.6,48.7
85048.43594,53,999,48.6,48.8
85058.4613,53,999,48.6,48.7
85068.48811,53,999,48.7,48.8
85078.51369,53.1,999,48.7,48.8
85088.5422,53.1,999,48.7,48.8
85098.56362,53.1,999,48.8,48.8
85108.58424,53.2,999,48.8,48.9
85118.62771,53.2,999,48.9,48.9
85128.63911,53.3,999,48.9,48.9
85138.65155,53.3,999,48.9,49
85148.6792,53.3,999,48.9,49
85158.7316,53.3,999,48.9,49
85168.73539,53.3,999,49,49
85178.7642,53.3,999,49,49.1
85188.79273,53.3,999,49,49.1
85198.8663,53.4,999,49.1,49.2
85208.89398,53.5,999,49.1,49.2
85218.93669,53.5,999,49.1,49.2
85228.96484,53.5,999,49.2,49.2
85239.01488,53.5,999,49.2,49.2
85249.0433,53.6,999,49.3,49.3
85259.07176,53.6,999,49.3,49.3
85269.10094,53.6,999,49.3,49.3
85279.10657,53.7,999,49.4,49.4
85289.11214,53.7,999,49.4,49.4
85299.13929,53.7,999,49.4,49.4
85309.15791,53.7,999,49.5,49.5
85319.16912,53.8,999,49.5,49.5
85329.19731,53.9,999,49.5,49.5
85339.22389,53.9,999,49.6,49.6
85349.26737,53.9,999,49.6,49.7
85359.29496,54,999,49.7,49.6
85369.33908,54,999,49.7,49.7
85379.36756,54,999,49.8,49.7
85389.39468,54,999,49.8,49.7
85399.42162,54,999,49.8,49.7
85409.42499,54.1,999,49.8,49.8
85419.47571,54.2,999,49.9,49.8
85429.48946,54.2,999,49.9,49.9
85439.50056,54.2,999,50,49.9
85449.52705,54.2,999,50,49.9
85459.55417,54.3,999,50,49.9
85469.59645,54.3,999,50.1,50
85479.64005,54.4,999,50.1,50
85489.6661,54.4,999,50.1,50
85499.7105,54.4,999,50.2,50
85509.7387,54.5,999,50.2,50.1
85519.76746,54.5,999,50.3,50.2
85529.79489,54.6,999,50.3,50.1
85539.81554,54.6,999,50.4,50.2
85549.84041,54.6,999,50.4,50.2
85559.86175,54.6,999,50.4,50.2
85569.87443,54.7,999,50.5,50.3
85579.88684,54.7,999,50.5,50.4
85589.89957,54.8,999,50.5,50.3
85599.91121,54.8,999,50.6,50.4
85609.95448,54.8,999,50.6,50.4
85619.98347,54.8,999,50.7,50.4
85630.02729,54.9,999,50.7,50.5
85640.05435,54.9,999,50.7,50.5
85650.09768,54.9,999,50.8,50.5
85660.10195,55,999,50.8,50.6
85670.10996,55.2,999,50.9,50.6
85680.13875,55.3,999,50.8,50.6
85690.18098,55.3,999,50.9,50.7
85700.22299,55.1,999,51,50.7
85710.24973,55.3,999,51.1,50.8
85720.27733,55.1,999,51,50.7
85730.28806,55.2,999,51.1,50.8
85740.30147,55.4,999,51.1,50.8
85750.32724,55.5,999,51.1,50.8
85760.34019,55.5,999,51.2,50.9
85770.34923,55.5,999,51.2,51
85780.39156,55.6,999,51.3,50.9
85790.40755,55.6,999,51.3,51
85800.44905,55.7,999,51.3,51.1
85810.47637,55.7,999,51.4,51.1
85820.52071,55.7,999,51.5,51.1
85830.54649,55.7,999,51.5,51.1
85840.57436,55.8,999,51.4,51.2
85850.58472,55.8,999,51.6,51.2
85860.59561,55.9,999,51.6,51.2
85870.63857,55.9,999,51.6,51.3
85880.66494,55.9,999,51.6,51.4
85890.70706,56,999,51.7,51.4
85900.72901,56,999,51.8,51.4
85910.74832,56,999,51.8,51.4
85920.7752,56.1,999,51.9,51.5
85930.80369,56.1,999,51.9,51.5
85940.83339,56.1,999,51.9,51.6
85950.85988,56.2,999,52,51.5
85960.88853,56.2,999,52,51.5
85970.93481,56.2,999,52,51.6
85980.96329,56.3,999,52.1,51.7
85990.99134,56.4,999,52.1,51.7
86001.01936,56.4,999,52.2,51.7
86011.04773,56.4,999,52.2,51.7
86021.07528,56.5,999,52.4,51.8
86031.1091,56.5,999,52.4,51.8
86041.13117,56.5,999,52.5,51.9
86051.14159,56.6,999,52.5,52.1
86061.15301,56.6,999,52.6,52
86071.16322,56.7,999,52.7,52.1
86081.205,56.7,999,52.7,52.1
86091.23236,56.7,999,52.7,52.2
86101.24439,56.8,999,52.7,52.2
86111.2504,56.8,999,52.8,52.3
86121.2815,56.8,999,52.8,52.3
86131.28862,56.9,999,52.9,52.4
86141.32965,56.9,999,52.9,52.4
86151.35739,56.9,999,53,52.4
86161.37262,56.9,999,53,52.5
86171.41479,57,999,53,52.5
86181.42123,57.1,999,53,52.5
86191.43765,57.1,999,53.1,52.5
86201.46447,57.1,999,53.2,52.6
86211.49776,57.1,999,53.2,52.6
86221.52336,57.2,999,53.2,52.6
86231.54923,57.2,999,53.3,52.7
86241.57369,57.3,999,53.4,52.8
86251.61777,57.3,999,53.4,52.8
86261.65253,57.4,999,53.4,52.9
86271.67344,57.4,999,53.5,52.9
86281.72175,57.4,999,53.6,52.9
86291.7476,57.5,999,53.6,52.9
86301.78796,57.5,999,53.6,53
86311.80387,57.6,999,53.7,53.1
86321.83214,57.6,999,53.7,53.1
86331.87496,57.6,999,53.7,53.1
86341.8895,57.6,999,53.7,53.1
86351.92947,57.8,999,53.9,53.1
86361.9558,57.8,999,53.9,53.3
86371.9626,57.8,999,53.9,53.2
86381.99728,57.8,999,53.9,53.3
86392.03124,57.9,999,54,53.3
86402.05371,57.9,999,54.1,53.3
86412.07196,57.9,999,54.1,53.4
86422.10463,58,999,54.1,53.5
86432.1402,58.1,999,54.2,53.5
86442.15174,58.1,999,54.2,53.5
86452.17143,58.1,999,54.3,53.5
86462.19072,58.2,999,54.3,53.6
86472.20139,58.3,999,54.3,53.6
86482.23132,58.3,999,54.4,53.7
86492.24359,58.3,999,54.4,53.7
86502.2794,58.4,999,54.5,53.8
86512.30711,58.4,999,54.5,53.8
86522.33614,58.4,999,54.6,53.8
86532.36438,58.4,999,54.6,53.8
86542.37549,58.4,999,54.7,53.9
86552.38729,58.5,999,54.7,53.9
86562.39851,58.6,999,54.7,54
86572.42684,58.6,999,54.8,54
86582.45156,58.6,999,54.8,54.1
86592.49419,58.7,999,54.9,54.1
86602.52249,58.8,999,55,54.1
86612.55637,58.8,999,55,54.1
86622.58099,58.9,999,55,54.2
86632.60473,58.9,999,55.1,54.2
86642.63464,58.9,999,55.1,54.2
86652.67915,58.9,999,55.1,54.3
86662.70797,59.1,999,55.2,54.3
86672.73668,59.1,999,55.2,54.4
86682.76467,59,999,55.3,54.4
86692.79345,59.3,999,55.3,54.5
86702.82192,59.3,999,55.3,54.5
86712.84952,59.3,999,55.4,54.5
86722.87699,59.4,999,55.4,54.6
86732.88628,59.5,999,55.5,54.6
86742.92055,59.5,999,55.5,54.6
86752.92544,59.5,999,55.6,54.7
86762.95468,59.6,999,55.6,54.7
86772.98286,59.6,999,55.7,54.8
86783.01147,59.6,999,55.7,54.8
86793.03923,59.6,999,55.7,54.8
86803.0673,59.7,999,55.8,54.9
86813.09634,59.8,999,55.8,54.9
86823.1255,59.8,999,55.9,55
86833.15444,59.8,999,55.9,55
86843.19697,59.9,999,56,55.1
86853.22478,59.9,999,56,55.1
86863.26598,60,999,56,55.2
86873.28596,60,999,56.1,55.2
86883.3274,60.1,999,56.3,55.2
86893.34996,60.1,999,56.4,55.3
86903.37909,60.1,999,56.4,55.3
86913.39028,60.2,999,56.5,55.4
86923.40272,60.2,999,56.5,55.4
86933.41477,60.3,999,56.5,55.4
86943.42368,60.3,999,56.6,55.5
86953.45394,60.4,999,56.6,55.6
86963.4664,60.3,999,56.7,55.6
86973.52217,60.5,999,56.7,55.6
86983.54902,60.5,999,56.8,55.7
86993.58244,60.5,999,56.8,55.7
87003.59858,60.6,999,56.8,55.8
87013.63303,60.6,999,57,55.9
87023.66029,60.7,999,57,56
87033.67391,60.7,999,57,56
87043.71902,60.8,999,57.1,56.1
87053.72292,60.8,999,57.2,56.1
87063.76482,60.8,999,57.2,56.2
87073.79282,61,999,57.2,56.2
87083.81919,61,999,57.3,56.3
87093.86655,61,999,57.3,56.4
87103.89571,61.1,999,57.3,56.4
87113.92487,61.1,999,57.4,56.4
87123.93667,61.1,999,57.5,56.4
87133.94246,61.2,999,57.5,56.5
87143.95527,61.2,999,57.6,56.5
87153.96381,61.3,999,57.6,56.5
87163.99153,61.3,999,57.7,56.6
87174.01951,61.3,999,57.7,56.6
87184.0626,61.4,999,57.7,56.7
87194.09028,61.5,999,57.8,56.7
87204.11814,61.5,999,57.8,56.8
87214.14404,61.5,999,57.9,56.7
87224.17484,61.5,999,57.9,56.8
87234.20636,61.6,999,58,56.9
87244.24697,61.7,999,58,56.9
87254.27384,61.7,999,58.1,56.9
87264.28514,61.7,999,58.1,57
87274.29727,61.8,999,58.1,57
87284.32246,61.8,999,58.2,57.1
87294.35069,61.8,999,58.2,57
87304.3873,61.9,999,58.3,57.2
87314.41566,62,999,58.3,57.2
87324.4433,62,999,58.4,57.3
87334.45497,62.1,999,58.4,57.3
87344.48724,62.1,999,58.4,57.4
87354.50356,62.2,999,58.5,57.4
87364.52205,62.2,999,58.5,57.4
87374.53546,62.2,999,58.5,57.4
87384.56252,62.3,999,58.6,57.5
87394.58662,62.3,999,58.7,57.5
87404.61106,62.3,999,58.7,57.6
87414.63892,62.3,999,58.8,57.6
87424.64921,62.4,999,58.8,57.6
87434.6615,62.5,999,58.9,57.7
87444.6878,62.5,999,58.9,57.7
87454.71768,62.6,999,58.9,57.8
87464.75544,62.6,999,59,57.8
87474.78449,62.7,999,59,57.8
87484.81003,62.7,999,59.1,57.9
87494.83527,62.7,999,59.1,57.9
87504.84366,62.8,999,59.2,58
87514.86056,62.8,999,59.2,58
87524.88441,62.9,999,59.3,58.1
87534.92567,63,999,59.3,58.1
87544.94272,63.2,999,59.3,58.1
87554.96563,63,999,59.4,58.2
87564.98141,63.3,999,59.4,58.2
87575.01581,63.2,999,59.5,58.3
87585.04824,63.3,999,59.6,58.3
87595.07272,63.4,999,59.6,58.4
87605.10576,63.4,999,59.7,58.3
87615.12995,63.4,999,59.7,58.5
87625.15469,63.5,999,59.7,58.5
87635.17125,63.5,999,59.8,58.5
87645.18163,63.6,999,59.9,58.5
87655.23549,63.6,999,59.9,58.7
87665.25119,63.7,999,59.9,58.7
87675.29366,63.7,999,60,58.7
87685.31913,63.7,999,60,58.7
87695.3289,63.8,999,60.3,58.8
87705.3488,63.9,999,60.3,58.9
87715.37082,63.9,999,60.4,58.9
87725.37565,64,999,60.4,59
87735.42355,64,999,60.4,59
87745.45139,64,999,60.5,59.1
87755.47939,64.1,999,60.6,59.1
87765.52138,64.1,999,60.6,59.2
87775.54771,64.2,999,60.6,59.3
87785.55805,64.2,999,60.7,59.2
87795.58493,64.2,999,60.7,59.3
87805.59044,64.4,999,60.8,59.3
87815.62517,64.4,999,60.8,59.4
87825.64402,64.4,999,60.9,59.4
87835.67377,64.4,999,61,59.5
87845.70135,64.6,999,61,59.5
87855.72663,64.6,999,61,59.5
87865.73855,64.6,999,61.1,59.7
87875.74756,64.6,999,61.1,59.6
87885.75895,64.7,999,61.2,59.9
87895.78538,64.7,999,61.2,59.8
87905.82907,64.7,999,61.3,59.9
87915.87075,64.9,999,61.3,60
87925.88932,64.9,999,61.4,60
87935.93068,64.9,999,61.5,60
87945.95335,64.9,999,61.4,60.1
87956.00357,65,999,61.5,60.1
87966.04329,65,999,61.6,60.1
87976.09275,65.1,999,61.6,60.1
87986.15042,65.1,999,61.6,60.2
87996.17788,65.2,999,61.7,60.2
88006.20322,65.2,999,61.7,60.3
88016.24773,65.2,999,61.8,60.3
88026.27908,65.2,999,61.8,60.3
88036.30664,65.3,999,61.9,60.4
88046.33306,65.4,999,61.9,60.4
88056.34558,65.4,999,61.9,60.5
88066.3654,65.4,999,62,60.5
88076.38067,65.5,999,62,60.5
88086.40833,65.6,999,62,60.6
88096.435,65.6,999,62.1,60.6
88106.46042,65.6,999,62.1,60.6
88116.47011,65.6,999,62.1,60.6
88126.47884,65.7,999,62.2,60.7
88136.52023,65.8,999,62.2,60.8
88146.54682,65.8,999,62.3,60.7
88156.57308,65.7,999,62.3,60.8
88166.58258,65.8,999,62.3,60.8
88176.6082,65.8,999,62.3,60.9
88186.64849,65.8,999,62.4,60.9
88196.69838,65.9,999,62.4,60.9
88206.73568,65.9,999,62.4,60.9
88216.76241,65.9,999,62.5,61
88226.79895,66,999,62.5,61
88236.82633,66,999,62.6,61
88246.86749,66,999,62.6,61
88256.89121,66.1,999,62.6,61
88266.90281,66.1,999,62.6,61.1
88276.91606,66.1,999,62.6,61.1
88286.94317,66.1,999,62.7,61.1
88296.97008,66.1,999,62.7,61.2
88306.99863,66.2,999,62.7,61.1
88317.0268,66.2,999,62.8,61.2
88327.06761,66.3,999,62.8,61.2
88337.09373,66.3,999,62.8,61.3
88347.11784,66.4,999,62.9,61.3
88357.14569,66.3,999,62.9,61.3
88367.15673,66.3,999,62.9,61.3
88377.16714,66.3,999,62.9,61.4
88387.19356,66.4,999,62.9,61.4
88397.21891,66.4,999,62.9,61.4
88407.26129,66.4,999,63,61.4
88417.28868,66.5,999,63,61.4
88427.30064,66.4,999,63,61.4
88437.33523,66.5,999,63,61.4
88447.35527,66.6,999,63.1,61.4
88457.37591,66.5,999,63.1,61.4
88467.40817,66.5,999,63.1,61.5
88477.43642,66.8,999,63.1,61.5
88487.46169,66.8,999,63.1,61.6
88497.4874,66.7,999,63.1,61.6
88507.49209,66.7,999,63.1,61.6
88517.53332,66.8,999,63.2,61.6
88527.56596,66.7,999,63.2,61.6
88537.58335,66.7,999,63.2,61.6
88547.61879,66.7,999,63.2,61.7
88557.66237,66.9,999,63.3,61.7
88567.67351,66.8,999,63.3,61.7
88577.67855,66.8,999,63.3,61.7
88587.70545,66.8,999,63.3,61.8
88597.73576,66.9,999,63.3,61.8
88607.76405,66.8,999,63.4,61.8
88617.81023,66.8,999,63.4,61.8
88627.8383,67,999,63.4,61.8
88637.86367,67.1,999,63.4,61.8
88647.88965,67.1,999,63.4,61.8
88657.89428,67.1,999,63.4,61.9
88667.93198,67.1,999,63.4,61.9
88677.94556,67.1,999,63.5,62
88687.97448,67.1,999,63.5,61.9
88698.00101,67.2,999,63.5,61.9
88708.0273,67.2,999,63.5,62
88718.05496,67.2,999,63.5,62
88728.0661,67.2,999,63.6,62
88738.07445,67.2,999,63.6,62
88748.08669,67.2,999,63.6,62.1
88758.11484,67.3,999,63.6,62.1
88768.15456,67.3,999,63.6,62.1
88778.18084,67.3,999,63.7,62.1
88788.19784,67.4,999,63.8,62.1
88798.21799,67.3,999,63.7,62.1
88808.24521,67.4,999,63.7,62.1
88818.25625,67.4,999,63.7,62.1
88828.28182,67.4,999,63.7,62.2
88838.31304,67.4,999,63.9,62.2
88848.37572,67.4,999,63.7,62.2
88858.38826,67.4,999,63.7,62.2
88868.41472,67.5,999,63.8,62.2
88878.44016,67.5,999,64,62.2
88888.46422,67.5,999,63.8,62.3
88898.489,67.5,999,64,62.3
88908.50987,67.5,999,64,62.3
88918.53466,67.5,999,63.9,62.3
88928.56617,67.6,999,63.9,62.3
88938.56989,67.6,999,63.9,62.4
88948.582,67.6,999,64,62.4
88958.61001,67.6,999,64,62.4
88968.63778,67.6,999,63.9,62.4
88978.67622,67.6,999,64.1,62.4
88988.70217,67.6,999,64.1,62.4
88998.71345,67.7,999,64.1,62.4
89008.72595,67.6,999,64.1,62.4
89018.74631,67.6,999,64.1,62.4
89028.76603,67.7,999,64.2,62.5
89038.77844,67.7,999,64.2,62.5
89048.78994,67.8,999,64.2,62.5
89058.81622,67.7,999,64.2,62.5
89068.84368,67.7,999,64.2,62.5
89078.86974,67.8,999,64.2,62.5
89088.87385,67.8,999,64.3,62.5
89098.90009,67.8,999,64.3,62.6
89108.93461,67.8,999,64.3,62.6
89118.95289,67.8,999,64.3,62.6
89128.98197,67.9,999,64.4,62.6
89139.00564,67.9,999,64.3,62.7
89149.01478,67.9,999,64.3,62.7
89159.02679,67.9,999,64.4,62.7
89169.053,67.9,999,64.3,62.7
89179.09311,67.9,999,64.4,62.7
89189.11898,67.9,999,64.4,62.7
89199.14268,67.9,999,64.4,62.7
89209.1538,68,999,64.4,62.7
89219.18182,68,999,64.5,62.7
89229.20764,68,999,64.5,62.8
89239.25008,68,999,64.5,62.7
89249.2781,68,999,64.5,62.8
89259.30056,68,999,64.5,62.8
89269.31017,68,999,64.5,62.8
89279.32118,68,999,64.5,62.9
89289.34802,68.1,999,64.5,62.8
89299.40581,68.1,999,64.5,62.9
89309.42997,68.1,999,64.5,62.9
89319.43943,68.1,999,64.5,62.9
89329.44833,68.1,999,64.6,62.9
89339.51632,68.1,999,64.5,62.9
89349.54401,68.1,999,64.6,62.9
89359.56282,68.2,999,64.6,62.9
89369.59213,68.1,999,64.5,62.9
89379.61652,68.2,999,64.6,63
89389.63992,68.2,999,64.7,62.9
89399.64981,68.2,999,64.7,63
89409.67785,68.2,999,64.7,63
89419.70553,68.2,999,64.7,63.1
89429.75793,68.3,999,64.7,63
89439.80802,68.2,999,64.7,63
89449.82065,68.3,999,64.7,63
89459.84677,68.3,999,64.7,63
89469.85062,68.3,999,64.7,63.1
89479.89158,68.3,999,64.7,63.1
89489.92629,68.3,999,64.7,63.1
89499.94549,68.3,999,64.7,63.1
89509.97259,68.3,999,64.8,63.1
89519.97925,68.4,999,64.7,63.1
89530.01561,68.4,999,64.8,63.1
89540.04111,68.3,999,64.8,63.2
89550.0497,68.4,999,64.8,63.1
89560.09299,68.3,999,64.8,63.2
89570.13305,68.4,999,64.8,63.2
89580.15144,68.4,999,64.8,63.2
89590.17807,68.4,999,64.8,63.2
89600.21911,68.5,999,64.9,63.2
89610.2408,68.4,999,64.8,63.2
89620.27895,68.5,999,64.8,63.2
89630.30734,68.4,999,64.8,63.2
89640.30832,68.5,999,64.9,63.4
89650.33644,68.4,999,64.9,63.4
89660.3777,68.5,999,64.9,63.3
89670.38321,68.5,999,64.9,63.3
89680.41606,68.5,999,65,63.3
89690.44221,68.5,999,64.9,63.5
89700.45233,68.5,999,65,63.4
89710.46285,68.5,999,65,63.3
89720.48654,68.5,999,65,63.4
89730.51534,68.5,999,65,63.6
89740.53014,68.6,999,65,63.6
89750.58075,68.6,999,65,63.6
89760.59936,68.6,999,65,63.6
89770.61509,68.6,999,65,63.4
89780.6537,68.6,999,65,63.6
89790.68417,68.6,999,65.1,63.4
89800.71149,68.6,999,65.1,63.6
89810.71434,68.6,999,65.1,63.6
89820.75783,68.6,999,65,63.6
89830.77997,68.6,999,65.1,63.7
89840.79959,68.7,999,65.1,63.6
89850.82788,68.6,999,65.1,63.7
89860.85026,68.7,999,65.1,63.6
89870.8763,68.7,999,65.1,63.7
89880.90024,68.6,999,65.1,63.7
89890.94813,68.7,999,65.2,63.7
89900.97174,68.6,999,65.1,63.7
89910.9976,68.7,999,65.2,63.7
89921.02602,68.7,999,65.1,63.7
89931.03362,68.7,999,65.1,63.6
89941.06809,68.8,999,65.2,63.6
89951.09402,68.7,999,65.2,63.8
89961.11342,68.8,999,65.2,63.8
89971.14093,68.8,999,65.2,63.8
89981.15626,68.8,999,65.2,63.8
89991.18304,68.8,999,65.2,63.8
90001.21425,68.8,999,65.2,63.9
90011.25483,68.8,999,65.3,63.9
90021.282,68.8,999,65.3,63.9
90031.3074,68.8,999,65.2,63.9
90041.317,68.8,999,65.2,63.9
90051.3267,68.8,999,65.3,63.9
90061.38342,68.8,999,65.3,63.9
90071.40886,68.9,999,65.3,63.9
90081.42634,68.9,999,65.3,63.9
90091.45349,68.9,999,65.3,63.9
90101.49084,68.9,999,65.3,63.9
90111.51625,69,999,65.3,63.9
90121.52826,68.9,999,65.3,64
90131.57758,68.9,999,65.4,64
90141.58225,69,999,65.4,63.9
90151.63178,69,999,65.4,63.9
90161.65053,69,999,65.4,64
90171.68203,69,999,65.4,64
90181.68564,69,999,65.4,64.1
90191.71997,69,999,65.4,64
90201.73945,69,999,65.4,64
90211.79054,69,999,65.4,64
90221.80519,69,999,65.5,64.1
90231.83604,69,999,65.5,64
90241.86244,69,999,65.5,64
90251.89639,69,999,65.5,64.1
90261.9391,69,999,65.5,64.1
90271.97114,69.1,999,65.5,64.1
90281.99699,69.1,999,65.5,64.1
90292.00011,69.1,999,65.5,64.1
90302.03467,69.1,999,65.5,64.1
90312.0656,69.1,999,65.5,64.1
90322.07749,69.1,999,65.5,64.2
90332.10342,69.1,999,65.5,64.1
90342.11526,69.1,999,65.5,64.2
90352.1462,69.2,999,65.5,64.2
90362.16719,69.1,999,65.6,64.2
90372.1708,69.2,999,65.6,64.2
90382.1892,69.2,999,65.6,64.2
90392.20798,69.2,999,65.6,64.2
90402.2377,69.2,999,65.6,64.2
90412.25467,69.2,999,65.6,64.2
90422.2738,69.2,999,65.6,64.3
90432.29386,69.2,999,65.6,64.2
90442.33159,69.2,999,65.6,64.3
90452.3604,69.3,999,65.7,64.3
90462.38867,69.2,999,65.6,64.3
90472.4108,69.3,999,65.6,64.3
90482.44672,69.3,999,65.6,64.3
90492.47575,69.3,999,65.7,64.3
90502.50028,69.3,999,65.7,64.3
90512.52473,69.3,999,65.7,64.3
90522.53235,69.3,999,65.7,64.3
90532.58898,69.3,999,65.7,64.4
90542.61191,69.3,999,65.7,64.3
90552.6589,69.3,999,65.7,64.4
90562.66231,69.3,999,65.7,64.4
90572.72146,69.3,999,65.8,64.3
90582.72635,69.3,999,65.7,64.4
90592.74315,69.3,999,65.8,64.4
90602.76852,69.3,999,65.8,64.4
90612.77736,69.3,999,65.8,64.4
90622.80326,69.3,999,65.8,64.4
90632.85975,69.3,999,65.8,64.4
90642.88563,69.4,999,65.8,64.5
90652.91245,69.4,999,65.8,64.5
90662.92306,69.3,999,65.8,64.5
90672.9401,69.4,999,65.8,64.5
90682.95946,69.4,999,65.8,64.5
90692.99527,69.4,999,65.8,64.5
90703.00636,69.4,999,65.8,64.5
90713.03138,69.5,999,65.8,64.5
90723.07084,69.5,999,65.8,64.5
90733.09791,69.5,999,65.8,64.5
90743.14097,69.5,999,65.9,64.5
90753.16191,69.5,999,65.8,64.5
90763.2338,69.5,999,65.9,64.5
90773.25861,69.5,999,65.9,64.5
90783.26808,69.5,999,65.9,64.6
90793.28032,69.5,999,65.9,64.6
90803.30557,69.5,999,65.9,64.6
90813.3388,69.5,999,65.9,64.6
90823.35615,69.5,999,65.9,64.6
90833.37207,69.6,999,65.9,64.6
90843.39975,69.5,999,66,64.6
90853.42384,69.6,999,66,64.6
90863.4339,69.6,999,65.9,64.7
90873.44612,69.7,999,65.9,64.7
90883.48807,69.7,999,66,64.7
90893.53742,69.6,999,66,64.7
90903.5576,69.6,999,66,64.6
90913.58212,69.6,999,66,64.7
90923.61465,69.6,999,66,64.7
90933.62834,69.6,999,66,64.7
90943.64289,69.6,999,66,64.7
90953.67984,69.7,999,66,64.7
90963.68822,69.7,999,66,64.7
90973.70349,69.7,999,66,64.7
90983.71397,69.7,999,66,64.7
90993.73564,69.7,999,66,64.7
91003.76059,69.7,999,66,64.8
91013.76974,69.7,999,66.1,64.7
91023.79779,69.7,999,66,64.8
91033.8197,69.7,999,66.1,64.8
91043.84394,69.7,999,66.1,64.8
91053.85296,69.7,999,66.1,64.9
91063.8641,69.7,999,66.1,64.8
91073.87213,69.8,999,66.1,64.8
91083.89544,69.7,999,66.1,64.8
91093.89866,69.7,999,66.1,64.8
91103.93271,69.8,999,66.1,64.8
91113.9691,69.8,999,66.1,64.8
91123.9929,69.8,999,66.1,64.8
91133.99617,69.8,999,66.1,64.9
91144.03906,69.7,999,66.1,64.9
91154.06842,69.8,999,66.1,64.9
91164.07182,69.8,999,66.1,64.9
91174.08028,69.8,999,66.1,64.9
91184.10728,69.8,999,66.2,64.9
91194.1637,69.8,999,66.1,64.9
91204.19037,69.8,999,66.1,64.9
91214.19966,69.8,999,66.1,64.9
91224.20985,69.8,999,66.2,64.9
91234.24966,69.8,999,66.2,64.9
91244.27284,69.8,999,66.2,64.9
91254.32316,69.8,999,66.2,64.9
91264.36798,69.8,999,66.2,65
91274.42892,69.9,999,66.2,64.9
91284.44426,69.8,999,66.3,65
91294.48171,69.9,999,66.2,65
91304.48979,69.9,999,66.3,65
91314.50459,69.9,999,66.3,65
91324.5372,69.9,999,66.3,65
91334.54469,69.9,999,66.3,65
91344.55491,69.9,999,66.3,65
91354.61004,69.9,999,66.3,65
91364.63555,70,999,66.3,65
91374.64496,70,999,66.3,65.1
91384.65608,70,999,66.3,65
91394.67363,70,999,66.3,65
91404.70635,70,999,66.3,65
91414.73069,70,999,66.3,65.1
91424.74331,70,999,66.3,65
91434.77595,70,999,66.3,65.1
91444.79944,70,999,66.3,65.1
91454.80764,70,999,66.3,65.2
91464.84421,70,999,66.4,65.2
91474.86487,70,999,66.3,65.1
91484.90587,70,999,66.4,65.2
91494.93626,70,999,66.4,65.2
91504.99222,70,999,66.4,65.2
91515.02841,70.1,999,66.4,65.2
91525.03876,70.1,999,66.4,65.2
91535.06429,70.1,999,66.4,65.2
91545.10582,70.1,999,66.4,65.2
91555.1306,70.1,999,66.4,65.2
91565.15506,70.1,999,66.4,65.2
91575.16448,70.1,999,66.4,65.2
91585.20671,70.1,999,66.4,65.2
91595.2319,70.1,999,66.4,65.3
91605.23832,70.2,999,66.4,65.3
91615.28054,70.2,999,66.4,65.3
91625.31543,70.2,999,66.5,65.3
91635.34346,70.2,999,66.4,65.3
91645.35571,70.2,999,66.4,65.3
91655.36568,70.2,999,66.5,65.3
91665.4105,70.2,999,66.5,65.3
91675.43231,70.2,999,66.5,65.4
91685.44998,70.2,999,66.5,65.3
91695.49775,70.2,999,66.5,65.4
91705.50828,70.2,999,66.5,65.4
91715.54812,70.2,999,66.5,65.3
91725.58635,70.2,999,66.5,65.4
91735.59305,70.2,999,66.5,65.4
91745.62738,70.2,999,66.5,65.4
91755.64651,70.2,999,66.5,65.4
91765.67624,70.2,999,66.5,65.4
91775.69957,70.2,999,66.6,65.4
91785.7079,70.3,999,66.6,65.4
91795.71792,70.3,999,66.6,65.4
91805.75768,70.3,999,66.6,65.4
91815.78168,70.3,999,66.6,65.4
91825.79232,70.3,999,66.6,65.4
91835.80317,70.3,999,66.6,65.4
91845.8399,70.3,999,66.6,65.4
91855.86009,70.3,999,66.6,65.5
91865.89233,70.3,999,66.7,65.5
91875.89963,70.3,999,66.6,65.5
91885.94027,70.3,999,66.6,65.4
91895.96581,70.3,999,66.6,65.4
91905.97284,70.3,999,66.7,65.5
91915.98221,70.3,999,66.7,65.5
91926.02248,70.3,999,66.6,65.5
91936.04842,70.4,999,66.7,65.5
91946.05723,70.4,999,66.7,65.5
91956.09865,70.4,999,66.7,65.5
91966.13666,70.3,999,66.7,65.5
91976.15162,70.4,999,66.7,65.5
91986.18503,70.3,999,66.7,65.5
91996.21075,70.4,999,66.7,65.5
92006.25389,70.4,999,66.8,65.5
92016.28964,70.4,999,66.8,65.5
92026.2989,70.5,999,66.8,65.5
92036.35368,70.4,999,66.8,65.5
92046.38234,70.4,999,66.8,65.5
92056.41311,70.4,999,66.8,65.5
92066.41581,70.4,999,66.8,65.5
92076.44059,70.4,999,66.8,65.5
92086.48223,70.4,999,66.8,65.5
92096.51154,70.5,999,66.8,65.5
92106.51474,70.4,999,66.8,65.6
92116.5238,70.4,999,66.8,65.5
92126.56374,70.4,999,66.8,65.6
92136.59041,70.4,999,66.8,65.6
92146.59864,70.5,999,66.8,65.6
92156.60665,70.7,999,66.8,65.5
92166.64722,70.5,999,66.8,65.6
92176.65486,70.6,999,66.8,65.6
92186.68194,70.5,999,66.8,65.7
92196.71247,70.5,999,66.8,65.6
92206.73164,70.5,999,66.8,65.7
92216.77692,70.7,999,66.9,65.7
92226.79451,70.6,999,66.8,65.7
92236.82086,70.7,999,66.9,65.7
92246.86037,70.7,999,66.9,65.7
92256.90742,70.7,999,66.9,65.7
92266.93139,70.7,999,66.8,65.7
92276.93832,70.5,999,66.8,65.7
92286.97183,70.5,999,66.9,65.7
92296.98007,70.6,999,66.9,65.7
92307.01837,70.5,999,66.9,65.7
92317.02504,70.5,999,66.9,65.7
92327.0476,70.7,999,66.9,65.7
92337.10527,70.8,999,66.9,65.8
92347.12308,70.8,999,66.9,65.7
92357.1485,70.6,999,66.9,65.7
92367.17093,70.8,999,66.9,65.8
92377.20282,70.6,999,66.9,65.8
92387.22791,70.8,999,66.9,65.8
92397.27063,70.8,999,66.9,65.7
92407.2777,70.8,999,66.9,65.8
92417.29505,70.8,999,66.9,65.7
92427.32532,70.8,999,66.9,65.7
92437.3332,70.8,999,66.9,65.8
92447.37295,70.7,999,66.9,65.8
92457.40109,70.7,999,66.9,65.8
92467.40726,70.7,999,67,65.8
92477.41532,70.7,999,67,65.8
92487.45529,70.9,999,67,65.8
92497.4793,70.7,999,66.9,65.8
92507.48967,70.9,999,66.9,65.8
92517.52465,70.9,999,67,65.8
92527.54806,70.9,999,66.9,65.8
92537.5714,70.7,999,66.9,65.9
92547.61072,70.9,999,67,65.8
92557.6361,70.9,999,67.1,65.8
92567.65412,70.9,999,67.1,65.9
92577.68176,70.8,999,67.1,65.9
92587.70867,70.9,999,67.1,65.9
92597.73083,70.9,999,67.1,65.8
92607.75119,70.7,999,67.1,65.8
92617.77745,70.9,999,67.1,65.9
92627.80393,70.9,999,67.1,65.8
92637.81076,70.9,999,67.1,65.9
92647.84947,70.9,999,67.1,65.9
92657.85648,70.9,999,67.1,65.9
92667.88125,70.9,999,67.1,66
92677.9481,70.9,999,67.1,66
92687.98464,71,999,67.1,66
92697.98845,70.9,999,67.1,66
92707.99905,70.9,999,67.1,66
92718.00858,70.9,999,67.1,65.9
92728.04773,71,999,67.1,66
92738.07275,70.9,999,67.1,66
92748.08205,71,999,67.1,66
92758.09018,71,999,67.1,66
92768.11449,71,999,67.1,66
92778.13668,71,999,67.1,66
92788.1476,71,999,67.1,66
92798.18655,71,999,67.1,66
92808.21036,71,999,67.1,66
92818.21913,71,999,67.1,66
92828.22674,71,999,67.1,66
92838.26494,71,999,67.2,66
92848.27362,71,999,67.1,66
92858.30881,71,999,67.2,66
92868.33651,71,999,67.2,66
92878.3604,71,999,67.2,66
92888.36943,71,999,67.2,66
92898.40892,71.1,999,67.2,66
92908.43989,71,999,67.2,66.1
92918.4712,71.1,999,67.2,66.1
92928.51216,71.1,999,67.2,66.1
92938.51875,71.1,999,67.2,66.1
92948.52528,71.1,999,67.2,66.1
92958.56534,71.1,999,67.2,66.1
92968.58905,71.1,999,67.2,66.1
92978.59917,71.1,999,67.2,66.1
92988.60798,71.1,999,67.2,66.1
92998.64706,71.1,999,67.3,66.2
93008.68669,71.1,999,67.3,66.2
93018.70773,71.1,999,67.3,66.2
93028.73617,71.1,999,67.2,66.1
93038.76187,71.1,999,67.3,66.2
93048.78825,71.2,999,67.2,66.2
93058.79644,71.2,999,67.2,66.2
93068.80542,71.2,999,67.2,66.2
93078.84549,71.2,999,67.2,66.2
93088.85324,71.2,999,67.3,66.2
93098.87282,71.2,999,67.3,66.2
93108.8971,71.2,999,67.3,66.2
93118.95949,71.2,999,67.3,66.2
93128.98472,71.2,999,67.4,66.2
93139.00331,71.2,999,67.4,66.2
93149.01743,71.2,999,67.3,66.2
93159.05889,71.2,999,67.4,66.2
93169.08834,71.2,999,67.3,66.2
93179.09265,71.2,999,67.4,66.2
93189.10222,71.2,999,67.4,66.2
93199.12587,71.2,999,67.4,66.2
93209.15132,71.2,999,67.3,66.3
93219.19085,71.3,999,67.4,66.3
93229.23226,71.2,999,67.4,66.3
93239.27242,71.3,999,67.4,66.3
93249.31382,71.3,999,67.4,66.2
93259.33224,71.2,999,67.4,66.3
93269.36089,71.3,999,67.4,66.3
93279.38524,71.3,999,67.4,66.3
93289.42334,71.2,999,67.4,66.3
93299.44665,71.3,999,67.4,66.3
93309.46946,71.3,999,67.4,66.3
93319.47742,71.3,999,67.4,66.3
93329.51388,71.3,999,67.4,66.3
93339.52102,71.3,999,67.4,66.3
93349.52961,71.3,999,67.4,66.3
93359.56006,71.3,999,67.4,66.3
93369.59559,71.3,999,67.4,66.3
93379.61257,71.3,999,67.4,66.3
93389.63555,71.3,999,67.4,66.3
93399.65251,71.4,999,67.4,66.3
93409.67022,71.3,999,67.4,66.3
93419.71651,71.3,999,67.4,66.3
93429.74135,71.3,999,67.4,66.3
93439.7957,71.3,999,67.4,66.4
93449.81388,71.4,999,67.4,66.3
93459.85798,71.4,999,67.4,66.3
93469.88183,71.3,999,67.4,66.3
93479.88854,71.4,999,67.4,66.3
93489.90427,71.4,999,67.4,66.4
93499.92575,71.4,999,67.5,66.4
93509.94236,71.4,999,67.4,66.4
93519.98133,71.4,999,67.5,66.4
93529.98682,71.4,999,67.5,66.4
93539.99392,71.4,999,67.5,66.4
93550.03223,71.4,999,67.5,66.4
93560.03871,71.4,999,67.5,66.5
93570.0776,71.4,999,67.5,66.4
93580.10224,71.4,999,67.5,66.4
93590.10908,71.4,999,67.5,66.4
93600.13807,71.4,999,67.5,66.5
93610.16155,71.4,999,67.5,66.5
93620.18024,71.4,999,67.5,66.4
93630.20443,71.4,999,67.5,66.5
93640.24314,71.4,999,67.6,66.5
93650.26538,71.5,999,67.6,66.4
93660.2906,71.4,999,67.7,66.5
93670.34501,71.5,999,67.5,66.5
93680.37516,71.5,999,67.6,66.5
93690.38569,71.5,999,67.5,66.5
93700.41397,71.5,999,67.7,66.5
93710.43258,71.4,999,67.6,66.5
93720.43671,71.5,999,67.7,66.5
93730.45319,71.4,999,67.6,66.5
93740.46375,71.5,999,67.6,66.5
93750.46947,71.5,999,67.6,66.5
93760.50926,71.5,999,67.5,66.5
93770.51647,71.5,999,67.6,66.5
93780.53563,71.5,999,67.5,66.5
93790.5639,71.5,999,67.7,66.5
93800.56769,71.5,999,67.6,66.5
93810.59507,71.5,999,67.6,66.5
93820.63622,71.5,999,67.6,66.5
93830.66504,71.5,999,67.7,66.6
93840.70009,71.5,999,67.6,66.6
93850.70876,71.5,999,67.6,66.5
93860.73132,71.5,999,67.6,66.6
93870.73406,71.5,999,67.6,66.6
93880.77191,71.5,999,67.6,66.6
93890.79496,71.5,999,67.7,66.6
93900.84698,71.5,999,67.7,66.6
93910.87017,71.5,999,67.8,66.6
93920.88036,71.5,999,67.6,66.6
93930.90479,71.6,999,67.6,66.6
93940.91391,71.5,999,67.7,66.6
93950.91812,71.5,999,67.7,66.6
93960.9573,71.6,999,67.6,66.6
93970.96441,71.6,999,67.7,66.6
93980.9911,71.6,999,67.7,66.6
93991.00141,71.6,999,67.8,66.7
94001.02579,71.6,999,67.9,66.6
94011.04879,71.6,999,67.7,66.7
94021.08523,71.6,999,67.7,66.6
94031.11668,71.6,999,67.9,66.7
94041.13408,71.6,999,67.9,66.7
94051.15301,71.6,999,67.7,66.7
94061.17631,71.6,999,67.7,66.7
94071.29034,71.6,999,67.7,66.7
94081.3074,71.7,999,67.9,66.7
94091.34585,71.7,999,67.9,66.7
94101.37021,71.7,999,67.9,66.7
94111.39336,71.6,999,67.7,66.7
94121.43235,71.7,999,67.9,66.8
94131.47866,71.7,999,67.9,66.7
94141.50301,71.7,999,67.9,66.8
94151.51971,71.7,999,67.9,66.8
94161.54559,71.7,999,67.9,66.8
94171.57655,71.7,999,67.9,66.7
94181.6001,71.7,999,67.9,66.8
94191.6252,71.7,999,67.9,66.8
94201.64716,71.7,999,67.9,66.8
94211.69171,71.7,999,67.9,66.8
94221.73261,71.7,999,68,66.8
94231.74235,71.7,999,68,66.8
94241.76464,71.8,999,68,66.8
94251.80485,71.7,999,67.9,66.8
94261.82859,71.7,999,67.9,66.8
94271.83875,71.7,999,68,66.8
94281.87735,71.8,999,68,66.8
94291.90231,71.7,999,68,66.8
94301.91201,71.7,999,68,66.8
94311.93392,71.7,999,67.8,66.8
94321.97714,71.8,999,68,66.9
94331.99905,71.8,999,68,66.8
94342.00674,71.8,999,68,66.8
94352.03318,71.8,999,68,66.8
94362.07272,71.8,999,68,66.8
94372.08116,71.8,999,68,66.8
94382.08887,71.8,999,68,66.9
94392.14273,71.8,999,68,66.9
94402.16969,71.8,999,68,66.8
94412.17836,71.8,999,68,66.9
94422.19693,71.8,999,68,66.8
94432.22902,71.8,999,68,66.9
94442.25201,71.8,999,68,66.9
94452.2749,71.8,999,68,66.9
94462.31562,71.8,999,68.1,66.9
94472.35614,71.8,999,68.1,66.9
94482.41708,71.9,999,68.1,66.9
94492.42637,71.9,999,68.1,66.9
94502.46338,71.9,999,68.1,66.9
94512.47202,71.9,999,68.1,66.9
94522.49065,71.9,999,68.1,66.9
94532.51558,71.9,999,68.1,67
94542.56293,71.9,999,68.1,66.9
94552.57172,71.9,999,68.1,66.9
94562.61806,71.9,999,68.1,66.9
94572.65459,71.9,999,68.1,66.9
94582.67731,71.9,999,68.1,66.9
94592.68817,71.9,999,68.1,67
94602.69648,71.9,999,68.1,67
94612.73735,71.9,999,68.1,67
94622.74557,71.9,999,68.1,66.9
94632.78492,71.9,999,68.1,67
94642.82646,71.9,999,68.1,67
94652.83285,71.9,999,68.2,67
94662.84191,71.9,999,68.2,67
94672.87299,71.9,999,68.1,67
94682.89085,71.9,999,68.1,67.2
94692.89857,72,999,68.2,67.2
94702.9559,71.9,999,68.1,67
94712.98138,72,999,68.2,67
94722.99073,72,999,68.2,67.2
94732.99969,72,999,68.2,67.2
94743.04062,72,999,68.2,67.2
94753.06554,72,999,68.2,67
94763.07251,71.9,999,68.2,67.2
94773.11226,72,999,68.2,67.2
94783.14122,72,999,68.2,67
94793.15746,72,999,68.2,67
94803.17265,72,999,68.2,67
94813.20803,72,999,68.2,67.2
94823.23947,72,999,68.2,67.1
94833.24844,72,999,68.2,67
94843.27195,72,999,68.2,67.2
94853.31284,72,999,68.2,67
94863.31995,72,999,68.2,67.3
94873.35441,72,999,68.2,67
94883.38431,72,999,68.2,67.3
94893.39322,72,999,68.2,67.1
94903.41605,72,999,68.2,67.1
94913.45792,72,999,68.2,67.1
94923.46572,72,999,68.2,67.1
94933.47347,72,999,68.2,67.1
94943.51471,72,999,68.2,67.1
94953.52437,72,999,68.2,67.2
94963.54258,72,999,68.3,67.3
94973.56986,72,999,68.3,67.1
94983.6013,72,999,68.3,67.3
94993.62514,72,999,68.2,67.2
95003.6329,72,999,68.2,67.2
95013.6679,72,999,68.2,67.3
95023.67932,72,999,68.3,67.2
95033.71871,72,999,68.2,67.3
95043.74424,72,999,68.2,67.1
95053.77541,72,999,68.2,67.2
95063.80681,72,999,68.3,67.1
95073.80947,72,999,68.3,67.2
95083.84909,72.1,999,68.3,67.2
95093.87645,72.1,999,68.3,67.4
95103.90532,72.1,999,68.3,67.2
95113.93631,72.1,999,68.2,67.3
95123.96285,72.1,999,68.3,67.3
95133.97997,72.1,999,68.3,67.4
95144.00943,72,999,68.3,67.2
95154.03264,72,999,68.3,67.2
95164.05889,72.1,999,68.3,67.2
95174.07538,72.1,999,68.3,67.4
95184.10517,72.1,999,68.3,67.2
95194.12207,72.1,999,68.3,67.2
95204.16934,72.1,999,68.3,67.4
95214.17989,72.1,999,68.4,67.2
95224.20537,72.1,999,68.4,67.3
95234.2214,72.1,999,68.3,67.2
95244.24169,72.1,999,68.4,67.2
95254.25983,72.1,999,68.4,67.5
95264.28282,72.2,999,68.4,67.2
95274.33216,72.1,999,68.4,67.3
95284.35717,72.1,999,68.4,67.5
95294.3828,72.2,999,68.4,67.5
95304.40511,72.2,999,68.4,67.5
95314.42379,72.2,999,68.4,67.5
95324.45641,72.2,999,68.4,67.5
95334.45844,72.2,999,68.4,67.5
95344.47482,72.2,999,68.4,67.5
95354.51117,72.2,999,68.4,67.3
95364.51917,72.2,999,68.4,67.3
95374.52817,72.2,999,68.4,67.5
95384.56659,72.2,999,68.4,67.5
95394.59129,72.2,999,68.4,67.5
95404.6156,72.2,999,68.4,67.5
95414.65092,72.2,999,68.4,67.5
95424.69287,72.2,999,68.4,67.5
95434.71134,72.2,999,68.4,67.4
95444.74183,72.1,999,68.5,67.4
95454.74316,72.2,999,68.5,67.5
95464.78468,72.2,999,68.5,67.5
95474.81171,72.2,999,68.4,67.5
95484.82831,72.2,999,68.5,67.5
95494.85842,72.2,999,68.4,67.4
95504.88245,72.3,999,68.4,67.5
95514.93208,72.3,999,68.5,67.5
95524.95464,72.2,999,68.4,67.4
95535.00209,72.3,999,68.5,67.5
95545.00903,72.3,999,68.5,67.6
95555.06616,72.3,999,68.4,67.5
95565.09017,72.3,999,68.4,67.5
95575.13132,72.3,999,68.5,67.5
95585.16957,72.3,999,68.5,67.5
95595.19742,72.3,999,68.5,67.6
95605.20331,72.3,999,68.5,67.6
95615.23017,72.3,999,68.5,67.6
95625.28874,72.3,999,68.5,67.6
95635.32924,72.3,999,68.5,67.6
95645.33545,72.3,999,68.5,67.6
95655.37504,72.3,999,68.5,67.6
95665.40274,72.4,999,68.5,67.6
95675.41343,72.3,999,68.5,67.6
95685.4224,72.4,999,68.5,67.6
95695.46182,72.3,999,68.5,67.6
95705.48726,72.4,999,68.5,67.6
95715.49929,72.3,999,68.5,67.6
95725.52234,72.3,999,68.5,67.6
95735.57353,72.3,999,68.5,67.6
95745.58255,72.3,999,68.5,67.6
95755.60862,72.4,999,68.5,67.6
95765.66163,72.4,999,68.5,67.6
95775.68492,72.3,999,68.5,67.6
95785.74127,72.4,999,68.5,67.6
95795.76613,72.4,999,68.5,67.6
95805.7746,72.3,999,68.5,67.6
95815.80083,72.4,999,68.5,67.6
95825.84072,72.4,999,68.5,67.6
95835.86609,72.4,999,68.5,67.6
95845.87407,72.4,999,68.6,67.6
95855.92476,72.4,999,68.5,67.7
95865.96113,72.4,999,68.5,67.7
95875.96747,72.4,999,68.6,67.7
95885.97531,72.4,999,68.5,67.6
95896.01525,72.4,999,68.6,67.7
95906.03932,72.4,999,68.5,67.6
95916.07383,72.4,999,68.6,67.7
95926.10232,72.4,999,68.6,67.8
95936.11028,72.4,999,68.6,67.7
95946.12004,72.4,999,68.6,67.7
95956.17483,72.4,999,68.6,67.7
95966.19481,72.4,999,68.5,67.7
95976.22997,72.4,999,68.6,67.7
95986.25369,72.4,999,68.6,67.8
95996.2926,72.5,999,68.6,67.8
96006.31859,72.4,999,68.6,67.8
96016.32771,72.4,999,68.6,67.7
96026.33656,72.4,999,68.6,67.8
96036.37681,72.4,999,68.7,67.7
96046.42276,72.4,999,68.7,67.7
96056.42369,72.4,999,68.6,67.7
96066.46377,72.4,999,68.6,67.8
96076.49636,72.5,999,68.6,67.8
96086.5202,72.4,999,68.6,67.8
96096.53338,72.4,999,68.7,67.8
96106.56174,72.4,999,68.7,67.8
96116.594,72.4,999,68.6,67.8
96126.61058,72.5,999,68.6,67.8
96136.63569,72.5,999,68.6,67.8
96146.64435,72.4,999,68.6,67.8
96156.6673,72.4,999,68.6,67.8
96166.69417,72.5,999,68.6,67.7
96176.70239,72.4,999,68.6,67.8
96186.71122,72.4,999,68.6,67.8
96196.75152,72.4,999,68.7,67.8
96206.78592,72.4,999,68.6,67.8
96216.81412,72.5,999,68.7,67.8
96226.85399,72.5,999,68.7,67.8
96236.88331,72.4,999,68.7,67.8
96246.88689,72.5,999,68.6,67.8
96256.92673,72.5,999,68.7,67.8
96266.95228,72.5,999,68.7,67.8
96276.95985,72.5,999,68.6,67.8
96286.99889,72.5,999,68.7,67.8
96297.02452,72.5,999,68.7,67.8
96307.0329,72.5,999,68.7,67.8
96317.07118,72.5,999,68.7,67.8
96327.10079,72.5,999,68.7,67.8
96337.12832,72.5,999,68.7,67.8
96347.15324,72.5,999,68.7,67.8
96357.16129,72.5,999,68.7,67.8
96367.18157,72.5,999,68.7,67.8
96377.20305,72.5,999,68.7,67.8
96387.21567,72.5,999,68.7,67.8
96397.25677,72.5,999,68.7,67.8
96407.28225,72.5,999,68.5,67.2
96417.30996,72.2,999,68.4,66.7
96427.3349,72,999,68.1,66.2
96437.37343,71.7,999,67.6,65.8
96447.40406,71.4,999,67.4,65.2
96457.42978,70.9,999,67.1,64.7
96467.4468,70.2,999,66.7,64.2
96477.46171,69.8,999,66.3,63.8
96487.5006,69.3,999,65.9,63.1
96497.50785,68.8,999,65.5,62.7
96507.53161,68.4,999,65,62.2
96517.55699,68,999,64.7,61.8
96527.56616,67.5,999,64.3,61.4
96537.57395,66.8,999,63.7,61.1
96547.60996,66.3,999,63.3,60.7
96557.62307,65.9,999,62.9,60.3
96567.64298,65.4,999,62.5,60
96577.67025,64.9,999,62.1,59.6
96587.67237,64.5,999,61.7,59.1
96597.7035,64,999,61.4,58.7
96607.74333,63.7,999,61,58.4
96617.74476,63.2,999,60.6,58
96627.78302,62.7,999,60.2,57.7
96637.79128,62.3,999,59.7,57.5
96647.81025,61.9,999,59.4,57.2
96657.82588,61.6,999,59.1,56.9
96667.86745,61.3,999,58.7,56.6
96677.91555,60.8,999,58.4,56.4
96687.93972,60.6,999,58.1,56.1
96697.9576,60.2,999,57.8,55.8
96707.98366,59.9,999,57.5,55.4
96717.99145,59.6,999,57.2,55.1
96728.00249,59.2,999,56.9,54.9
96738.03748,58.8,999,56.6,54.6
96748.04763,58.5,999,56.4,54.4
96758.06226,58.2,999,55.9,54.2
96768.0834,57.9,999,55.7,54
96778.10882,57.7,999,55.4,53.7
96788.11816,57.4,999,55.2,53.5
96798.12592,57.1,999,54.9,53.3
96808.18365,56.9,999,54.6,53.1
96818.2089,56.6,999,54.4,52.9
96828.21979,56.4,999,54.2,52.6
96838.24025,56.1,999,54,52.5
