;Date Created: 27-Apr-2023 (11:36:30)
Elapsed [s],T1 [C],T2 [C],T3 [C],T4 [C]
60.0,22.3,23.4,-999.0,22.5
120.0,22.2,23.3,-999.0,22.6
180.1,22.1,23.1,-999.0,22.4
240.1,21.8,23.0,-999.0,22.3
300.1,21.3,22.8,-999.0,21.8
360.1,20.7,22.6,-999.0,21.4
420.1,20.3,22.4,-999.0,20.8
480.1,19.9,22.1,-999.0,20.5
540.2,19.7,21.9,-999.0,20.0
600.2,19.6,21.7,-999.0,20.0
660.2,19.5,21.4,-999.0,19.8
720.2,19.3,21.3,-999.0,19.8
780.2,19.2,21.2,-999.0,19.7
840.2,19.4,21.1,-999.0,19.6
900.2,19.4,20.9,-999.0,19.6
960.3,19.4,20.9,-999.0,19.7
1020.3,19.1,20.7,-999.0,19.7
1080.3,19.3,20.7,-999.0,19.6
1140.3,19.0,20.7,-999.0,19.6
1200.3,19.1,20.5,-999.0,19.6
1260.3,19.2,20.5,-999.0,19.5
1320.3,19.0,20.5,-999.0,19.4
1380.3,19.0,20.5,-999.0,19.5
1440.4,18.9,20.4,-999.0,19.4
1500.4,18.9,20.4,-999.0,19.3
1560.4,18.9,20.3,-999.0,19.3
1620.4,19.0,20.2,-999.0,19.3
1680.4,18.9,20.3,-999.0,19.3
1740.5,18.9,20.2,-999.0,19.5
1800.5,18.9,20.2,-999.0,19.3
1860.5,18.9,20.2,-999.0,19.3
1920.5,18.9,20.2,-999.0,19.5
1980.5,18.9,20.5,-999.0,19.4
2040.6,19.0,20.7,-999.0,19.3
2100.6,19.0,20.5,-999.0,19.5
2160.6,18.8,19.2,-999.0,19.1
2220.6,18.9,20.6,-999.0,19.3
2280.6,19.0,20.4,-999.0,19.3
2340.6,18.9,20.4,-999.0,19.3
2400.7,18.8,19.9,-999.0,19.2
2460.7,18.9,20.5,-999.0,19.3
2520.7,19.0,20.4,-999.0,19.3
2580.7,18.9,20.3,-999.0,19.3
2640.8,18.8,20.3,-999.0,19.3
2700.8,18.6,20.2,-999.0,19.0
2760.8,18.3,20.1,-999.0,18.7
2820.8,17.8,19.9,-999.0,18.2
2880.9,17.2,19.8,-999.0,17.8
2940.9,16.6,19.5,-999.0,17.4
3000.9,16.0,19.2,-999.0,16.6
3060.9,15.4,18.8,-999.0,16.0
3120.9,14.5,18.4,-999.0,15.1
3180.9,13.8,18.0,-999.0,14.7
3240.9,13.1,17.5,-999.0,13.9
3301.0,12.3,17.1,-999.0,13.1
3361.0,11.6,16.4,-999.0,12.5
3421.0,10.6,15.8,-999.0,11.6
3481.0,9.9,15.3,-999.0,10.7
3541.0,9.1,14.6,-999.0,9.9
3601.0,8.3,14.0,-999.0,9.1
3661.1,7.5,13.4,-999.0,8.3
3721.1,6.5,12.5,-999.0,7.3
3781.1,5.7,11.9,-999.0,6.6
3841.1,4.8,11.2,-999.0,5.7
3901.1,4.0,10.4,-999.0,4.9
3961.1,3.1,9.8,-999.0,4.1
4021.2,2.1,9.0,-999.0,3.1
4081.2,1.3,8.1,-999.0,2.2
4141.2,0.4,7.3,-999.0,1.4
4201.3,-0.5,6.5,-999.0,0.4
4261.3,-1.3,5.8,-999.0,-0.3
4321.3,-2.3,5.1,-999.0,-1.5
4381.3,-3.0,4.2,-999.0,-2.0
4441.4,-3.5,3.5,-999.0,-2.6
4501.4,-3.9,2.8,-999.0,-3.1
4561.4,-4.3,2.3,-999.0,-3.4
4621.4,-4.7,1.8,-999.0,-3.9
4681.4,-4.9,1.3,-999.0,-4.1
4741.5,-5.1,1.0,-999.0,-4.5
4801.5,-5.4,0.5,-999.0,-4.9
4861.5,-5.8,0.0,-999.0,-5.1
4921.5,-5.7,-0.3,-999.0,-5.2
4981.5,-6.1,-0.5,-999.0,-5.5
5041.6,-6.2,-0.8,-999.0,-5.6
5101.6,-6.3,-1.1,-999.0,-5.6
5161.6,-6.4,-1.2,-999.0,-5.9
5221.6,-6.5,-1.4,-999.0,-5.9
5281.7,-6.6,-1.7,-999.0,-6.0
5341.7,-6.7,-1.8,-999.0,-6.2
5401.7,-6.7,-2.0,-999.0,-6.2
5461.7,-6.8,-2.1,-999.0,-6.3
5521.7,-6.9,-2.3,-999.0,-6.4
5581.8,-6.9,-2.4,-999.0,-6.4
5641.8,-6.9,-2.5,-999.0,-6.5
5701.8,-7.1,-2.7,-999.0,-6.5
5761.8,-7.1,-2.7,-999.0,-6.5
5821.8,-7.1,-2.9,-999.0,-6.6
5881.9,-7.1,-2.9,-999.0,-6.7
5941.9,-7.2,-3.0,-999.0,-6.7
6001.9,-7.2,-3.1,-999.0,-6.8
6061.9,-7.3,-3.2,-999.0,-6.7
6122.0,-7.3,-3.2,-999.0,-6.9
6182.0,-7.3,-3.3,-999.0,-6.9
6242.0,-7.3,-3.3,-999.0,-6.9
6302.0,-7.4,-3.5,-999.0,-7.0
6362.1,-7.4,-3.5,-999.0,-6.9
6422.1,-7.4,-3.5,-999.0,-7.0
6482.1,-7.4,-3.6,-999.0,-7.0
6542.1,-7.4,-3.7,-999.0,-7.0
6602.1,-7.4,-3.7,-999.0,-7.1
6662.2,-7.4,-3.7,-999.0,-7.0
6722.2,-7.4,-4.0,-999.0,-7.1
6782.2,-7.5,-3.9,-999.0,-7.2
6842.2,-7.5,-4.1,-999.0,-7.1
6902.2,-7.5,-4.1,-999.0,-7.1
6962.2,-7.5,-4.1,-999.0,-7.1
7022.3,-7.6,-4.1,-999.0,-7.0
7082.3,-7.5,-4.2,-999.0,-7.2
7142.3,-7.6,-4.2,-999.0,-7.2
7202.3,-7.6,-4.2,-999.0,-7.2
7262.3,-7.5,-4.2,-999.0,-7.2
7322.4,-7.6,-4.2,-999.0,-7.2
7382.4,-7.6,-4.2,-999.0,-7.1
7442.4,-7.6,-4.3,-999.0,-7.3
7502.4,-7.6,-4.3,-999.0,-7.2
7562.4,-7.6,-4.4,-999.0,-7.2
7622.4,-7.7,-4.4,-999.0,-7.3
7682.5,-7.7,-4.4,-999.0,-7.3
7742.5,-7.7,-4.4,-999.0,-7.4
7802.5,-7.7,-4.4,-999.0,-7.3
7862.5,-7.7,-4.5,-999.0,-7.3
7922.5,-7.6,-4.5,-999.0,-7.2
7982.6,-7.7,-4.5,-999.0,-7.4
8042.6,-7.7,-4.5,-999.0,-7.2
8102.6,-7.7,-4.6,-999.0,-7.2
8162.6,-7.7,-4.5,-999.0,-7.4
8222.6,-7.7,-4.6,-999.0,-7.4
8282.6,-7.7,-4.5,-999.0,-7.4
8342.7,-7.8,-4.6,-999.0,-7.3
8402.7,-7.7,-4.6,-999.0,-7.4
8462.7,-7.8,-4.6,-999.0,-7.3
8522.7,-7.7,-4.6,-999.0,-7.4
8582.8,-7.7,-4.6,-999.0,-7.4
8642.8,-7.7,-4.7,-999.0,-7.4
8702.8,-7.7,-4.6,-999.0,-7.2
8762.8,-7.7,-4.7,-999.0,-7.4
8822.8,-7.7,-4.7,-999.0,-7.4
8882.9,-7.8,-4.7,-999.0,-7.3
8942.9,-7.7,-4.7,-999.0,-7.4
9002.9,-7.7,-4.7,-999.0,-7.4
9062.9,-7.7,-4.7,-999.0,-7.4
9122.9,-7.8,-4.7,-999.0,-7.5
9182.9,-7.8,-4.8,-999.0,-7.4
9243.0,-7.7,-4.8,-999.0,-7.4
9303.0,-7.8,-4.8,-999.0,-7.4
9363.0,-7.8,-4.8,-999.0,-7.3
9423.0,-7.7,-4.7,-999.0,-7.4
9483.1,-7.8,-4.8,-999.0,-7.5
9543.1,-7.8,-4.8,-999.0,-7.4
9603.1,-7.8,-4.7,-999.0,-7.4
9663.2,-7.9,-4.8,-999.0,-7.3
9723.2,-7.8,-4.9,-999.0,-7.3
9783.2,-7.8,-4.9,-999.0,-7.4
9843.2,-7.8,-4.9,-999.0,-7.5
9903.2,-7.8,-4.8,-999.0,-7.5
9963.2,-7.8,-4.9,-999.0,-7.4
10023.3,-7.8,-4.9,-999.0,-7.3
10083.3,-7.9,-4.9,-999.0,-7.4
10143.3,-7.8,-4.9,-999.0,-7.4
10203.3,-7.8,-4.9,-999.0,-7.5
10263.3,-7.8,-5.0,-999.0,-7.5
10323.4,-7.9,-5.0,-999.0,-7.5
10383.4,-7.8,-5.0,-999.0,-7.5
10443.4,-7.8,-5.0,-999.0,-7.5
10503.4,-7.8,-5.0,-999.0,-7.5
10563.4,-7.8,-5.0,-999.0,-7.5
10623.4,-7.9,-5.0,-999.0,-7.4
10683.5,-7.9,-5.0,-999.0,-7.3
10743.5,-7.8,-5.0,-999.0,-7.5
10803.5,-7.9,-5.0,-999.0,-7.4
10863.5,-7.8,-5.0,-999.0,-7.5
10923.5,-7.9,-5.0,-999.0,-7.5
10983.6,-7.9,-5.0,-999.0,-7.4
11043.6,-7.9,-5.0,-999.0,-7.6
11103.6,-7.9,-5.0,-999.0,-7.5
11163.6,-7.9,-5.0,-999.0,-7.5
11223.6,-7.9,-5.0,-999.0,-7.5
11283.7,-7.9,-5.0,-999.0,-7.5
11343.7,-7.9,-5.1,-999.0,-7.6
11403.7,-7.9,-5.1,-999.0,-7.6
11463.8,-7.9,-5.1,-999.0,-7.5
11523.8,-8.0,-5.1,-999.0,-7.6
11583.8,-8.0,-5.1,-999.0,-7.4
11643.8,-7.9,-5.1,-999.0,-7.6
11703.9,-7.9,-5.1,-999.0,-7.6
11763.9,-7.9,-5.0,-999.0,-7.5
11823.9,-7.9,-5.1,-999.0,-7.4
11883.9,-7.9,-5.2,-999.0,-7.6
11943.9,-7.9,-5.1,-999.0,-7.5
12003.9,-7.9,-5.1,-999.0,-7.6
12064.0,-7.9,-5.1,-999.0,-7.6
12124.0,-7.9,-5.2,-999.0,-7.7
12184.0,-7.9,-5.2,-999.0,-7.6
12244.1,-7.9,-5.2,-999.0,-7.6
12304.1,-7.9,-5.2,-999.0,-7.6
12364.1,-8.0,-5.2,-999.0,-7.5
12424.1,-7.9,-5.2,-999.0,-7.6
12484.1,-8.0,-5.2,-999.0,-7.7
12544.1,-8.0,-5.2,-999.0,-7.5
12604.2,-8.0,-5.2,-999.0,-7.6
12664.2,-8.0,-5.2,-999.0,-7.6
12724.2,-8.0,-5.2,-999.0,-7.6
12784.3,-8.0,-5.2,-999.0,-7.6
12844.3,-7.9,-5.3,-999.0,-7.6
12904.3,-7.9,-5.2,-999.0,-7.5
12964.3,-7.9,-5.3,-999.0,-7.7
13024.3,-8.0,-5.3,-999.0,-7.7
13084.3,-8.0,-5.3,-999.0,-7.6
13144.4,-8.0,-5.2,-999.0,-7.6
13204.4,-8.0,-5.3,-999.0,-7.7
13264.4,-8.0,-5.3,-999.0,-7.7
13324.4,-8.0,-5.3,-999.0,-7.6
13384.4,-8.0,-5.3,-999.0,-7.7
13444.5,-8.0,-5.3,-999.0,-7.5
13504.5,-8.0,-5.4,-999.0,-7.7
13564.5,-8.0,-5.3,-999.0,-7.7
13624.5,-8.0,-5.4,-999.0,-7.7
13684.6,-8.0,-5.3,-999.0,-7.6
13744.6,-8.0,-5.4,-999.0,-7.7
13804.6,-8.0,-5.4,-999.0,-7.7
13864.6,-8.0,-5.3,-999.0,-7.7
13924.7,-8.0,-5.4,-999.0,-7.7
13984.7,-8.0,-5.3,-999.0,-7.7
14044.7,-8.0,-5.3,-999.0,-7.7
14104.7,-8.0,-5.3,-999.0,-7.6
14164.8,-8.0,-5.3,-999.0,-7.7
14224.8,-8.0,-5.4,-999.0,-7.7
14284.8,-8.0,-5.4,-999.0,-7.7
14344.8,-8.0,-5.4,-999.0,-7.7
14404.8,-8.0,-5.4,-999.0,-7.7
14464.9,-8.0,-5.4,-999.0,-7.7
14524.9,-8.0,-5.4,-999.0,-7.7
14584.9,-8.0,-5.4,-999.0,-7.6
14644.9,-8.0,-5.4,-999.0,-7.7
14704.9,-8.0,-5.5,-999.0,-7.7
14765.0,-8.0,-5.4,-999.0,-7.7
14825.0,-8.0,-5.4,-999.0,-7.7
14885.0,-8.0,-5.5,-999.0,-7.7
14945.0,-0.4,-5.8,-999.0,-1.8
15005.1,9.6,10.8,-999.0,7.9
15065.1,17.1,18.5,-999.0,17.8
15125.1,17.3,18.8,-999.0,17.9
15185.1,19.2,19.9,-999.0,18.4
15245.2,17.9,19.0,-999.0,18.5
15305.2,18.5,19.4,-999.0,18.3
15365.2,18.0,18.2,-999.0,11.6
15425.2,18.8,19.5,-999.0,11.7
15485.3,19.0,18.1,-999.0,11.4
15545.3,18.1,19.1,-999.0,12.2
15605.3,19.6,18.4,-999.0,11.6
0.0,19.8,21.7,-999.0,21.0
0.0,19.7,21.7,-999.0,20.8
0.0,19.9,21.5,-999.0,20.3
0.0,20.1,21.7,-999.0,20.4
10.0,20.1,21.7,-999.0,19.3
20.0,20.1,21.8,-999.0,19.1
30.0,20.2,21.7,-999.0,19.0
40.1,20.2,21.6,-999.0,19.3
0.0,17.6,18.3,-999.0,17.6
10.0,17.5,18.3,-999.0,17.6
20.1,17.5,18.2,-999.0,17.6
30.1,17.5,18.2,-999.0,17.6
40.1,17.5,18.2,-999.0,17.6
50.1,17.5,18.2,-999.0,17.6
60.1,17.5,18.3,-999.0,17.7
70.1,17.5,18.3,-999.0,17.7
80.2,17.5,18.3,-999.0,17.7
90.2,17.5,18.2,-999.0,17.7
100.2,17.6,18.3,-999.0,17.7
110.2,17.6,18.3,-999.0,17.8
120.2,17.6,18.3,-999.0,17.7
130.3,17.6,18.3,-999.0,17.8
140.3,17.6,18.3,-999.0,17.8
150.3,17.6,18.4,-999.0,18.0
160.3,17.6,18.4,-999.0,17.8
170.4,17.6,18.4,-999.0,17.8
180.4,17.6,18.4,-999.0,17.9
190.4,17.6,18.4,-999.0,17.8
200.4,17.6,18.4,-999.0,17.9
210.5,17.7,18.4,-999.0,17.9
220.5,17.6,18.4,-999.0,17.9
230.5,17.7,18.4,-999.0,17.9
240.5,17.7,18.4,-999.0,17.9
250.5,17.7,18.4,-999.0,18.0
260.6,17.7,18.4,-999.0,18.0
270.6,17.8,18.6,-999.0,18.2
280.6,17.8,18.5,-999.0,18.0
290.6,17.8,18.5,-999.0,18.1
300.6,17.8,18.5,-999.0,18.3
310.6,17.8,18.5,-999.0,18.2
320.6,17.9,18.5,-999.0,18.2
330.7,17.9,18.6,-999.0,18.3
340.7,17.9,18.6,-999.0,18.2
350.7,17.9,18.6,-999.0,18.2
360.7,17.9,18.7,-999.0,18.3
370.7,17.9,18.6,-999.0,18.3
380.7,18.0,18.7,-999.0,18.3
390.8,18.0,18.6,-999.0,18.4
400.8,18.0,18.7,-999.0,18.5
410.8,18.0,18.8,-999.0,18.4
420.8,18.0,18.7,-999.0,18.4
430.8,18.0,18.8,-999.0,18.4
440.8,18.1,18.8,-999.0,18.4
450.8,18.0,18.8,-999.0,18.4
460.8,18.1,18.8,-999.0,18.4
470.9,18.1,18.8,-999.0,18.5
480.9,18.1,18.9,-999.0,18.6
490.9,18.2,18.9,-999.0,18.5
500.9,18.1,18.9,-999.0,18.5
510.9,18.1,18.9,-999.0,18.7
520.9,18.2,18.9,-999.0,18.5
530.9,18.1,18.9,-999.0,18.5
541.0,18.2,18.9,-999.0,18.6
551.0,18.1,19.0,-999.0,18.5
561.0,18.2,18.9,-999.0,18.6
571.0,18.2,19.0,-999.0,18.6
581.0,18.2,18.9,-999.0,18.6
591.0,18.3,19.0,-999.0,18.6
601.1,18.3,19.0,-999.0,18.8
611.1,18.2,19.0,-999.0,18.8
621.1,18.3,19.0,-999.0,18.6
631.1,18.3,19.0,-999.0,18.6
641.2,18.2,19.0,-999.0,18.7
651.2,18.3,19.0,-999.0,18.7
661.2,18.3,19.0,-999.0,18.6
671.2,18.3,19.0,-999.0,18.8
681.2,18.3,19.0,-999.0,18.7
691.3,18.3,19.0,-999.0,18.7
701.3,18.3,19.1,-999.0,18.8
711.3,18.3,19.1,-999.0,18.7
721.3,18.3,19.1,-999.0,18.7
731.3,18.4,19.1,-999.0,18.7
741.3,18.3,19.1,-999.0,18.7
751.3,18.3,19.1,-999.0,18.7
761.4,18.3,19.1,-999.0,18.7
771.4,18.3,19.1,-999.0,18.9
781.4,18.4,19.1,-999.0,18.8
791.4,18.3,19.2,-999.0,18.9
801.4,18.4,19.1,-999.0,18.8
811.5,18.3,19.1,-999.0,18.8
821.5,18.4,19.2,-999.0,18.8
831.5,18.4,19.1,-999.0,18.7
841.5,18.4,19.1,-999.0,18.8
851.5,18.4,19.2,-999.0,18.8
861.6,18.4,19.1,-999.0,18.8
871.6,18.5,19.2,-999.0,18.8
881.6,18.5,19.2,-999.0,18.8
891.6,18.4,19.2,-999.0,18.8
901.6,18.5,19.1,-999.0,18.8
911.6,18.4,19.2,-999.0,18.9
921.6,18.5,19.3,-999.0,18.9
931.7,18.4,19.2,-999.0,19.0
941.7,18.5,19.2,-999.0,18.8
951.7,18.5,19.3,-999.0,18.8
961.7,18.5,19.3,-999.0,18.9
971.7,18.6,19.3,-999.0,18.9
981.7,18.5,19.3,-999.0,18.8
991.8,18.5,19.3,-999.0,18.9
1001.8,18.5,19.3,-999.0,18.8
1011.8,18.5,19.3,-999.0,18.9
1021.8,18.5,19.3,-999.0,18.8
1031.8,18.5,19.3,-999.0,18.9
1041.9,18.5,19.3,-999.0,19.0
1051.9,18.5,19.3,-999.0,18.9
1061.9,18.5,19.3,-999.0,18.9
1071.9,18.5,19.3,-999.0,18.8
1081.9,18.6,19.3,-999.0,18.9
1092.0,18.5,19.3,-999.0,18.9
1102.0,18.6,19.3,-999.0,18.8
1112.0,18.5,19.3,-999.0,18.9
1122.0,18.5,19.3,-999.0,18.9
1132.0,18.6,19.3,-999.0,18.9
1142.0,18.5,19.3,-999.0,18.9
1152.0,18.5,19.3,-999.0,18.9
1162.1,18.6,19.3,-999.0,18.9
1172.1,18.5,19.4,-999.0,18.9
1182.1,18.5,19.3,-999.0,18.9
1192.1,18.6,19.3,-999.0,18.9
1202.1,18.5,19.3,-999.0,18.9
1212.1,18.5,19.3,-999.0,18.9
1222.2,18.6,19.4,-999.0,18.9
1232.2,18.6,19.4,-999.0,18.9
1242.2,18.6,19.3,-999.0,18.9
1252.2,18.6,19.3,-999.0,18.9
1262.2,18.6,19.4,-999.0,19.0
1272.2,18.6,19.4,-999.0,18.9
1282.3,18.6,19.4,-999.0,18.9
1292.3,18.6,19.4,-999.0,18.9
1302.3,18.6,19.3,-999.0,18.9
1312.3,18.6,19.4,-999.0,18.9
1322.3,18.6,19.3,-999.0,19.0
1332.3,18.6,19.4,-999.0,19.0
1342.3,18.6,19.4,-999.0,19.0
1352.4,18.6,19.5,-999.0,19.0
1362.4,18.8,19.4,-999.0,19.0
1372.4,18.8,19.5,-999.0,19.0
1382.4,18.7,19.5,-999.0,19.0
1392.4,18.7,19.4,-999.0,19.0
1402.4,18.8,19.5,-999.0,19.2
1412.4,18.8,19.4,-999.0,19.1
1422.4,18.8,19.5,-999.0,19.1
1432.5,18.8,19.4,-999.0,19.0
1442.5,18.7,19.4,-999.0,19.1
1452.5,18.8,19.4,-999.0,19.1
1462.5,18.7,19.5,-999.0,19.0
1472.5,18.7,19.5,-999.0,19.0
1482.5,18.7,19.5,-999.0,19.0
1492.6,18.7,19.5,-999.0,19.0
1502.6,18.7,19.5,-999.0,19.0
1512.6,18.7,19.5,-999.0,19.1
1522.6,18.7,19.5,-999.0,19.0
1532.6,18.7,19.5,-999.0,19.0
1542.6,18.8,19.5,-999.0,19.0
1552.7,18.7,19.5,-999.0,19.0
1562.7,18.7,19.5,-999.0,19.0
1572.7,18.8,19.5,-999.0,19.0
1582.7,18.7,19.5,-999.0,19.1
1592.7,18.8,19.5,-999.0,19.0
1602.7,18.7,19.5,-999.0,19.1
1612.8,18.7,19.5,-999.0,19.1
1622.8,18.8,19.5,-999.0,19.1
1632.8,18.8,19.5,-999.0,19.1
1642.8,18.8,19.5,-999.0,19.1
1652.8,18.8,19.5,-999.0,19.1
1662.9,18.8,19.5,-999.0,19.0
1672.9,18.7,19.5,-999.0,19.1
1682.9,18.7,19.5,-999.0,19.0
1692.9,18.7,19.6,-999.0,19.1
1702.9,18.7,19.5,-999.0,19.0
1712.9,18.6,19.5,-999.0,19.0
1722.9,18.6,19.5,-999.0,19.0
1732.9,18.6,19.5,-999.0,19.0
1742.9,18.6,19.5,-999.0,19.1
1753.0,18.7,19.5,-999.0,19.0
1763.0,18.6,19.5,-999.0,19.0
1773.0,18.7,19.5,-999.0,19.0
1783.0,18.7,19.5,-999.0,19.0
1793.0,18.7,19.6,-999.0,19.1
1803.0,18.7,19.5,-999.0,19.0
1813.0,18.7,19.5,-999.0,19.0
1823.1,18.7,19.5,-999.0,19.1
1833.1,18.8,19.6,-999.0,19.0
1843.1,18.7,19.6,-999.0,19.1
1853.2,18.7,19.5,-999.0,19.0
1863.2,18.8,19.6,-999.0,19.1
1873.2,18.7,19.5,-999.0,19.1
1883.2,18.7,19.6,-999.0,19.0
1893.2,18.8,19.6,-999.0,19.1
1903.2,18.8,19.5,-999.0,19.1
1913.3,18.8,19.6,-999.0,19.2
1923.3,18.8,19.6,-999.0,19.1
1933.3,18.8,19.5,-999.0,19.1
1943.3,18.8,19.5,-999.0,19.1
1953.3,18.7,19.6,-999.0,19.1
1963.3,18.7,19.6,-999.0,19.1
1973.3,18.7,19.6,-999.0,19.1
1983.3,18.8,19.6,-999.0,19.1
1993.4,18.8,19.6,-999.0,19.1
2003.4,18.7,19.6,-999.0,19.0
2013.4,18.8,19.5,-999.0,19.1
2023.4,18.8,19.5,-999.0,19.0
2033.4,18.7,19.6,-999.0,19.0
2043.4,18.8,19.5,-999.0,19.1
2053.5,18.7,19.6,-999.0,19.0
2063.5,18.8,19.6,-999.0,19.0
2073.5,18.8,19.7,-999.0,19.1
2083.5,18.8,19.6,-999.0,19.0
2093.5,18.7,19.6,-999.0,19.1
2103.6,18.8,19.6,-999.0,19.1
2113.6,18.8,19.6,-999.0,19.0
2123.6,18.8,19.5,-999.0,19.1
2133.6,18.8,19.6,-999.0,19.1
2143.6,18.8,19.6,-999.0,19.1
2153.6,18.8,19.5,-999.0,19.1
2163.6,18.8,19.5,-999.0,19.0
2173.6,18.8,19.5,-999.0,19.0
2183.7,18.8,19.6,-999.0,19.1
2193.7,18.7,19.6,-999.0,19.1
2203.7,18.8,19.5,-999.0,19.0
2213.7,18.8,19.7,-999.0,19.1
2223.7,18.7,19.5,-999.0,19.0
2233.8,18.8,19.6,-999.0,19.0
2243.8,18.8,19.5,-999.0,19.1
2253.8,18.7,19.7,-999.0,19.2
2263.8,18.8,19.5,-999.0,19.0
2273.8,18.8,19.6,-999.0,19.1
2283.9,18.8,19.6,-999.0,19.0
2293.9,18.8,19.7,-999.0,19.1
2303.9,18.8,19.6,-999.0,19.0
2313.9,18.7,19.6,-999.0,19.0
2323.9,18.8,19.6,-999.0,19.0
2333.9,18.8,19.6,-999.0,19.1
2344.0,18.8,19.6,-999.0,19.1
2354.0,18.8,19.6,-999.0,19.2
2364.0,18.7,19.6,-999.0,19.1
2374.0,18.8,19.6,-999.0,19.0
2384.1,18.8,19.6,-999.0,19.2
2394.1,18.8,19.6,-999.0,19.1
2404.1,18.8,19.6,-999.0,19.0
2414.1,18.8,19.6,-999.0,19.0
2424.1,18.8,19.6,-999.0,19.0
2434.1,18.8,19.7,-999.0,19.0
2444.1,18.7,19.6,-999.0,19.1
2454.1,18.8,19.6,-999.0,19.1
2464.1,18.7,19.6,-999.0,19.3
2474.2,18.8,19.5,-999.0,19.1
2484.2,18.8,19.6,-999.0,19.1
2494.2,18.8,19.7,-999.0,19.1
2504.2,18.7,19.6,-999.0,19.1
2514.2,18.8,19.6,-999.0,19.1
2524.2,18.8,19.6,-999.0,19.0
2534.2,18.8,19.7,-999.0,19.1
2544.3,18.8,19.6,-999.0,19.1
2554.3,18.7,19.6,-999.0,19.1
2564.3,18.8,19.7,-999.0,19.2
2574.3,18.8,19.5,-999.0,19.1
2584.3,18.8,19.6,-999.0,19.1
2594.3,18.8,19.6,-999.0,19.1
2604.3,18.8,19.6,-999.0,19.1
2614.4,18.8,19.6,-999.0,19.0
2624.4,18.8,19.6,-999.0,19.0
2634.4,18.7,19.6,-999.0,19.1
2644.4,18.7,19.6,-999.0,19.0
2654.4,18.8,19.6,-999.0,19.1
2664.4,18.8,19.6,-999.0,19.1
2674.4,18.8,19.7,-999.0,19.2
2684.4,18.8,19.6,-999.0,19.1
2694.5,18.7,19.7,-999.0,19.2
2704.5,18.8,19.6,-999.0,19.1
2714.5,18.8,19.6,-999.0,19.1
2724.5,18.8,19.6,-999.0,19.1
2734.5,18.7,19.6,-999.0,19.1
2744.6,18.8,19.6,-999.0,19.1
2754.6,18.8,19.6,-999.0,19.1
2764.6,18.8,19.7,-999.0,19.0
2774.6,18.8,19.6,-999.0,19.1
2784.7,18.8,19.7,-999.0,19.2
2794.7,18.8,19.6,-999.0,19.0
2804.7,18.8,19.6,-999.0,19.1
2814.7,18.7,19.6,-999.0,19.2
2824.7,18.8,19.6,-999.0,19.1
2834.7,18.8,19.7,-999.0,19.1
2844.8,18.8,19.6,-999.0,19.1
2854.8,18.8,19.6,-999.0,19.1
2864.8,18.7,19.6,-999.0,19.0
2874.8,18.7,19.6,-999.0,19.0
2884.8,18.7,19.5,-999.0,18.9
2894.8,18.7,19.6,-999.0,18.9
2904.8,18.6,19.6,-999.0,19.0
2914.8,18.6,19.6,-999.0,18.9
2924.9,18.5,19.6,-999.0,18.8
2934.9,18.6,19.6,-999.0,18.8
2944.9,18.5,19.5,-999.0,18.8
2954.9,18.4,19.5,-999.0,18.8
2964.9,18.5,19.5,-999.0,18.7
2974.9,18.4,19.6,-999.0,18.8
2984.9,18.5,19.5,-999.0,18.8
2994.9,18.4,19.6,-999.0,18.8
3005.0,18.4,19.6,-999.0,18.8
3015.0,18.4,19.5,-999.0,18.8
3025.0,18.4,19.5,-999.0,18.7
3035.0,18.4,19.5,-999.0,18.7
3045.0,18.4,19.6,-999.0,18.8
3055.0,18.4,19.5,-999.0,18.8
3065.1,18.4,19.5,-999.0,18.8
3075.1,18.4,19.5,-999.0,18.7
3085.1,18.5,19.5,-999.0,18.7
3095.1,18.4,19.5,-999.0,18.7
3105.1,18.4,19.5,-999.0,18.8
3115.1,18.4,19.5,-999.0,18.8
3125.2,18.4,19.5,-999.0,18.8
3135.2,18.3,19.5,-999.0,18.9
3145.2,18.4,19.5,-999.0,18.7
3155.2,18.4,19.5,-999.0,18.7
3165.2,18.4,19.5,-999.0,18.7
3175.2,18.4,19.5,-999.0,18.8
3185.3,18.3,19.5,-999.0,18.7
3195.3,18.4,19.5,-999.0,18.8
3205.3,18.4,19.5,-999.0,18.6
3215.3,18.3,19.5,-999.0,18.7
3225.3,18.3,19.4,-999.0,18.6
3235.3,18.4,19.5,-999.0,18.7
3245.3,18.3,19.4,-999.0,18.6
3255.3,18.3,19.4,-999.0,18.6
3265.4,18.3,19.4,-999.0,18.6
3275.4,18.3,19.3,-999.0,18.6
3285.4,18.2,19.3,-999.0,18.4
3295.4,18.2,19.3,-999.0,18.5
3305.4,18.1,19.3,-999.0,18.4
3315.4,18.1,19.2,-999.0,18.4
3325.5,18.1,19.2,-999.0,18.4
3335.5,18.1,19.2,-999.0,18.4
3345.5,18.0,19.2,-999.0,18.3
3355.5,18.0,19.1,-999.0,18.3
3365.5,18.0,19.1,-999.0,18.2
3375.6,18.0,19.0,-999.0,18.2
3385.6,17.9,19.0,-999.0,18.2
3395.6,17.8,18.9,-999.0,18.2
3405.6,17.9,18.9,-999.0,18.1
3415.6,17.7,18.9,-999.0,18.0
3425.6,17.8,18.9,-999.0,18.1
3435.6,17.7,18.8,-999.0,17.9
3445.7,17.6,18.7,-999.0,17.9
3455.7,17.6,18.7,-999.0,17.9
3465.7,17.6,18.6,-999.0,17.8
3475.7,17.5,18.6,-999.0,17.8
3485.7,17.5,18.5,-999.0,17.7
3495.8,17.4,18.6,-999.0,17.7
3505.8,17.4,18.5,-999.0,17.8
3515.8,17.3,18.4,-999.0,17.6
3525.8,17.2,18.4,-999.0,17.5
3535.8,17.2,18.4,-999.0,17.5
3545.9,17.2,18.3,-999.0,17.4
3555.9,17.2,18.2,-999.0,17.4
3565.9,17.1,18.2,-999.0,17.3
3575.9,17.0,18.2,-999.0,17.3
3585.9,17.0,18.1,-999.0,17.2
3595.9,16.9,18.1,-999.0,17.3
3606.0,16.9,18.0,-999.0,17.2
3616.0,16.9,18.0,-999.0,17.0
3626.0,16.8,17.9,-999.0,17.0
3636.0,16.7,17.9,-999.0,16.9
3646.0,16.7,17.8,-999.0,16.9
3656.0,16.7,17.7,-999.0,16.8
3666.1,16.5,17.7,-999.0,16.9
3676.1,16.5,17.7,-999.0,16.8
3686.1,16.5,17.7,-999.0,16.8
3696.1,16.4,17.6,-999.0,16.6
3706.1,16.3,17.5,-999.0,16.5
3716.1,16.3,17.5,-999.0,16.5
3726.2,16.3,17.5,-999.0,16.5
3736.2,16.2,17.3,-999.0,16.4
3746.2,16.2,17.3,-999.0,16.3
3756.2,16.1,17.3,-999.0,16.1
3766.2,16.0,17.3,-999.0,16.3
3776.2,15.9,17.2,-999.0,16.3
3786.3,15.9,17.1,-999.0,16.2
3796.3,15.9,16.9,-999.0,16.0
3806.3,15.8,17.1,-999.0,16.0
3816.3,15.8,16.9,-999.0,15.9
3826.3,15.7,16.7,-999.0,15.7
3836.3,15.6,16.7,-999.0,15.6
3846.4,15.6,16.6,-999.0,15.6
3856.4,15.5,16.6,-999.0,15.6
3866.4,15.5,16.5,-999.0,15.6
3876.4,15.5,16.5,-999.0,15.4
3886.5,15.4,16.4,-999.0,15.3
3896.5,15.4,16.4,-999.0,15.5
3906.5,15.1,16.3,-999.0,15.2
3916.5,15.0,16.2,-999.0,15.2
3926.6,14.9,16.2,-999.0,15.1
3936.6,14.9,16.1,-999.0,15.1
3946.6,14.8,16.0,-999.0,15.0
3956.6,15.0,16.0,-999.0,15.0
3966.6,14.7,15.9,-999.0,14.9
3976.6,14.7,15.8,-999.0,14.8
3986.7,14.6,15.9,-999.0,15.0
3996.7,14.6,15.7,-999.0,14.8
4006.7,14.4,15.7,-999.0,14.8
4016.7,14.4,15.6,-999.0,14.6
4026.7,14.3,15.6,-999.0,14.5
4036.7,14.3,15.5,-999.0,14.5
4046.7,14.2,15.5,-999.0,14.4
4056.7,14.2,15.4,-999.0,14.4
4066.7,14.1,15.3,-999.0,14.3
4076.8,14.1,15.3,-999.0,14.2
4086.8,14.0,15.2,-999.0,14.2
4096.8,14.0,15.2,-999.0,14.1
4106.8,13.9,15.1,-999.0,14.1
4116.8,13.8,15.0,-999.0,14.2
4126.9,13.8,15.0,-999.0,13.9
4136.9,13.7,14.9,-999.0,13.9
4146.9,13.5,14.9,-999.0,13.9
4156.9,13.6,14.8,-999.0,13.8
4166.9,13.5,14.7,-999.0,13.7
4177.0,13.4,14.7,-999.0,13.7
4187.0,13.3,14.6,-999.0,13.5
4197.0,13.2,14.5,-999.0,13.5
4207.0,13.2,14.5,-999.0,13.5
4217.0,13.2,14.4,-999.0,13.3
4227.0,13.1,14.3,-999.0,13.3
4237.0,13.1,14.3,-999.0,13.2
4247.1,13.0,14.2,-999.0,13.2
4257.1,12.9,14.1,-999.0,13.1
4267.1,12.8,14.1,-999.0,13.0
4277.1,12.8,14.0,-999.0,13.0
4287.1,12.7,14.0,-999.0,12.9
4297.2,12.7,13.9,-999.0,12.8
4307.2,12.6,13.9,-999.0,12.8
4317.2,12.5,13.8,-999.0,12.7
4327.2,12.4,13.7,-999.0,12.6
4337.3,12.4,13.7,-999.0,12.5
4347.3,12.4,13.6,-999.0,12.5
4357.3,12.3,13.5,-999.0,12.4
4367.3,12.2,13.4,-999.0,12.4
4377.3,12.1,13.5,-999.0,12.5
4387.4,12.0,13.3,-999.0,12.2
4397.4,11.9,13.3,-999.0,12.2
4407.4,11.9,13.2,-999.0,11.9
4417.4,11.8,13.0,-999.0,12.0
4427.4,11.9,13.1,-999.0,11.8
4437.4,11.7,13.0,-999.0,11.9
4447.5,11.7,12.9,-999.0,11.7
4457.5,11.6,12.8,-999.0,11.6
4467.5,11.5,12.6,-999.0,11.5
4477.5,11.4,12.6,-999.0,11.4
4487.6,11.4,12.5,-999.0,11.4
4497.6,11.3,12.4,-999.0,11.3
4507.6,11.3,12.4,-999.0,11.3
4517.6,11.2,12.3,-999.0,11.1
4527.6,11.1,12.3,-999.0,11.3
4537.6,11.1,12.1,-999.0,11.1
4547.7,10.8,12.1,-999.0,11.0
4557.7,10.8,12.0,-999.0,10.9
4567.7,10.9,12.0,-999.0,10.9
4577.7,10.7,11.9,-999.0,10.8
4587.7,10.5,11.9,-999.0,10.9
4597.7,10.5,11.7,-999.0,10.6
4607.7,10.4,11.7,-999.0,10.5
4617.7,10.3,11.7,-999.0,10.7
4627.8,10.3,11.5,-999.0,10.4
4637.8,10.2,11.5,-999.0,10.3
4647.8,10.1,11.4,-999.0,10.3
4657.8,10.1,11.3,-999.0,10.3
4667.8,10.1,11.2,-999.0,10.3
4677.8,9.9,11.2,-999.0,10.2
4687.8,9.9,11.2,-999.0,10.0
4697.9,9.8,11.1,-999.0,10.1
4707.9,9.8,11.0,-999.0,9.9
4717.9,9.6,10.9,-999.0,9.9
4727.9,9.6,10.8,-999.0,9.8
4737.9,9.5,10.8,-999.0,9.7
4747.9,9.4,10.7,-999.0,9.7
4757.9,9.4,10.7,-999.0,9.5
4768.0,9.3,10.6,-999.0,9.5
4778.0,9.2,10.5,-999.0,9.4
4788.0,9.2,10.5,-999.0,9.4
4798.0,9.1,10.4,-999.0,9.3
4808.0,9.0,10.3,-999.0,9.3
4818.0,9.0,10.2,-999.0,9.2
4828.0,9.0,10.2,-999.0,9.2
4838.1,8.9,10.2,-999.0,9.2
4848.1,8.8,10.1,-999.0,8.9
4858.1,8.7,10.0,-999.0,8.9
4868.1,8.6,9.9,-999.0,8.9
4878.1,8.5,9.8,-999.0,8.8
4888.1,8.5,9.8,-999.0,8.7
4898.1,8.5,9.7,-999.0,8.7
4908.1,8.4,9.6,-999.0,8.5
4918.2,8.3,9.5,-999.0,8.5
4928.2,8.3,9.5,-999.0,8.4
4938.2,8.2,9.4,-999.0,8.3
4948.2,8.1,9.4,-999.0,8.3
4958.2,8.0,9.3,-999.0,8.3
4968.2,8.0,9.3,-999.0,8.1
4978.2,7.9,9.2,-999.0,8.0
4988.3,7.8,9.1,-999.0,8.0
4998.3,7.7,9.0,-999.0,7.7
5008.3,7.7,9.0,-999.0,7.6
5018.3,7.7,9.0,-999.0,7.9
5028.3,7.5,8.8,-999.0,7.7
5038.3,7.5,8.5,-999.0,7.5
5048.3,7.3,8.5,-999.0,7.4
5058.3,7.4,8.5,-999.0,7.3
5068.4,7.3,8.4,-999.0,7.2
5078.4,7.2,8.3,-999.0,7.2
5088.4,7.1,8.2,-999.0,7.2
5098.4,7.0,8.1,-999.0,7.0
5108.4,7.0,8.0,-999.0,7.0
5118.5,6.7,8.0,-999.0,6.8
5128.5,6.7,7.9,-999.0,6.8
5138.5,6.6,7.9,-999.0,6.7
5148.5,6.5,7.8,-999.0,6.7
5158.5,6.5,7.7,-999.0,6.6
5168.5,6.4,7.7,-999.0,6.6
5178.5,6.3,7.6,-999.0,6.4
5188.6,6.2,7.5,-999.0,6.4
5198.6,6.1,7.4,-999.0,6.3
5208.6,6.1,7.3,-999.0,6.2
5218.6,6.0,7.3,-999.0,6.1
5228.6,5.9,7.2,-999.0,6.0
5238.6,5.9,7.2,-999.0,6.0
5248.7,5.8,7.1,-999.0,5.9
5258.7,5.7,7.1,-999.0,6.0
5268.7,5.7,7.0,-999.0,5.7
5278.7,5.6,6.9,-999.0,5.7
5288.7,5.6,6.8,-999.0,5.6
5298.7,5.4,6.7,-999.0,5.6
5308.7,5.4,6.7,-999.0,5.5
5318.8,5.3,6.6,-999.0,5.5
5328.8,5.2,6.5,-999.0,5.4
5338.8,5.2,6.5,-999.0,5.5
5348.8,5.1,6.4,-999.0,5.2
5358.8,5.0,6.3,-999.0,5.2
5368.8,5.0,6.3,-999.0,5.2
5378.8,4.9,6.1,-999.0,5.0
5388.9,4.8,6.1,-999.0,5.0
5398.9,4.8,6.0,-999.0,4.9
5408.9,4.7,6.0,-999.0,4.8
5418.9,4.6,5.9,-999.0,4.8
5428.9,4.5,5.9,-999.0,4.7
5438.9,4.5,5.8,-999.0,4.8
5448.9,4.4,5.6,-999.0,4.6
5459.0,4.3,5.6,-999.0,4.4
5469.0,4.3,5.6,-999.0,4.4
5479.0,4.2,5.4,-999.0,4.3
5489.0,4.1,5.4,-999.0,4.2
5499.0,4.1,5.4,-999.0,4.1
5509.0,4.0,5.3,-999.0,4.1
5519.1,3.9,5.2,-999.0,4.1
5529.1,3.9,5.1,-999.0,3.9
5539.1,3.8,5.0,-999.0,3.9
5549.1,3.7,5.0,-999.0,3.9
5559.1,3.7,4.9,-999.0,3.7
5569.1,3.5,4.8,-999.0,3.5
5579.1,3.4,4.8,-999.0,3.6
5589.2,3.4,4.7,-999.0,3.4
5599.2,3.3,4.4,-999.0,3.3
5609.2,3.2,4.4,-999.0,3.4
5619.2,3.2,4.3,-999.0,3.1
5629.2,3.1,4.2,-999.0,3.1
5639.2,3.1,4.2,-999.0,3.0
5649.2,3.0,4.1,-999.0,3.0
5659.2,2.9,4.0,-999.0,2.9
5669.3,2.9,3.9,-999.0,2.8
5679.3,2.8,3.8,-999.0,2.7
5689.3,2.6,3.8,-999.0,2.7
5699.3,2.7,3.7,-999.0,2.6
5709.3,2.4,3.7,-999.0,2.4
5719.3,2.4,3.6,-999.0,2.5
5729.4,2.3,3.5,-999.0,2.4
5739.4,2.1,3.4,-999.0,2.3
5749.4,2.1,3.3,-999.0,2.2
5759.4,2.0,3.3,-999.0,2.1
5769.4,2.0,3.2,-999.0,2.1
5779.4,1.9,3.1,-999.0,2.0
5789.5,1.8,3.1,-999.0,1.9
5799.5,1.8,3.1,-999.0,2.0
5809.5,1.7,2.9,-999.0,1.8
5819.5,1.6,2.9,-999.0,1.7
5829.5,1.6,2.8,-999.0,1.7
5839.5,1.5,2.8,-999.0,1.6
5849.6,1.5,2.7,-999.0,1.6
5859.6,1.4,2.6,-999.0,1.5
5869.6,1.3,2.5,-999.0,1.4
5879.6,1.2,2.5,-999.0,1.3
5889.6,1.2,2.4,-999.0,1.2
5899.7,1.1,2.3,-999.0,1.2
5909.7,1.0,2.3,-999.0,1.1
5919.7,0.9,2.2,-999.0,1.0
5929.7,0.9,2.1,-999.0,1.0
5939.7,0.8,2.0,-999.0,1.0
5949.7,0.8,2.0,-999.0,0.8
5959.7,0.6,1.9,-999.0,0.7
5969.8,0.6,1.8,-999.0,0.7
5979.8,0.5,1.8,-999.0,0.6
5989.8,0.5,1.7,-999.0,0.6
5999.8,0.4,1.6,-999.0,0.5
6009.8,0.3,1.5,-999.0,0.6
6019.8,0.3,1.5,-999.0,0.3
6029.9,0.2,1.4,-999.0,0.3
6039.9,0.1,1.4,-999.0,0.2
6049.9,0.0,1.3,-999.0,0.1
6059.9,0.0,1.2,-999.0,0.0
6069.9,0.0,1.2,-999.0,0.1
6079.9,-0.2,1.1,-999.0,-0.1
6089.9,-0.2,1.0,-999.0,-0.1
6099.9,-0.3,1.0,-999.0,0.0
6110.0,-0.3,1.0,-999.0,-0.2
6120.0,-0.4,0.8,-999.0,-0.3
6130.0,-0.5,0.8,-999.0,-0.4
6140.0,-0.5,0.8,-999.0,-0.4
6150.0,-0.6,0.4,-999.0,-0.5
6160.0,-0.7,0.5,-999.0,-0.7
6170.1,-0.7,0.3,-999.0,-0.8
6180.1,-0.7,0.3,-999.0,-0.9
6190.1,-0.9,0.2,-999.0,-0.8
6200.1,-0.9,0.2,-999.0,-1.0
6210.1,-1.0,0.0,-999.0,-1.1
6220.1,-1.0,0.1,-999.0,-1.0
6230.1,-1.1,0.0,-999.0,-1.2
6240.2,-1.2,-0.1,-999.0,-1.2
6250.2,-1.2,-0.2,-999.0,-1.3
6260.2,-1.3,-0.2,-999.0,-1.4
6270.2,-1.5,-0.4,-999.0,-1.5
6280.2,-1.6,-0.4,-999.0,-1.6
6290.2,-1.7,-0.5,-999.0,-1.5
6300.2,-1.7,-0.5,-999.0,-1.7
6310.2,-1.8,-0.6,-999.0,-1.8
6320.3,-1.8,-0.6,-999.0,-1.8
6330.3,-1.8,-0.7,-999.0,-1.8
6340.3,-2.0,-0.7,-999.0,-1.9
6350.3,-2.0,-0.9,-999.0,-2.0
6360.3,-2.1,-0.9,-999.0,-1.9
6370.3,-2.2,-1.0,-999.0,-2.0
6380.3,-2.2,-1.0,-999.0,-2.1
6390.4,-2.2,-1.0,-999.0,-2.1
6400.4,-2.3,-1.0,-999.0,-2.1
6410.4,-2.3,-1.1,-999.0,-2.3
6420.4,-2.3,-1.1,-999.0,-2.3
6430.4,-2.4,-1.2,-999.0,-2.3
6440.4,-2.4,-1.2,-999.0,-2.4
6450.4,-2.5,-1.2,-999.0,-2.4
6460.5,-2.5,-1.3,-999.0,-2.5
6470.5,-2.6,-1.3,-999.0,-2.4
6480.5,-2.6,-1.5,-999.0,-2.6
6490.5,-2.6,-1.5,-999.0,-2.7
6500.5,-2.7,-1.5,-999.0,-2.7
6510.5,-2.7,-1.6,-999.0,-2.8
6520.6,-2.8,-1.6,-999.0,-2.7
6530.6,-2.8,-1.7,-999.0,-2.9
6540.6,-2.9,-1.7,-999.0,-3.0
6550.6,-2.9,-1.9,-999.0,-3.0
6560.6,-3.0,-1.9,-999.0,-2.9
6570.6,-2.9,-2.0,-999.0,-3.1
6580.6,-3.1,-2.0,-999.0,-3.2
6590.7,-3.1,-2.1,-999.0,-3.3
6600.7,-3.3,-2.2,-999.0,-3.2
6610.7,-3.3,-2.3,-999.0,-3.5
6620.7,-3.4,-2.3,-999.0,-3.5
6630.7,-3.5,-2.4,-999.0,-3.6
6640.7,-3.5,-2.4,-999.0,-3.7
6650.7,-3.6,-2.5,-999.0,-3.7
6660.8,-3.7,-2.7,-999.0,-3.8
6670.8,-3.8,-2.7,-999.0,-3.9
6680.8,-3.9,-2.7,-999.0,-3.9
6690.8,-3.9,-2.9,-999.0,-4.1
6700.8,-4.0,-2.9,-999.0,-4.1
6710.8,-4.1,-3.0,-999.0,-4.2
6720.9,-4.1,-3.0,-999.0,-4.2
6730.9,-4.2,-3.1,-999.0,-4.4
6740.9,-4.3,-3.1,-999.0,-4.4
6750.9,-4.4,-3.2,-999.0,-4.4
6760.9,-4.5,-3.3,-999.0,-4.5
6770.9,-4.5,-3.4,-999.0,-4.7
6780.9,-4.6,-3.4,-999.0,-4.8
6791.0,-4.7,-3.6,-999.0,-5.0
6801.0,-4.7,-3.8,-999.0,-5.1
6811.0,-4.8,-3.9,-999.0,-5.2
6821.0,-4.8,-4.0,-999.0,-5.2
6831.0,-5.0,-4.0,-999.0,-5.4
6841.0,-5.1,-4.1,-999.0,-5.4
6851.0,-5.1,-4.2,-999.0,-5.6
6861.1,-5.1,-4.2,-999.0,-5.6
6871.1,-5.2,-4.3,-999.0,-5.7
6881.1,-5.3,-4.5,-999.0,-5.7
6891.1,-5.4,-4.5,-999.0,-5.8
6901.1,-5.6,-4.5,-999.0,-5.9
6911.2,-5.5,-4.7,-999.0,-6.0
6921.2,-5.8,-4.7,-999.0,-5.9
6931.2,-5.9,-4.8,-999.0,-6.1
6941.2,-6.0,-4.9,-999.0,-6.2
6951.2,-6.0,-5.0,-999.0,-6.3
6961.2,-6.1,-5.0,-999.0,-6.4
6971.3,-6.1,-5.1,-999.0,-6.5
6981.3,-6.2,-5.2,-999.0,-6.5
6991.3,-6.3,-5.3,-999.0,-6.6
7001.3,-6.4,-5.4,-999.0,-6.7
7011.3,-6.4,-5.5,-999.0,-6.8
7021.3,-6.5,-5.5,-999.0,-6.8
7031.3,-6.6,-5.6,-999.0,-6.9
7041.4,-6.7,-5.7,-999.0,-7.0
7051.4,-6.8,-5.7,-999.0,-7.1
7061.4,-6.8,-5.8,-999.0,-7.2
7071.4,-6.9,-5.9,-999.0,-7.2
7081.4,-7.0,-6.0,-999.0,-7.3
7091.5,-7.1,-6.1,-999.0,-7.4
7101.5,-7.1,-6.1,-999.0,-7.5
7111.5,-7.2,-6.2,-999.0,-7.6
7121.5,-7.3,-6.3,-999.0,-7.6
7131.6,-7.3,-6.5,-999.0,-7.7
7141.6,-7.4,-6.5,-999.0,-7.7
7151.7,-7.5,-6.6,-999.0,-7.9
7161.7,-7.7,-6.7,-999.0,-7.9
7171.7,-7.7,-6.7,-999.0,-8.0
7181.7,-7.7,-6.8,-999.0,-8.1
7191.7,-7.8,-6.9,-999.0,-8.2
7201.7,-7.9,-6.9,-999.0,-8.0
7211.7,-8.0,-7.1,-999.0,-8.3
7221.7,-8.1,-7.1,-999.0,-8.4
7231.8,-8.2,-7.2,-999.0,-8.5
7241.8,-8.3,-7.2,-999.0,-8.5
7251.8,-8.3,-7.3,-999.0,-8.6
7261.8,-8.3,-7.4,-999.0,-8.9
7271.8,-8.4,-7.5,-999.0,-8.8
7281.8,-8.5,-7.5,-999.0,-8.8
7291.9,-8.6,-7.6,-999.0,-9.1
7301.9,-8.6,-8.0,-999.0,-9.2
7311.9,-8.9,-8.0,-999.0,-9.1
7321.9,-8.8,-8.1,-999.0,-9.4
7331.9,-8.9,-8.1,-999.0,-9.4
7341.9,-9.0,-8.2,-999.0,-9.5
7352.0,-9.0,-8.3,-999.0,-9.6
7362.0,-9.2,-8.4,-999.0,-9.7
7372.0,-9.2,-8.5,-999.0,-9.7
7382.0,-9.2,-8.5,-999.0,-9.8
7392.0,-9.3,-8.7,-999.0,-10.0
7402.0,-9.4,-8.7,-999.0,-10.0
7412.0,-9.5,-8.8,-999.0,-10.1
7422.1,-9.5,-8.9,-999.0,-10.2
7432.1,-9.6,-8.9,-999.0,-10.3
7442.1,-9.9,-9.1,-999.0,-10.3
7452.1,-9.8,-9.1,-999.0,-10.4
7462.1,-9.8,-9.2,-999.0,-10.6
7472.1,-10.1,-9.3,-999.0,-10.6
7482.1,-10.0,-9.3,-999.0,-10.7
7492.2,-10.1,-9.4,-999.0,-10.6
7502.2,-10.3,-9.5,-999.0,-10.9
7512.2,-10.4,-9.6,-999.0,-10.9
7522.2,-10.4,-9.7,-999.0,-0.7
7532.2,-10.5,-9.7,-999.0,-0.7
7542.3,-10.6,-9.8,-999.0,-0.5
7552.3,-10.7,-9.9,-999.0,-0.7
7562.3,-10.7,-10.0,-999.0,-0.5
7572.3,-10.8,-10.0,-999.0,-0.7
7582.3,-10.9,-10.1,-999.0,-0.7
7592.3,-11.0,-10.2,-999.0,-0.3
7602.3,-11.0,-10.3,-999.0,-0.5
7612.4,-11.1,-10.3,-999.0,-0.6
7622.4,-11.2,-10.4,-999.0,-0.7
7632.4,-11.2,-10.6,-999.0,-0.5
7642.4,-11.4,-10.6,-999.0,-0.4
7652.4,-11.4,-10.7,-999.0,-0.5
7662.4,-11.5,-10.8,-999.0,-0.7
7672.5,-11.6,-10.8,-999.0,-0.5
7682.5,-11.6,-10.9,-999.0,-0.5
7692.5,-11.6,-10.9,-999.0,-0.6
7702.5,-11.7,-11.0,-999.0,-0.8
7712.5,-11.9,-11.1,-999.0,-0.7
7722.5,-11.9,-11.2,-999.0,-0.6
7732.6,-12.0,-11.2,-999.0,-0.8
7742.6,-12.0,-11.3,-999.0,-0.7
7752.6,-12.2,-11.3,-999.0,-0.8
7762.6,-12.2,-11.4,-999.0,-0.8
7772.6,-12.3,-11.5,-999.0,-1.0
7782.7,-12.4,-11.6,-999.0,-1.0
7792.7,-12.5,-11.6,-999.0,-1.0
7802.7,-12.5,-11.7,-999.0,-1.0
7812.7,-12.6,-11.7,-999.0,-1.1
7822.7,-12.6,-11.8,-999.0,-1.0
7832.7,-12.7,-11.9,-999.0,-1.2
7842.7,-12.8,-12.1,-999.0,-1.3
7852.8,-12.9,-12.0,-999.0,-1.4
7862.8,-12.9,-12.1,-999.0,-1.4
7872.8,-13.1,-12.3,-999.0,-1.3
7882.8,-13.1,-12.4,-999.0,-1.6
7892.8,-13.2,-12.3,-999.0,-1.6
7902.8,-13.2,-12.4,-999.0,-1.6
7912.9,-13.4,-12.5,-999.0,-1.8
7922.9,-13.4,-12.4,-999.0,-1.9
7932.9,-13.4,-12.4,-999.0,-2.0
7942.9,-13.5,-12.4,-999.0,-2.1
7952.9,-13.7,-12.4,-999.0,-2.0
7962.9,-13.7,-12.4,-999.0,-2.3
7972.9,-13.8,-12.4,-999.0,-2.5
7983.0,-13.8,-12.4,-999.0,-2.5
7993.0,-0.9,-12.4,-999.0,-2.5
8003.0,-0.9,-12.5,-999.0,-2.5
8013.0,-0.8,-12.6,-999.0,-2.8
8023.0,-0.8,-12.6,-999.0,-2.8
8033.0,-0.8,-12.6,-999.0,-3.0
8043.0,-0.8,-12.7,-999.0,-3.0
8053.0,-0.9,-12.7,-999.0,-3.1
8063.1,-0.9,-12.8,-999.0,-3.3
8073.1,-0.9,-12.8,-999.0,-3.5
8083.1,-0.9,-12.9,-999.0,-3.6
8093.1,-0.9,-12.9,-999.0,-3.6
8103.1,-0.9,-12.9,-999.0,-3.7
8113.1,-0.9,0.0,-999.0,-3.9
8123.2,-0.9,0.0,-999.0,-4.0
8133.2,-0.9,-0.1,-999.0,-4.0
8143.2,-0.9,-0.1,-999.0,-4.1
8153.2,-1.0,0.0,-999.0,-4.2
8163.2,-1.0,0.0,-999.0,-4.2
8173.2,-1.0,0.0,-999.0,-4.4
8183.3,-1.0,0.0,-999.0,-4.5
8193.3,-1.1,0.0,-999.0,-4.6
8203.3,-1.1,0.0,-999.0,-4.9
8213.3,-1.1,-0.1,-999.0,-4.8
8223.4,-1.2,-0.1,-999.0,-5.0
8233.4,-1.3,-0.1,-999.0,-5.1
8243.4,-1.3,0.0,-999.0,-5.1
8253.4,-1.4,-0.1,-999.0,-5.3
8263.4,-1.7,-0.1,-999.0,-5.5
8273.4,-1.5,-0.1,-999.0,-5.5
8283.4,-1.8,-0.1,-999.0,-5.6
8293.4,-1.8,-0.1,-999.0,-5.6
8303.5,-1.9,-0.1,-999.0,-5.8
8313.5,-2.0,-0.1,-999.0,-5.8
8323.5,-2.1,-0.2,-999.0,-5.9
8333.5,-2.2,-0.2,-999.0,-6.1
8343.5,-2.3,-0.2,-999.0,-6.2
8353.6,-2.4,-0.2,-999.0,-6.3
8363.6,-2.4,-0.2,-999.0,-6.3
8373.6,-2.5,-0.3,-999.0,-6.4
8383.7,-2.6,-0.3,-999.0,-6.5
8393.7,-2.8,-0.3,-999.0,-6.5
8403.7,-2.8,-0.3,-999.0,-6.7
8413.7,-3.0,-0.5,-999.0,-6.9
8423.7,-3.0,-0.5,-999.0,-6.9
8433.7,-3.1,-0.5,-999.0,-7.0
8443.7,-3.3,-0.6,-999.0,-7.2
8453.8,-3.4,-0.7,-999.0,-7.3
8463.8,-3.5,-0.7,-999.0,-7.5
8473.8,-3.6,-0.9,-999.0,-7.6
8483.8,-3.7,-1.0,-999.0,-7.8
8493.8,-3.8,-1.0,-999.0,-7.9
8503.8,-3.9,-1.1,-999.0,-8.0
8513.9,-4.0,-1.2,-999.0,-8.4
8523.9,-4.1,-1.3,-999.0,-8.5
8533.9,-4.2,-1.3,-999.0,-8.8
8543.9,-4.3,-1.5,-999.0,-9.3
8553.9,-4.4,-1.6,-999.0,-9.6
8563.9,-4.5,-1.7,-999.0,-10.0
8573.9,-4.6,-1.9,-999.0,-10.3
8584.0,-4.8,-1.9,-999.0,-10.5
8594.0,-4.8,-2.0,-999.0,-10.9
8604.0,-4.9,-2.2,-999.0,-11.2
8614.0,-5.0,-2.3,-999.0,-11.5
8624.0,-5.2,-2.4,-999.0,-11.7
8634.0,-5.2,-2.5,-999.0,-12.1
8644.1,-5.4,-2.6,-999.0,-12.4
8654.1,-5.5,-2.7,-999.0,-12.6
8664.1,-5.5,-2.8,-999.0,-13.0
8674.1,-5.6,-3.0,-999.0,-13.5
8684.1,-5.7,-3.0,-999.0,-13.8
8694.1,-6.1,-3.1,-999.0,-14.0
8704.1,-6.1,-3.2,-999.0,-14.3
8714.2,-6.3,-3.3,-999.0,-14.5
8724.2,-6.3,-3.4,-999.0,-14.8
8734.2,-6.4,-3.5,-999.0,-15.1
8744.2,-6.6,-3.8,-999.0,-15.3
8754.2,-6.7,-3.9,-999.0,-15.5
8764.2,-6.7,-4.0,-999.0,-15.6
8774.2,-6.9,-4.1,-999.0,-16.0
8784.3,-6.9,-4.2,-999.0,-16.2
8794.3,-7.1,-4.3,-999.0,-16.2
8804.3,-7.2,-4.4,-999.0,-16.5
8814.3,-7.3,-4.5,-999.0,-16.7
8824.3,-7.4,-4.5,-999.0,-16.9
8834.4,-7.5,-4.6,-999.0,-17.1
8844.4,-7.7,-4.7,-999.0,-17.3
8854.4,-7.8,-4.8,-999.0,-17.4
8864.4,-7.9,-5.0,-999.0,-17.8
8874.4,-8.0,-5.0,-999.0,-18.0
8884.4,-8.2,-5.1,-999.0,-18.2
8894.4,-8.3,-5.2,-999.0,-18.4
8904.5,-8.6,-5.3,-999.0,-18.5
8914.5,-8.6,-5.4,-999.0,-18.6
8924.5,-8.9,-5.5,-999.0,-18.7
8934.5,-9.1,-5.6,-999.0,-18.9
8944.6,-9.4,-5.7,-999.0,-19.1
8954.6,-9.6,-5.8,-999.0,-19.2
8964.6,-9.9,-6.0,-999.0,-19.4
8974.6,-10.4,-6.0,-999.0,-19.5
8984.7,-10.7,-6.2,-999.0,-19.6
8994.7,-11.1,-6.3,-999.0,-19.8
9004.7,-11.5,-6.5,-999.0,-19.9
9014.7,-11.9,-6.6,-999.0,-20.1
9024.7,-12.2,-6.7,-999.0,-20.1
9034.8,-12.8,-6.9,-999.0,-20.3
9044.8,-13.1,-7.0,-999.0,-20.4
9054.8,-13.5,-7.2,-999.0,-20.5
9064.8,-13.8,-7.2,-999.0,-20.6
9074.8,-14.4,-7.5,-999.0,-20.8
9084.8,-14.8,-7.7,-999.0,-21.0
9094.8,-15.1,-8.1,-999.0,-21.1
9104.9,-15.6,-8.2,-999.0,-21.2
9114.9,-15.9,-8.5,-999.0,-21.3
9124.9,-16.3,-8.8,-999.0,-21.5
9134.9,-16.5,-9.0,-999.0,-21.4
9144.9,-17.0,-9.3,-999.0,-21.7
9155.0,-17.3,-9.7,-999.0,-21.9
9165.0,-17.6,-10.0,-999.0,-22.2
9175.0,-17.9,-10.4,-999.0,-22.3
9185.0,-18.2,-10.7,-999.0,-22.4
9195.0,-18.7,-11.2,-999.0,-22.6
9205.1,-19.0,-11.5,-999.0,-22.7
9215.1,-19.3,-12.1,-999.0,-22.8
9225.1,-19.5,-12.4,-999.0,-22.9
9235.2,-19.8,-12.9,-999.0,-23.1
9245.2,-20.1,-13.2,-999.0,-23.2
9255.2,-20.4,-13.5,-999.0,-23.1
9265.2,-20.6,-14.0,-999.0,-23.4
9275.2,-20.9,-14.3,-999.0,-23.5
9285.2,-21.2,-14.7,-999.0,-23.7
9295.2,-21.4,-14.9,-999.0,-23.8
9305.3,-21.6,-15.3,-999.0,-23.8
9315.3,-21.8,-15.5,-999.0,-24.0
9325.3,-22.1,-16.0,-999.0,-24.1
9335.3,-22.3,-16.2,-999.0,-24.3
9345.3,-22.5,-16.7,-999.0,-24.4
9355.3,-22.7,-17.0,-999.0,-24.5
9365.3,-23.1,-17.3,-999.0,-24.6
9375.3,-23.3,-17.7,-999.0,-24.7
9385.4,-23.5,-17.9,-999.0,-24.9
9395.4,-23.7,-18.1,-999.0,-25.0
9405.4,-23.9,-18.4,-999.0,-25.2
9415.4,-24.1,-18.7,-999.0,-25.2
9425.5,-24.3,-18.9,-999.0,-25.4
9435.5,-24.5,-19.2,-999.0,-25.6
9445.5,-24.6,-19.4,-999.0,-25.7
9455.5,-24.8,-19.6,-999.0,-25.8
9465.6,-25.0,-19.9,-999.0,-25.9
9475.6,-25.2,-20.0,-999.0,-26.3
9485.6,-25.4,-20.2,-999.0,-26.4
9495.6,-25.4,-20.5,-999.0,-26.5
9505.6,-25.6,-21.0,-999.0,-26.6
9515.6,-25.8,-21.2,-999.0,-26.8
9525.6,-25.9,-21.4,-999.0,-26.9
9535.7,-26.2,-21.6,-999.0,-27.0
9545.7,-26.3,-21.8,-999.0,-27.2
9555.7,-26.4,-22.0,-999.0,-27.3
9565.7,-26.5,-22.2,-999.0,-27.5
9575.7,-26.8,-22.4,-999.0,-27.4
9585.7,-26.8,-22.6,-999.0,-27.7
9595.8,-27.0,-22.8,-999.0,-27.9
9605.8,-27.3,-23.0,-999.0,-27.9
9615.8,-27.5,-23.2,-999.0,-28.1
9625.8,-27.6,-23.5,-999.0,-28.2
9635.8,-27.7,-23.6,-999.0,-28.3
9645.8,-27.9,-23.8,-999.0,-28.4
9655.8,-28.0,-24.0,-999.0,-28.5
9665.9,-28.1,-24.3,-999.0,-28.7
9675.9,-28.2,-24.3,-999.0,-28.7
9685.9,-28.4,-24.6,-999.0,-28.9
9695.9,-28.5,-25.0,-999.0,-29.1
9705.9,-28.6,-25.0,-999.0,-29.1
9715.9,-28.7,-25.4,-999.0,-29.2
9725.9,-28.9,-25.6,-999.0,-29.4
9736.0,-29.0,-25.8,-999.0,-29.4
9746.0,-29.1,-26.0,-999.0,-29.6
9756.0,-29.2,-26.2,-999.0,-29.7
9766.0,-29.3,-26.3,-999.0,-29.8
9776.0,-29.4,-26.5,-999.0,-30.0
9786.0,-29.6,-26.7,-999.0,-29.9
9796.1,-29.7,-26.8,-999.0,-30.2
9806.1,-29.8,-27.0,-999.0,-30.3
9816.1,-29.9,-27.2,-999.0,-30.6
9826.1,-30.0,-27.4,-999.0,-30.8
9836.1,-30.1,-27.5,-999.0,-30.4
9846.2,-30.2,-27.7,-999.0,-30.7
9856.2,-30.3,-27.9,-999.0,-31.0
9866.2,-30.4,-28.0,-999.0,-31.1
9876.2,-30.5,-28.2,-999.0,-31.2
9886.2,-30.6,-28.3,-999.0,-31.3
9896.2,-30.7,-28.5,-999.0,-31.4
9906.3,-30.8,-28.7,-999.0,-31.6
9916.3,-30.9,-28.7,-999.0,-31.6
9926.4,-31.0,-29.0,-999.0,-31.8
9936.4,-31.1,-29.1,-999.0,-31.8
9946.4,-31.2,-29.4,-999.0,-32.0
9956.4,-31.3,-29.7,-999.0,-32.1
9966.5,-31.5,-29.7,-999.0,-32.1
9976.5,-31.7,-29.8,-999.0,-32.3
9986.5,-31.6,-30.1,-999.0,-32.4
9996.5,-31.9,-30.1,-999.0,-32.5
10006.5,-32.0,-30.3,-999.0,-32.5
10016.6,-32.1,-30.4,-999.0,-32.6
10026.6,-32.2,-30.5,-999.0,-32.8
10036.6,-32.2,-30.7,-999.0,-32.8
10046.6,-32.4,-30.8,-999.0,-32.9
10056.6,-32.4,-31.0,-999.0,-33.1
10066.7,-32.5,-31.1,-999.0,-33.1
10076.7,-32.6,-31.2,-999.0,-33.1
10086.7,-32.8,-31.3,-999.0,-33.3
10096.7,-32.8,-31.4,-999.0,-33.4
10106.7,-33.0,-31.6,-999.0,-33.5
10116.8,-33.0,-31.7,-999.0,-33.6
10126.8,-33.1,-31.8,-999.0,-33.5
10136.8,-33.2,-31.9,-999.0,-33.8
10146.8,-33.3,-32.0,-999.0,-33.9
10156.8,-33.3,-32.1,-999.0,-33.9
10166.8,-33.5,-32.3,-999.0,-34.0
10176.9,-33.5,-32.3,-999.0,-34.1
10186.9,-33.6,-32.5,-999.0,-34.2
10196.9,-33.7,-32.5,-999.0,-34.3
10206.9,-33.8,-32.7,-999.0,-34.4
10216.9,-33.8,-32.8,-999.0,-34.5
10227.0,-34.0,-32.9,-999.0,-34.6
10237.0,-34.1,-32.9,-999.0,-34.6
10247.0,-34.2,-33.1,-999.0,-34.9
10257.0,-34.2,-33.2,-999.0,-35.0
10267.0,-34.3,-33.3,-999.0,-35.1
10277.0,-34.4,-33.4,-999.0,-35.2
10287.1,-34.5,-33.6,-999.0,-35.3
10297.1,-34.6,-33.8,-999.0,-35.4
10307.1,-34.7,-33.7,-999.0,-35.5
10317.2,-34.7,-34.0,-999.0,-35.5
10327.2,-34.8,-34.1,-999.0,-35.6
10337.2,-34.9,-34.2,-999.0,-35.7
10347.2,-35.0,-34.3,-999.0,-35.8
10357.2,-35.1,-34.4,-999.0,-35.9
10367.2,-35.2,-34.5,-999.0,-36.0
10377.3,-35.2,-34.6,-999.0,-36.0
10387.3,-35.2,-34.7,-999.0,-36.1
10397.3,-35.4,-34.8,-999.0,-36.2
10407.3,-35.4,-34.9,-999.0,-36.2
10417.3,-35.5,-35.0,-999.0,-36.4
10427.3,-35.6,-35.0,-999.0,-36.3
10437.3,-35.6,-35.2,-999.0,-36.4
10447.4,-35.7,-35.2,-999.0,-36.5
10457.4,-35.7,-35.3,-999.0,-36.6
10467.4,-35.8,-35.3,-999.0,-36.6
10477.4,-35.9,-35.5,-999.0,-36.7
10487.4,-36.2,-35.5,-999.0,-36.7
10497.5,-36.3,-35.5,-999.0,-36.9
10507.5,-36.0,-35.5,-999.0,-36.8
10517.5,-36.1,-35.7,-999.0,-36.8
10527.5,-36.3,-35.7,-999.0,-36.8
10537.5,-36.4,-35.7,-999.0,-36.8
10547.5,-36.4,-35.8,-999.0,-36.9
10557.6,-36.4,-35.9,-999.0,-37.0
10567.6,-36.4,-35.9,-999.0,-37.0
10577.6,-36.5,-35.9,-999.0,-37.0
10587.6,-36.6,-36.0,-999.0,-37.1
10597.7,-36.6,-36.1,-999.0,-37.1
10607.7,-36.7,-36.1,-999.0,-37.1
10617.7,-36.7,-36.2,-999.0,-37.3
10627.7,-36.7,-36.2,-999.0,-37.2
10637.7,-36.7,-36.2,-999.0,-37.2
10647.8,-36.7,-36.2,-999.0,-37.2
10657.8,-36.7,-36.2,-999.0,-37.2
10667.8,-36.8,-36.2,-999.0,-37.2
10677.8,-36.8,-36.4,-999.0,-37.3
10687.8,-36.8,-36.4,-999.0,-37.3
10697.9,-36.9,-36.5,-999.0,-37.3
10707.9,-37.0,-36.5,-999.0,-37.3
10717.9,-37.0,-36.5,-999.0,-37.2
10727.9,-36.9,-36.5,-999.0,-37.3
10737.9,-37.0,-36.5,-999.0,-37.4
10748.0,-36.9,-36.6,-999.0,-37.4
10758.0,-36.9,-36.6,-999.0,-37.4
10768.0,-37.0,-36.6,-999.0,-37.4
10778.1,-37.0,-36.7,-999.0,-37.5
10788.1,-37.0,-36.7,-999.0,-37.5
10798.1,-37.0,-36.7,-999.0,-37.4
10808.1,-37.1,-36.7,-999.0,-37.5
10818.1,-37.1,-36.8,-999.0,-37.5
10828.1,-37.1,-36.7,-999.0,-37.6
10838.2,-37.1,-36.8,-999.0,-37.5
10848.2,-37.1,-36.8,-999.0,-37.5
10858.2,-37.1,-36.9,-999.0,-37.6
10868.2,-37.1,-36.8,-999.0,-37.6
10878.2,-37.1,-36.9,-999.0,-37.6
10888.3,-37.1,-36.9,-999.0,-37.5
10898.3,-37.2,-36.9,-999.0,-37.6
10908.3,-37.1,-36.9,-999.0,-37.5
10918.3,-37.2,-36.9,-999.0,-37.7
10928.3,-37.2,-36.9,-999.0,-37.7
10938.3,-37.2,-36.9,-999.0,-37.6
10948.4,-37.1,-36.9,-999.0,-37.5
10958.4,-37.3,-37.0,-999.0,-37.7
10968.4,-37.3,-37.0,-999.0,-37.7
10978.4,-37.2,-37.0,-999.0,-37.7
10988.4,-37.3,-37.1,-999.0,-37.7
10998.4,-37.3,-37.0,-999.0,-37.7
11008.5,-37.3,-37.1,-999.0,-37.7
11018.5,-37.3,-37.1,-999.0,-37.7
11028.5,-37.4,-37.1,-999.0,-37.8
11038.5,-37.4,-37.1,-999.0,-37.7
11048.5,-37.3,-37.1,-999.0,-37.6
11058.6,-37.4,-37.2,-999.0,-37.8
11068.6,-37.4,-37.1,-999.0,-37.7
11078.6,-37.4,-37.1,-999.0,-37.8
11088.6,-37.4,-37.1,-999.0,-37.8
11098.6,-37.4,-37.2,-999.0,-37.8
11108.7,-37.4,-37.1,-999.0,-37.8
11118.7,-37.4,-37.2,-999.0,-37.7
11128.7,-37.4,-37.2,-999.0,-37.9
11138.7,-37.4,-37.2,-999.0,-37.8
11148.7,-37.4,-37.2,-999.0,-37.9
11158.8,-37.4,-37.2,-999.0,-37.8
11168.8,-37.4,-37.2,-999.0,-37.8
11178.8,-37.5,-37.2,-999.0,-37.7
11188.9,-37.5,-37.3,-999.0,-37.9
11198.9,-37.5,-37.3,-999.0,-37.9
11208.9,-37.5,-37.3,-999.0,-37.9
11218.9,-37.5,-37.3,-999.0,-37.9
11228.9,-37.5,-37.2,-999.0,-37.9
11238.9,-37.5,-37.2,-999.0,-37.9
11249.0,-37.5,-37.4,-999.0,-37.9
11259.0,-37.5,-37.3,-999.0,-37.9
11269.0,-37.5,-37.3,-999.0,-37.9
11279.0,-37.5,-37.3,-999.0,-37.9
11289.0,-37.5,-37.3,-999.0,-37.9
11299.0,-37.5,-37.3,-999.0,-37.9
11309.1,-37.5,-37.3,-999.0,-37.9
11319.1,-37.6,-37.4,-999.0,-37.8
11329.1,-37.5,-37.4,-999.0,-37.9
11339.1,-37.5,-37.4,-999.0,-37.9
11349.1,-37.5,-37.4,-999.0,-37.9
11359.2,-37.6,-37.4,-999.0,-37.9
11369.2,-37.5,-37.4,-999.0,-37.9
11379.2,-37.6,-37.4,-999.0,-38.0
11389.2,-37.6,-37.4,-999.0,-38.0
11399.2,-37.6,-37.4,-999.0,-38.0
11409.2,-37.6,-37.4,-999.0,-38.0
11419.3,-37.6,-37.5,-999.0,-38.0
11429.3,-37.5,-37.4,-999.0,-37.9
11439.3,-37.6,-37.5,-999.0,-38.1
11449.3,-37.6,-37.4,-999.0,-37.9
11459.3,-37.6,-37.4,-999.0,-38.0
11469.3,-37.6,-37.5,-999.0,-38.0
11479.4,-37.7,-37.5,-999.0,-38.1
11489.4,-37.7,-37.6,-999.0,-38.1
11499.4,-37.6,-37.5,-999.0,-38.1
11509.4,-37.7,-37.5,-999.0,-38.1
11519.4,-37.6,-37.5,-999.0,-38.0
11529.4,-37.7,-37.5,-999.0,-38.1
11539.5,-37.6,-37.5,-999.0,-38.1
11549.5,-37.7,-37.5,-999.0,-38.1
11559.5,-37.7,-37.6,-999.0,-38.1
11569.5,-37.7,-37.6,-999.0,-38.1
11579.6,-37.7,-37.6,-999.0,-38.1
11589.6,-37.7,-37.6,-999.0,-38.1
11599.6,-37.7,-37.6,-999.0,-38.2
11609.6,-37.8,-37.6,-999.0,-38.2
11619.7,-37.7,-37.6,-999.0,-38.1
11629.7,-37.8,-37.6,-999.0,-38.2
11639.7,-37.8,-37.6,-999.0,-38.2
11649.7,-37.8,-37.6,-999.0,-38.2
11659.8,-37.8,-37.6,-999.0,-38.1
11669.8,-37.8,-37.6,-999.0,-38.2
11679.8,-37.8,-37.6,-999.0,-38.2
11689.8,-37.8,-37.6,-999.0,-38.2
11699.8,-37.9,-37.6,-999.0,-38.2
11709.8,-37.8,-37.6,-999.0,-38.2
11719.9,-37.8,-37.6,-999.0,-38.2
11729.9,-37.9,-37.6,-999.0,-38.1
11739.9,-37.9,-37.6,-999.0,-38.2
11749.9,-37.8,-37.6,-999.0,-38.2
11760.0,-37.9,-37.6,-999.0,-38.2
11770.0,-37.9,-37.7,-999.0,-38.2
11780.0,-37.9,-37.7,-999.0,-38.3
11790.0,-37.9,-37.7,-999.0,-38.2
11800.1,-37.9,-37.7,-999.0,-38.3
11810.1,-37.9,-37.6,-999.0,-38.2
11820.1,-37.9,-37.8,-999.0,-38.3
11830.1,-37.9,-37.7,-999.0,-38.2
11840.1,-37.9,-37.7,-999.0,-38.2
11850.1,-37.9,-37.7,-999.0,-38.2
11860.2,-37.9,-37.7,-999.0,-38.3
11870.2,-37.9,-37.7,-999.0,-38.3
11880.2,-37.9,-37.7,-999.0,-38.3
11890.2,-37.9,-37.7,-999.0,-38.2
11900.2,-38.0,-38.0,-999.0,-38.4
11910.3,-38.0,-37.7,-999.0,-38.2
11920.3,-38.0,-37.8,-999.0,-38.2
11930.3,-37.9,-37.7,-999.0,-38.2
11940.4,-37.9,-37.8,-999.0,-38.3
11950.4,-37.9,-37.8,-999.0,-38.3
11960.4,-38.0,-37.8,-999.0,-38.3
11970.4,-38.0,-37.8,-999.0,-38.4
11980.4,-38.0,-37.7,-999.0,-38.3
11990.5,-38.0,-38.0,-999.0,-38.4
12000.5,-38.0,-37.7,-999.0,-38.4
12010.5,-38.0,-37.8,-999.0,-38.4
12020.5,-38.0,-37.8,-999.0,-38.4
12030.5,-38.0,-37.8,-999.0,-38.3
12040.5,-38.0,-37.8,-999.0,-38.4
12050.6,-38.0,-37.8,-999.0,-38.4
12060.6,-38.0,-37.8,-999.0,-38.3
12070.6,-38.0,-37.9,-999.0,-38.3
12080.6,-38.0,-37.9,-999.0,-38.4
12090.6,-38.1,-38.0,-999.0,-38.4
12100.7,-38.1,-37.9,-999.0,-38.4
12110.7,-38.1,-38.0,-999.0,-38.2
12120.7,-38.0,-37.9,-999.0,-38.4
12130.7,-38.1,-37.8,-999.0,-38.4
12140.7,-38.1,-37.9,-999.0,-38.4
12150.8,-38.0,-38.0,-999.0,-38.4
12160.8,-38.1,-38.1,-999.0,-38.4
12170.8,-38.1,-37.9,-999.0,-38.5
12180.8,-38.1,-37.9,-999.0,-38.4
12190.8,-38.1,-37.9,-999.0,-38.6
12200.9,-38.1,-37.9,-999.0,-38.5
12210.9,-38.1,-37.9,-999.0,-38.5
12220.9,-38.1,-38.1,-999.0,-38.3
12230.9,-38.1,-37.9,-999.0,-38.6
12240.9,-38.1,-37.9,-999.0,-38.5
12251.0,-38.1,-37.9,-999.0,-38.4
12261.0,-38.1,-37.9,-999.0,-38.5
12271.0,-38.1,-37.9,-999.0,-38.5
12281.0,-38.1,-38.2,-999.0,-38.5
12291.1,-38.1,-37.9,-999.0,-38.5
12301.1,-38.1,-38.2,-999.0,-38.5
12311.1,-38.2,-38.2,-999.0,-38.6
12321.1,-38.1,-37.9,-999.0,-38.6
12331.1,-38.2,-37.9,-999.0,-38.6
12341.1,-38.2,-37.9,-999.0,-38.5
12351.2,-38.2,-37.9,-999.0,-38.6
12361.2,-38.2,-37.9,-999.0,-38.6
12371.2,-38.2,-38.2,-999.0,-38.6
12381.2,-38.2,-37.9,-999.0,-38.6
12391.2,-38.2,-37.9,-999.0,-38.6
12401.3,-38.3,-38.1,-999.0,-38.6
12411.3,-38.2,-38.2,-999.0,-38.6
12421.3,-38.2,-38.2,-999.0,-38.6
12431.4,-38.2,-37.9,-999.0,-38.6
12441.4,-38.3,-38.2,-999.0,-38.6
12451.4,-38.2,-38.2,-999.0,-38.6
12461.4,-38.3,-37.9,-999.0,-38.6
12471.4,-38.3,-38.2,-999.0,-38.6
12481.5,-38.3,-38.3,-999.0,-38.6
12491.5,-38.3,-38.0,-999.0,-38.6
12501.5,-38.2,-38.2,-999.0,-38.6
12511.6,-38.3,-38.0,-999.0,-38.6
12521.6,-38.3,-38.0,-999.0,-38.7
12531.6,-38.3,-38.0,-999.0,-38.5
12541.6,-38.3,-38.0,-999.0,-38.6
12551.7,-38.3,-38.2,-999.0,-38.6
12561.7,-38.3,-38.0,-999.0,-38.7
12571.7,-38.3,-38.0,-999.0,-38.6
12581.7,-38.3,-38.0,-999.0,-38.6
12591.7,-38.3,-38.3,-999.0,-38.7
12601.8,-38.3,-38.0,-999.0,-38.7
12611.8,-38.3,-38.1,-999.0,-38.7
12621.8,-38.3,-38.0,-999.0,-38.6
12631.8,-38.3,-38.3,-999.0,-38.6
12641.9,-38.3,-38.3,-999.0,-38.8
12651.9,-38.3,-38.2,-999.0,-38.6
12661.9,-38.3,-38.3,-999.0,-38.7
12671.9,-38.3,-38.0,-999.0,-38.7
12682.0,-38.3,-38.3,-999.0,-38.7
12692.0,-38.3,-38.1,-999.0,-38.7
12702.0,-38.3,-38.3,-999.0,-38.7
12712.0,-38.3,-38.3,-999.0,-38.7
12722.1,-38.3,-38.1,-999.0,-38.7
12732.1,-38.3,-38.2,-999.0,-38.6
12742.1,-38.3,-38.3,-999.0,-38.7
12752.1,-38.3,-38.1,-999.0,-38.7
12762.1,-38.3,-38.1,-999.0,-38.7
12772.2,-38.3,-38.1,-999.0,-38.7
12782.2,-38.3,-38.2,-999.0,-38.7
12792.2,-38.4,-38.3,-999.0,-38.8
12802.2,-38.4,-38.3,-999.0,-38.7
12812.2,-38.3,-38.1,-999.0,-38.8
12822.3,-38.4,-38.1,-999.0,-38.7
12832.3,-38.4,-38.2,-999.0,-38.7
12842.3,-38.4,-38.3,-999.0,-38.7
12852.3,-38.3,-38.3,-999.0,-38.7
12862.3,-38.3,-38.3,-999.0,-38.7
12872.4,-38.4,-38.3,-999.0,-38.8
12882.4,-38.4,-38.4,-999.0,-38.7
12892.4,-38.3,-38.4,-999.0,-38.8
12902.4,-38.4,-38.4,-999.0,-38.8
12912.4,-38.5,-38.4,-999.0,-38.8
12922.5,-38.4,-38.4,-999.0,-38.7
12932.5,-38.4,-38.4,-999.0,-38.8
12942.5,-38.4,-38.4,-999.0,-38.8
12952.5,-38.4,-38.4,-999.0,-38.8
12962.5,-38.4,-38.3,-999.0,-38.8
12972.6,-38.5,-38.4,-999.0,-38.7
12982.6,-38.4,-38.4,-999.0,-38.8
12992.6,-38.4,-38.4,-999.0,-38.9
13002.6,-38.4,-38.4,-999.0,-38.8
13012.6,-38.5,-38.4,-999.0,-38.8
13022.6,-38.5,-38.4,-999.0,-38.8
13032.6,-38.4,-38.4,-999.0,-38.9
13042.7,-38.5,-38.4,-999.0,-38.8
13052.7,-38.5,-38.3,-999.0,-38.8
13062.7,-38.4,-38.4,-999.0,-38.8
13072.7,-38.4,-38.4,-999.0,-38.9
13082.7,-38.4,-38.4,-999.0,-38.7
13092.7,-38.5,-38.4,-999.0,-38.8
13102.8,-38.4,-38.4,-999.0,-38.9
13112.8,-38.5,-38.4,-999.0,-38.8
13122.8,-38.4,-38.4,-999.0,-38.9
13132.9,-38.5,-38.4,-999.0,-38.8
13142.9,-38.5,-38.5,-999.0,-38.8
13152.9,-38.5,-38.4,-999.0,-38.8
13162.9,-38.5,-38.5,-999.0,-38.9
13172.9,-38.5,-38.4,-999.0,-38.8
13182.9,-38.5,-38.4,-999.0,-38.9
13193.0,-38.4,-38.4,-999.0,-38.9
13203.0,-38.5,-38.4,-999.0,-38.8
13213.0,-38.5,-38.5,-999.0,-39.0
13223.0,-38.5,-38.4,-999.0,-38.9
13233.0,-38.5,-38.4,-999.0,-38.8
13243.1,-38.5,-38.4,-999.0,-38.8
13253.1,-38.5,-38.4,-999.0,-38.9
13263.1,-38.6,-38.4,-999.0,-39.0
13273.2,-38.5,-38.4,-999.0,-38.9
13283.2,-38.5,-38.5,-999.0,-38.9
13293.2,-38.5,-38.4,-999.0,-38.9
13303.3,-38.5,-38.5,-999.0,-39.0
13313.3,-38.5,-38.4,-999.0,-38.9
13323.4,-38.6,-38.4,-999.0,-38.9
13333.4,-38.6,-38.5,-999.0,-38.9
13343.4,-38.5,-38.4,-999.0,-39.0
13353.4,-38.5,-38.5,-999.0,-38.9
13363.4,-38.5,-38.5,-999.0,-38.9
13373.5,-38.5,-38.5,-999.0,-38.9
13383.5,-38.5,-38.5,-999.0,-38.9
13393.5,-38.6,-38.5,-999.0,-38.9
13403.5,-38.6,-38.5,-999.0,-38.9
13413.5,-38.6,-38.4,-999.0,-38.8
13423.6,-38.7,-38.5,-999.0,-39.2
13433.6,-38.6,-38.5,-999.0,-38.9
13443.6,-38.6,-38.6,-999.0,-39.0
13453.6,-38.6,-38.5,-999.0,-39.0
13463.6,-38.6,-38.5,-999.0,-39.0
13473.6,-38.7,-38.4,-999.0,-38.9
13483.7,-38.6,-38.5,-999.0,-38.8
13493.7,-38.6,-38.5,-999.0,-38.9
13503.7,-38.6,-38.6,-999.0,-38.9
13513.8,-38.6,-38.5,-999.0,-38.9
13523.8,-38.6,-38.5,-999.0,-38.9
13533.8,-38.6,-38.5,-999.0,-39.0
13543.8,-38.6,-38.6,-999.0,-38.9
13553.8,-38.6,-38.5,-999.0,-38.9
13563.9,-38.6,-38.5,-999.0,-39.0
13573.9,-38.7,-38.6,-999.0,-39.0
13583.9,-38.7,-38.6,-999.0,-38.9
13593.9,-38.7,-38.5,-999.0,-39.0
13604.0,-38.6,-38.5,-999.0,-38.9
13614.0,-38.6,-38.5,-999.0,-39.0
13624.0,-38.6,-38.5,-999.0,-39.2
13634.0,-38.7,-38.6,-999.0,-39.2
13644.0,-38.7,-38.5,-999.0,-38.9
13654.1,-38.7,-38.6,-999.0,-39.0
13664.1,-38.6,-38.5,-999.0,-39.3
13674.1,-38.6,-38.5,-999.0,-39.0
13684.1,-38.6,-38.5,-999.0,-39.0
13694.1,-38.7,-38.5,-999.0,-39.1
13704.1,-38.6,-38.6,-999.0,-39.0
13714.2,-38.6,-38.6,-999.0,-39.0
13724.2,-38.6,-38.6,-999.0,-39.0
13734.2,-38.7,-38.6,-999.0,-38.9
13744.2,-38.6,-38.6,-999.0,-39.0
13754.2,-38.7,-38.5,-999.0,-39.0
13764.3,-38.7,-38.5,-999.0,-38.9
13774.3,-38.7,-38.6,-999.0,-39.0
13784.3,-38.7,-38.6,-999.0,-39.0
13794.3,-38.7,-38.5,-999.0,-39.2
13804.3,-38.7,-38.5,-999.0,-39.0
13814.4,-38.7,-38.6,-999.0,-39.2
13824.4,-38.7,-38.5,-999.0,-38.9
13834.4,-38.7,-38.6,-999.0,-39.2
13844.4,-38.6,-38.6,-999.0,-39.0
13854.4,-38.7,-38.5,-999.0,-38.9
13864.5,-38.7,-38.6,-999.0,-39.2
13874.5,-38.7,-38.5,-999.0,-39.3
13884.5,-38.7,-38.6,-999.0,-39.3
13894.6,-38.7,-38.6,-999.0,-38.9
13904.6,-38.7,-38.6,-999.0,-39.0
13914.6,-38.7,-38.6,-999.0,-39.2
13924.6,-38.7,-38.5,-999.0,-39.0
13934.6,-38.7,-38.5,-999.0,-38.9
13944.7,-38.7,-38.5,-999.0,-39.0
13954.7,-38.7,-38.5,-999.0,-39.0
13964.7,-38.6,-38.5,-999.0,-38.9
13974.7,-38.6,-38.4,-999.0,-38.8
13984.7,-38.6,-38.5,-999.0,-38.8
13994.8,-38.6,-38.4,-999.0,-38.9
14004.8,-38.5,-38.3,-999.0,-38.8
14014.8,-38.5,-38.4,-999.0,-38.6
14024.8,-38.5,-38.3,-999.0,-38.7
14034.8,-38.4,-38.3,-999.0,-38.7
14044.9,-38.4,-38.2,-999.0,-38.6
14054.9,-38.3,-38.2,-999.0,-38.6
14064.9,-38.3,-37.9,-999.0,-38.6
14075.0,-38.3,-38.1,-999.0,-38.5
14085.0,-38.3,-37.9,-999.0,-38.5
14095.0,-38.3,-38.1,-999.0,-38.4
14105.0,-38.3,-37.9,-999.0,-38.4
14115.0,-38.1,-37.8,-999.0,-38.5
14125.1,-38.1,-37.8,-999.0,-38.3
14135.1,-38.1,-37.7,-999.0,-38.3
14145.1,-37.9,-37.6,-999.0,-38.2
14155.1,-37.9,-37.6,-999.0,-38.2
14165.1,-37.9,-37.5,-999.0,-37.9
14175.2,-37.9,-37.5,-999.0,-38.0
14185.2,-37.8,-37.4,-999.0,-38.0
14195.2,-37.8,-37.4,-999.0,-37.9
14205.2,-37.7,-37.4,-999.0,-37.9
14215.2,-37.7,-37.3,-999.0,-37.7
14225.2,-37.6,-37.3,-999.0,-37.9
14235.3,-37.5,-37.2,-999.0,-37.7
14245.3,-37.5,-37.2,-999.0,-37.6
14255.3,-37.4,-37.1,-999.0,-37.6
14265.3,-37.3,-37.0,-999.0,-37.5
14275.3,-37.3,-37.0,-999.0,-37.5
14285.3,-37.2,-36.9,-999.0,-37.4
14295.4,-37.2,-36.9,-999.0,-37.4
14305.4,-37.1,-36.9,-999.0,-37.2
14315.4,-37.1,-36.8,-999.0,-37.2
14325.4,-37.0,-36.6,-999.0,-37.1
14335.4,-37.0,-36.7,-999.0,-37.1
14345.5,-36.9,-36.6,-999.0,-37.0
14355.5,-36.7,-36.5,-999.0,-36.9
14365.5,-36.7,-36.4,-999.0,-36.9
14375.5,-36.7,-36.4,-999.0,-36.9
14385.5,-36.7,-36.4,-999.0,-36.8
14395.6,-36.6,-36.3,-999.0,-36.8
14405.6,-36.5,-36.2,-999.0,-36.6
14415.6,-36.5,-36.2,-999.0,-36.5
14425.6,-36.4,-36.1,-999.0,-36.5
14435.6,-36.1,-36.0,-999.0,-36.5
14445.7,-36.3,-35.9,-999.0,-36.4
14455.7,-35.9,-35.9,-999.0,-36.3
14465.7,-35.9,-35.8,-999.0,-36.3
14475.7,-35.8,-35.9,-999.0,-36.3
14485.8,-35.8,-35.8,-999.0,-36.1
14495.8,-35.8,-35.7,-999.0,-36.0
14505.8,-35.7,-35.6,-999.0,-36.0
14515.8,-35.6,-35.5,-999.0,-35.9
14525.9,-35.6,-35.5,-999.0,-35.9
14535.9,-35.5,-35.4,-999.0,-35.9
14545.9,-35.4,-35.4,-999.0,-35.8
14555.9,-35.3,-35.2,-999.0,-35.7
14566.0,-35.4,-35.2,-999.0,-35.6
14576.0,-35.3,-35.2,-999.0,-35.6
14586.0,-35.2,-35.1,-999.0,-35.5
14596.0,-35.1,-35.0,-999.0,-35.4
14606.0,-35.0,-34.9,-999.0,-35.5
14616.0,-35.0,-34.9,-999.0,-35.3
14626.1,-35.0,-34.8,-999.0,-35.1
14636.1,-34.9,-34.8,-999.0,-35.1
14646.1,-34.8,-34.7,-999.0,-35.1
14656.1,-34.7,-34.6,-999.0,-34.8
14666.1,-34.6,-34.6,-999.0,-34.7
14676.2,-34.6,-34.5,-999.0,-34.6
14686.2,-34.5,-34.5,-999.0,-34.5
14696.2,-34.5,-34.4,-999.0,-34.5
14706.2,-34.5,-34.3,-999.0,-34.5
14716.2,-34.3,-34.3,-999.0,-34.4
14726.2,-34.3,-34.2,-999.0,-34.4
14736.3,-34.3,-34.2,-999.0,-34.4
14746.3,-34.2,-34.1,-999.0,-34.2
14756.3,-34.1,-34.1,-999.0,-34.2
14766.4,-34.0,-33.9,-999.0,-33.9
14776.4,-33.9,-33.8,-999.0,-34.0
14786.4,-33.8,-33.6,-999.0,-34.0
14796.4,-33.8,-33.8,-999.0,-33.9
14806.5,-33.8,-33.5,-999.0,-33.8
14816.5,-33.7,-33.4,-999.0,-33.8
14826.5,-33.6,-33.3,-999.0,-33.7
14836.5,-33.6,-33.2,-999.0,-33.7
14846.5,-33.6,-33.3,-999.0,-33.7
14856.6,-33.4,-33.1,-999.0,-33.4
14866.6,-33.4,-33.1,-999.0,-33.4
14876.6,-33.3,-33.0,-999.0,-33.5
14886.6,-33.3,-33.0,-999.0,-33.4
14896.6,-33.2,-32.9,-999.0,-33.2
14906.7,-33.1,-32.8,-999.0,-33.1
14916.7,-33.1,-32.8,-999.0,-33.2
14926.7,-33.0,-32.7,-999.0,-33.1
14936.8,-32.9,-32.6,-999.0,-33.0
14946.8,-32.8,-32.6,-999.0,-32.9
14956.8,-32.8,-32.5,-999.0,-32.7
14966.8,-32.7,-32.4,-999.0,-32.7
14976.8,-32.6,-32.4,-999.0,-32.7
14986.8,-32.6,-32.3,-999.0,-32.7
14996.9,-32.4,-32.2,-999.0,-32.5
15006.9,-32.4,-32.1,-999.0,-32.5
15016.9,-32.3,-32.0,-999.0,-32.4
15026.9,-32.2,-32.0,-999.0,-32.3
15036.9,-32.2,-31.9,-999.0,-32.2
15046.9,-32.1,-31.8,-999.0,-32.2
15057.0,-32.1,-31.8,-999.0,-32.1
15067.0,-32.0,-31.7,-999.0,-32.0
15077.0,-31.9,-31.6,-999.0,-32.1
15087.0,-31.8,-31.6,-999.0,-31.9
15097.1,-31.8,-31.5,-999.0,-31.9
15107.1,-31.5,-31.4,-999.0,-31.8
15117.1,-31.3,-31.4,-999.0,-31.7
15127.1,-31.4,-31.3,-999.0,-31.6
15137.2,-31.3,-31.2,-999.0,-31.6
15147.2,-31.2,-31.1,-999.0,-31.5
15157.2,-31.2,-31.1,-999.0,-31.4
15167.2,-31.1,-31.0,-999.0,-31.4
15177.2,-31.1,-31.0,-999.0,-31.3
15187.3,-30.9,-30.8,-999.0,-31.2
15197.3,-30.9,-30.8,-999.0,-31.1
15207.3,-30.8,-30.7,-999.0,-30.9
15217.3,-30.8,-30.7,-999.0,-31.0
15227.3,-30.7,-30.6,-999.0,-31.0
15237.4,-30.5,-30.4,-999.0,-30.8
15247.4,-30.5,-30.5,-999.0,-30.8
15257.4,-30.5,-30.4,-999.0,-30.4
15267.4,-30.4,-30.3,-999.0,-30.4
15277.4,-30.3,-30.2,-999.0,-30.3
15287.5,-30.3,-30.2,-999.0,-30.5
15297.5,-30.2,-30.0,-999.0,-30.3
15307.5,-30.1,-30.0,-999.0,-30.2
15317.5,-30.0,-29.9,-999.0,-30.0
15327.6,-29.9,-29.9,-999.0,-30.0
15337.6,-29.9,-29.7,-999.0,-29.9
15347.6,-29.8,-29.7,-999.0,-29.9
15357.6,-29.7,-29.7,-999.0,-29.9
15367.6,-29.7,-29.6,-999.0,-29.7
15377.7,-29.7,-29.3,-999.0,-29.6
15387.7,-29.6,-29.2,-999.0,-29.6
15397.7,-29.6,-29.2,-999.0,-29.6
15407.7,-29.4,-29.1,-999.0,-29.4
15417.8,-29.4,-29.0,-999.0,-29.5
15427.8,-29.3,-29.0,-999.0,-29.4
15437.8,-29.3,-28.9,-999.0,-29.3
15447.8,-29.2,-28.8,-999.0,-29.2
15457.9,-29.2,-28.7,-999.0,-29.2
15467.9,-29.0,-28.7,-999.0,-29.0
15477.9,-29.0,-28.7,-999.0,-29.1
15487.9,-28.9,-28.5,-999.0,-29.0
15497.9,-28.9,-28.4,-999.0,-28.9
15507.9,-28.9,-28.4,-999.0,-28.8
15517.9,-28.6,-28.3,-999.0,-28.7
15528.0,-28.7,-28.2,-999.0,-28.7
15538.0,-28.6,-28.2,-999.0,-28.6
15548.0,-28.5,-28.1,-999.0,-28.5
15558.0,-28.5,-28.1,-999.0,-28.4
15568.0,-28.4,-28.0,-999.0,-28.2
15578.1,-28.4,-28.0,-999.0,-28.4
15588.1,-28.3,-27.9,-999.0,-28.2
15598.1,-28.2,-27.8,-999.0,-28.2
15608.1,-28.1,-27.7,-999.0,-28.1
15618.2,-28.1,-27.6,-999.0,-28.1
15628.2,-28.0,-27.5,-999.0,-27.9
15638.2,-27.9,-27.5,-999.0,-27.8
15648.2,-27.9,-27.5,-999.0,-27.8
15658.2,-27.7,-27.4,-999.0,-27.7
15668.2,-27.7,-27.4,-999.0,-27.6
15678.3,-27.6,-27.2,-999.0,-27.4
15688.3,-27.3,-27.2,-999.0,-27.5
15698.3,-27.4,-27.1,-999.0,-27.4
15708.3,-27.4,-27.0,-999.0,-27.3
15718.3,-27.2,-27.0,-999.0,-27.2
15728.4,-27.0,-26.9,-999.0,-27.2
15738.4,-26.8,-26.8,-999.0,-27.0
15748.4,-26.8,-26.8,-999.0,-27.0
15758.4,-26.7,-26.7,-999.0,-26.8
15768.4,-26.6,-26.6,-999.0,-26.8
15778.5,-26.6,-26.5,-999.0,-26.7
15788.5,-26.5,-26.4,-999.0,-26.6
15798.5,-26.4,-26.3,-999.0,-26.5
15808.5,-26.4,-26.3,-999.0,-26.4
15818.5,-26.2,-26.1,-999.0,-26.4
15828.5,-26.2,-26.1,-999.0,-26.0
15838.5,-26.1,-26.0,-999.0,-26.0
15848.6,-25.9,-25.9,-999.0,-25.9
15858.6,-25.9,-25.8,-999.0,-25.7
15868.6,-25.8,-25.8,-999.0,-25.7
15878.6,-25.7,-25.7,-999.0,-25.6
15888.6,-25.6,-25.6,-999.0,-25.5
15898.7,-25.6,-25.5,-999.0,-25.4
15908.7,-25.5,-25.4,-999.0,-25.4
15918.7,-25.4,-25.1,-999.0,-25.3
15928.7,-25.3,-25.2,-999.0,-25.2
15938.7,-25.2,-25.1,-999.0,-25.1
15948.7,-25.2,-25.1,-999.0,-25.0
15958.8,-25.1,-24.7,-999.0,-25.0
15968.8,-25.0,-24.6,-999.0,-24.9
15978.8,-24.9,-24.5,-999.0,-24.8
15988.8,-24.9,-24.4,-999.0,-24.5
15998.8,-24.7,-24.3,-999.0,-24.6
16008.8,-24.6,-24.3,-999.0,-24.5
16018.9,-24.5,-24.2,-999.0,-24.4
16028.9,-24.5,-24.0,-999.0,-24.4
16038.9,-24.4,-24.0,-999.0,-24.3
16048.9,-24.3,-23.9,-999.0,-24.2
16059.0,-24.2,-23.8,-999.0,-24.1
16069.0,-24.1,-23.7,-999.0,-24.0
16079.0,-24.0,-23.7,-999.0,-24.0
16089.1,-23.9,-23.6,-999.0,-23.7
16099.1,-23.8,-23.4,-999.0,-23.8
16109.1,-23.8,-23.4,-999.0,-23.7
16119.1,-23.7,-23.2,-999.0,-23.4
16129.1,-23.6,-23.1,-999.0,-23.5
16139.2,-23.5,-23.1,-999.0,-23.4
16149.2,-23.4,-23.0,-999.0,-23.3
16159.2,-23.3,-23.0,-999.0,-23.2
16169.2,-23.2,-22.8,-999.0,-23.2
16179.2,-23.2,-22.8,-999.0,-23.1
16189.2,-23.1,-22.7,-999.0,-23.0
16199.2,-23.0,-22.5,-999.0,-22.9
16209.3,-22.7,-22.5,-999.0,-22.8
16219.3,-22.6,-22.4,-999.0,-22.8
16229.3,-22.5,-22.3,-999.0,-22.7
16239.3,-22.5,-22.2,-999.0,-22.5
16249.3,-22.4,-22.1,-999.0,-22.5
16259.4,-22.3,-22.0,-999.0,-22.4
16269.4,-22.1,-22.0,-999.0,-22.3
16279.4,-22.1,-21.8,-999.0,-22.2
16289.5,-22.0,-21.8,-999.0,-22.1
16299.5,-22.0,-21.7,-999.0,-22.0
16309.5,-21.9,-21.6,-999.0,-21.8
16319.5,-21.8,-21.5,-999.0,-21.6
16329.5,-21.7,-21.4,-999.0,-21.6
16339.6,-21.6,-21.3,-999.0,-21.5
16349.6,-21.5,-21.2,-999.0,-21.4
16359.6,-21.5,-21.0,-999.0,-21.3
16369.6,-21.3,-21.0,-999.0,-21.3
16379.7,-21.2,-20.9,-999.0,-21.2
16389.7,-21.2,-20.9,-999.0,-21.1
16399.7,-21.0,-20.5,-999.0,-21.0
16409.7,-21.0,-20.4,-999.0,-20.9
16419.8,-20.9,-20.3,-999.0,-20.9
16429.8,-20.9,-20.2,-999.0,-20.8
16439.8,-20.7,-20.2,-999.0,-20.7
16449.8,-20.6,-20.0,-999.0,-20.7
16459.8,-20.6,-20.0,-999.0,-20.6
16469.8,-20.5,-19.9,-999.0,-20.5
16479.9,-20.4,-19.8,-999.0,-20.4
16489.9,-20.4,-19.8,-999.0,-20.4
16499.9,-20.3,-19.7,-999.0,-20.3
16509.9,-20.3,-19.6,-999.0,-20.2
16519.9,-20.1,-19.5,-999.0,-20.2
16530.0,-20.2,-19.4,-999.0,-20.1
16540.0,-20.1,-19.3,-999.0,-20.1
16550.0,-20.0,-19.3,-999.0,-20.0
16560.0,-20.0,-19.2,-999.0,-20.0
16570.0,-19.9,-19.1,-999.0,-19.9
16580.0,-19.9,-19.1,-999.0,-19.8
16590.1,-19.7,-19.0,-999.0,-19.8
16600.1,-19.7,-18.9,-999.0,-19.7
16610.1,-19.7,-18.8,-999.0,-19.6
16620.2,-19.6,-18.8,-999.0,-19.5
16630.2,-19.6,-18.7,-999.0,-19.5
16640.2,-19.4,-18.6,-999.0,-19.5
16650.2,-19.4,-18.6,-999.0,-19.3
16660.2,-19.4,-18.5,-999.0,-19.3
16670.3,-19.3,-18.5,-999.0,-19.3
16680.3,-19.3,-18.4,-999.0,-19.0
16690.3,-19.2,-18.3,-999.0,-19.2
16700.3,-19.2,-18.3,-999.0,-19.1
16710.3,-19.0,-18.2,-999.0,-19.0
16720.4,-19.0,-18.2,-999.0,-19.0
16730.4,-18.9,-18.2,-999.0,-18.9
16740.4,-18.9,-18.1,-999.0,-18.8
16750.4,-18.8,-18.0,-999.0,-18.8
16760.4,-18.8,-17.9,-999.0,-18.7
16770.4,-18.7,-17.9,-999.0,-18.6
16780.5,-18.7,-17.8,-999.0,-18.4
16790.5,-18.4,-17.8,-999.0,-18.4
16800.5,-18.3,-17.7,-999.0,-18.4
16810.5,-18.3,-17.7,-999.0,-18.4
16820.5,-18.2,-17.6,-999.0,-18.3
16830.6,-18.1,-17.5,-999.0,-18.3
16840.6,-18.1,-17.5,-999.0,-18.2
16850.6,-18.0,-17.4,-999.0,-18.1
16860.6,-18.0,-17.3,-999.0,-18.0
16870.7,-17.9,-17.3,-999.0,-18.0
16880.7,-17.9,-17.2,-999.0,-18.0
16890.7,-17.8,-17.2,-999.0,-17.6
16900.7,-17.7,-17.1,-999.0,-17.8
16910.7,-17.7,-17.1,-999.0,-17.6
16920.8,-17.6,-17.0,-999.0,-17.8
16930.8,-17.6,-17.0,-999.0,-17.7
16940.8,-17.5,-16.9,-999.0,-17.4
16950.8,-17.5,-16.9,-999.0,-17.4
16960.8,-17.4,-16.8,-999.0,-17.2
16970.9,-17.3,-16.8,-999.0,-17.3
16980.9,-17.3,-16.8,-999.0,-17.3
16990.9,-17.3,-16.8,-999.0,-17.2
17000.9,-17.3,-16.7,-999.0,-17.2
17010.9,-17.3,-16.4,-999.0,-17.1
17020.9,-17.2,-16.6,-999.0,-17.1
17031.0,-17.1,-16.4,-999.0,-17.1
17041.0,-17.1,-16.5,-999.0,-17.1
17051.0,-17.1,-16.5,-999.0,-17.1
17061.0,-17.1,-16.3,-999.0,-16.9
17071.0,-17.0,-16.2,-999.0,-17.0
17081.1,-17.0,-16.2,-999.0,-16.9
17091.1,-17.0,-16.2,-999.0,-16.8
17101.1,-16.9,-16.2,-999.0,-16.9
17111.1,-16.9,-16.2,-999.0,-16.8
17121.2,-16.9,-16.1,-999.0,-16.8
17131.2,-16.9,-16.1,-999.0,-16.8
17141.2,-16.8,-16.1,-999.0,-16.8
17151.2,-16.8,-16.0,-999.0,-16.8
17161.3,-16.8,-16.0,-999.0,-16.8
17171.3,-16.7,-16.0,-999.0,-16.8
17181.3,-16.7,-16.0,-999.0,-16.8
17191.3,-16.7,-16.0,-999.0,-16.6
17201.3,-16.7,-16.0,-999.0,-16.7
17211.3,-16.7,-15.9,-999.0,-16.7
17221.4,-16.7,-15.9,-999.0,-16.7
17231.4,-16.7,-16.0,-999.0,-16.7
17241.4,-16.6,-15.9,-999.0,-16.7
17251.4,-16.6,-15.8,-999.0,-16.6
17261.4,-16.5,-15.8,-999.0,-16.6
17271.5,-16.6,-15.8,-999.0,-16.5
17281.5,-16.5,-15.8,-999.0,-16.6
17291.5,-16.5,-15.8,-999.0,-16.6
17301.5,-16.5,-15.8,-999.0,-16.5
17311.6,-16.5,-15.8,-999.0,-16.5
17321.6,-16.4,-15.7,-999.0,-16.4
17331.6,-16.5,-15.7,-999.0,-16.5
17341.7,-16.5,-15.8,-999.0,-16.5
17351.7,-16.5,-15.8,-999.0,-16.5
17361.7,-16.5,-15.7,-999.0,-16.5
17371.7,-16.4,-15.7,-999.0,-16.4
17381.8,-16.4,-15.7,-999.0,-16.4
17391.8,-16.4,-15.7,-999.0,-16.4
17401.8,-16.4,-15.7,-999.0,-16.4
17411.8,-16.4,-15.6,-999.0,-16.5
17421.8,-16.4,-15.5,-999.0,-16.4
17431.9,-16.4,-15.6,-999.0,-16.4
17441.9,-16.4,-15.5,-999.0,-16.4
17451.9,-16.4,-15.5,-999.0,-16.4
17461.9,-16.4,-15.5,-999.0,-16.3
17471.9,-16.4,-15.6,-999.0,-16.3
17481.9,-16.4,-15.5,-999.0,-16.4
17492.0,-16.4,-15.5,-999.0,-16.4
17502.0,-16.3,-15.5,-999.0,-16.3
17512.0,-16.3,-15.5,-999.0,-16.1
17522.0,-16.3,-15.5,-999.0,-16.3
17532.0,-16.3,-15.5,-999.0,-16.3
17542.0,-16.4,-15.5,-999.0,-16.2
17552.0,-16.3,-15.5,-999.0,-16.2
17562.1,-16.2,-15.5,-999.0,-16.2
17572.1,-16.3,-15.4,-999.0,-16.2
17582.1,-16.2,-15.5,-999.0,-16.2
17592.1,-16.3,-15.5,-999.0,-16.3
17602.1,-16.2,-15.5,-999.0,-16.2
17612.1,-16.3,-15.4,-999.0,-16.2
17622.2,-16.2,-15.4,-999.0,-16.2
17632.2,-16.2,-15.5,-999.0,-16.2
17642.2,-16.2,-15.5,-999.0,-16.2
17652.2,-16.2,-15.5,-999.0,-16.2
17662.3,-16.3,-15.3,-999.0,-16.0
17672.3,-16.2,-15.5,-999.0,-16.2
17682.3,-16.2,-15.4,-999.0,-16.2
17692.3,-16.2,-15.4,-999.0,-16.2
17702.3,-16.2,-15.4,-999.0,-16.2
17712.3,-16.1,-15.3,-999.0,-16.2
17722.3,-16.2,-15.3,-999.0,-16.2
17732.4,-16.1,-15.3,-999.0,-16.1
17742.4,-16.2,-15.3,-999.0,-16.2
17752.4,-16.1,-15.4,-999.0,-16.2
17762.4,-16.2,-15.4,-999.0,-16.2
17772.4,-16.1,-15.3,-999.0,-16.2
17782.5,-16.2,-15.3,-999.0,-16.2
17792.5,-16.1,-15.2,-999.0,-16.0
17802.5,-16.1,-15.3,-999.0,-16.1
17812.5,-16.1,-15.3,-999.0,-16.1
17822.5,-16.1,-15.3,-999.0,-16.1
17832.6,-16.1,-15.3,-999.0,-16.2
17842.6,-16.1,-15.3,-999.0,-16.2
17852.6,-16.1,-15.2,-999.0,-16.1
17862.6,-16.1,-15.2,-999.0,-16.1
17872.7,-16.1,-15.2,-999.0,-16.1
17882.7,-16.1,-15.3,-999.0,-16.1
17892.7,-16.1,-15.2,-999.0,-16.1
17902.8,-16.1,-15.2,-999.0,-16.1
17912.8,-16.1,-15.2,-999.0,-16.0
17922.8,-16.0,-15.2,-999.0,-16.0
17932.8,-16.1,-15.2,-999.0,-16.1
17942.9,-16.0,-15.2,-999.0,-16.0
17952.9,-16.1,-15.2,-999.0,-16.0
17962.9,-16.1,-15.2,-999.0,-16.0
17972.9,-16.0,-15.2,-999.0,-16.0
17982.9,-16.1,-15.2,-999.0,-16.0
17993.0,-16.0,-15.2,-999.0,-16.0
18003.0,-16.1,-15.2,-999.0,-15.9
18013.0,-16.0,-15.2,-999.0,-16.0
18023.0,-16.0,-15.1,-999.0,-16.1
18033.0,-16.0,-15.2,-999.0,-16.0
18043.1,-16.0,-15.2,-999.0,-16.0
18053.1,-16.0,-15.2,-999.0,-16.0
18063.1,-16.0,-15.2,-999.0,-16.0
18073.1,-16.1,-15.1,-999.0,-15.8
18083.1,-15.9,-15.2,-999.0,-15.9
18093.2,-16.0,-15.2,-999.0,-16.0
18103.2,-16.0,-15.1,-999.0,-15.8
18113.2,-15.9,-15.2,-999.0,-16.0
18123.2,-16.0,-15.2,-999.0,-16.0
18133.2,-16.0,-15.1,-999.0,-16.0
18143.3,-16.0,-15.1,-999.0,-16.0
18153.3,-16.0,-15.2,-999.0,-16.0
18163.3,-15.9,-15.1,-999.0,-16.0
18173.3,-15.9,-15.2,-999.0,-15.9
18183.3,-16.0,-15.2,-999.0,-16.0
18193.4,-16.0,-15.1,-999.0,-15.9
18203.4,-15.9,-15.2,-999.0,-16.0
18213.4,-15.9,-15.1,-999.0,-16.0
18223.5,-16.0,-15.1,-999.0,-15.9
18233.5,-16.0,-15.1,-999.0,-15.9
18243.5,-15.9,-15.1,-999.0,-16.0
18253.5,-15.9,-15.1,-999.0,-15.9
18263.5,-16.0,-15.1,-999.0,-15.9
18273.6,-15.9,-15.1,-999.0,-16.0
18283.6,-15.9,-15.1,-999.0,-15.9
18293.6,-15.9,-15.1,-999.0,-15.9
18303.6,-15.9,-15.1,-999.0,-15.9
18313.6,-15.9,-15.1,-999.0,-15.7
18323.7,-15.9,-15.2,-999.0,-15.9
18333.7,-16.0,-15.1,-999.0,-15.9
18343.7,-15.9,-15.1,-999.0,-16.0
18353.7,-15.9,-15.1,-999.0,-15.9
18363.7,-15.9,-15.1,-999.0,-15.9
18373.7,-15.9,-15.1,-999.0,-15.9
18383.8,-15.9,-15.1,-999.0,-15.8
18393.8,-15.9,-15.1,-999.0,-15.9
18403.8,-15.9,-15.0,-999.0,-15.9
18413.8,-15.9,-15.1,-999.0,-15.8
18423.8,-15.9,-15.1,-999.0,-15.9
18433.9,-15.9,-15.1,-999.0,-15.9
18443.9,-15.9,-15.0,-999.0,-15.8
18453.9,-15.8,-15.1,-999.0,-15.9
18463.9,-15.8,-15.1,-999.0,-15.9
18473.9,-15.9,-15.1,-999.0,-15.8
18483.9,-15.9,-15.0,-999.0,-15.8
18494.0,-15.9,-15.0,-999.0,-15.8
18504.0,-15.8,-15.0,-999.0,-15.9
18514.0,-15.9,-15.1,-999.0,-15.8
18524.0,-15.9,-15.0,-999.0,-15.9
18534.0,-15.8,-15.1,-999.0,-15.8
18544.0,-15.8,-15.1,-999.0,-15.8
18554.1,-15.8,-15.0,-999.0,-15.9
18564.1,-15.8,-15.1,-999.0,-15.9
18574.1,-15.8,-15.0,-999.0,-15.9
18584.1,-15.9,-15.1,-999.0,-15.8
18594.1,-15.8,-15.0,-999.0,-15.8
18604.1,-15.9,-15.0,-999.0,-15.7
18614.1,-15.8,-15.0,-999.0,-15.9
18624.2,-15.8,-15.0,-999.0,-15.8
18634.2,-15.8,-14.9,-999.0,-15.7
18644.2,-15.8,-15.0,-999.0,-15.8
18654.2,-15.8,-15.0,-999.0,-15.8
18664.3,-15.8,-15.0,-999.0,-15.8
18674.3,-15.8,-15.0,-999.0,-15.8
18684.3,-15.8,-15.0,-999.0,-15.8
18694.3,-15.8,-14.9,-999.0,-15.7
18704.3,-15.8,-15.0,-999.0,-15.8
18714.3,-15.8,-14.9,-999.0,-15.8
18724.4,-15.8,-15.0,-999.0,-15.8
18734.4,-15.8,-15.0,-999.0,-15.8
18744.4,-15.8,-15.0,-999.0,-15.8
18754.4,-15.8,-15.0,-999.0,-15.8
18764.4,-15.8,-15.0,-999.0,-15.8
18774.5,-15.8,-15.0,-999.0,-15.8
18784.5,-15.8,-14.9,-999.0,-15.8
18794.6,-15.8,-14.9,-999.0,-15.8
18804.6,-15.8,-14.9,-999.0,-15.7
18814.6,-15.8,-15.0,-999.0,-15.8
18824.7,-15.8,-15.0,-999.0,-15.8
18834.7,-15.8,-15.0,-999.0,-15.8
18844.7,-15.8,-14.9,-999.0,-15.8
18854.7,-15.8,-14.9,-999.0,-15.7
18864.7,-15.8,-14.9,-999.0,-15.8
18874.8,-15.8,-14.9,-999.0,-15.8
18884.8,-15.8,-14.9,-999.0,-15.7
18894.8,-15.8,-14.9,-999.0,-15.7
18904.9,-15.8,-15.0,-999.0,-15.8
18914.9,-15.8,-14.9,-999.0,-15.8
18924.9,-15.7,-15.0,-999.0,-15.7
18934.9,-15.8,-14.9,-999.0,-15.8
18944.9,-15.8,-14.9,-999.0,-15.7
18955.0,-15.8,-15.0,-999.0,-15.7
18965.0,-15.8,-15.0,-999.0,-15.8
18975.0,-15.8,-15.0,-999.0,-15.7
18985.0,-15.8,-14.9,-999.0,-15.8
18995.0,-15.8,-14.9,-999.0,-15.7
19005.1,-15.8,-14.9,-999.0,-15.8
19015.1,-15.7,-14.9,-999.0,-15.7
19025.1,-15.7,-15.0,-999.0,-15.8
19035.1,-15.8,-14.9,-999.0,-15.7
19045.1,-15.8,-14.9,-999.0,-15.7
19055.1,-15.7,-14.9,-999.0,-15.7
19065.2,-15.7,-14.9,-999.0,-15.7
19075.2,-15.8,-14.9,-999.0,-15.7
19085.2,-15.7,-14.9,-999.0,-15.7
19095.2,-15.7,-14.9,-999.0,-15.7
19105.3,-15.7,-14.9,-999.0,-15.7
19115.3,-15.7,-14.9,-999.0,-15.7
19125.3,-15.7,-14.9,-999.0,-15.7
19135.3,-15.7,-14.9,-999.0,-15.7
19145.3,-15.7,-14.9,-999.0,-15.7
19155.3,-15.7,-14.9,-999.0,-15.6
19165.4,-15.7,-14.9,-999.0,-15.7
19175.4,-15.7,-14.9,-999.0,-15.7
19185.4,-15.7,-14.9,-999.0,-15.7
19195.4,-15.7,-14.9,-999.0,-15.7
19205.4,-15.7,-14.9,-999.0,-15.7
19215.5,-15.7,-14.9,-999.0,-15.7
19225.5,-15.7,-14.9,-999.0,-15.6
19235.5,-15.7,-14.9,-999.0,-15.7
19245.5,-15.7,-14.9,-999.0,-15.7
19255.5,-15.7,-14.9,-999.0,-15.7
19265.5,-15.7,-14.9,-999.0,-15.7
19275.6,-15.7,-14.9,-999.0,-15.7
19285.6,-15.7,-14.9,-999.0,-15.7
19295.6,-15.7,-14.9,-999.0,-15.7
19305.7,-15.7,-14.9,-999.0,-15.6
19315.7,-15.7,-14.9,-999.0,-15.7
19325.7,-15.7,-14.9,-999.0,-15.7
19335.7,-15.6,-14.9,-999.0,-15.7
19345.7,-15.7,-14.8,-999.0,-15.7
19355.7,-15.8,-14.9,-999.0,-15.7
19365.8,-15.7,-14.9,-999.0,-15.7
19375.8,-15.7,-14.9,-999.0,-15.6
19385.8,-15.6,-14.9,-999.0,-15.7
19395.8,-15.7,-14.9,-999.0,-15.7
19405.8,-15.7,-14.9,-999.0,-15.7
19415.8,-15.6,-14.9,-999.0,-15.6
19425.9,-15.7,-14.9,-999.0,-15.7
19435.9,-15.7,-14.8,-999.0,-15.7
19445.9,-15.6,-14.9,-999.0,-15.7
19455.9,-15.6,-14.9,-999.0,-15.7
19465.9,-15.6,-14.9,-999.0,-15.7
19476.0,-15.6,-14.9,-999.0,-15.6
19486.0,-15.6,-14.9,-999.0,-15.7
19496.0,-15.6,-14.9,-999.0,-15.7
19506.0,-15.6,-14.9,-999.0,-15.7
19516.0,-15.7,-14.8,-999.0,-15.6
19526.0,-15.7,-14.9,-999.0,-15.7
19536.1,-15.6,-14.9,-999.0,-15.7
19546.1,-15.6,-14.8,-999.0,-15.7
19556.1,-15.6,-14.9,-999.0,-15.7
19566.1,-15.6,-14.9,-999.0,-15.6
19576.1,-15.6,-14.8,-999.0,-15.7
19586.2,-15.6,-14.9,-999.0,-15.7
19596.2,-15.7,-14.9,-999.0,-15.7
19606.2,-15.6,-14.8,-999.0,-15.7
19616.2,-15.6,-14.8,-999.0,-15.7
19626.2,-15.6,-14.9,-999.0,-15.6
19636.3,-15.7,-14.8,-999.0,-15.6
19646.3,-15.6,-14.9,-999.0,-15.6
19656.3,-15.6,-14.9,-999.0,-15.7
19666.3,-15.6,-14.9,-999.0,-15.6
19676.4,-15.6,-14.9,-999.0,-15.6
19686.4,-15.6,-14.8,-999.0,-15.6
19696.4,-15.6,-14.8,-999.0,-15.7
19706.4,-15.6,-14.8,-999.0,-15.6
19716.4,-15.6,-14.9,-999.0,-15.6
19726.5,-15.7,-14.8,-999.0,-15.6
19736.5,-15.6,-14.9,-999.0,-15.6
19746.5,-15.6,-14.9,-999.0,-15.6
19756.5,-15.6,-14.9,-999.0,-15.6
19766.5,-15.6,-14.9,-999.0,-15.6
19776.6,-15.6,-14.8,-999.0,-15.7
19786.6,-15.6,-14.8,-999.0,-15.6
19796.6,-15.5,-14.9,-999.0,-15.6
19806.6,-15.6,-14.9,-999.0,-15.4
19816.6,-15.6,-14.8,-999.0,-15.6
19826.7,-15.6,-14.8,-999.0,-15.6
19836.7,-15.6,-14.9,-999.0,-15.7
19846.7,-15.6,-14.8,-999.0,-15.6
19856.7,-15.6,-14.9,-999.0,-15.6
19866.7,-15.6,-14.8,-999.0,-15.6
19876.7,-15.6,-14.8,-999.0,-15.6
19886.8,-15.6,-14.8,-999.0,-15.6
19896.8,-15.6,-14.8,-999.0,-15.6
19906.8,-15.6,-14.9,-999.0,-15.6
19916.8,-15.6,-14.8,-999.0,-15.5
19926.8,-15.6,-14.8,-999.0,-15.5
19936.8,-15.5,-14.8,-999.0,-15.6
19946.9,-15.6,-14.8,-999.0,-15.6
19956.9,-15.6,-14.8,-999.0,-15.5
19966.9,-15.7,-14.8,-999.0,-15.5
19976.9,-15.5,-14.8,-999.0,-15.5
19986.9,-15.6,-14.8,-999.0,-15.6
19997.0,-15.5,-14.8,-999.0,-15.6
20007.0,-15.6,-14.8,-999.0,-15.6
20017.0,-15.6,-14.8,-999.0,-15.6
20027.0,-15.6,-14.8,-999.0,-15.4
20037.0,-15.6,-14.8,-999.0,-15.5
20047.1,-15.6,-14.8,-999.0,-15.5
20057.1,-15.5,-14.8,-999.0,-15.6
20067.1,-15.5,-14.8,-999.0,-15.5
20077.1,-15.5,-14.8,-999.0,-15.6
20087.1,-15.6,-14.8,-999.0,-15.6
20097.2,-15.5,-14.8,-999.0,-15.5
20107.2,-15.5,-14.8,-999.0,-15.5
20117.2,-15.5,-14.8,-999.0,-15.6
20127.2,-15.5,-14.8,-999.0,-15.5
20137.2,-15.5,-14.8,-999.0,-15.6
20147.2,-15.5,-14.8,-999.0,-15.6
20157.3,-15.5,-14.8,-999.0,-15.6
20167.3,-15.5,-14.8,-999.0,-15.5
20177.3,-15.6,-14.7,-999.0,-15.4
20187.3,-15.5,-14.8,-999.0,-15.5
20197.3,-15.6,-14.7,-999.0,-15.6
20207.4,-15.5,-14.8,-999.0,-15.5
20217.4,-15.5,-14.8,-999.0,-15.5
20227.4,-15.5,-14.7,-999.0,-15.5
20237.4,-15.5,-14.8,-999.0,-15.6
20247.4,-15.5,-14.8,-999.0,-15.5
20257.4,-15.5,-14.8,-999.0,-15.6
20267.4,-15.6,-14.8,-999.0,-15.6
20277.5,-15.5,-14.8,-999.0,-15.6
20287.5,-15.5,-14.9,-999.0,-15.5
20297.5,-15.5,-14.8,-999.0,-15.5
20307.5,-15.5,-14.8,-999.0,-15.6
20317.6,-15.5,-14.7,-999.0,-15.6
20327.6,-15.5,-14.8,-999.0,-15.5
20337.6,-15.6,-14.8,-999.0,-15.4
20347.6,-15.5,-14.8,-999.0,-15.4
20357.6,-15.5,-14.8,-999.0,-15.5
20367.6,-15.6,-14.8,-999.0,-15.5
20377.7,-15.5,-14.8,-999.0,-15.5
20387.7,-15.5,-14.8,-999.0,-15.6
20397.7,-15.5,-14.8,-999.0,-15.5
20407.7,-15.6,-14.7,-999.0,-15.5
20417.7,-15.5,-14.7,-999.0,-15.5
20427.8,-15.6,-14.7,-999.0,-15.5
20437.8,-15.5,-14.7,-999.0,-15.5
20447.9,-15.5,-14.7,-999.0,-15.5
20457.9,-15.5,-14.7,-999.0,-15.4
20467.9,-15.5,-14.8,-999.0,-15.5
20477.9,-15.5,-14.8,-999.0,-15.5
20487.9,-15.5,-14.8,-999.0,-15.5
20497.9,-15.5,-14.7,-999.0,-15.5
20508.0,-15.5,-14.8,-999.0,-15.5
20518.0,-15.5,-14.8,-999.0,-15.5
20528.0,-15.5,-14.8,-999.0,-15.5
20538.0,-15.5,-14.7,-999.0,-15.4
20548.1,-15.5,-14.8,-999.0,-15.5
20558.1,-15.5,-14.7,-999.0,-15.5
20568.1,-15.6,-14.8,-999.0,-15.5
20578.2,-15.5,-14.7,-999.0,-15.5
20588.2,-15.5,-14.8,-999.0,-15.5
20598.2,-15.5,-14.8,-999.0,-15.6
20608.2,-15.5,-14.8,-999.0,-15.5
20618.2,-15.5,-14.8,-999.0,-15.4
20628.3,-15.5,-14.8,-999.0,-15.5
20638.3,-15.5,-14.7,-999.0,-15.5
20648.3,-15.5,-14.8,-999.0,-15.5
20658.3,-15.5,-14.8,-999.0,-15.5
20668.3,-15.5,-14.7,-999.0,-15.5
20678.3,-15.5,-14.7,-999.0,-15.4
20688.4,-15.5,-14.8,-999.0,-15.5
20698.4,-15.5,-14.7,-999.0,-15.5
20708.4,-15.5,-14.7,-999.0,-15.5
20718.4,-15.5,-14.7,-999.0,-15.5
20728.4,-15.5,-14.7,-999.0,-15.5
20738.4,-15.5,-14.7,-999.0,-15.3
20748.5,-15.5,-14.8,-999.0,-15.6
20758.5,-15.5,-14.8,-999.0,-15.5
20768.5,-15.5,-14.8,-999.0,-15.5
20778.5,-15.5,-14.8,-999.0,-15.5
20788.6,-15.5,-14.7,-999.0,-15.4
20798.6,-15.5,-14.7,-999.0,-15.5
20808.6,-15.5,-14.7,-999.0,-15.5
20818.6,-15.5,-14.7,-999.0,-15.5
20828.6,-15.5,-14.7,-999.0,-15.4
20838.7,-15.5,-14.7,-999.0,-15.5
20848.7,-15.5,-14.7,-999.0,-15.5
20858.7,-15.5,-14.8,-999.0,-15.4
20868.7,-15.5,-14.7,-999.0,-15.5
20878.7,-15.5,-14.8,-999.0,-15.5
20888.8,-15.5,-14.6,-999.0,-15.4
20898.8,-15.5,-14.7,-999.0,-15.5
20908.8,-15.5,-14.7,-999.0,-15.5
20918.8,-15.5,-14.7,-999.0,-15.4
20928.8,-15.5,-14.8,-999.0,-15.5
20938.9,-15.5,-14.8,-999.0,-15.5
20948.9,-15.5,-14.8,-999.0,-15.3
20958.9,-15.5,-14.7,-999.0,-15.4
20968.9,-15.5,-14.7,-999.0,-15.5
20978.9,-15.5,-14.8,-999.0,-15.4
20989.0,-15.5,-14.8,-999.0,-15.5
20999.0,-15.5,-14.7,-999.0,-15.5
21009.0,-15.5,-14.7,-999.0,-15.4
21019.0,-15.5,-14.7,-999.0,-15.4
21029.0,-15.5,-14.7,-999.0,-15.5
21039.0,-15.5,-14.8,-999.0,-15.5
21049.1,-15.5,-14.7,-999.0,-15.4
21059.1,-15.5,-14.7,-999.0,-15.5
21069.1,-15.5,-14.7,-999.0,-15.4
21079.1,-15.5,-14.7,-999.0,-15.5
21089.1,-15.5,-14.7,-999.0,-15.5
21099.1,-15.5,-14.8,-999.0,-15.4
21109.2,-15.5,-14.7,-999.0,-15.4
21119.2,-15.5,-14.7,-999.0,-15.4
21129.2,-15.5,-14.7,-999.0,-15.5
21139.2,-15.5,-14.7,-999.0,-15.5
21149.2,-15.5,-14.7,-999.0,-15.5
21159.2,-15.5,-14.7,-999.0,-15.5
21169.3,-15.5,-14.7,-999.0,-15.3
21179.3,-15.5,-14.7,-999.0,-15.5
21189.3,-15.5,-14.7,-999.0,-15.5
21199.3,-15.5,-14.8,-999.0,-15.5
21209.3,-15.5,-14.7,-999.0,-15.4
21219.4,-15.5,-14.8,-999.0,-15.4
21229.4,-15.4,-14.7,-999.0,-15.5
21239.4,-15.4,-14.7,-999.0,-15.5
21249.5,-15.5,-14.8,-999.0,-15.4
21259.5,-15.5,-14.7,-999.0,-15.4
21269.5,-15.5,-14.7,-999.0,-15.4
21279.5,-15.5,-14.8,-999.0,-15.5
21289.5,-15.4,-14.8,-999.0,-15.4
21299.5,-15.5,-14.7,-999.0,-15.4
21309.5,-15.4,-14.7,-999.0,-15.4
21319.6,-15.4,-14.7,-999.0,-15.5
21329.6,-15.5,-14.7,-999.0,-15.4
21339.6,-15.5,-14.7,-999.0,-15.4
21349.6,-15.4,-14.7,-999.0,-15.4
21359.6,-15.5,-14.7,-999.0,-15.4
21369.7,-15.5,-14.7,-999.0,-15.4
21379.7,-15.4,-14.7,-999.0,-15.4
21389.7,-15.5,-14.7,-999.0,-15.4
21399.7,-15.4,-14.6,-999.0,-15.4
21409.8,-15.5,-14.7,-999.0,-15.4
21419.8,-15.4,-14.7,-999.0,-15.4
21429.8,-15.4,-14.7,-999.0,-15.4
21439.8,-15.5,-14.7,-999.0,-15.4
21449.8,-15.5,-14.6,-999.0,-15.4
21459.8,-15.5,-14.7,-999.0,-15.4
21469.9,-15.4,-14.7,-999.0,-15.4
21479.9,-15.4,-14.7,-999.0,-15.4
21489.9,-15.5,-14.7,-999.0,-15.4
21499.9,-15.5,-14.7,-999.0,-15.4
21510.0,-15.5,-14.7,-999.0,-15.4
21520.0,-15.4,-14.7,-999.0,-15.5
21530.0,-15.5,-14.7,-999.0,-15.5
21540.0,-15.5,-14.7,-999.0,-15.5
21550.0,-15.5,-14.7,-999.0,-15.4
21560.1,-15.4,-14.7,-999.0,-15.4
21570.1,-15.5,-14.7,-999.0,-15.4
21580.1,-15.4,-14.7,-999.0,-15.4
21590.1,-15.4,-14.7,-999.0,-15.4
21600.1,-15.4,-14.7,-999.0,-15.4
21610.2,-15.4,-14.7,-999.0,-15.4
21620.2,-15.4,-14.7,-999.0,-15.5
21630.2,-15.4,-14.7,-999.0,-15.4
21640.2,-15.4,-14.7,-999.0,-15.4
21650.2,-15.5,-14.7,-999.0,-15.4
21660.3,-15.5,-14.8,-999.0,-15.4
21670.3,-15.4,-14.7,-999.0,-15.4
21680.3,-15.4,-14.7,-999.0,-15.4
21690.3,-15.5,-14.7,-999.0,-15.4
21700.3,-15.4,-14.6,-999.0,-15.4
21710.4,-15.5,-14.7,-999.0,-15.4
21720.4,-15.5,-14.6,-999.0,-15.4
21730.4,-15.4,-14.7,-999.0,-15.4
21740.4,-15.5,-14.7,-999.0,-15.5
21750.4,-15.4,-14.7,-999.0,-15.5
21760.5,-15.4,-14.7,-999.0,-15.4
21770.5,-15.5,-14.6,-999.0,-15.3
21780.5,-15.5,-14.6,-999.0,-15.4
21790.5,-15.4,-14.6,-999.0,-15.4
21800.6,-15.4,-14.6,-999.0,-15.4
21810.6,-15.4,-14.6,-999.0,-15.4
21820.6,-15.4,-14.7,-999.0,-15.4
21830.6,-15.5,-14.7,-999.0,-15.4
21840.6,-15.4,-14.7,-999.0,-15.4
21850.7,-15.4,-14.7,-999.0,-15.4
21860.7,-15.4,-14.7,-999.0,-15.4
21870.7,-15.4,-14.6,-999.0,-15.5
21880.7,-15.5,-14.7,-999.0,-15.4
21890.8,-15.4,-14.7,-999.0,-15.5
21900.8,-15.4,-14.7,-999.0,-15.3
21910.8,-15.4,-14.7,-999.0,-15.4
21920.8,-15.5,-14.6,-999.0,-15.4
21930.8,-15.4,-14.7,-999.0,-15.4
21940.9,-15.5,-14.7,-999.0,-15.5
21950.9,-15.5,-14.7,-999.0,-15.4
21960.9,-15.5,-14.6,-999.0,-15.4
21970.9,-15.4,-14.7,-999.0,-15.4
21981.0,-15.4,-14.7,-999.0,-15.3
21991.0,-15.4,-14.7,-999.0,-15.4
22001.0,-15.5,-14.7,-999.0,-15.5
22011.0,-15.5,-14.7,-999.0,-15.4
22021.0,-15.4,-14.7,-999.0,-15.4
22031.0,-15.5,-14.7,-999.0,-15.4
22041.1,-15.5,-14.7,-999.0,-15.4
22051.1,-15.5,-14.7,-999.0,-15.4
22061.1,-15.5,-14.7,-999.0,-15.4
22071.1,-15.5,-14.8,-999.0,-15.4
22081.1,-15.4,-14.7,-999.0,-15.4
22091.1,-15.5,-14.7,-999.0,-15.4
22101.2,-15.4,-14.7,-999.0,-15.4
22111.2,-15.4,-14.7,-999.0,-15.2
22121.2,-15.4,-14.7,-999.0,-15.4
22131.2,-15.4,-14.7,-999.0,-15.4
22141.3,-15.5,-14.7,-999.0,-15.4
22151.3,-15.4,-14.7,-999.0,-15.4
22161.3,-15.4,-14.7,-999.0,-15.4
22171.3,-15.4,-14.7,-999.0,-15.4
22181.4,-15.4,-14.7,-999.0,-15.4
22191.4,-15.4,-14.7,-999.0,-15.4
22201.4,-15.4,-14.6,-999.0,-15.4
22211.4,-15.4,-14.7,-999.0,-15.4
22221.5,-15.4,-14.7,-999.0,-15.4
22231.5,-15.4,-14.7,-999.0,-15.4
22241.5,-15.4,-14.6,-999.0,-15.4
22251.6,-15.4,-14.7,-999.0,-15.4
22261.6,-15.4,-14.7,-999.0,-15.4
22271.6,-15.4,-14.7,-999.0,-15.4
22281.6,-15.4,-14.6,-999.0,-15.4
22291.6,-15.4,-14.7,-999.0,-15.4
22301.6,-15.4,-14.7,-999.0,-15.4
22311.7,-15.4,-14.6,-999.0,-15.4
22321.7,-15.4,-14.7,-999.0,-15.4
22331.7,-15.4,-14.6,-999.0,-15.3
22341.7,-15.4,-14.7,-999.0,-15.4
22351.8,-15.4,-14.6,-999.0,-15.4
22361.8,-15.4,-14.6,-999.0,-15.5
22371.8,-15.4,-14.7,-999.0,-15.5
22381.8,-15.4,-14.7,-999.0,-15.4
22391.8,-15.4,-14.7,-999.0,-15.4
22401.8,-15.4,-14.6,-999.0,-15.4
22411.8,-15.4,-14.7,-999.0,-15.4
22421.9,-15.4,-14.7,-999.0,-15.4
22431.9,-15.4,-14.7,-999.0,-15.4
22441.9,-15.4,-14.6,-999.0,-15.3
22451.9,-15.4,-14.7,-999.0,-15.4
22462.0,-15.3,-14.7,-999.0,-15.5
22472.0,-15.4,-14.6,-999.0,-15.4
22482.0,-15.4,-14.7,-999.0,-15.4
22492.0,-15.5,-14.7,-999.0,-15.4
22502.0,-15.4,-14.6,-999.0,-15.4
22512.0,-15.4,-14.7,-999.0,-15.4
22522.1,-15.3,-14.6,-999.0,-15.3
22532.1,-15.4,-14.7,-999.0,-15.4
22542.1,-15.4,-14.7,-999.0,-15.4
22552.1,-15.4,-14.6,-999.0,-15.4
22562.1,-15.4,-14.6,-999.0,-15.4
22572.2,-15.3,-14.7,-999.0,-15.4
22582.2,-15.4,-14.6,-999.0,-15.4
22592.2,-15.4,-14.6,-999.0,-15.4
22602.2,-15.4,-14.6,-999.0,-15.4
22612.2,-15.5,-14.6,-999.0,-15.3
22622.3,-15.4,-14.7,-999.0,-15.4
22632.3,-15.3,-14.6,-999.0,-15.4
22642.3,-15.4,-14.6,-999.0,-15.4
22652.3,-15.4,-14.7,-999.0,-15.4
22662.3,-15.4,-14.7,-999.0,-15.4
22672.4,-15.3,-14.6,-999.0,-15.4
22682.4,-15.4,-14.6,-999.0,-15.4
22692.4,-15.4,-14.6,-999.0,-15.2
22702.4,-15.4,-14.7,-999.0,-15.4
22712.5,-15.3,-14.7,-999.0,-15.4
22722.5,-15.3,-14.6,-999.0,-15.4
22732.5,-15.4,-14.7,-999.0,-15.3
22742.5,-15.3,-14.6,-999.0,-15.4
22752.5,-15.4,-14.7,-999.0,-15.4
22762.5,-15.4,-14.6,-999.0,-15.2
22772.5,-15.4,-14.6,-999.0,-15.4
22782.6,-15.3,-14.7,-999.0,-15.4
22792.6,-15.4,-14.6,-999.0,-15.4
22802.6,-15.3,-14.6,-999.0,-15.4
22812.6,-15.3,-14.7,-999.0,-15.4
22822.6,-15.4,-14.7,-999.0,-15.4
22832.7,-15.4,-14.6,-999.0,-15.4
22842.7,-15.5,-14.7,-999.0,-15.4
22852.7,-15.4,-14.7,-999.0,-15.4
22862.7,-15.4,-14.7,-999.0,-15.3
22872.7,-15.4,-14.6,-999.0,-15.4
22882.8,-15.4,-14.6,-999.0,-15.4
22892.8,-15.4,-14.7,-999.0,-15.4
22902.8,-15.4,-14.6,-999.0,-15.4
22912.8,-15.4,-14.6,-999.0,-15.4
22922.8,-15.4,-14.6,-999.0,-15.3
22932.8,-15.4,-14.7,-999.0,-15.4
22942.8,-15.3,-14.6,-999.0,-15.4
22952.9,-15.3,-14.6,-999.0,-15.4
22962.9,-15.4,-14.6,-999.0,-15.4
22972.9,-15.3,-14.6,-999.0,-15.4
22982.9,-15.4,-14.6,-999.0,-15.4
22992.9,-15.3,-14.7,-999.0,-15.4
23003.0,-15.4,-14.7,-999.0,-15.3
23013.0,-15.3,-14.6,-999.0,-15.4
23023.0,-15.4,-14.6,-999.0,-15.4
23033.0,-15.3,-14.6,-999.0,-15.4
23043.0,-15.3,-14.7,-999.0,-15.4
23053.0,-15.3,-14.7,-999.0,-15.4
23063.1,-15.4,-14.6,-999.0,-15.3
23073.1,-15.4,-14.7,-999.0,-15.4
23083.1,-15.4,-14.7,-999.0,-15.4
23093.1,-15.4,-14.7,-999.0,-15.4
23103.1,-15.4,-14.7,-999.0,-15.4
23113.2,-15.4,-14.7,-999.0,-15.2
23123.2,-15.4,-14.6,-999.0,-15.4
23133.2,-15.4,-14.6,-999.0,-15.4
23143.2,-15.4,-14.6,-999.0,-15.4
23153.2,-15.4,-14.6,-999.0,-15.4
23163.3,-15.3,-14.6,-999.0,-15.3
23173.3,-15.4,-14.6,-999.0,-15.4
23183.3,-15.4,-14.7,-999.0,-15.4
23193.3,-15.4,-14.6,-999.0,-15.3
23203.3,-15.4,-14.7,-999.0,-15.4
23213.4,-15.3,-14.6,-999.0,-15.3
23223.4,-15.4,-14.6,-999.0,-15.4
23233.4,-15.4,-14.7,-999.0,-15.4
23243.4,-15.3,-14.6,-999.0,-15.2
23253.4,-15.3,-14.7,-999.0,-15.3
23263.5,-15.3,-14.6,-999.0,-15.4
23273.5,-15.5,-14.7,-999.0,-15.4
23283.5,-15.3,-14.7,-999.0,-15.4
23293.5,-15.4,-14.6,-999.0,-15.4
23303.5,-15.3,-14.6,-999.0,-15.3
23313.6,-15.3,-14.6,-999.0,-15.4
23323.6,-15.3,-14.6,-999.0,-15.4
23333.6,-15.4,-14.7,-999.0,-15.3
23343.6,-15.3,-14.7,-999.0,-15.4
23353.6,-15.4,-14.7,-999.0,-15.4
23363.6,-15.3,-14.6,-999.0,-15.3
23373.6,-15.3,-14.7,-999.0,-15.4
23383.7,-15.3,-14.6,-999.0,-15.4
23393.7,-15.3,-14.6,-999.0,-15.4
23403.7,-15.3,-14.6,-999.0,-15.3
23413.7,-15.4,-14.7,-999.0,-15.4
23423.7,-15.3,-14.6,-999.0,-15.4
23433.8,-15.3,-14.7,-999.0,-15.4
23443.8,-15.3,-14.6,-999.0,-15.3
23453.8,-15.3,-14.6,-999.0,-15.4
23463.8,-15.3,-14.6,-999.0,-15.4
23473.9,-15.4,-14.6,-999.0,-15.3
23483.9,-15.4,-14.7,-999.0,-15.4
23493.9,-15.4,-14.6,-999.0,-15.4
23503.9,-15.3,-14.7,-999.0,-15.4
23514.0,-15.4,-14.6,-999.0,-15.2
23524.0,-15.3,-14.6,-999.0,-15.4
23534.0,-15.3,-14.6,-999.0,-15.4
23544.0,-15.4,-14.6,-999.0,-15.3
23554.1,-15.4,-14.7,-999.0,-15.4
23564.1,-15.4,-14.6,-999.0,-15.3
23574.1,-15.3,-14.6,-999.0,-15.4
23584.1,-15.4,-14.7,-999.0,-15.4
23594.1,-15.3,-14.6,-999.0,-15.2
23604.1,-15.4,-14.7,-999.0,-15.4
23614.1,-15.3,-14.6,-999.0,-15.4
23624.1,-15.3,-14.6,-999.0,-15.3
23634.2,-15.3,-14.6,-999.0,-15.4
23644.2,-15.3,-14.6,-999.0,-15.4
23654.2,-15.3,-14.6,-999.0,-15.4
23664.2,-15.3,-14.7,-999.0,-15.4
23674.2,-15.4,-14.6,-999.0,-15.4
23684.3,-15.3,-14.6,-999.0,-15.4
23694.3,-15.3,-14.6,-999.0,-15.2
23704.3,-15.4,-14.6,-999.0,-15.4
23714.3,-15.3,-14.6,-999.0,-15.3
23724.3,-15.4,-14.6,-999.0,-15.4
23734.3,-15.4,-14.6,-999.0,-15.4
23744.4,-15.3,-14.7,-999.0,-15.4
23754.4,-15.3,-14.7,-999.0,-15.4
23764.4,-15.3,-14.6,-999.0,-15.4
23774.4,-15.3,-14.6,-999.0,-15.4
23784.4,-15.3,-14.7,-999.0,-15.4
23794.5,-15.3,-14.7,-999.0,-15.3
23804.5,-15.4,-14.6,-999.0,-15.3
23814.5,-15.3,-14.6,-999.0,-15.4
23824.5,-15.4,-14.6,-999.0,-15.3
23834.6,-15.4,-14.6,-999.0,-15.4
23844.6,-15.3,-14.6,-999.0,-15.3
23854.6,-15.3,-14.6,-999.0,-15.4
23864.6,-15.3,-14.6,-999.0,-15.4
23874.7,-15.3,-14.6,-999.0,-15.4
23884.7,-15.4,-14.7,-999.0,-15.2
23894.7,-15.3,-14.6,-999.0,-15.3
23904.7,-15.3,-14.6,-999.0,-15.4
23914.8,-15.3,-14.6,-999.0,-15.4
23924.8,-15.4,-14.6,-999.0,-15.4
23934.8,-15.3,-14.7,-999.0,-15.3
23944.8,-15.3,-14.6,-999.0,-15.3
23954.8,-15.4,-14.6,-999.0,-15.3
23964.9,-15.3,-14.6,-999.0,-15.4
23974.9,-15.3,-14.6,-999.0,-15.4
23984.9,-15.3,-14.6,-999.0,-15.2
23995.0,-15.4,-14.6,-999.0,-15.4
24005.0,-15.3,-14.7,-999.0,-15.4
24015.0,-15.3,-14.6,-999.0,-15.4
24025.0,-15.3,-14.6,-999.0,-15.3
24035.0,-15.3,-14.6,-999.0,-15.4
24045.0,-15.3,-14.6,-999.0,-15.3
24055.0,-15.4,-14.6,-999.0,-15.4
24065.1,-15.3,-14.6,-999.0,-15.4
24075.1,-15.3,-14.6,-999.0,-15.3
24085.1,-15.3,-14.7,-999.0,-15.3
24095.1,-15.4,-14.6,-999.0,-15.3
24105.2,-15.3,-14.6,-999.0,-15.4
24115.2,-15.4,-14.6,-999.0,-15.3
24125.2,-15.3,-14.6,-999.0,-15.4
24135.2,-15.3,-14.7,-999.0,-15.4
24145.2,-15.3,-14.6,-999.0,-15.4
24155.3,-15.3,-14.6,-999.0,-15.3
24165.3,-15.3,-14.6,-999.0,-15.4
24175.3,-15.3,-14.6,-999.0,-15.4
24185.3,-15.4,-14.6,-999.0,-15.4
24195.4,-15.4,-14.6,-999.0,-15.4
24205.4,-15.3,-14.6,-999.0,-15.4
24215.4,-15.3,-14.6,-999.0,-15.4
24225.4,-15.3,-14.6,-999.0,-15.4
24235.4,-15.3,-14.7,-999.0,-15.4
24245.4,-15.3,-14.6,-999.0,-15.4
24255.5,-15.3,-14.6,-999.0,-15.4
24265.5,-15.4,-14.6,-999.0,-15.3
24275.5,-15.3,-14.7,-999.0,-15.4
24285.5,-15.4,-14.6,-999.0,-15.4
24295.6,-15.3,-14.6,-999.0,-15.4
24305.6,-15.3,-14.6,-999.0,-15.4
24315.6,-15.4,-14.7,-999.0,-15.3
24325.6,-15.3,-14.7,-999.0,-15.4
24335.6,-15.3,-14.6,-999.0,-15.4
24345.7,-15.3,-14.6,-999.0,-15.1
24355.7,-15.4,-14.6,-999.0,-15.4
24365.7,-15.3,-14.6,-999.0,-15.3
24375.7,-15.3,-14.6,-999.0,-15.3
24385.7,-15.3,-14.6,-999.0,-15.4
24395.7,-15.3,-14.6,-999.0,-15.4
24405.7,-15.3,-14.6,-999.0,-15.3
24415.7,-15.3,-14.6,-999.0,-15.3
24425.8,-15.3,-14.6,-999.0,-15.1
24435.8,-15.3,-14.6,-999.0,-15.3
24445.8,-15.3,-14.6,-999.0,-15.4
24455.8,-15.3,-14.6,-999.0,-15.1
24465.8,-15.3,-14.7,-999.0,-15.3
24475.8,-15.3,-14.6,-999.0,-15.3
24485.8,-15.4,-14.6,-999.0,-15.3
24495.9,-15.3,-14.6,-999.0,-15.4
24505.9,-15.3,-14.6,-999.0,-15.4
24515.9,-15.3,-14.6,-999.0,-15.4
24525.9,-15.3,-14.6,-999.0,-15.4
24535.9,-15.3,-14.6,-999.0,-15.4
24545.9,-15.3,-14.6,-999.0,-15.3
24556.0,-15.3,-14.6,-999.0,-15.2
24566.0,-15.3,-14.7,-999.0,-15.4
24576.0,-15.3,-14.6,-999.0,-15.4
24586.0,-15.3,-14.6,-999.0,-15.4
24596.0,-15.3,-14.6,-999.0,-15.4
24606.0,-15.3,-14.6,-999.0,-15.4
24616.1,-15.3,-14.6,-999.0,-15.4
24626.1,-15.3,-14.6,-999.0,-15.4
24636.1,-15.3,-14.6,-999.0,-15.3
24646.1,-15.3,-14.6,-999.0,-15.4
24656.1,-15.4,-14.7,-999.0,-15.3
24666.2,-15.4,-14.6,-999.0,-15.3
24676.2,-15.3,-14.6,-999.0,-15.3
24686.2,-15.3,-14.7,-999.0,-15.3
24696.2,-15.3,-14.6,-999.0,-15.3
24706.3,-15.3,-14.6,-999.0,-15.3
24716.3,-15.3,-14.6,-999.0,-15.4
24726.3,-15.3,-14.6,-999.0,-15.3
24736.3,-15.3,-14.6,-999.0,-15.3
24746.3,-15.3,-14.6,-999.0,-15.3
24756.4,-15.4,-14.6,-999.0,-15.3
24766.4,-15.3,-14.6,-999.0,-15.3
24776.4,-15.4,-14.6,-999.0,-15.3
24786.4,-15.4,-14.6,-999.0,-15.3
24796.4,-15.3,-14.6,-999.0,-15.3
24806.5,-15.3,-14.7,-999.0,-15.3
24816.5,-15.3,-14.6,-999.0,-15.4
24826.5,-15.3,-14.7,-999.0,-15.4
24836.5,-15.4,-14.6,-999.0,-15.4
24846.5,-15.3,-14.6,-999.0,-15.3
24856.6,-15.3,-14.6,-999.0,-15.4
24866.6,-15.3,-14.6,-999.0,-15.3
24876.6,-15.3,-14.6,-999.0,-15.3
24886.7,-15.3,-14.6,-999.0,-15.4
24896.7,-15.4,-14.6,-999.0,-15.4
24906.7,-15.3,-14.6,-999.0,-15.3
24916.7,-15.3,-14.6,-999.0,-15.4
24926.7,-15.3,-14.6,-999.0,-15.3
24936.8,-15.3,-14.6,-999.0,-15.3
24946.8,-15.3,-14.6,-999.0,-15.3
24956.8,-15.3,-14.6,-999.0,-15.2
24966.8,-15.3,-14.7,-999.0,-15.3
24976.8,-15.3,-14.6,-999.0,-15.3
24986.9,-15.3,-14.6,-999.0,-15.3
24996.9,-15.3,-14.6,-999.0,-15.4
25006.9,-15.3,-14.6,-999.0,-15.4
25016.9,-15.3,-14.6,-999.0,-15.1
25026.9,-15.3,-14.6,-999.0,-15.3
25036.9,-15.3,-14.6,-999.0,-15.4
25047.0,-15.3,-14.6,-999.0,-15.4
25057.0,-15.3,-14.6,-999.0,-15.3
25067.0,-15.3,-14.6,-999.0,-15.4
25077.0,-15.3,-14.6,-999.0,-15.3
25087.1,-15.3,-14.6,-999.0,-15.4
25097.1,-15.3,-14.6,-999.0,-15.3
25107.1,-15.4,-14.6,-999.0,-15.3
25117.1,-15.3,-14.6,-999.0,-15.4
25127.2,-15.3,-14.6,-999.0,-15.4
25137.2,-15.3,-14.6,-999.0,-15.4
25147.2,-15.3,-14.6,-999.0,-15.3
25157.2,-15.3,-14.6,-999.0,-15.4
25167.2,-15.3,-14.6,-999.0,-15.3
25177.2,-15.3,-14.6,-999.0,-15.4
25187.3,-15.3,-14.6,-999.0,-15.3
25197.3,-15.3,-14.6,-999.0,-15.3
25207.3,-15.3,-14.6,-999.0,-15.3
25217.3,-15.4,-14.6,-999.0,-15.3
25227.3,-15.3,-14.6,-999.0,-15.4
25237.4,-15.3,-14.6,-999.0,-15.3
25247.4,-15.3,-14.6,-999.0,-15.4
25257.4,-15.3,-14.6,-999.0,-15.3
25267.4,-15.4,-14.7,-999.0,-15.3
25277.4,-15.3,-14.6,-999.0,-15.3
25287.5,-15.3,-14.7,-999.0,-15.3
25297.5,-15.3,-14.6,-999.0,-15.3
25307.5,-15.3,-14.6,-999.0,-15.3
25317.5,-15.3,-14.6,-999.0,-15.4
25327.5,-15.3,-14.6,-999.0,-15.3
25337.5,-15.3,-14.6,-999.0,-15.3
25347.6,-15.3,-14.6,-999.0,-15.3
25357.6,-15.3,-14.7,-999.0,-15.4
25367.6,-15.3,-14.6,-999.0,-15.1
25377.6,-15.3,-14.6,-999.0,-15.3
25387.6,-15.3,-14.6,-999.0,-15.1
25397.7,-15.3,-14.7,-999.0,-15.4
25407.7,-15.3,-14.6,-999.0,-15.3
25417.7,-15.3,-14.6,-999.0,-15.3
25427.8,-15.3,-14.6,-999.0,-15.3
25437.8,-15.3,-14.6,-999.0,-15.4
25447.8,-15.3,-14.6,-999.0,-15.3
25457.8,-15.3,-14.6,-999.0,-15.3
25467.8,-15.3,-14.6,-999.0,-15.3
25477.9,-15.3,-14.6,-999.0,-15.3
25487.9,-15.3,-14.6,-999.0,-15.3
25497.9,-15.3,-14.6,-999.0,-15.4
25507.9,-15.3,-14.6,-999.0,-15.2
25517.9,-15.3,-14.6,-999.0,-15.3
25527.9,-15.4,-14.6,-999.0,-15.3
25538.0,-15.3,-14.6,-999.0,-15.3
25548.0,-15.3,-14.6,-999.0,-15.4
25558.0,-15.3,-14.6,-999.0,-15.3
25568.0,-15.3,-14.6,-999.0,-15.3
25578.1,-15.3,-14.6,-999.0,-15.3
25588.1,-15.3,-14.6,-999.0,-15.3
25598.1,-15.3,-14.6,-999.0,-15.3
25608.1,-15.3,-14.6,-999.0,-15.3
25618.1,-15.2,-14.6,-999.0,-15.3
25628.2,-15.2,-14.6,-999.0,-15.3
25638.2,-15.3,-14.6,-999.0,-15.2
25648.2,-15.3,-14.6,-999.0,-15.4
25658.2,-15.3,-14.6,-999.0,-15.3
25668.2,-15.3,-14.6,-999.0,-15.4
25678.2,-15.3,-14.6,-999.0,-15.3
25688.2,-15.2,-14.6,-999.0,-15.3
25698.3,-15.3,-14.6,-999.0,-15.4
25708.3,-15.3,-14.6,-999.0,-15.3
25718.3,-15.4,-14.6,-999.0,-15.3
25728.4,-15.3,-14.6,-999.0,-15.3
25738.4,-15.3,-14.6,-999.0,-15.3
25748.4,-15.3,-14.6,-999.0,-15.3
25758.4,-15.3,-14.6,-999.0,-15.3
25768.4,-15.3,-14.6,-999.0,-15.3
25778.4,-15.3,-14.6,-999.0,-15.3
25788.4,-15.3,-14.6,-999.0,-15.3
25798.5,-15.3,-14.6,-999.0,-15.3
25808.5,-15.2,-14.6,-999.0,-15.3
25818.5,-15.3,-14.6,-999.0,-15.4
25828.5,-15.3,-14.6,-999.0,-15.4
25838.5,-15.3,-14.6,-999.0,-15.3
25848.6,-15.3,-14.6,-999.0,-15.3
25858.6,-15.3,-14.6,-999.0,-15.2
25868.6,-15.2,-14.6,-999.0,-15.4
25878.6,-15.3,-14.6,-999.0,-15.3
25888.6,-15.3,-14.6,-999.0,-15.3
25898.6,-15.3,-14.6,-999.0,-15.3
25908.6,-15.3,-14.6,-999.0,-15.3
25918.7,-15.3,-14.6,-999.0,-15.4
25928.7,-15.3,-14.6,-999.0,-15.3
25938.7,-15.3,-14.6,-999.0,-15.4
25948.7,-15.3,-14.6,-999.0,-15.3
25958.7,-15.3,-14.6,-999.0,-15.3
25968.7,-15.3,-14.6,-999.0,-15.3
25978.8,-15.3,-14.6,-999.0,-15.3
25988.8,-15.3,-14.6,-999.0,-15.3
25998.8,-15.3,-14.6,-999.0,-15.3
26008.8,-15.3,-14.6,-999.0,-15.3
26018.8,-15.2,-14.6,-999.0,-15.2
26028.8,-15.3,-14.6,-999.0,-15.3
26038.8,-15.3,-14.6,-999.0,-15.3
26048.9,-15.3,-14.6,-999.0,-15.3
26058.9,-15.3,-14.6,-999.0,-15.4
26068.9,-15.2,-14.6,-999.0,-15.3
26078.9,-15.3,-14.6,-999.0,-15.3
26088.9,-15.3,-14.7,-999.0,-15.4
26099.0,-15.3,-14.6,-999.0,-15.4
26109.0,-15.3,-14.6,-999.0,-15.3
26119.0,-15.3,-14.6,-999.0,-15.3
26129.0,-15.3,-14.6,-999.0,-15.4
26139.0,-15.2,-14.6,-999.0,-15.2
26149.0,-15.3,-14.6,-999.0,-15.4
26159.1,-15.3,-14.7,-999.0,-15.4
26169.1,-15.3,-14.6,-999.0,-15.3
26179.1,-15.3,-14.6,-999.0,-15.2
26189.1,-15.3,-14.6,-999.0,-15.3
26199.1,-15.3,-14.6,-999.0,-15.3
26209.1,-15.2,-14.6,-999.0,-15.4
26219.1,-15.3,-14.6,-999.0,-15.4
26229.2,-15.3,-14.6,-999.0,-15.3
26239.2,-15.3,-14.6,-999.0,-15.3
26249.2,-15.4,-14.6,-999.0,-15.3
26259.2,-15.4,-14.7,-999.0,-15.4
26269.2,-15.3,-14.6,-999.0,-15.4
26279.2,-15.3,-14.6,-999.0,-15.3
26289.3,-15.3,-14.6,-999.0,-15.3
26299.3,-15.3,-14.7,-999.0,-15.3
26309.3,-15.3,-14.6,-999.0,-15.3
26319.3,-15.2,-14.6,-999.0,-15.3
26329.3,-15.3,-14.6,-999.0,-15.3
26339.3,-15.2,-14.6,-999.0,-15.3
26349.4,-15.3,-14.7,-999.0,-15.3
26359.4,-15.3,-14.6,-999.0,-15.3
26369.4,-15.2,-14.6,-999.0,-15.2
26379.4,-15.3,-14.6,-999.0,-15.3
26389.5,-15.3,-14.6,-999.0,-15.4
26399.5,-15.3,-14.6,-999.0,-15.1
26409.5,-15.3,-14.6,-999.0,-15.3
26419.6,-15.3,-14.6,-999.0,-15.3
26429.6,-15.3,-14.6,-999.0,-15.3
26439.6,-15.3,-14.6,-999.0,-15.3
26449.6,-15.4,-14.6,-999.0,-15.3
26459.7,-15.3,-14.6,-999.0,-15.3
26469.7,-15.3,-14.6,-999.0,-15.4
26479.8,-15.3,-14.6,-999.0,-15.4
26489.8,-15.3,-14.6,-999.0,-15.3
26499.8,-15.3,-14.6,-999.0,-15.3
26509.8,-15.4,-14.6,-999.0,-15.3
26519.9,-15.3,-14.7,-999.0,-15.3
26529.9,-15.2,-14.6,-999.0,-15.3
26539.9,-15.3,-14.6,-999.0,-15.4
26549.9,-15.3,-14.6,-999.0,-15.2
26559.9,-15.3,-14.6,-999.0,-15.3
26570.0,-15.3,-14.6,-999.0,-15.3
26580.0,-15.2,-14.6,-999.0,-15.3
26590.0,-15.3,-14.6,-999.0,-15.3
26600.0,-15.3,-14.6,-999.0,-15.3
26610.0,-15.3,-14.6,-999.0,-15.2
26620.1,-15.3,-14.6,-999.0,-15.3
26630.1,-15.3,-14.6,-999.0,-15.3
26640.1,-15.3,-14.6,-999.0,-15.3
26650.1,-15.3,-14.6,-999.0,-15.3
26660.2,-15.2,-14.6,-999.0,-15.3
26670.2,-15.3,-14.6,-999.0,-15.2
26680.2,-15.2,-14.6,-999.0,-15.3
26690.2,-15.2,-14.6,-999.0,-15.3
26700.2,-15.3,-14.6,-999.0,-15.3
26710.2,-15.3,-14.6,-999.0,-15.3
26720.2,-15.3,-14.6,-999.0,-15.3
26730.3,-15.3,-14.6,-999.0,-15.4
26740.3,-15.2,-14.6,-999.0,-15.3
26750.3,-15.3,-14.6,-999.0,-15.3
26760.4,-15.2,-14.6,-999.0,-15.3
26770.4,-15.3,-14.6,-999.0,-15.3
26780.4,-15.3,-14.6,-999.0,-15.4
26790.4,-15.3,-14.6,-999.0,-15.3
26800.4,-15.3,-14.6,-999.0,-15.1
26810.4,-15.3,-14.6,-999.0,-15.3
26820.5,-15.3,-14.6,-999.0,-15.3
26830.5,-15.3,-14.6,-999.0,-15.3
26840.5,-15.3,-14.6,-999.0,-15.3
26850.5,-15.3,-14.6,-999.0,-15.3
26860.5,-15.3,-14.6,-999.0,-15.3
26870.6,-15.3,-14.6,-999.0,-15.3
26880.6,-15.3,-14.6,-999.0,-15.3
26890.6,-15.3,-14.6,-999.0,-15.3
26900.6,-15.2,-14.6,-999.0,-15.3
26910.6,-15.3,-14.6,-999.0,-15.4
26920.6,-15.3,-14.6,-999.0,-15.3
26930.7,-15.3,-14.6,-999.0,-15.1
26940.7,-15.3,-14.6,-999.0,-15.3
26950.7,-15.3,-14.6,-999.0,-15.4
26960.7,-15.2,-14.6,-999.0,-15.3
26970.7,-15.3,-14.6,-999.0,-15.3
26980.7,-15.3,-14.6,-999.0,-15.3
26990.8,-15.3,-14.6,-999.0,-15.3
27000.8,-15.3,-14.6,-999.0,-15.3
27010.8,-15.3,-14.6,-999.0,-15.4
27020.9,-15.3,-14.6,-999.0,-15.3
27030.9,-15.3,-14.6,-999.0,-15.4
27040.9,-15.3,-14.6,-999.0,-15.3
27051.0,-15.3,-14.6,-999.0,-15.3
27061.0,-15.3,-14.6,-999.0,-15.3
27071.0,-15.3,-14.6,-999.0,-15.3
27081.0,-15.3,-14.6,-999.0,-15.3
27091.1,-15.3,-14.6,-999.0,-15.3
27101.1,-15.3,-14.6,-999.0,-15.3
27111.1,-15.3,-14.6,-999.0,-15.3
27121.1,-15.3,-14.6,-999.0,-15.3
27131.2,-15.3,-14.6,-999.0,-15.3
27141.2,-15.3,-14.6,-999.0,-15.3
27151.2,-15.3,-14.6,-999.0,-15.3
27161.2,-15.3,-14.6,-999.0,-15.3
27171.2,-15.2,-14.6,-999.0,-15.2
27181.2,-15.3,-14.6,-999.0,-15.3
27191.3,-15.3,-14.6,-999.0,-15.3
27201.3,-15.3,-14.6,-999.0,-15.4
27211.3,-15.3,-14.6,-999.0,-15.3
27221.3,-15.3,-14.6,-999.0,-15.2
27231.3,-15.2,-14.6,-999.0,-15.3
27241.4,-15.2,-14.6,-999.0,-15.3
27251.4,-15.3,-14.6,-999.0,-15.3
27261.4,-15.3,-14.6,-999.0,-15.3
27271.4,-15.3,-14.6,-999.0,-15.3
27281.4,-15.3,-14.6,-999.0,-15.3
27291.4,-15.2,-14.6,-999.0,-15.2
27301.5,-15.3,-14.6,-999.0,-15.3
27311.5,-15.3,-14.6,-999.0,-15.3
27321.5,-15.3,-14.6,-999.0,-15.2
27331.6,-15.3,-14.6,-999.0,-15.3
27341.6,-15.3,-14.6,-999.0,-15.3
27351.6,-15.3,-14.6,-999.0,-15.3
27361.6,-15.3,-14.6,-999.0,-15.3
27371.7,-15.3,-14.6,-999.0,-15.3
27381.7,-15.2,-14.6,-999.0,-15.4
27391.7,-15.3,-14.6,-999.0,-15.3
27401.7,-15.3,-14.6,-999.0,-15.3
27411.7,-15.4,-14.6,-999.0,-15.3
27421.7,-15.2,-14.6,-999.0,-15.3
27431.8,-15.2,-14.6,-999.0,-15.3
27441.8,-15.3,-14.6,-999.0,-15.3
27451.8,-15.3,-14.6,-999.0,-15.3
27461.8,-15.3,-14.6,-999.0,-15.3
27471.8,-15.3,-14.6,-999.0,-15.3
27481.9,-15.3,-14.6,-999.0,-15.3
27491.9,-15.3,-14.6,-999.0,-15.3
27501.9,-15.3,-14.6,-999.0,-15.2
27512.0,-15.3,-14.6,-999.0,-15.3
27522.0,-15.3,-14.6,-999.0,-15.3
27532.0,-15.3,-14.6,-999.0,-15.3
27542.0,-15.2,-14.6,-999.0,-15.3
27552.0,-15.2,-14.6,-999.0,-15.3
27562.1,-15.3,-14.6,-999.0,-15.3
27572.1,-15.3,-14.7,-999.0,-15.3
27582.1,-15.3,-14.6,-999.0,-15.4
27592.1,-15.3,-14.6,-999.0,-15.3
27602.1,-15.3,-14.6,-999.0,-15.3
27612.1,-15.3,-14.6,-999.0,-15.1
27622.1,-15.3,-14.6,-999.0,-15.3
27632.2,-15.3,-14.6,-999.0,-15.3
27642.2,-15.3,-14.6,-999.0,-15.3
27652.2,-15.3,-14.6,-999.0,-15.3
27662.2,-15.3,-14.6,-999.0,-15.2
27672.2,-15.3,-14.6,-999.0,-15.3
27682.3,-15.3,-14.6,-999.0,-15.3
27692.3,-15.3,-14.6,-999.0,-15.3
27702.3,-15.3,-14.6,-999.0,-15.3
27712.3,-15.3,-14.6,-999.0,-15.3
27722.3,-15.3,-14.6,-999.0,-15.3
27732.4,-15.2,-14.6,-999.0,-15.3
27742.4,-15.3,-14.6,-999.0,-15.3
27752.4,-15.3,-14.6,-999.0,-15.3
27762.4,-15.3,-14.6,-999.0,-15.3
27772.5,-15.3,-14.6,-999.0,-15.3
27782.5,-15.3,-14.6,-999.0,-15.3
27792.5,-15.3,-14.6,-999.0,-15.2
27802.5,-15.3,-14.6,-999.0,-15.3
27812.5,-15.3,-14.6,-999.0,-15.3
27822.5,-15.3,-14.6,-999.0,-15.3
27832.6,-15.4,-14.6,-999.0,-15.2
27842.6,-15.3,-14.6,-999.0,-15.4
27852.6,-15.3,-14.6,-999.0,-15.3
27862.6,-15.3,-14.6,-999.0,-15.3
27872.6,-15.3,-14.6,-999.0,-15.4
27882.6,-15.3,-14.6,-999.0,-15.2
27892.7,-15.3,-14.6,-999.0,-15.3
27902.7,-15.3,-14.6,-999.0,-15.4
27912.7,-15.3,-14.6,-999.0,-15.2
27922.7,-15.2,-14.6,-999.0,-15.3
27932.8,-15.2,-14.6,-999.0,-15.3
27942.8,-15.3,-14.6,-999.0,-15.3
27952.8,-15.2,-14.6,-999.0,-15.4
27962.8,-15.3,-14.6,-999.0,-15.3
27972.9,-15.3,-14.6,-999.0,-15.3
27982.9,-15.2,-14.6,-999.0,-15.3
27992.9,-15.3,-14.6,-999.0,-15.3
28002.9,-15.3,-14.6,-999.0,-15.3
28012.9,-15.3,-14.6,-999.0,-15.3
28023.0,-15.3,-14.6,-999.0,-15.3
28033.0,-15.3,-14.6,-999.0,-15.3
28043.0,-15.3,-14.6,-999.0,-15.3
28053.0,-15.2,-14.6,-999.0,-15.3
28063.0,-15.2,-14.6,-999.0,-15.3
28073.0,-15.2,-14.6,-999.0,-15.3
28083.1,-15.3,-14.6,-999.0,-15.2
28093.1,-15.3,-14.6,-999.0,-15.3
28103.1,-15.3,-14.6,-999.0,-15.2
28113.1,-15.3,-14.6,-999.0,-15.2
28123.1,-15.2,-14.6,-999.0,-15.3
28133.1,-15.3,-14.6,-999.0,-15.3
28143.2,-15.3,-14.6,-999.0,-15.3
28153.2,-15.3,-14.6,-999.0,-15.3
28163.2,-15.3,-14.6,-999.0,-15.3
28173.2,-15.3,-14.6,-999.0,-15.4
28183.2,-15.3,-14.6,-999.0,-15.3
28193.2,-15.2,-14.6,-999.0,-15.3
28203.2,-15.3,-14.6,-999.0,-15.3
28213.3,-15.3,-14.6,-999.0,-15.3
28223.3,-15.3,-14.6,-999.0,-15.3
28233.3,-15.3,-14.6,-999.0,-15.3
28243.3,-15.3,-14.6,-999.0,-15.2
28253.3,-15.2,-14.6,-999.0,-15.3
28263.4,-15.2,-14.6,-999.0,-15.3
28273.4,-15.3,-14.6,-999.0,-15.3
28283.4,-15.2,-14.6,-999.0,-15.3
28293.4,-15.3,-14.6,-999.0,-15.3
28303.4,-15.3,-14.6,-999.0,-15.3
28313.4,-15.3,-14.6,-999.0,-15.4
28323.5,-15.3,-14.6,-999.0,-15.3
28333.5,-15.3,-14.6,-999.0,-15.3
28343.5,-15.3,-14.6,-999.0,-15.3
28353.5,-15.4,-14.6,-999.0,-15.2
28363.5,-15.3,-14.6,-999.0,-15.3
28373.6,-15.2,-14.6,-999.0,-15.4
28383.6,-15.3,-14.6,-999.0,-15.3
28393.6,-15.2,-14.6,-999.0,-15.4
28403.6,-15.3,-14.6,-999.0,-15.3
28413.6,-15.2,-14.6,-999.0,-15.3
28423.7,-15.3,-14.6,-999.0,-15.3
28433.7,-15.3,-14.6,-999.0,-15.3
28443.7,-15.3,-14.6,-999.0,-15.3
28453.7,-15.2,-14.6,-999.0,-15.3
28463.8,-15.3,-14.6,-999.0,-15.3
28473.8,-15.3,-14.6,-999.0,-15.3
28483.8,-15.3,-14.6,-999.0,-15.3
28493.8,-15.3,-14.6,-999.0,-15.3
28503.8,-15.3,-14.6,-999.0,-15.3
28513.9,-15.3,-14.6,-999.0,-15.3
28523.9,-15.3,-14.6,-999.0,-15.3
28533.9,-15.3,-14.6,-999.0,-15.3
28544.0,-15.3,-14.6,-999.0,-15.1
28554.0,-15.3,-14.6,-999.0,-15.3
28564.0,-15.2,-14.6,-999.0,-15.3
28574.0,-15.3,-14.6,-999.0,-15.3
28584.0,-15.2,-14.6,-999.0,-15.3
28594.1,-15.4,-14.6,-999.0,-15.3
28604.1,-15.2,-14.6,-999.0,-15.3
28614.1,-15.3,-14.6,-999.0,-15.4
28624.1,-15.3,-14.6,-999.0,-15.3
28634.2,-15.3,-14.6,-999.0,-15.3
28644.2,-15.3,-14.6,-999.0,-15.3
28654.2,-15.3,-14.6,-999.0,-15.3
28664.2,-15.2,-14.6,-999.0,-15.2
28674.2,-15.3,-14.6,-999.0,-15.3
28684.2,-15.3,-14.6,-999.0,-15.3
28694.3,-15.2,-14.6,-999.0,-15.3
28704.3,-15.3,-14.6,-999.0,-15.3
28714.3,-15.2,-14.6,-999.0,-15.3
28724.3,-15.4,-14.6,-999.0,-15.2
28734.3,-15.3,-14.6,-999.0,-15.3
28744.4,-15.3,-14.6,-999.0,-15.3
28754.4,-15.3,-14.6,-999.0,-15.3
28764.4,-15.2,-14.6,-999.0,-15.3
28774.4,-15.3,-14.6,-999.0,-15.2
28784.4,-15.2,-14.6,-999.0,-15.3
28794.4,-15.3,-14.6,-999.0,-15.3
28804.5,-15.3,-14.6,-999.0,-15.3
28814.5,-15.3,-14.6,-999.0,-15.3
28824.5,-15.3,-14.6,-999.0,-15.3
28834.5,-15.2,-14.6,-999.0,-15.3
28844.5,-15.3,-14.6,-999.0,-15.3
28854.6,-15.2,-14.6,-999.0,-15.2
28864.6,-15.2,-14.6,-999.0,-15.3
28874.6,-15.2,-14.6,-999.0,-15.3
28884.6,-15.2,-14.6,-999.0,-15.3
28894.6,-15.2,-14.5,-999.0,-15.2
28904.7,-15.2,-14.6,-999.0,-15.2
28914.7,-15.2,-14.6,-999.0,-15.3
28924.7,-15.2,-14.6,-999.0,-15.3
28934.7,-15.2,-14.6,-999.0,-15.3
28944.7,-15.2,-14.6,-999.0,-15.3
28954.8,-15.3,-14.6,-999.0,-15.3
28964.8,-15.2,-14.6,-999.0,-15.3
28974.8,-15.3,-14.6,-999.0,-15.3
28984.8,-15.2,-14.6,-999.0,-15.3
28994.8,-15.2,-14.6,-999.0,-15.3
29004.9,-15.2,-14.6,-999.0,-15.4
29014.9,-15.3,-14.6,-999.0,-15.3
29024.9,-15.2,-14.6,-999.0,-15.3
29034.9,-15.2,-14.6,-999.0,-15.3
29044.9,-15.3,-14.6,-999.0,-15.3
29055.0,-15.2,-14.6,-999.0,-15.3
29065.0,-15.3,-14.6,-999.0,-15.3
29075.0,-15.2,-14.6,-999.0,-15.3
29085.1,-15.3,-14.6,-999.0,-15.2
29095.1,-15.3,-14.6,-999.0,-15.4
29105.1,-15.3,-14.6,-999.0,-15.3
29115.1,-15.2,-14.6,-999.0,-15.3
29125.1,-15.3,-14.6,-999.0,-15.3
29135.1,-15.3,-14.6,-999.0,-15.3
29145.2,-15.2,-14.6,-999.0,-15.3
29155.2,-15.3,-14.6,-999.0,-15.2
29165.2,-15.2,-14.6,-999.0,-15.3
29175.2,-15.2,-14.6,-999.0,-15.3
29185.2,-15.3,-14.6,-999.0,-15.2
29195.2,-15.3,-14.6,-999.0,-15.3
29205.3,-15.3,-14.6,-999.0,-15.2
29215.3,-15.2,-14.6,-999.0,-15.3
29225.3,-15.2,-14.6,-999.0,-15.3
29235.3,-15.3,-14.6,-999.0,-15.3
29245.3,-15.3,-14.6,-999.0,-15.1
29255.4,-15.3,-14.6,-999.0,-15.3
29265.4,-15.3,-14.6,-999.0,-15.2
29275.4,-15.3,-14.6,-999.0,-15.3
29285.4,-15.2,-14.6,-999.0,-15.3
29295.4,-15.3,-14.6,-999.0,-15.3
29305.5,-15.2,-14.6,-999.0,-15.2
29315.5,-15.2,-14.6,-999.0,-15.3
29325.5,-15.3,-14.6,-999.0,-15.3
29335.5,-15.2,-14.6,-999.0,-15.3
29345.6,-15.2,-14.6,-999.0,-15.2
29355.6,-15.3,-14.6,-999.0,-15.3
29365.6,-15.2,-14.6,-999.0,-15.1
29375.6,-15.2,-14.6,-999.0,-15.2
29385.7,-15.3,-14.6,-999.0,-15.3
29395.7,-15.2,-14.6,-999.0,-15.3
29405.7,-15.3,-14.6,-999.0,-15.1
29415.7,-15.3,-14.6,-999.0,-15.2
29425.7,-15.3,-14.6,-999.0,-15.3
29435.8,-15.2,-14.6,-999.0,-15.3
29445.8,-15.2,-14.6,-999.0,-15.4
29455.8,-15.3,-14.6,-999.0,-15.3
29465.8,-15.3,-14.6,-999.0,-15.3
29475.8,-15.3,-14.6,-999.0,-15.1
29485.9,-15.3,-14.6,-999.0,-15.2
29495.9,-15.3,-14.6,-999.0,-15.3
29505.9,-15.3,-14.6,-999.0,-15.3
29515.9,-15.2,-14.6,-999.0,-15.3
29525.9,-15.3,-14.6,-999.0,-15.3
29536.0,-15.3,-14.6,-999.0,-15.3
29546.0,-15.3,-14.6,-999.0,-15.3
29556.0,-15.3,-14.6,-999.0,-15.3
29566.1,-15.3,-14.6,-999.0,-15.3
29576.1,-15.4,-14.6,-999.0,-15.2
29586.1,-15.2,-14.6,-999.0,-15.3
29596.1,-15.3,-14.6,-999.0,-15.3
29606.1,-15.3,-14.6,-999.0,-15.2
29616.1,-15.2,-14.6,-999.0,-15.3
29626.2,-15.3,-14.6,-999.0,-15.3
29636.2,-15.2,-14.6,-999.0,-15.3
29646.2,-15.2,-14.5,-999.0,-15.3
29656.2,-15.3,-14.6,-999.0,-15.4
29666.2,-15.3,-14.6,-999.0,-15.3
29676.2,-15.2,-14.6,-999.0,-15.3
29686.2,-15.3,-14.6,-999.0,-15.3
29696.3,-15.3,-14.6,-999.0,-15.3
29706.3,-15.3,-14.6,-999.0,-15.2
29716.3,-15.3,-14.6,-999.0,-15.3
29726.3,-15.3,-14.6,-999.0,-15.3
29736.4,-15.3,-14.6,-999.0,-15.3
29746.4,-15.3,-14.6,-999.0,-15.3
29756.4,-15.2,-14.6,-999.0,-15.3
29766.4,-15.3,-14.6,-999.0,-15.1
29776.4,-15.3,-14.6,-999.0,-15.3
29786.4,-15.3,-14.6,-999.0,-15.2
29796.4,-15.3,-14.6,-999.0,-15.3
29806.5,-15.2,-14.6,-999.0,-15.3
29816.5,-15.3,-14.6,-999.0,-15.3
29826.5,-15.3,-14.6,-999.0,-15.3
29836.5,-15.2,-14.6,-999.0,-15.3
29846.6,-15.3,-14.6,-999.0,-15.4
29856.6,-15.3,-14.6,-999.0,-15.2
29866.6,-15.3,-14.6,-999.0,-15.3
29876.6,-15.3,-14.6,-999.0,-15.2
29886.6,-15.2,-14.6,-999.0,-15.3
29896.7,-15.3,-14.6,-999.0,-15.3
29906.7,-15.2,-14.6,-999.0,-15.3
29916.7,-15.3,-14.7,-999.0,-15.3
29926.7,-15.3,-14.6,-999.0,-15.2
29936.7,-15.3,-14.6,-999.0,-15.3
29946.8,-15.3,-14.6,-999.0,-15.4
29956.8,-15.2,-14.6,-999.0,-15.3
29966.8,-15.3,-14.6,-999.0,-15.1
29976.8,-15.3,-14.7,-999.0,-15.3
29986.8,-15.2,-14.6,-999.0,-15.4
29996.9,-15.2,-14.6,-999.0,-15.3
30006.9,-15.2,-14.6,-999.0,-15.3
30016.9,-15.3,-14.6,-999.0,-15.3
30026.9,-15.3,-14.6,-999.0,-15.3
30036.9,-15.2,-14.6,-999.0,-15.3
30047.0,-15.2,-14.6,-999.0,-15.3
30057.0,-15.2,-14.6,-999.0,-15.3
30067.0,-15.3,-14.6,-999.0,-15.3
30077.0,-15.3,-14.6,-999.0,-15.3
30087.1,-15.3,-14.6,-999.0,-15.2
30097.1,-15.2,-14.6,-999.0,-15.3
30107.1,-15.3,-14.6,-999.0,-15.3
30117.1,-15.2,-14.6,-999.0,-15.3
30127.1,-15.3,-14.6,-999.0,-15.2
30137.1,-15.2,-14.6,-999.0,-15.3
30147.2,-15.3,-14.6,-999.0,-15.3
30157.2,-15.3,-14.6,-999.0,-15.3
30167.2,-15.2,-14.6,-999.0,-15.3
30177.2,-15.3,-14.6,-999.0,-15.3
30187.2,-15.4,-14.6,-999.0,-15.2
30197.3,-15.2,-14.6,-999.0,-15.4
30207.3,-15.4,-14.6,-999.0,-15.2
30217.3,-15.2,-14.6,-999.0,-15.3
30227.3,-15.3,-14.6,-999.0,-15.3
30237.3,-15.3,-14.6,-999.0,-15.3
30247.4,-15.2,-14.6,-999.0,-15.3
30257.4,-15.3,-14.6,-999.0,-15.3
30267.4,-15.3,-14.6,-999.0,-15.3
30277.4,-15.3,-14.6,-999.0,-15.2
30287.4,-15.2,-14.6,-999.0,-15.3
30297.4,-15.3,-14.6,-999.0,-15.3
30307.5,-15.2,-14.6,-999.0,-15.3
30317.5,-15.3,-14.6,-999.0,-15.3
30327.5,-15.3,-14.6,-999.0,-15.4
30337.5,-15.2,-14.6,-999.0,-15.2
30347.5,-15.3,-14.6,-999.0,-15.3
30357.6,-15.2,-14.6,-999.0,-15.3
30367.6,-15.3,-14.6,-999.0,-15.1
30377.6,-15.3,-14.6,-999.0,-15.3
30387.6,-15.3,-14.6,-999.0,-15.3
30397.6,-15.3,-14.6,-999.0,-15.3
30407.6,-15.3,-14.6,-999.0,-15.3
30417.6,-15.3,-14.5,-999.0,-15.2
30427.7,-15.3,-14.6,-999.0,-15.3
30437.7,-15.3,-14.6,-999.0,-15.2
30447.7,-15.2,-14.6,-999.0,-15.3
30457.7,-15.2,-14.6,-999.0,-15.3
30467.8,-15.3,-14.6,-999.0,-15.3
30477.8,-15.3,-14.6,-999.0,-15.2
30487.8,-15.3,-14.6,-999.0,-15.3
30497.8,-15.2,-14.6,-999.0,-15.2
30507.8,-15.3,-14.6,-999.0,-15.3
30517.8,-15.3,-14.6,-999.0,-15.4
30527.9,-15.3,-14.6,-999.0,-15.3
30537.9,-15.3,-14.6,-999.0,-15.2
30547.9,-15.3,-14.6,-999.0,-15.3
30558.0,-15.2,-14.7,-999.0,-15.3
30568.0,-15.2,-14.6,-999.0,-15.3
30578.0,-15.3,-14.6,-999.0,-15.3
30588.0,-15.3,-14.6,-999.0,-15.3
30598.0,-15.2,-14.6,-999.0,-15.1
30608.0,-15.3,-14.6,-999.0,-15.3
30618.0,-15.3,-14.6,-999.0,-15.3
30628.1,-15.3,-14.6,-999.0,-15.3
30638.1,-15.3,-14.6,-999.0,-15.4
30648.2,-15.2,-14.6,-999.0,-15.3
30658.2,-15.2,-14.7,-999.0,-15.3
30668.2,-15.3,-14.6,-999.0,-15.4
30678.2,-15.3,-14.6,-999.0,-15.3
30688.2,-15.2,-14.6,-999.0,-15.3
30698.2,-15.2,-14.6,-999.0,-15.4
30708.3,-15.3,-14.6,-999.0,-15.2
30718.3,-15.2,-14.6,-999.0,-15.3
30728.3,-15.3,-14.6,-999.0,-15.3
30738.4,-15.2,-14.6,-999.0,-15.2
30748.4,-15.3,-14.6,-999.0,-15.2
30758.4,-15.3,-14.6,-999.0,-15.2
30768.4,-15.2,-14.6,-999.0,-15.3
30778.4,-15.3,-14.6,-999.0,-15.3
30788.4,-15.2,-14.6,-999.0,-15.3
30798.4,-15.3,-14.6,-999.0,-15.3
30808.5,-15.2,-14.6,-999.0,-15.4
30818.5,-15.2,-14.6,-999.0,-15.3
30828.5,-15.2,-14.6,-999.0,-15.3
30838.5,-15.3,-14.6,-999.0,-15.2
30848.5,-15.3,-14.6,-999.0,-15.3
30858.6,-15.2,-14.6,-999.0,-15.3
30868.6,-15.3,-14.6,-999.0,-15.3
30878.6,-15.3,-14.7,-999.0,-15.3
30888.6,-15.3,-14.6,-999.0,-15.3
30898.6,-15.3,-14.6,-999.0,-15.3
30908.6,-15.3,-14.6,-999.0,-15.3
30918.6,-15.3,-14.6,-999.0,-15.3
30928.7,-15.3,-14.6,-999.0,-15.3
30938.7,-15.3,-14.6,-999.0,-15.2
30948.7,-15.2,-14.6,-999.0,-15.3
30958.7,-15.3,-14.6,-999.0,-15.1
30968.7,-15.3,-14.6,-999.0,-15.3
30978.8,-15.3,-14.6,-999.0,-15.3
30988.8,-15.3,-14.6,-999.0,-15.2
30998.8,-15.2,-14.6,-999.0,-15.3
31008.8,-15.4,-14.6,-999.0,-15.2
31018.8,-15.3,-14.6,-999.0,-15.3
31028.8,-15.3,-14.6,-999.0,-15.3
31038.9,-15.2,-14.6,-999.0,-15.2
31048.9,-15.3,-14.6,-999.0,-15.3
31058.9,-15.3,-14.6,-999.0,-15.3
31068.9,-15.2,-14.6,-999.0,-15.3
31078.9,-15.2,-14.6,-999.0,-15.3
31089.0,-15.2,-14.6,-999.0,-15.2
31099.0,-15.2,-14.6,-999.0,-15.2
31109.0,-15.2,-14.6,-999.0,-15.3
31119.0,-15.2,-14.6,-999.0,-15.3
31129.0,-15.3,-14.6,-999.0,-15.3
31139.1,-15.3,-14.6,-999.0,-15.2
31149.1,-15.3,-14.6,-999.0,-15.3
31159.1,-15.3,-14.6,-999.0,-15.3
31169.1,-15.2,-14.6,-999.0,-15.3
31179.1,-15.4,-14.6,-999.0,-15.3
31189.2,-15.3,-14.6,-999.0,-15.3
31199.2,-15.3,-14.6,-999.0,-15.4
31209.2,-15.2,-14.6,-999.0,-15.3
31219.2,-15.3,-14.6,-999.0,-15.4
31229.2,-15.3,-14.6,-999.0,-15.4
31239.3,-15.4,-14.6,-999.0,-15.3
31249.3,-15.3,-14.6,-999.0,-15.4
31259.3,-15.4,-14.6,-999.0,-15.3
31269.4,-15.4,-14.6,-999.0,-15.4
31279.4,-15.3,-14.6,-999.0,-15.4
31289.4,-15.4,-14.6,-999.0,-15.3
31299.4,-15.3,-14.6,-999.0,-15.4
31309.4,-15.4,-14.6,-999.0,-15.4
31319.4,-15.4,-14.6,-999.0,-15.4
31329.4,-15.4,-14.6,-999.0,-15.4
31339.5,-15.4,-14.6,-999.0,-15.5
31349.5,-15.4,-14.6,-999.0,-15.4
31359.5,-15.4,-14.6,-999.0,-15.3
31369.6,-15.5,-14.6,-999.0,-15.5
31379.6,-15.5,-14.6,-999.0,-15.4
31389.6,-15.4,-14.6,-999.0,-15.4
31399.6,-15.4,-14.6,-999.0,-15.4
31409.6,-15.5,-14.6,-999.0,-15.4
31419.7,-15.5,-14.6,-999.0,-15.4
31429.7,-15.5,-14.6,-999.0,-15.4
31439.7,-15.5,-14.6,-999.0,-15.4
31449.7,-15.5,-14.6,-999.0,-15.4
31459.8,-15.5,-14.7,-999.0,-15.4
31469.8,-15.5,-14.7,-999.0,-15.4
31479.8,-15.5,-14.7,-999.0,-15.4
31489.8,-15.4,-14.7,-999.0,-15.4
31499.9,-15.5,-14.6,-999.0,-15.3
31509.9,-15.5,-14.7,-999.0,-15.5
31519.9,-15.5,-14.7,-999.0,-15.4
31529.9,-15.5,-14.7,-999.0,-15.4
31539.9,-15.5,-14.8,-999.0,-15.4
31549.9,-15.5,-14.8,-999.0,-15.5
31560.0,-15.6,-14.8,-999.0,-15.4
31570.0,-15.5,-14.8,-999.0,-15.5
31580.0,-15.6,-14.8,-999.0,-15.5
31590.0,-15.6,-14.8,-999.0,-15.4
31600.0,-15.6,-14.9,-999.0,-15.5
31610.0,-15.6,-14.8,-999.0,-15.5
31620.1,-15.7,-14.9,-999.0,-15.5
31630.1,-15.7,-14.9,-999.0,-15.6
31640.1,-15.8,-15.0,-999.0,-15.6
31650.1,-15.8,-15.0,-999.0,-15.7
31660.1,-15.8,-15.1,-999.0,-15.8
31670.2,-15.9,-15.1,-999.0,-15.8
31680.2,-16.0,-15.2,-999.0,-15.9
31690.2,-16.1,-15.2,-999.0,-16.1
31700.2,-16.3,-15.4,-999.0,-16.2
31710.2,-16.4,-15.6,-999.0,-16.3
31720.3,-16.6,-15.7,-999.0,-16.6
31730.3,-16.8,-15.9,-999.0,-16.8
31740.3,-17.1,-16.2,-999.0,-17.2
31750.3,-17.6,-16.9,-999.0,-17.7
31760.3,-18.0,-17.4,-999.0,-18.5
31770.4,-18.8,-18.0,-999.0,-19.2
31780.4,-19.4,-18.7,-999.0,-20.0
31790.4,-20.3,-19.4,-999.0,-20.8
31800.4,-21.1,-20.1,-999.0,-21.7
31810.4,-21.7,-21.3,-999.0,-22.6
31820.5,-22.4,-22.1,-999.0,-23.6
31830.5,-23.6,-22.9,-999.0,-24.4
31840.5,-24.4,-23.7,-999.0,-25.3
31850.5,-25.0,-24.4,-999.0,-26.2
31860.5,-25.8,-25.3,-999.0,-27.0
31870.6,-26.4,-26.0,-999.0,-27.7
31880.6,-27.0,-26.7,-999.0,-28.3
31890.6,-27.7,-27.2,-999.0,-28.8
31900.6,-28.4,-27.8,-999.0,-29.5
31910.7,-28.9,-28.3,-999.0,-30.1
31920.7,-29.3,-28.8,-999.0,-30.5
31930.7,-29.8,-29.5,-999.0,-31.2
31940.7,-30.2,-29.9,-999.0,-31.6
31950.7,-30.7,-30.3,-999.0,-32.1
31960.7,-30.9,-30.7,-999.0,-32.4
31970.8,-31.3,-31.0,-999.0,-32.9
31980.8,-31.8,-31.4,-999.0,-33.1
31990.8,-32.2,-31.7,-999.0,-33.5
32000.8,-32.4,-32.0,-999.0,-33.6
32010.8,-32.6,-32.2,-999.0,-33.9
32020.9,-32.8,-32.4,-999.0,-34.1
32030.9,-33.0,-32.6,-999.0,-34.3
32040.9,-33.2,-32.8,-999.0,-34.5
32050.9,-33.4,-33.0,-999.0,-34.7
32060.9,-33.5,-33.1,-999.0,-35.0
32070.9,-33.7,-33.3,-999.0,-35.2
32081.0,-33.8,-33.6,-999.0,-35.2
32091.0,-33.8,-33.5,-999.0,-35.3
32101.0,-33.9,-33.7,-999.0,-35.5
32111.0,-34.0,-33.9,-999.0,-35.6
32121.0,-34.0,-34.0,-999.0,-35.7
32131.1,-34.2,-34.1,-999.0,-35.8
32141.1,-34.2,-34.2,-999.0,-35.7
32151.1,-34.2,-34.2,-999.0,-35.9
32161.1,-34.3,-34.3,-999.0,-35.9
32171.1,-34.3,-34.4,-999.0,-36.0
32181.2,-34.4,-34.4,-999.0,-36.0
32191.2,-34.4,-34.5,-999.0,-36.1
32201.2,-34.5,-34.5,-999.0,-36.2
32211.2,-34.4,-34.5,-999.0,-36.1
32221.2,-34.5,-34.5,-999.0,-36.2
32231.3,-34.5,-34.6,-999.0,-36.2
32241.3,-34.5,-34.6,-999.0,-36.2
32251.3,-34.5,-34.7,-999.0,-36.4
32261.3,-34.6,-34.6,-999.0,-36.2
32271.3,-34.6,-34.7,-999.0,-36.3
32281.3,-34.6,-34.7,-999.0,-36.3
32291.3,-34.5,-34.7,-999.0,-36.2
32301.4,-34.6,-34.8,-999.0,-36.3
32311.4,-34.5,-34.7,-999.0,-36.3
32321.4,-34.6,-34.7,-999.0,-36.3
32331.5,-34.6,-34.7,-999.0,-36.3
32341.5,-34.6,-34.7,-999.0,-36.3
32351.5,-34.6,-34.7,-999.0,-36.3
32361.5,-34.5,-34.7,-999.0,-36.3
32371.5,-34.5,-34.6,-999.0,-36.1
32381.6,-34.5,-34.8,-999.0,-36.2
32391.6,-34.5,-34.7,-999.0,-36.2
32401.6,-34.5,-34.8,-999.0,-36.2
32411.7,-34.5,-34.7,-999.0,-36.3
32421.7,-34.5,-34.7,-999.0,-36.2
32431.7,-34.4,-34.7,-999.0,-36.2
32441.8,-34.4,-34.7,-999.0,-36.2
32451.8,-34.5,-34.8,-999.0,-36.2
32461.8,-34.3,-34.6,-999.0,-36.2
32471.8,-34.3,-34.6,-999.0,-36.2
32481.8,-34.3,-34.7,-999.0,-36.2
32491.8,-34.3,-34.6,-999.0,-36.2
32501.8,-34.4,-34.7,-999.0,-36.2
32511.9,-34.3,-34.7,-999.0,-36.1
32521.9,-34.3,-34.6,-999.0,-36.1
32531.9,-34.2,-34.6,-999.0,-36.0
32541.9,-34.2,-34.6,-999.0,-36.1
32551.9,-34.2,-34.6,-999.0,-36.2
32562.0,-34.2,-34.5,-999.0,-36.1
32572.0,-34.2,-34.6,-999.0,-36.0
32582.0,-34.1,-34.6,-999.0,-36.0
32592.0,-34.2,-34.5,-999.0,-36.1
32602.1,-34.1,-34.6,-999.0,-36.0
32612.1,-34.2,-34.5,-999.0,-36.0
32622.1,-34.0,-34.5,-999.0,-36.0
32632.1,-34.1,-34.5,-999.0,-35.9
32642.2,-34.0,-34.5,-999.0,-35.9
32652.2,-34.0,-34.5,-999.0,-36.0
32662.2,-33.9,-34.4,-999.0,-35.9
32672.2,-34.0,-34.5,-999.0,-35.9
32682.2,-33.9,-34.4,-999.0,-35.9
32692.3,-33.9,-34.4,-999.0,-35.8
32702.3,-33.9,-34.3,-999.0,-35.8
32712.3,-33.8,-34.3,-999.0,-35.7
32722.3,-33.8,-34.3,-999.0,-35.8
32732.3,-33.8,-34.3,-999.0,-35.7
32742.4,-33.8,-34.2,-999.0,-35.7
32752.4,-33.8,-34.2,-999.0,-35.7
32762.4,-33.8,-34.2,-999.0,-35.6
32772.4,-33.6,-34.2,-999.0,-35.7
32782.4,-33.7,-34.2,-999.0,-35.6
32792.4,-33.6,-34.2,-999.0,-35.5
32802.4,-33.6,-34.2,-999.0,-35.6
32812.5,-33.6,-34.1,-999.0,-35.5
32822.5,-33.6,-34.2,-999.0,-35.6
32832.5,-33.5,-34.1,-999.0,-35.5
32842.5,-33.5,-34.1,-999.0,-35.5
32852.5,-33.4,-34.1,-999.0,-35.4
32862.6,-33.4,-34.1,-999.0,-35.5
32872.6,-33.5,-34.1,-999.0,-35.3
32882.6,-33.4,-34.0,-999.0,-35.4
32892.6,-33.4,-33.8,-999.0,-35.4
32902.6,-33.3,-33.9,-999.0,-35.4
32912.6,-33.4,-34.0,-999.0,-35.5
32922.7,-33.3,-33.9,-999.0,-35.3
32932.7,-33.3,-33.7,-999.0,-35.3
32942.7,-33.2,-33.9,-999.0,-35.4
32952.7,-33.2,-33.8,-999.0,-35.2
32962.7,-33.2,-33.6,-999.0,-35.2
32972.8,-33.1,-33.8,-999.0,-35.2
32982.8,-33.2,-33.6,-999.0,-35.3
32992.8,-33.1,-33.5,-999.0,-35.1
33002.8,-33.1,-33.5,-999.0,-35.1
33012.8,-33.0,-33.5,-999.0,-35.1
33022.9,-33.0,-33.6,-999.0,-35.2
33032.9,-33.0,-33.5,-999.0,-35.0
33042.9,-33.0,-33.5,-999.0,-35.0
33052.9,-33.0,-33.5,-999.0,-34.8
33062.9,-32.9,-33.4,-999.0,-34.8
33072.9,-32.9,-33.4,-999.0,-35.0
33083.0,-32.8,-33.3,-999.0,-34.7
33093.0,-32.8,-33.3,-999.0,-34.7
33103.0,-32.8,-33.2,-999.0,-34.5
33113.0,-32.8,-33.3,-999.0,-34.7
33123.0,-32.7,-33.3,-999.0,-34.6
33133.0,-32.7,-33.2,-999.0,-34.6
33143.0,-32.7,-33.2,-999.0,-34.7
33153.1,-32.6,-33.2,-999.0,-34.5
33163.1,-32.6,-33.2,-999.0,-34.5
33173.1,-32.6,-33.2,-999.0,-34.5
33183.1,-32.6,-33.1,-999.0,-34.5
33193.1,-32.5,-33.1,-999.0,-34.3
33203.1,-32.6,-33.1,-999.0,-34.4
33213.2,-32.5,-33.1,-999.0,-34.4
33223.2,-32.5,-33.0,-999.0,-34.4
33233.2,-32.5,-33.1,-999.0,-34.4
33243.3,-32.5,-33.1,-999.0,-34.4
33253.3,-32.4,-32.9,-999.0,-34.3
33263.3,-32.4,-32.9,-999.0,-34.3
33273.3,-32.4,-32.9,-999.0,-34.2
33283.3,-32.4,-33.0,-999.0,-34.2
33293.4,-32.3,-32.9,-999.0,-34.2
33303.4,-32.3,-32.9,-999.0,-34.2
33313.4,-32.3,-32.9,-999.0,-34.2
33323.4,-32.2,-32.8,-999.0,-34.0
33333.4,-32.2,-32.8,-999.0,-34.1
33343.5,-32.2,-32.8,-999.0,-34.1
33353.5,-32.1,-32.8,-999.0,-34.1
33363.5,-32.2,-32.7,-999.0,-34.0
33373.5,-32.1,-32.7,-999.0,-34.0
33383.6,-32.1,-32.7,-999.0,-34.0
33393.6,-32.0,-32.7,-999.0,-33.9
33403.6,-32.1,-32.7,-999.0,-33.9
33413.6,-32.0,-32.6,-999.0,-33.9
33423.7,-32.0,-32.7,-999.0,-33.9
33433.7,-31.9,-32.5,-999.0,-33.8
33443.7,-31.9,-32.6,-999.0,-33.8
33453.7,-31.6,-32.5,-999.0,-33.7
33463.7,-31.7,-32.5,-999.0,-33.8
33473.8,-31.8,-32.5,-999.0,-33.8
33483.8,-31.6,-32.5,-999.0,-33.7
33493.8,-31.5,-32.5,-999.0,-33.7
33503.8,-31.7,-32.4,-999.0,-33.7
33513.8,-31.5,-32.4,-999.0,-33.7
33523.9,-31.5,-32.4,-999.0,-33.6
33533.9,-31.7,-32.3,-999.0,-33.6
33543.9,-31.7,-32.3,-999.0,-33.6
33553.9,-31.4,-32.3,-999.0,-33.4
33563.9,-31.3,-32.3,-999.0,-33.5
33574.0,-31.6,-32.3,-999.0,-33.5
33584.0,-31.3,-32.2,-999.0,-33.5
33594.0,-31.3,-32.2,-999.0,-33.4
33604.0,-31.3,-32.2,-999.0,-33.4
33614.0,-31.3,-32.2,-999.0,-33.4
33624.1,-31.3,-32.1,-999.0,-33.4
33634.1,-31.2,-32.1,-999.0,-33.3
33644.1,-31.2,-32.0,-999.0,-33.1
33654.1,-31.2,-32.1,-999.0,-33.3
33664.1,-31.2,-32.1,-999.0,-33.3
33674.1,-31.2,-32.1,-999.0,-33.2
33684.2,-31.2,-32.0,-999.0,-33.2
33694.2,-31.0,-32.0,-999.0,-33.1
33704.2,-31.0,-31.9,-999.0,-33.1
33714.2,-31.0,-31.9,-999.0,-33.1
33724.3,-31.0,-31.9,-999.0,-33.0
33734.3,-30.9,-31.9,-999.0,-33.0
33744.3,-30.9,-31.9,-999.0,-33.0
33754.4,-30.9,-32.0,-999.0,-33.1
33764.4,-30.8,-31.8,-999.0,-33.0
33774.4,-30.9,-31.8,-999.0,-32.9
33784.4,-30.9,-31.8,-999.0,-33.0
33794.4,-30.8,-31.8,-999.0,-32.9
33804.4,-30.8,-31.8,-999.0,-33.0
33814.5,-30.8,-31.7,-999.0,-32.9
33824.5,-30.8,-31.7,-999.0,-32.9
33834.5,-30.7,-31.7,-999.0,-32.8
33844.6,-30.7,-31.7,-999.0,-32.8
33854.6,-30.7,-31.6,-999.0,-32.8
33864.6,-30.7,-31.7,-999.0,-32.8
33874.6,-30.7,-31.6,-999.0,-32.7
33884.7,-30.5,-31.5,-999.0,-32.7
33894.7,-30.5,-31.5,-999.0,-32.7
33904.7,-30.6,-31.5,-999.0,-32.7
33914.7,-30.5,-31.5,-999.0,-32.5
33924.7,-30.5,-31.4,-999.0,-32.6
33934.7,-30.5,-31.4,-999.0,-32.5
33944.8,-30.4,-31.5,-999.0,-32.5
33954.8,-30.4,-31.4,-999.0,-32.5
33964.8,-30.4,-31.4,-999.0,-32.5
33974.8,-30.3,-31.4,-999.0,-32.5
33984.8,-30.3,-31.4,-999.0,-32.4
33994.9,-30.3,-31.4,-999.0,-32.4
34004.9,-30.3,-31.3,-999.0,-32.4
34014.9,-30.3,-31.3,-999.0,-32.4
34024.9,-30.2,-31.3,-999.0,-32.3
34035.0,-30.2,-31.3,-999.0,-32.4
34045.0,-30.1,-31.2,-999.0,-32.3
34055.0,-30.1,-31.2,-999.0,-32.2
34065.0,-30.1,-31.2,-999.0,-32.2
34075.0,-30.1,-31.2,-999.0,-32.0
34085.0,-30.1,-31.2,-999.0,-32.2
34095.0,-30.0,-31.1,-999.0,-32.1
34105.0,-30.0,-31.1,-999.0,-32.1
34115.1,-30.0,-31.1,-999.0,-32.1
34125.1,-30.0,-31.1,-999.0,-32.1
34135.1,-29.9,-31.1,-999.0,-32.1
34145.1,-29.9,-31.1,-999.0,-32.0
34155.1,-29.9,-31.1,-999.0,-31.9
34165.2,-29.8,-31.0,-999.0,-31.9
34175.2,-29.8,-31.0,-999.0,-31.9
34185.2,-29.8,-31.0,-999.0,-31.8
34195.2,-29.7,-30.9,-999.0,-31.9
34205.2,-29.7,-31.0,-999.0,-31.8
34215.2,-29.7,-30.9,-999.0,-31.8
34225.3,-29.7,-30.9,-999.0,-31.8
34235.3,-29.7,-30.9,-999.0,-31.8
34245.3,-29.7,-30.9,-999.0,-31.8
34255.3,-29.6,-30.8,-999.0,-31.7
34265.3,-29.5,-30.8,-999.0,-31.7
34275.3,-29.5,-30.8,-999.0,-31.6
34285.4,-29.6,-30.8,-999.0,-31.6
34295.4,-29.4,-30.8,-999.0,-31.6
34305.4,-29.4,-30.8,-999.0,-31.6
34315.4,-29.4,-30.7,-999.0,-31.5
34325.4,-29.4,-30.7,-999.0,-31.5
34335.5,-29.3,-30.6,-999.0,-31.3
34345.5,-29.3,-30.6,-999.0,-31.4
34355.5,-29.3,-30.6,-999.0,-31.4
34365.5,-29.3,-30.6,-999.0,-31.4
34375.5,-29.3,-30.5,-999.0,-31.4
34385.5,-29.3,-30.6,-999.0,-31.4
34395.6,-29.2,-30.5,-999.0,-31.3
34405.6,-29.2,-30.4,-999.0,-31.1
34415.6,-29.1,-30.4,-999.0,-31.2
34425.6,-29.1,-30.4,-999.0,-31.2
34435.6,-29.0,-30.4,-999.0,-31.1
34445.6,-29.1,-30.4,-999.0,-31.2
34455.6,-29.0,-30.4,-999.0,-31.1
34465.7,-29.0,-30.4,-999.0,-31.1
34475.7,-29.1,-30.4,-999.0,-31.2
34485.7,-28.9,-30.3,-999.0,-31.1
34495.8,-28.9,-30.3,-999.0,-31.0
34505.8,-28.9,-30.3,-999.0,-30.8
34515.8,-28.9,-30.3,-999.0,-31.1
34525.8,-28.8,-30.2,-999.0,-31.0
34535.8,-28.9,-30.2,-999.0,-30.9
34545.9,-28.8,-30.1,-999.0,-30.9
34555.9,-28.8,-30.2,-999.0,-30.9
34565.9,-28.7,-30.1,-999.0,-30.9
34575.9,-28.7,-30.0,-999.0,-30.8
34585.9,-28.7,-30.0,-999.0,-30.8
34596.0,-28.7,-30.1,-999.0,-30.8
34606.0,-28.6,-30.0,-999.0,-30.8
34616.0,-28.6,-30.0,-999.0,-30.8
34626.0,-28.6,-29.9,-999.0,-30.7
34636.0,-28.5,-29.9,-999.0,-30.7
34646.0,-28.5,-29.9,-999.0,-30.4
34656.0,-28.5,-29.9,-999.0,-30.4
34666.1,-28.5,-29.9,-999.0,-30.4
34676.1,-28.5,-29.9,-999.0,-30.4
34686.1,-28.5,-29.8,-999.0,-30.2
34696.1,-28.4,-29.8,-999.0,-30.3
34706.1,-28.4,-29.7,-999.0,-30.3
34716.2,-28.3,-29.7,-999.0,-30.2
34726.2,-28.4,-29.7,-999.0,-30.2
34736.2,-28.3,-29.7,-999.0,-30.2
34746.2,-28.2,-29.7,-999.0,-30.1
34756.2,-28.2,-29.7,-999.0,-30.1
34766.3,-28.2,-29.7,-999.0,-30.1
34776.3,-28.1,-29.4,-999.0,-30.1
34786.3,-28.2,-29.4,-999.0,-30.1
34796.3,-28.1,-29.5,-999.0,-30.0
34806.3,-28.1,-29.3,-999.0,-30.0
34816.4,-28.1,-29.3,-999.0,-30.0
34826.4,-28.1,-29.3,-999.0,-30.0
34836.4,-28.1,-29.3,-999.0,-29.9
34846.4,-28.0,-29.2,-999.0,-29.9
34856.4,-28.0,-29.4,-999.0,-29.9
34866.5,-27.9,-29.1,-999.0,-29.7
34876.5,-27.9,-29.1,-999.0,-29.8
34886.5,-27.9,-29.3,-999.0,-29.8
34896.5,-27.9,-29.1,-999.0,-29.7
34906.6,-27.8,-29.1,-999.0,-29.7
34916.6,-27.8,-29.1,-999.0,-29.7
34926.6,-27.8,-29.1,-999.0,-29.6
34936.6,-27.8,-29.0,-999.0,-29.7
34946.7,-27.7,-29.0,-999.0,-29.6
34956.7,-27.7,-28.9,-999.0,-29.5
34966.7,-27.6,-29.0,-999.0,-29.6
34976.7,-27.6,-28.9,-999.0,-29.5
34986.7,-27.6,-28.9,-999.0,-29.5
34996.7,-27.6,-28.8,-999.0,-29.4
35006.8,-27.6,-28.8,-999.0,-29.5
35016.8,-27.5,-28.8,-999.0,-29.4
35026.8,-27.5,-28.8,-999.0,-29.4
35036.8,-27.5,-28.8,-999.0,-29.4
35046.8,-27.5,-28.7,-999.0,-29.4
35056.8,-27.4,-28.7,-999.0,-29.4
35066.9,-27.4,-28.7,-999.0,-29.3
35076.9,-27.4,-28.7,-999.0,-29.3
35086.9,-27.4,-28.7,-999.0,-29.3
35096.9,-27.4,-28.7,-999.0,-29.3
35106.9,-27.2,-28.7,-999.0,-29.3
35116.9,-27.3,-28.6,-999.0,-29.2
35127.0,-27.3,-28.5,-999.0,-29.1
35137.0,-27.3,-28.6,-999.0,-29.2
35147.0,-27.1,-28.6,-999.0,-29.2
35157.0,-27.1,-28.5,-999.0,-29.1
35167.0,-27.0,-28.5,-999.0,-29.1
35177.0,-27.2,-28.5,-999.0,-29.1
35187.1,-27.0,-28.5,-999.0,-29.1
35197.1,-27.0,-28.5,-999.0,-29.1
35207.1,-27.0,-28.5,-999.0,-29.1
35217.1,-26.9,-28.4,-999.0,-28.9
35227.1,-26.9,-28.5,-999.0,-29.1
35237.2,-26.9,-28.4,-999.0,-29.0
35247.2,-27.0,-28.5,-999.0,-29.1
35257.2,-26.9,-28.5,-999.0,-29.0
35267.2,-26.9,-28.4,-999.0,-29.0
35277.3,-26.9,-28.4,-999.0,-29.0
35287.3,-26.9,-28.4,-999.0,-28.9
35297.3,-26.8,-28.4,-999.0,-28.9
35307.3,-26.8,-28.4,-999.0,-28.9
35317.3,-26.9,-28.3,-999.0,-28.9
35327.3,-26.8,-28.4,-999.0,-28.9
35337.3,-26.8,-28.3,-999.0,-28.9
35347.3,-26.8,-28.4,-999.0,-28.9
35357.4,-26.8,-28.3,-999.0,-28.9
35367.4,-26.8,-28.3,-999.0,-28.8
35377.4,-26.8,-28.2,-999.0,-28.8
35387.4,-26.8,-28.3,-999.0,-28.8
35397.4,-26.8,-28.2,-999.0,-28.8
35407.4,-26.7,-28.2,-999.0,-28.8
35417.5,-26.8,-28.2,-999.0,-28.8
35427.5,-26.7,-28.2,-999.0,-28.7
35437.5,-26.7,-28.2,-999.0,-28.7
35447.5,-26.7,-28.2,-999.0,-28.7
35457.6,-26.7,-28.2,-999.0,-28.7
35467.6,-26.7,-28.2,-999.0,-28.7
35477.6,-26.6,-28.1,-999.0,-28.7
35487.6,-26.6,-28.1,-999.0,-28.6
35497.6,-26.6,-28.1,-999.0,-28.7
35507.6,-26.6,-28.1,-999.0,-28.7
35517.6,-26.6,-28.2,-999.0,-28.7
35527.7,-26.6,-28.1,-999.0,-28.6
35537.7,-26.6,-28.1,-999.0,-28.6
35547.7,-26.5,-28.2,-999.0,-28.6
35557.7,-26.6,-28.0,-999.0,-28.6
35567.8,-26.6,-28.0,-999.0,-28.5
35577.8,-26.6,-28.0,-999.0,-28.5
35587.8,-26.5,-28.0,-999.0,-28.5
35597.8,-26.6,-28.1,-999.0,-28.5
35607.8,-26.6,-28.0,-999.0,-28.4
35617.8,-26.5,-28.0,-999.0,-28.5
35627.9,-26.4,-28.1,-999.0,-28.5
35637.9,-26.5,-28.0,-999.0,-28.5
35647.9,-26.5,-28.0,-999.0,-28.3
35657.9,-26.5,-28.0,-999.0,-28.5
35667.9,-26.5,-28.0,-999.0,-28.5
35678.0,-26.4,-28.0,-999.0,-28.5
35688.0,-26.5,-28.0,-999.0,-28.4
35698.0,-26.5,-27.9,-999.0,-28.4
35708.0,-26.4,-28.0,-999.0,-28.4
35718.1,-26.5,-28.0,-999.0,-28.4
35728.1,-26.4,-27.9,-999.0,-28.4
35738.1,-26.4,-27.9,-999.0,-28.4
35748.1,-26.4,-28.0,-999.0,-28.3
35758.2,-26.4,-27.9,-999.0,-28.4
35768.2,-26.4,-27.8,-999.0,-28.3
35778.2,-26.4,-27.9,-999.0,-28.3
35788.2,-26.3,-27.9,-999.0,-28.4
35798.2,-26.3,-27.8,-999.0,-28.3
35808.3,-26.4,-27.9,-999.0,-28.3
35818.3,-26.3,-27.8,-999.0,-28.3
35828.3,-26.4,-27.8,-999.0,-28.3
35838.3,-26.3,-27.8,-999.0,-28.3
35848.3,-26.3,-27.9,-999.0,-28.3
35858.4,-26.2,-27.8,-999.0,-28.2
35868.4,-26.2,-27.8,-999.0,-28.3
35878.4,-26.3,-27.8,-999.0,-28.3
35888.4,-26.3,-27.8,-999.0,-28.3
35898.4,-26.2,-27.8,-999.0,-28.2
35908.5,-26.2,-27.7,-999.0,-28.2
35918.5,-26.2,-27.7,-999.0,-28.2
35928.5,-26.2,-27.7,-999.0,-28.2
35938.5,-26.3,-27.8,-999.0,-28.2
35948.5,-26.2,-27.7,-999.0,-28.2
35958.6,-26.2,-27.7,-999.0,-28.2
35968.6,-26.2,-27.7,-999.0,-28.1
35978.6,-26.2,-27.7,-999.0,-28.1
35988.6,-26.2,-27.7,-999.0,-28.1
35998.6,-26.2,-27.7,-999.0,-28.2
36008.6,-26.2,-27.7,-999.0,-28.1
36018.7,-26.2,-27.7,-999.0,-28.0
36028.7,-26.2,-27.7,-999.0,-28.1
36038.7,-26.1,-27.6,-999.0,-28.0
36048.7,-26.1,-27.7,-999.0,-28.1
36058.7,-26.1,-27.6,-999.0,-27.9
36068.8,-26.1,-27.6,-999.0,-28.0
36078.8,-26.1,-27.6,-999.0,-28.0
36088.8,-26.1,-27.6,-999.0,-28.0
36098.8,-26.0,-27.6,-999.0,-28.0
36108.8,-26.1,-27.6,-999.0,-28.0
36118.9,-26.0,-27.6,-999.0,-28.0
36128.9,-26.1,-27.6,-999.0,-28.0
36138.9,-26.0,-27.6,-999.0,-28.0
36148.9,-26.1,-27.5,-999.0,-27.8
36158.9,-26.0,-27.5,-999.0,-28.0
36168.9,-26.0,-27.5,-999.0,-28.0
36178.9,-26.0,-27.5,-999.0,-27.9
36189.0,-26.0,-27.5,-999.0,-27.9
36199.0,-26.0,-27.5,-999.0,-27.9
36209.0,-26.0,-27.5,-999.0,-27.9
36219.0,-26.0,-27.5,-999.0,-27.9
36229.0,-26.0,-27.5,-999.0,-27.9
36239.1,-26.0,-27.5,-999.0,-27.7
36249.1,-25.9,-27.5,-999.0,-27.9
36259.1,-25.9,-27.5,-999.0,-27.8
36269.1,-26.0,-27.5,-999.0,-27.8
36279.1,-25.9,-27.4,-999.0,-27.9
36289.2,-25.9,-27.4,-999.0,-27.7
36299.2,-25.9,-27.5,-999.0,-27.8
36309.2,-25.9,-27.4,-999.0,-27.8
36319.2,-25.9,-27.4,-999.0,-27.7
36329.3,-25.9,-27.4,-999.0,-27.7
36339.3,-25.8,-27.4,-999.0,-27.7
36349.3,-25.9,-27.4,-999.0,-27.8
36359.3,-25.9,-27.4,-999.0,-27.7
36369.4,-25.9,-27.4,-999.0,-27.7
36379.4,-25.9,-27.4,-999.0,-27.6
36389.4,-25.8,-27.4,-999.0,-27.7
36399.4,-25.8,-27.4,-999.0,-27.7
36409.4,-25.8,-27.4,-999.0,-27.7
36419.5,-25.9,-27.4,-999.0,-27.7
36429.5,-25.8,-27.4,-999.0,-27.7
36439.5,-25.8,-27.4,-999.0,-27.7
36449.6,-25.7,-27.3,-999.0,-27.7
36459.6,-25.8,-27.4,-999.0,-27.7
36469.6,-25.8,-27.3,-999.0,-27.6
36479.6,-25.8,-27.3,-999.0,-27.7
36489.6,-25.8,-27.3,-999.0,-27.7
36499.6,-25.7,-27.3,-999.0,-27.6
36509.7,-25.8,-27.3,-999.0,-27.6
36519.7,-25.7,-27.3,-999.0,-27.6
36529.7,-25.7,-27.3,-999.0,-27.6
36539.7,-25.7,-27.3,-999.0,-27.6
36549.7,-25.7,-27.2,-999.0,-27.6
36559.7,-25.6,-27.2,-999.0,-27.6
36569.8,-25.7,-27.2,-999.0,-27.6
36579.8,-25.7,-27.2,-999.0,-27.6
36589.8,-25.7,-27.2,-999.0,-27.5
36599.8,-25.7,-27.2,-999.0,-27.5
36609.8,-25.7,-27.2,-999.0,-27.5
36619.9,-25.7,-27.2,-999.0,-27.5
36629.9,-25.7,-27.2,-999.0,-27.5
36639.9,-25.6,-27.2,-999.0,-27.5
36649.9,-25.6,-27.2,-999.0,-27.5
36659.9,-25.6,-27.2,-999.0,-27.5
36670.0,-25.7,-27.1,-999.0,-27.4
36680.0,-25.6,-27.1,-999.0,-27.4
36690.0,-25.6,-27.1,-999.0,-27.2
36700.1,-25.6,-27.1,-999.0,-27.4
36710.1,-25.6,-27.1,-999.0,-27.4
36720.1,-25.6,-27.1,-999.0,-27.4
36730.1,-25.6,-27.1,-999.0,-27.4
36740.1,-25.6,-27.1,-999.0,-27.4
36750.2,-25.6,-27.1,-999.0,-27.4
36760.2,-25.6,-27.1,-999.0,-27.4
36770.2,-25.6,-27.1,-999.0,-27.4
36780.2,-25.6,-27.1,-999.0,-27.4
36790.2,-25.6,-27.1,-999.0,-27.4
36800.2,-25.6,-27.1,-999.0,-27.4
36810.3,-25.5,-27.0,-999.0,-27.4
36820.3,-25.6,-27.0,-999.0,-27.3
36830.3,-25.6,-27.0,-999.0,-27.3
36840.3,-25.6,-27.0,-999.0,-27.3
36850.3,-25.5,-27.0,-999.0,-27.4
36860.4,-25.5,-27.0,-999.0,-27.3
36870.4,-25.5,-27.0,-999.0,-27.3
36880.4,-25.5,-27.0,-999.0,-27.3
36890.4,-25.5,-27.0,-999.0,-27.1
36900.4,-25.5,-27.0,-999.0,-27.3
36910.4,-25.5,-27.0,-999.0,-27.2
36920.4,-25.5,-27.0,-999.0,-27.2
36930.5,-25.4,-27.0,-999.0,-27.2
36940.5,-25.5,-27.0,-999.0,-27.3
36950.5,-25.5,-27.0,-999.0,-27.2
36960.5,-25.4,-27.0,-999.0,-27.2
36970.5,-25.4,-27.0,-999.0,-27.2
36980.6,-25.4,-27.0,-999.0,-27.2
36990.6,-25.5,-27.0,-999.0,-27.2
37000.6,-25.4,-26.9,-999.0,-27.3
37010.6,-25.4,-26.9,-999.0,-27.1
37020.6,-25.3,-27.0,-999.0,-27.2
37030.7,-25.4,-27.0,-999.0,-27.2
37040.7,-25.4,-27.0,-999.0,-27.1
37050.7,-25.3,-26.9,-999.0,-27.1
37060.8,-25.4,-27.0,-999.0,-27.1
37070.8,-25.3,-26.8,-999.0,-27.1
37080.8,-25.3,-26.9,-999.0,-27.1
37090.8,-25.3,-26.8,-999.0,-27.0
37100.8,-25.3,-26.8,-999.0,-27.1
37110.9,-25.4,-26.9,-999.0,-27.1
37120.9,-25.3,-26.9,-999.0,-27.1
37130.9,-25.4,-26.8,-999.0,-26.9
37140.9,-25.3,-26.9,-999.0,-27.1
37150.9,-25.3,-26.8,-999.0,-27.0
37161.0,-25.3,-26.8,-999.0,-27.0
37171.0,-25.3,-26.8,-999.0,-27.0
37181.0,-25.3,-26.8,-999.0,-27.1
37191.1,-25.3,-26.8,-999.0,-27.0
37201.1,-25.3,-26.8,-999.0,-27.0
37211.1,-25.2,-26.7,-999.0,-27.0
37221.1,-25.3,-26.8,-999.0,-27.0
37231.1,-25.2,-26.7,-999.0,-27.0
37241.2,-25.3,-26.8,-999.0,-26.9
37251.2,-25.2,-26.7,-999.0,-27.0
37261.2,-25.2,-26.8,-999.0,-27.0
37271.2,-25.2,-26.8,-999.0,-27.0
37281.3,-25.2,-26.7,-999.0,-26.8
37291.3,-25.2,-26.8,-999.0,-27.0
37301.3,-25.2,-26.7,-999.0,-27.0
37311.3,-25.2,-26.7,-999.0,-27.0
37321.4,-25.2,-26.7,-999.0,-26.9
37331.4,-25.2,-26.7,-999.0,-27.0
37341.4,-25.2,-26.7,-999.0,-26.9
37351.4,-25.2,-26.7,-999.0,-26.9
37361.4,-25.3,-26.7,-999.0,-26.9
37371.4,-25.2,-26.7,-999.0,-26.9
37381.4,-25.2,-26.7,-999.0,-26.9
37391.5,-25.2,-26.7,-999.0,-26.9
37401.5,-25.2,-26.7,-999.0,-26.8
37411.5,-25.2,-26.7,-999.0,-26.9
37421.5,-25.2,-26.6,-999.0,-26.9
37431.6,-25.1,-26.7,-999.0,-26.8
37441.6,-25.2,-26.7,-999.0,-26.9
37451.6,-25.1,-26.6,-999.0,-26.8
37461.6,-25.2,-26.6,-999.0,-26.8
37471.6,-25.2,-26.6,-999.0,-26.9
37481.6,-25.2,-26.6,-999.0,-26.8
37491.7,-25.2,-26.7,-999.0,-26.8
37501.7,-25.1,-26.6,-999.0,-26.7
37511.7,-25.1,-26.6,-999.0,-26.8
37521.7,-25.1,-26.6,-999.0,-26.8
37531.8,-25.1,-26.6,-999.0,-26.8
37541.8,-25.1,-26.5,-999.0,-26.8
37551.8,-25.1,-26.6,-999.0,-26.8
37561.8,-25.1,-26.5,-999.0,-26.7
37571.9,-25.1,-26.6,-999.0,-26.8
37581.9,-25.1,-26.6,-999.0,-26.7
37591.9,-25.1,-26.5,-999.0,-26.5
37601.9,-25.1,-26.5,-999.0,-26.8
37611.9,-25.0,-26.6,-999.0,-26.7
37622.0,-25.0,-26.6,-999.0,-26.7
37632.0,-25.0,-26.5,-999.0,-26.7
37642.0,-25.0,-26.5,-999.0,-26.7
37652.0,-25.0,-26.5,-999.0,-26.7
37662.0,-25.1,-26.5,-999.0,-26.7
37672.1,-25.1,-26.5,-999.0,-26.5
37682.1,-25.0,-26.5,-999.0,-26.7
37692.1,-25.0,-26.5,-999.0,-26.7
37702.1,-25.1,-26.5,-999.0,-26.7
37712.1,-25.0,-26.5,-999.0,-26.7
37722.2,-25.0,-26.4,-999.0,-26.6
37732.2,-25.0,-26.5,-999.0,-26.7
37742.2,-25.0,-26.5,-999.0,-26.7
37752.2,-25.0,-26.4,-999.0,-26.5
37762.2,-25.0,-26.5,-999.0,-26.6
37772.3,-25.0,-26.5,-999.0,-26.7
37782.3,-25.0,-26.4,-999.0,-26.6
37792.3,-25.0,-26.4,-999.0,-26.6
37802.3,-24.9,-26.4,-999.0,-26.7
37812.4,-25.0,-26.4,-999.0,-26.7
37822.4,-24.9,-26.4,-999.0,-26.6
37832.4,-25.0,-26.4,-999.0,-26.6
37842.4,-24.9,-26.4,-999.0,-26.6
37852.4,-25.0,-26.5,-999.0,-26.6
37862.5,-24.9,-26.4,-999.0,-26.6
37872.5,-24.9,-26.3,-999.0,-26.6
37882.5,-24.9,-26.3,-999.0,-26.4
37892.5,-24.9,-26.3,-999.0,-26.6
37902.6,-24.9,-26.3,-999.0,-26.6
37912.6,-24.9,-26.3,-999.0,-26.6
37922.6,-24.9,-26.3,-999.0,-26.5
37932.6,-24.9,-26.4,-999.0,-26.6
37942.6,-24.9,-26.3,-999.0,-26.5
37952.6,-24.9,-26.3,-999.0,-26.3
37962.6,-24.9,-26.3,-999.0,-26.5
37972.7,-24.9,-26.3,-999.0,-26.5
37982.7,-24.9,-26.3,-999.0,-26.1
37992.7,-24.8,-26.3,-999.0,-26.5
38002.7,-24.9,-26.3,-999.0,-26.5
38012.7,-24.9,-26.3,-999.0,-26.3
38022.8,-24.8,-26.2,-999.0,-26.0
38032.8,-24.8,-26.3,-999.0,-26.4
38042.8,-24.8,-26.3,-999.0,-26.4
38052.8,-24.8,-26.3,-999.0,-26.4
38062.8,-24.8,-26.3,-999.0,-26.4
38072.9,-24.8,-26.3,-999.0,-26.4
38082.9,-24.8,-26.3,-999.0,-26.4
38092.9,-24.8,-26.3,-999.0,-26.4
38102.9,-24.8,-26.2,-999.0,-26.5
38112.9,-24.8,-26.3,-999.0,-26.4
38123.0,-24.8,-26.2,-999.0,-26.4
38133.0,-24.8,-26.3,-999.0,-26.4
38143.0,-24.8,-26.3,-999.0,-26.2
38153.0,-24.8,-26.2,-999.0,-26.1
38163.1,-24.8,-26.2,-999.0,-26.4
38173.1,-24.8,-26.2,-999.0,-26.2
38183.1,-24.8,-26.2,-999.0,-26.2
38193.1,-24.8,-26.2,-999.0,-26.4
38203.1,-24.8,-26.2,-999.0,-26.3
38213.1,-24.8,-26.2,-999.0,-26.4
38223.2,-24.7,-26.1,-999.0,-26.3
38233.2,-24.7,-26.2,-999.0,-26.2
38243.2,-24.7,-26.2,-999.0,-26.1
38253.2,-24.7,-26.2,-999.0,-26.1
38263.2,-24.8,-26.1,-999.0,-26.0
38273.3,-24.7,-26.1,-999.0,-26.2
38283.3,-24.8,-26.1,-999.0,-26.1
38293.3,-24.7,-26.1,-999.0,-26.3
38303.3,-24.7,-26.1,-999.0,-26.0
38313.4,-24.7,-26.2,-999.0,-26.1
38323.4,-24.7,-26.1,-999.0,-26.1
38333.4,-24.7,-26.2,-999.0,-26.3
38343.4,-24.7,-26.1,-999.0,-26.3
38353.4,-24.7,-26.1,-999.0,-26.2
38363.5,-24.7,-26.1,-999.0,-26.0
38373.5,-24.6,-26.1,-999.0,-26.1
38383.5,-24.7,-26.1,-999.0,-26.3
38393.5,-24.6,-26.1,-999.0,-26.3
38403.6,-24.7,-26.0,-999.0,-26.3
38413.6,-24.7,-26.1,-999.0,-26.3
38423.6,-24.7,-26.1,-999.0,-26.2
38433.6,-24.6,-26.0,-999.0,-26.2
38443.6,-24.7,-26.0,-999.0,-26.0
38453.6,-24.6,-26.0,-999.0,-26.0
38463.7,-24.7,-26.1,-999.0,-26.0
38473.7,-24.6,-26.0,-999.0,-26.2
38483.7,-24.7,-26.1,-999.0,-25.9
38493.7,-24.6,-26.0,-999.0,-26.0
38503.7,-24.6,-26.0,-999.0,-26.2
38513.8,-24.6,-26.0,-999.0,-25.9
38523.8,-24.5,-26.0,-999.0,-25.9
38533.8,-24.6,-26.0,-999.0,-25.9
38543.8,-24.6,-26.0,-999.0,-26.0
38553.8,-24.6,-26.0,-999.0,-26.0
38563.9,-24.6,-26.0,-999.0,-26.0
38573.9,-24.6,-26.0,-999.0,-25.9
38583.9,-24.5,-26.0,-999.0,-26.2
38593.9,-24.5,-26.0,-999.0,-26.0
38603.9,-24.5,-26.0,-999.0,-26.0
38613.9,-24.6,-26.0,-999.0,-25.9
38623.9,-24.5,-26.0,-999.0,-25.9
38634.0,-24.5,-25.9,-999.0,-25.9
38644.0,-24.6,-26.0,-999.0,-25.9
38654.0,-24.6,-26.0,-999.0,-25.8
38664.0,-24.5,-26.0,-999.0,-25.8
38674.0,-24.5,-26.0,-999.0,-25.9
38684.1,-24.5,-26.0,-999.0,-25.9
38694.1,-24.5,-25.9,-999.0,-25.9
38704.1,-24.5,-26.0,-999.0,-25.9
38714.1,-24.5,-25.9,-999.0,-25.9
38724.1,-24.5,-26.0,-999.0,-25.9
38734.2,-24.5,-26.0,-999.0,-25.9
38744.2,-24.5,-26.0,-999.0,-26.1
38754.2,-24.5,-25.9,-999.0,-25.9
38764.2,-24.5,-25.9,-999.0,-25.8
38774.2,-24.5,-25.9,-999.0,-25.9
38784.3,-24.5,-25.8,-999.0,-25.7
38794.3,-24.5,-25.9,-999.0,-25.9
38804.3,-24.5,-25.9,-999.0,-25.8
38814.3,-24.5,-25.9,-999.0,-25.9
38824.3,-24.5,-26.0,-999.0,-25.8
38834.4,-24.5,-25.9,-999.0,-25.9
38844.4,-24.5,-25.9,-999.0,-25.9
38854.4,-24.5,-25.9,-999.0,-25.7
38864.4,-24.4,-25.9,-999.0,-25.8
38874.4,-24.4,-25.8,-999.0,-25.8
38884.4,-24.4,-25.8,-999.0,-25.8
38894.5,-24.5,-25.9,-999.0,-25.8
38904.5,-24.5,-25.8,-999.0,-25.7
38914.5,-24.5,-25.9,-999.0,-25.8
38924.5,-24.4,-25.9,-999.0,-25.8
38934.5,-24.4,-25.9,-999.0,-25.8
38944.6,-24.4,-25.8,-999.0,-25.7
38954.6,-24.5,-25.8,-999.0,-25.7
38964.6,-24.4,-25.8,-999.0,-25.7
38974.6,-24.4,-25.8,-999.0,-25.7
38984.6,-24.4,-25.8,-999.0,-25.7
38994.7,-24.4,-25.8,-999.0,-25.7
39004.7,-24.4,-25.8,-999.0,-25.7
39014.7,-24.4,-25.8,-999.0,-25.7
39024.7,-24.5,-25.9,-999.0,-25.7
39034.8,-24.3,-25.7,-999.0,-25.7
39044.8,-24.4,-25.8,-999.0,-25.7
39054.8,-24.4,-25.7,-999.0,-25.7
39064.8,-24.4,-25.8,-999.0,-25.7
39074.8,-24.5,-25.7,-999.0,-25.5
39084.8,-24.4,-25.7,-999.0,-25.7
39094.8,-24.3,-25.7,-999.0,-25.7
39104.9,-24.4,-25.8,-999.0,-25.7
39114.9,-24.4,-25.7,-999.0,-25.5
39124.9,-24.4,-25.8,-999.0,-25.7
39134.9,-24.4,-25.7,-999.0,-25.7
39145.0,-24.3,-25.7,-999.0,-25.7
39155.0,-24.3,-25.7,-999.0,-25.7
39165.0,-24.3,-25.7,-999.0,-25.6
39175.0,-24.4,-25.7,-999.0,-25.6
39185.0,-24.4,-25.7,-999.0,-25.7
39195.0,-24.3,-25.7,-999.0,-25.7
39205.1,-24.3,-25.7,-999.0,-25.7
39215.1,-24.4,-25.7,-999.0,-25.6
39225.1,-24.4,-25.7,-999.0,-25.6
39235.2,-24.4,-25.7,-999.0,-25.6
39245.2,-24.4,-25.7,-999.0,-25.6
39255.2,-24.3,-25.6,-999.0,-25.6
39265.2,-24.3,-25.7,-999.0,-25.6
39275.2,-24.4,-25.7,-999.0,-25.6
39285.3,-24.4,-25.7,-999.0,-25.6
39295.3,-24.4,-25.7,-999.0,-25.6
39305.3,-24.3,-25.7,-999.0,-25.6
39315.3,-24.4,-25.7,-999.0,-25.6
39325.3,-24.4,-25.7,-999.0,-25.6
39335.3,-24.4,-25.6,-999.0,-25.6
39345.4,-24.4,-25.7,-999.0,-25.6
39355.4,-24.4,-25.6,-999.0,-25.4
39365.4,-24.4,-25.7,-999.0,-25.6
39375.4,-24.4,-25.6,-999.0,-25.5
39385.4,-24.4,-25.7,-999.0,-25.5
39395.5,-24.4,-25.7,-999.0,-25.5
39405.5,-24.4,-25.6,-999.0,-25.5
39415.5,-24.4,-25.6,-999.0,-25.5
39425.5,-24.4,-25.6,-999.0,-25.5
39435.5,-24.4,-25.7,-999.0,-25.6
39445.5,-24.4,-25.6,-999.0,-25.6
39455.5,-24.5,-25.6,-999.0,-25.5
39465.6,-24.5,-25.6,-999.0,-25.5
39475.6,-24.4,-25.6,-999.0,-25.5
39485.6,-24.4,-25.6,-999.0,-25.6
39495.6,-24.5,-25.6,-999.0,-25.5
39505.6,-24.4,-25.5,-999.0,-25.5
39515.6,-24.5,-25.5,-999.0,-25.5
39525.7,-24.4,-25.6,-999.0,-25.4
39535.7,-24.4,-25.6,-999.0,-25.4
39545.7,-24.4,-25.5,-999.0,-25.5
39555.8,-24.5,-25.5,-999.0,-25.5
39565.8,-24.4,-25.6,-999.0,-25.4
39575.8,-24.5,-25.5,-999.0,-25.5
39585.8,-24.4,-25.5,-999.0,-25.4
39595.8,-24.5,-25.6,-999.0,-25.4
39605.8,-24.5,-25.5,-999.0,-25.5
39615.9,-24.5,-25.6,-999.0,-25.4
39625.9,-24.5,-25.5,-999.0,-25.4
39635.9,-24.5,-25.5,-999.0,-25.4
39645.9,-24.4,-25.6,-999.0,-25.4
39656.0,-24.5,-25.6,-999.0,-25.4
39666.0,-24.4,-25.5,-999.0,-25.4
39676.0,-24.5,-25.6,-999.0,-25.4
39686.0,-24.5,-25.5,-999.0,-25.4
39696.0,-24.5,-25.4,-999.0,-25.5
39706.0,-24.5,-25.5,-999.0,-25.4
39716.0,-24.5,-25.5,-999.0,-25.4
39726.1,-24.5,-25.5,-999.0,-25.4
39736.1,-24.5,-25.5,-999.0,-25.2
39746.1,-24.5,-25.5,-999.0,-25.3
39756.1,-24.5,-25.5,-999.0,-25.4
39766.1,-24.5,-25.5,-999.0,-25.3
39776.1,-24.5,-25.4,-999.0,-25.3
39786.2,-24.4,-25.5,-999.0,-25.3
39796.2,-24.5,-25.5,-999.0,-25.3
39806.2,-24.5,-25.4,-999.0,-25.3
39816.2,-24.5,-25.5,-999.0,-25.3
39826.2,-24.5,-25.5,-999.0,-25.3
39836.3,-24.5,-25.5,-999.0,-25.4
39846.3,-24.5,-25.5,-999.0,-25.3
39856.3,-24.5,-25.5,-999.0,-25.3
39866.4,-24.5,-25.5,-999.0,-25.3
39876.4,-24.5,-25.4,-999.0,-25.3
39886.4,-24.5,-25.4,-999.0,-25.3
39896.4,-24.4,-25.5,-999.0,-25.3
39906.4,-24.4,-25.5,-999.0,-25.3
39916.5,-24.4,-25.4,-999.0,-25.3
39926.5,-24.4,-25.4,-999.0,-25.4
39936.5,-24.4,-25.4,-999.0,-25.3
39946.5,-24.5,-25.4,-999.0,-25.3
39956.6,-24.4,-25.4,-999.0,-25.3
39966.6,-24.4,-25.5,-999.0,-25.3
39976.6,-24.4,-25.4,-999.0,-25.3
39986.6,-24.4,-25.2,-999.0,-25.3
39996.6,-24.4,-25.4,-999.0,-25.2
40006.6,-24.4,-25.4,-999.0,-25.3
40016.6,-24.4,-25.4,-999.0,-25.3
40026.7,-24.4,-25.3,-999.0,-25.3
40036.7,-24.4,-25.3,-999.0,-25.3
40046.7,-24.4,-25.3,-999.0,-25.2
40056.7,-24.4,-25.3,-999.0,-25.3
40066.7,-24.4,-25.4,-999.0,-25.3
40076.8,-24.5,-25.4,-999.0,-25.3
40086.8,-24.4,-25.3,-999.0,-25.3
40096.8,-24.4,-25.4,-999.0,-25.3
40106.8,-24.4,-25.3,-999.0,-25.2
40116.8,-24.4,-25.3,-999.0,-25.3
40126.9,-24.4,-25.4,-999.0,-25.3
40136.9,-24.4,-25.3,-999.0,-25.3
40146.9,-24.4,-25.3,-999.0,-25.1
40156.9,-24.4,-25.3,-999.0,-25.2
40166.9,-24.4,-25.3,-999.0,-25.2
40176.9,-24.4,-25.3,-999.0,-25.2
40187.0,-24.4,-25.3,-999.0,-25.3
40197.0,-24.4,-25.3,-999.0,-25.2
40207.0,-24.4,-25.3,-999.0,-25.2
40217.0,-24.4,-25.3,-999.0,-25.1
40227.0,-24.4,-25.3,-999.0,-25.2
40237.1,-24.4,-25.0,-999.0,-25.2
40247.1,-24.4,-25.3,-999.0,-25.1
40257.1,-24.4,-25.3,-999.0,-25.2
40267.1,-24.4,-25.3,-999.0,-25.1
40277.1,-24.4,-25.3,-999.0,-25.3
40287.1,-24.4,-25.0,-999.0,-25.1
40297.1,-24.4,-25.3,-999.0,-25.2
40307.2,-24.4,-25.3,-999.0,-25.2
40317.2,-24.3,-25.3,-999.0,-25.2
40327.2,-24.3,-25.3,-999.0,-25.1
40337.2,-24.4,-25.2,-999.0,-25.2
40347.2,-24.4,-25.0,-999.0,-25.0
40357.3,-24.3,-25.3,-999.0,-25.2
40367.3,-24.4,-25.0,-999.0,-25.2
40377.3,-24.3,-25.2,-999.0,-25.1
40387.3,-24.4,-25.0,-999.0,-25.1
40397.3,-24.3,-25.2,-999.0,-25.1
40407.3,-24.3,-25.3,-999.0,-25.1
40417.3,-24.3,-25.2,-999.0,-25.1
40427.4,-24.3,-25.2,-999.0,-25.1
40437.4,-24.3,-25.2,-999.0,-25.1
40447.4,-24.4,-25.0,-999.0,-25.1
40457.4,-24.3,-25.2,-999.0,-25.0
40467.4,-24.3,-25.0,-999.0,-25.0
40477.5,-24.3,-25.2,-999.0,-25.0
40487.5,-24.3,-25.2,-999.0,-25.1
40497.5,-24.3,-25.0,-999.0,-25.1
40507.5,-24.3,-25.2,-999.0,-25.0
40517.5,-24.3,-25.2,-999.0,-25.0
40527.6,-24.3,-25.0,-999.0,-25.0
40537.6,-24.3,-25.2,-999.0,-25.0
40547.6,-24.3,-25.1,-999.0,-25.1
40557.6,-24.3,-25.0,-999.0,-25.0
40567.7,-24.3,-25.2,-999.0,-25.0
40577.7,-24.3,-25.2,-999.0,-25.1
40587.7,-24.3,-25.0,-999.0,-25.0
40597.7,-24.3,-24.9,-999.0,-25.1
40607.7,-24.3,-25.2,-999.0,-25.0
40617.8,-24.3,-24.9,-999.0,-24.9
40627.8,-24.3,-25.2,-999.0,-25.0
40637.8,-24.3,-24.9,-999.0,-25.0
40647.8,-24.2,-25.0,-999.0,-25.0
40657.8,-24.3,-24.9,-999.0,-25.0
40667.8,-24.3,-25.2,-999.0,-25.0
40677.9,-24.2,-24.9,-999.0,-25.0
40687.9,-24.3,-25.1,-999.0,-25.0
40697.9,-24.2,-25.0,-999.0,-25.0
40707.9,-24.3,-25.2,-999.0,-25.0
40717.9,-24.2,-24.9,-999.0,-25.0
40727.9,-24.3,-25.1,-999.0,-25.0
40738.0,-24.2,-24.9,-999.0,-24.9
40748.0,-24.3,-25.1,-999.0,-25.0
40758.0,-24.2,-25.0,-999.0,-25.0
40768.0,-24.2,-25.2,-999.0,-25.0
40778.0,-24.2,-24.8,-999.0,-24.9
40788.0,-24.2,-25.1,-999.0,-25.0
40798.0,-24.2,-25.1,-999.0,-25.0
40808.1,-24.2,-24.9,-999.0,-25.0
40818.1,-24.2,-24.9,-999.0,-25.0
40828.1,-24.3,-24.9,-999.0,-24.9
40838.1,-24.2,-24.9,-999.0,-25.0
40848.1,-24.1,-24.9,-999.0,-25.0
40858.2,-24.2,-24.9,-999.0,-25.0
40868.2,-24.2,-24.9,-999.0,-24.9
40878.2,-24.2,-25.1,-999.0,-25.0
40888.2,-24.2,-24.8,-999.0,-24.8
40898.2,-24.1,-25.1,-999.0,-25.0
40908.3,-24.2,-25.1,-999.0,-25.0
40918.3,-24.2,-25.1,-999.0,-24.9
40928.3,-24.1,-24.8,-999.0,-24.9
40938.3,-24.2,-25.1,-999.0,-24.9
40948.3,-24.1,-24.8,-999.0,-24.9
40958.3,-24.1,-25.0,-999.0,-24.9
40968.4,-24.1,-25.0,-999.0,-24.9
40978.4,-24.2,-24.8,-999.0,-24.8
40988.4,-24.2,-25.1,-999.0,-24.9
40998.4,-24.1,-24.8,-999.0,-24.9
41008.4,-24.1,-24.8,-999.0,-24.9
41018.4,-24.2,-25.0,-999.0,-24.9
41028.5,-24.1,-24.9,-999.0,-24.9
41038.5,-24.1,-25.0,-999.0,-24.9
41048.5,-24.0,-24.8,-999.0,-24.9
41058.5,-24.1,-24.7,-999.0,-24.9
41068.5,-24.1,-24.8,-999.0,-24.9
41078.6,-24.1,-24.8,-999.0,-24.9
41088.6,-24.1,-24.8,-999.0,-24.9
41098.6,-24.1,-24.8,-999.0,-24.9
41108.6,-24.1,-24.7,-999.0,-24.9
41118.6,-24.1,-24.8,-999.0,-24.8
41128.6,-24.1,-24.8,-999.0,-24.8
41138.7,-24.0,-24.8,-999.0,-24.9
41148.7,-24.1,-24.8,-999.0,-24.9
41158.7,-24.1,-25.0,-999.0,-24.8
41168.7,-24.1,-24.7,-999.0,-24.8
41178.8,-24.1,-25.0,-999.0,-24.8
41188.8,-24.1,-24.7,-999.0,-24.8
41198.8,-24.1,-24.8,-999.0,-24.8
41208.8,-24.1,-24.7,-999.0,-24.9
41218.8,-24.2,-24.8,-999.0,-24.8
41228.8,-24.1,-25.0,-999.0,-24.8
41238.9,-24.2,-24.7,-999.0,-24.8
41248.9,-24.1,-24.8,-999.0,-24.8
41258.9,-24.2,-24.6,-999.0,-24.7
41268.9,-24.1,-25.0,-999.0,-24.8
41279.0,-24.1,-24.7,-999.0,-24.8
41289.0,-24.1,-24.7,-999.0,-24.8
41299.0,-24.2,-24.8,-999.0,-24.8
41309.0,-24.1,-24.7,-999.0,-24.8
41319.0,-24.2,-25.0,-999.0,-24.8
41329.0,-24.1,-24.7,-999.0,-24.9
41339.1,-24.2,-24.7,-999.0,-24.8
41349.1,-24.1,-24.7,-999.0,-24.8
41359.1,-24.1,-24.7,-999.0,-24.8
41369.1,-24.2,-24.8,-999.0,-24.8
41379.1,-24.2,-24.7,-999.0,-24.7
41389.1,-24.1,-24.6,-999.0,-24.8
41399.2,-24.2,-24.7,-999.0,-24.8
41409.2,-24.1,-24.7,-999.0,-24.8
41419.2,-24.1,-24.7,-999.0,-24.8
41429.2,-24.2,-24.7,-999.0,-24.8
41439.3,-24.2,-24.7,-999.0,-24.8
41449.3,-24.2,-24.6,-999.0,-24.7
41459.3,-24.1,-24.7,-999.0,-24.8
41469.3,-24.1,-24.6,-999.0,-24.7
41479.3,-24.1,-24.7,-999.0,-24.7
41489.3,-24.2,-24.6,-999.0,-24.7
41499.4,-24.1,-24.6,-999.0,-24.7
41509.4,-24.1,-24.6,-999.0,-24.7
41519.4,-24.1,-24.7,-999.0,-24.7
41529.4,-24.2,-24.6,-999.0,-24.8
41539.4,-24.2,-24.6,-999.0,-24.7
41549.4,-24.1,-24.6,-999.0,-24.7
41559.5,-24.2,-24.6,-999.0,-24.7
41569.5,-24.2,-24.7,-999.0,-24.7
41579.5,-24.1,-24.6,-999.0,-24.7
41589.5,-24.1,-24.6,-999.0,-24.7
41599.5,-24.1,-24.6,-999.0,-24.7
41609.6,-24.1,-24.6,-999.0,-24.7
41619.6,-24.1,-24.6,-999.0,-24.7
41629.6,-24.1,-24.6,-999.0,-24.7
41639.6,-24.1,-24.6,-999.0,-24.7
41649.7,-24.2,-24.6,-999.0,-24.7
41659.7,-24.0,-24.6,-999.0,-24.7
41669.7,-24.1,-24.6,-999.0,-24.7
41679.7,-24.1,-24.6,-999.0,-24.7
41689.7,-24.1,-24.6,-999.0,-24.6
41699.8,-24.1,-24.6,-999.0,-24.7
41709.8,-24.1,-24.6,-999.0,-24.7
41719.8,-24.1,-24.6,-999.0,-24.7
41729.8,-24.1,-24.6,-999.0,-24.5
41739.8,-24.1,-24.6,-999.0,-24.7
41749.9,-24.1,-24.6,-999.0,-24.7
41759.9,-24.1,-24.6,-999.0,-24.7
41769.9,-24.1,-24.6,-999.0,-24.7
41779.9,-24.1,-24.6,-999.0,-24.7
41790.0,-24.0,-24.6,-999.0,-24.6
41800.0,-24.1,-24.6,-999.0,-24.6
41810.0,-24.0,-24.6,-999.0,-24.6
41820.0,-24.1,-24.6,-999.0,-24.6
41830.0,-24.0,-24.6,-999.0,-24.6
41840.0,-24.1,-24.6,-999.0,-24.6
41850.1,-24.0,-24.6,-999.0,-24.7
41860.1,-24.1,-24.6,-999.0,-24.6
41870.1,-24.0,-24.6,-999.0,-24.6
41880.1,-24.0,-24.6,-999.0,-24.6
41890.1,-24.1,-24.6,-999.0,-24.6
41900.2,-24.1,-24.6,-999.0,-24.6
41910.2,-24.0,-24.5,-999.0,-24.6
41920.2,-24.0,-24.6,-999.0,-24.6
41930.2,-24.0,-24.6,-999.0,-24.6
41940.2,-24.0,-24.6,-999.0,-24.6
41950.3,-24.0,-24.6,-999.0,-24.6
41960.3,-24.1,-24.5,-999.0,-24.4
41970.3,-24.0,-24.6,-999.0,-24.6
41980.3,-24.0,-24.5,-999.0,-24.6
41990.3,-24.0,-24.5,-999.0,-24.6
42000.4,-24.0,-24.5,-999.0,-24.6
42010.4,-24.0,-24.5,-999.0,-24.4
42020.4,-24.0,-24.5,-999.0,-24.5
42030.4,-24.0,-24.5,-999.0,-24.6
42040.4,-24.0,-24.5,-999.0,-24.6
42050.5,-24.1,-24.6,-999.0,-24.6
42060.5,-24.0,-24.5,-999.0,-24.5
42070.5,-24.0,-24.5,-999.0,-24.6
42080.5,-24.0,-24.5,-999.0,-24.6
42090.5,-24.0,-24.5,-999.0,-24.6
42100.6,-24.0,-24.5,-999.0,-24.6
42110.6,-24.0,-24.5,-999.0,-24.6
42120.6,-24.0,-24.5,-999.0,-24.6
42130.7,-24.0,-24.5,-999.0,-24.5
42140.7,-24.0,-24.5,-999.0,-24.6
42150.7,-24.0,-24.5,-999.0,-24.6
42160.7,-24.0,-24.5,-999.0,-24.6
42170.7,-24.0,-24.5,-999.0,-24.4
42180.8,-24.0,-24.5,-999.0,-24.5
42190.8,-24.0,-24.4,-999.0,-24.5
42200.8,-24.0,-24.5,-999.0,-24.6
42210.8,-24.0,-24.5,-999.0,-24.4
42220.8,-24.0,-24.4,-999.0,-24.5
42230.9,-24.0,-24.5,-999.0,-24.5
42240.9,-24.0,-24.5,-999.0,-24.5
42250.9,-23.9,-24.5,-999.0,-24.5
42261.0,-24.0,-24.5,-999.0,-24.5
42271.0,-24.0,-24.5,-999.0,-24.5
42281.0,-24.0,-24.4,-999.0,-24.5
42291.0,-23.9,-24.4,-999.0,-24.5
42301.0,-24.0,-24.4,-999.0,-24.5
42311.1,-23.9,-24.4,-999.0,-24.5
42321.1,-24.0,-24.4,-999.0,-24.5
42331.1,-24.0,-24.4,-999.0,-24.3
42341.1,-23.9,-24.4,-999.0,-24.5
42351.1,-24.0,-24.4,-999.0,-24.5
42361.1,-24.0,-24.4,-999.0,-24.4
42371.2,-23.9,-24.4,-999.0,-24.5
42381.2,-24.0,-24.4,-999.0,-24.3
42391.2,-24.0,-24.4,-999.0,-24.4
42401.2,-23.9,-24.4,-999.0,-24.5
42411.2,-23.9,-24.4,-999.0,-24.4
42421.3,-24.0,-24.4,-999.0,-24.4
42431.3,-24.0,-24.4,-999.0,-24.4
42441.3,-23.9,-24.4,-999.0,-24.5
42451.3,-23.9,-24.4,-999.0,-24.5
42461.4,-24.0,-24.5,-999.0,-24.5
42471.4,-23.9,-24.4,-999.0,-24.5
42481.4,-23.9,-24.4,-999.0,-24.5
42491.4,-23.9,-24.4,-999.0,-24.5
42501.4,-23.9,-24.4,-999.0,-24.4
42511.4,-23.9,-24.4,-999.0,-24.5
42521.4,-24.0,-24.3,-999.0,-24.3
42531.5,-23.9,-24.3,-999.0,-24.5
42541.5,-23.9,-24.4,-999.0,-24.4
42551.5,-23.9,-24.3,-999.0,-24.4
42561.5,-23.9,-24.3,-999.0,-24.4
42571.6,-23.9,-24.4,-999.0,-24.4
42581.6,-23.9,-24.3,-999.0,-24.4
42591.6,-23.9,-24.4,-999.0,-24.4
42601.6,-23.9,-24.4,-999.0,-24.4
42611.7,-23.9,-24.3,-999.0,-24.4
42621.7,-23.9,-24.3,-999.0,-24.4
42631.7,-23.9,-24.3,-999.0,-24.4
42641.7,-23.9,-24.3,-999.0,-24.4
42651.7,-23.8,-24.3,-999.0,-24.4
42661.7,-23.9,-24.3,-999.0,-24.2
42671.8,-23.8,-24.3,-999.0,-24.4
42681.8,-23.9,-24.3,-999.0,-24.4
42691.8,-23.9,-24.3,-999.0,-24.4
42701.8,-24.0,-24.3,-999.0,-24.4
42711.8,-23.9,-24.3,-999.0,-24.4
42721.8,-23.8,-24.3,-999.0,-24.4
42731.9,-23.9,-24.3,-999.0,-24.4
42741.9,-23.9,-24.3,-999.0,-24.4
42751.9,-23.8,-24.3,-999.0,-24.4
42761.9,-23.9,-24.3,-999.0,-24.4
42771.9,-23.8,-24.3,-999.0,-24.4
42782.0,-23.8,-24.3,-999.0,-24.4
42792.0,-23.9,-24.3,-999.0,-24.3
42802.0,-23.8,-24.3,-999.0,-24.4
42812.0,-23.8,-24.3,-999.0,-24.4
42822.0,-23.9,-24.3,-999.0,-24.4
42832.0,-23.9,-24.3,-999.0,-24.4
42842.1,-23.8,-24.3,-999.0,-24.3
42852.1,-23.9,-24.3,-999.0,-24.4
42862.1,-23.9,-24.3,-999.0,-24.3
42872.1,-23.9,-24.3,-999.0,-24.4
42882.1,-23.8,-24.3,-999.0,-24.3
42892.1,-23.8,-24.3,-999.0,-24.3
42902.2,-23.8,-24.3,-999.0,-24.3
42912.2,-23.8,-24.3,-999.0,-24.4
42922.2,-23.8,-24.3,-999.0,-24.3
42932.2,-23.8,-24.3,-999.0,-24.3
42942.3,-23.8,-24.3,-999.0,-24.3
42952.3,-23.8,-24.3,-999.0,-24.3
42962.3,-23.8,-24.3,-999.0,-24.3
42972.3,-23.8,-24.3,-999.0,-24.3
42982.4,-23.8,-24.3,-999.0,-24.3
42992.4,-23.8,-24.3,-999.0,-24.2
43002.4,-23.8,-24.3,-999.0,-24.4
43012.4,-23.7,-24.3,-999.0,-24.3
43022.5,-23.7,-24.3,-999.0,-24.3
43032.5,-23.7,-24.2,-999.0,-24.3
43042.5,-23.8,-24.3,-999.0,-24.3
43052.5,-23.7,-24.3,-999.0,-24.3
43062.5,-23.8,-24.3,-999.0,-24.2
43072.5,-23.8,-24.3,-999.0,-24.3
43082.6,-23.8,-24.3,-999.0,-24.3
43092.6,-23.7,-24.3,-999.0,-24.3
43102.6,-23.7,-24.2,-999.0,-24.3
43112.6,-23.7,-24.2,-999.0,-24.2
43122.6,-23.8,-24.3,-999.0,-24.3
43132.7,-23.8,-24.2,-999.0,-24.3
43142.7,-23.8,-24.3,-999.0,-24.3
43152.7,-23.7,-24.2,-999.0,-24.3
43162.7,-23.7,-24.2,-999.0,-24.3
43172.7,-23.7,-24.3,-999.0,-24.2
43182.7,-23.7,-24.3,-999.0,-24.3
43192.8,-23.7,-24.3,-999.0,-24.3
43202.8,-23.7,-24.3,-999.0,-24.3
43212.8,-23.7,-24.3,-999.0,-24.2
43222.8,-23.7,-24.3,-999.0,-24.3
43232.8,-23.8,-24.3,-999.0,-24.3
43242.9,-23.7,-24.3,-999.0,-24.2
43252.9,-23.7,-24.2,-999.0,-24.3
43262.9,-23.7,-24.3,-999.0,-24.3
43272.9,-23.7,-24.2,-999.0,-24.3
43282.9,-23.8,-24.3,-999.0,-24.3
43293.0,-23.7,-24.2,-999.0,-24.3
43303.0,-23.7,-24.2,-999.0,-24.3
43313.0,-23.7,-24.2,-999.0,-24.3
43323.0,-23.7,-24.2,-999.0,-24.3
43333.1,-23.6,-24.2,-999.0,-24.2
43343.1,-23.7,-24.2,-999.0,-24.2
43353.1,-23.7,-24.2,-999.0,-24.2
43363.1,-23.7,-24.1,-999.0,-24.3
43373.1,-23.7,-24.2,-999.0,-24.3
43383.1,-23.7,-24.1,-999.0,-24.1
43393.2,-23.6,-24.2,-999.0,-24.3
43403.2,-23.7,-24.2,-999.0,-24.3
43413.2,-23.6,-24.1,-999.0,-24.2
43423.2,-23.6,-24.2,-999.0,-24.3
43433.2,-23.7,-24.2,-999.0,-24.2
43443.2,-23.6,-24.2,-999.0,-24.3
43453.3,-23.7,-24.2,-999.0,-24.3
43463.3,-23.7,-24.1,-999.0,-24.1
43473.3,-23.7,-24.1,-999.0,-24.3
43483.3,-23.7,-24.2,-999.0,-24.0
43493.3,-23.6,-24.2,-999.0,-24.2
43503.3,-23.7,-24.2,-999.0,-24.2
43513.4,-23.6,-24.2,-999.0,-24.2
43523.4,-23.6,-24.1,-999.0,-24.2
43533.4,-23.7,-24.2,-999.0,-24.2
43543.4,-23.7,-24.2,-999.0,-24.2
43553.4,-23.6,-24.1,-999.0,-24.2
43563.5,-23.6,-24.2,-999.0,-24.2
43573.5,-23.6,-24.1,-999.0,-24.2
43583.5,-23.7,-24.2,-999.0,-24.2
43593.5,-23.6,-24.1,-999.0,-24.2
43603.6,-23.6,-24.1,-999.0,-24.2
43613.6,-23.6,-24.1,-999.0,-24.2
43623.6,-23.6,-24.1,-999.0,-24.2
43633.6,-23.6,-24.2,-999.0,-24.2
43643.6,-23.6,-24.1,-999.0,-24.2
43653.6,-23.6,-24.0,-999.0,-24.0
43663.6,-23.6,-24.1,-999.0,-24.1
43673.7,-23.6,-24.1,-999.0,-24.2
43683.7,-23.6,-24.1,-999.0,-24.2
43693.7,-23.6,-24.0,-999.0,-24.1
43703.7,-23.6,-24.1,-999.0,-24.2
43713.7,-23.6,-24.0,-999.0,-24.2
43723.8,-23.6,-24.2,-999.0,-24.2
43733.8,-23.6,-24.1,-999.0,-24.2
43743.8,-23.6,-24.0,-999.0,-24.2
43753.9,-23.6,-24.1,-999.0,-24.2
43763.9,-23.6,-24.1,-999.0,-24.1
43773.9,-23.5,-24.0,-999.0,-24.1
43783.9,-23.6,-24.0,-999.0,-24.2
43793.9,-23.6,-24.0,-999.0,-24.2
43804.0,-23.6,-24.0,-999.0,-24.2
43814.0,-23.6,-24.1,-999.0,-24.2
43824.0,-23.6,-24.0,-999.0,-24.2
43834.0,-23.6,-24.0,-999.0,-24.1
43844.0,-23.6,-24.0,-999.0,-24.1
43854.0,-23.6,-24.0,-999.0,-24.2
43864.1,-23.5,-24.0,-999.0,-24.1
43874.1,-23.6,-24.0,-999.0,-24.1
43884.1,-23.6,-24.0,-999.0,-24.1
43894.1,-23.6,-24.0,-999.0,-24.2
43904.1,-23.6,-24.1,-999.0,-24.1
43914.1,-23.6,-24.0,-999.0,-24.1
43924.2,-23.6,-24.0,-999.0,-24.1
43934.2,-23.5,-24.0,-999.0,-24.1
43944.2,-23.6,-24.0,-999.0,-24.1
43954.2,-23.6,-24.0,-999.0,-24.1
43964.3,-23.6,-24.0,-999.0,-24.1
43974.3,-23.5,-24.0,-999.0,-24.1
43984.3,-23.6,-24.0,-999.0,-24.1
43994.3,-23.5,-24.0,-999.0,-24.2
44004.3,-23.6,-24.0,-999.0,-23.9
44014.4,-23.5,-24.0,-999.0,-24.1
44024.4,-23.5,-24.0,-999.0,-24.1
44034.4,-23.5,-24.0,-999.0,-24.1
44044.4,-23.5,-24.0,-999.0,-24.0
44054.5,-23.6,-24.0,-999.0,-24.1
44064.5,-23.6,-24.0,-999.0,-24.1
44074.5,-23.5,-24.0,-999.0,-24.1
44084.5,-23.5,-24.0,-999.0,-24.1
44094.5,-23.5,-24.0,-999.0,-24.0
44104.6,-23.5,-24.0,-999.0,-24.1
44114.6,-23.5,-24.0,-999.0,-24.2
44124.6,-23.5,-24.0,-999.0,-24.1
44134.7,-23.5,-24.0,-999.0,-24.0
44144.7,-23.5,-24.0,-999.0,-24.1
44154.7,-23.5,-24.0,-999.0,-24.1
44164.7,-23.5,-24.0,-999.0,-24.0
44174.7,-23.5,-24.0,-999.0,-24.0
44184.8,-23.5,-24.0,-999.0,-24.1
44194.8,-23.5,-24.0,-999.0,-24.0
44204.8,-23.5,-24.0,-999.0,-24.0
44214.8,-23.5,-24.0,-999.0,-24.1
44224.8,-23.5,-24.0,-999.0,-24.1
44234.8,-23.5,-23.9,-999.0,-24.0
44244.9,-23.5,-24.0,-999.0,-24.1
44254.9,-23.5,-24.0,-999.0,-24.0
44264.9,-23.5,-24.0,-999.0,-24.1
44274.9,-23.5,-24.0,-999.0,-24.0
44284.9,-23.5,-24.0,-999.0,-24.0
44294.9,-23.5,-23.9,-999.0,-24.0
44305.0,-23.4,-24.0,-999.0,-24.0
44315.0,-23.4,-24.0,-999.0,-24.0
44325.0,-23.5,-24.0,-999.0,-24.0
44335.0,-23.4,-23.9,-999.0,-24.0
44345.0,-23.4,-24.0,-999.0,-24.0
44355.0,-23.5,-23.9,-999.0,-24.0
44365.1,-23.5,-24.0,-999.0,-24.0
44375.1,-23.5,-23.9,-999.0,-24.0
44385.1,-23.5,-23.9,-999.0,-24.0
44395.1,-23.5,-24.0,-999.0,-24.0
44405.1,-23.5,-23.9,-999.0,-24.0
44415.2,-23.5,-24.0,-999.0,-24.0
44425.2,-23.5,-23.9,-999.0,-24.0
44435.2,-23.4,-23.9,-999.0,-24.0
44445.2,-23.5,-24.0,-999.0,-24.0
44455.3,-23.4,-23.9,-999.0,-24.0
44465.3,-23.4,-23.9,-999.0,-24.0
44475.3,-23.5,-23.9,-999.0,-24.0
44485.3,-23.4,-23.9,-999.0,-24.0
44495.3,-23.5,-23.9,-999.0,-24.0
44505.3,-23.5,-23.9,-999.0,-24.0
44515.4,-23.4,-23.9,-999.0,-23.9
44525.4,-23.5,-24.0,-999.0,-24.0
44535.4,-23.4,-23.9,-999.0,-24.0
44545.4,-23.4,-23.8,-999.0,-24.0
44555.4,-23.4,-23.9,-999.0,-24.0
44565.5,-23.5,-23.9,-999.0,-24.0
44575.5,-23.4,-23.9,-999.0,-24.0
44585.5,-23.4,-23.9,-999.0,-24.0
44595.5,-23.4,-23.9,-999.0,-24.0
44605.6,-23.4,-23.8,-999.0,-24.0
44615.6,-23.4,-23.9,-999.0,-24.0
44625.6,-23.4,-23.8,-999.0,-23.9
44635.6,-23.4,-23.9,-999.0,-24.0
44645.6,-23.4,-23.9,-999.0,-23.9
44655.6,-23.4,-23.9,-999.0,-24.0
44665.7,-23.4,-23.9,-999.0,-24.0
44675.7,-23.3,-23.8,-999.0,-24.0
44685.7,-23.4,-23.8,-999.0,-24.0
44695.7,-23.4,-23.9,-999.0,-24.0
44705.7,-23.3,-23.8,-999.0,-23.9
44715.7,-23.4,-23.9,-999.0,-23.9
44725.8,-23.4,-23.8,-999.0,-23.8
44735.8,-23.3,-23.8,-999.0,-23.9
44745.8,-23.4,-23.8,-999.0,-23.9
44755.8,-23.4,-23.9,-999.0,-24.0
44765.8,-23.3,-23.8,-999.0,-23.9
44775.9,-23.4,-23.8,-999.0,-24.0
44785.9,-23.3,-23.8,-999.0,-23.9
44795.9,-23.3,-23.8,-999.0,-23.9
44805.9,-23.3,-23.9,-999.0,-24.0
44815.9,-23.3,-23.8,-999.0,-24.0
44825.9,-23.3,-23.8,-999.0,-24.0
44836.0,-23.3,-23.8,-999.0,-24.0
44846.0,-23.4,-23.8,-999.0,-24.0
44856.0,-23.4,-23.8,-999.0,-23.9
44866.0,-23.3,-23.8,-999.0,-24.0
44876.0,-23.4,-23.8,-999.0,-23.9
44886.0,-23.3,-23.8,-999.0,-24.0
44896.0,-23.3,-23.8,-999.0,-23.9
44906.0,-23.3,-23.8,-999.0,-24.0
44916.1,-23.3,-23.8,-999.0,-23.9
44926.1,-23.3,-23.8,-999.0,-24.0
44936.1,-23.3,-23.8,-999.0,-24.0
44946.1,-23.3,-23.7,-999.0,-24.0
44956.1,-23.3,-23.7,-999.0,-23.9
44966.2,-23.3,-23.7,-999.0,-23.9
44976.2,-23.3,-23.7,-999.0,-23.9
44986.2,-23.3,-23.8,-999.0,-24.0
44996.2,-23.3,-23.7,-999.0,-23.8
45006.3,-23.3,-23.7,-999.0,-23.9
45016.3,-23.3,-23.8,-999.0,-24.0
45026.3,-23.3,-23.8,-999.0,-24.0
45036.3,-23.4,-23.8,-999.0,-23.9
45046.3,-23.2,-23.7,-999.0,-23.9
45056.3,-23.3,-23.7,-999.0,-24.0
45066.4,-23.3,-23.7,-999.0,-23.9
45076.4,-23.3,-23.7,-999.0,-23.9
45086.4,-23.4,-23.7,-999.0,-24.0
45096.4,-23.3,-23.7,-999.0,-23.9
45106.5,-23.3,-23.7,-999.0,-23.9
45116.5,-23.3,-23.7,-999.0,-23.8
45126.5,-23.3,-23.7,-999.0,-24.0
45136.5,-23.3,-23.7,-999.0,-23.9
45146.5,-23.3,-23.7,-999.0,-23.9
45156.5,-23.3,-23.7,-999.0,-23.9
45166.5,-23.3,-23.7,-999.0,-23.9
45176.6,-23.2,-23.7,-999.0,-23.7
45186.6,-23.3,-23.7,-999.0,-24.0
45196.6,-23.3,-23.7,-999.0,-23.9
45206.6,-23.3,-23.7,-999.0,-23.9
45216.6,-23.3,-23.7,-999.0,-23.9
45226.7,-23.3,-23.7,-999.0,-23.9
45236.7,-23.3,-23.7,-999.0,-23.9
45246.7,-23.3,-23.8,-999.0,-23.9
45256.7,-23.3,-23.7,-999.0,-23.9
45266.7,-23.3,-23.7,-999.0,-23.9
45276.8,-23.3,-23.7,-999.0,-23.9
45286.8,-23.3,-23.7,-999.0,-23.7
45296.8,-23.3,-23.7,-999.0,-23.9
45306.8,-23.3,-23.7,-999.0,-23.9
45316.8,-23.3,-23.7,-999.0,-23.9
45326.9,-23.2,-23.7,-999.0,-23.9
45336.9,-23.2,-23.7,-999.0,-23.9
45346.9,-23.3,-23.7,-999.0,-23.7
45356.9,-23.3,-23.7,-999.0,-23.8
45366.9,-23.3,-23.7,-999.0,-23.9
45376.9,-23.3,-23.7,-999.0,-23.9
45386.9,-23.2,-23.7,-999.0,-23.8
45397.0,-23.3,-23.7,-999.0,-23.9
45407.0,-23.3,-23.7,-999.0,-23.9
45417.0,-23.3,-23.6,-999.0,-23.9
45427.0,-23.2,-23.6,-999.0,-23.7
45437.0,-23.2,-23.7,-999.0,-23.9
45447.1,-23.2,-23.7,-999.0,-23.9
45457.1,-23.3,-23.7,-999.0,-23.8
45467.1,-23.2,-23.7,-999.0,-23.9
45477.1,-23.3,-23.7,-999.0,-23.9
45487.1,-23.2,-23.7,-999.0,-23.9
45497.2,-23.3,-23.7,-999.0,-23.9
45507.2,-23.2,-23.6,-999.0,-23.9
45517.2,-23.2,-23.7,-999.0,-23.8
45527.2,-23.3,-23.7,-999.0,-23.7
45537.2,-23.3,-23.7,-999.0,-23.9
45547.2,-23.2,-23.6,-999.0,-23.8
45557.3,-23.2,-23.7,-999.0,-23.9
45567.3,-23.2,-23.7,-999.0,-23.8
45577.3,-23.2,-23.7,-999.0,-23.9
45587.3,-23.2,-23.6,-999.0,-23.7
45597.3,-23.3,-23.7,-999.0,-23.8
45607.3,-23.3,-23.7,-999.0,-23.8
45617.3,-23.2,-23.6,-999.0,-23.9
45627.4,-23.3,-23.7,-999.0,-23.8
45637.4,-23.2,-23.7,-999.0,-23.9
45647.4,-23.2,-23.6,-999.0,-23.9
45657.4,-23.3,-23.6,-999.0,-23.8
45667.4,-23.2,-23.7,-999.0,-23.8
45677.5,-23.2,-23.6,-999.0,-23.8
45687.5,-23.2,-23.6,-999.0,-23.8
45697.5,-23.2,-23.7,-999.0,-23.9
45707.5,-23.2,-23.6,-999.0,-23.9
45717.5,-23.2,-23.6,-999.0,-23.8
45727.5,-23.3,-23.6,-999.0,-23.7
45737.5,-23.2,-23.6,-999.0,-23.8
45747.6,-23.2,-23.6,-999.0,-23.8
45757.6,-23.1,-23.6,-999.0,-23.8
45767.6,-23.3,-23.7,-999.0,-23.8
45777.7,-23.2,-23.6,-999.0,-23.8
45787.7,-23.2,-23.6,-999.0,-23.8
45797.7,-23.2,-23.6,-999.0,-23.8
45807.7,-23.2,-23.6,-999.0,-23.8
45817.7,-23.2,-23.6,-999.0,-23.8
45827.7,-23.2,-23.5,-999.0,-23.7
45837.7,-23.2,-23.6,-999.0,-23.8
45847.8,-23.2,-23.5,-999.0,-23.8
45857.8,-23.2,-23.6,-999.0,-23.6
45867.8,-23.2,-23.6,-999.0,-23.8
45877.8,-23.2,-23.6,-999.0,-23.8
45887.9,-23.2,-23.6,-999.0,-23.8
45897.9,-23.2,-23.5,-999.0,-23.8
45907.9,-23.1,-23.6,-999.0,-23.8
45917.9,-23.2,-23.6,-999.0,-23.7
45927.9,-23.2,-23.5,-999.0,-23.8
45937.9,-23.1,-23.6,-999.0,-23.8
45948.0,-23.2,-23.6,-999.0,-23.7
45958.0,-23.2,-23.6,-999.0,-23.8
45968.0,-23.2,-23.6,-999.0,-23.8
45978.0,-23.2,-23.6,-999.0,-23.8
45988.0,-23.1,-23.6,-999.0,-23.7
45998.0,-22.9,-23.6,-999.0,-23.8
46008.1,-23.2,-23.6,-999.0,-23.7
46018.1,-23.1,-23.6,-999.0,-23.8
46028.1,-23.1,-23.5,-999.0,-23.8
46038.1,-23.2,-23.6,-999.0,-23.8
46048.1,-23.1,-23.6,-999.0,-23.7
46058.1,-23.1,-23.5,-999.0,-23.6
46068.1,-23.2,-23.5,-999.0,-23.8
46078.1,-23.1,-23.5,-999.0,-23.8
46088.2,-23.1,-23.5,-999.0,-23.7
46098.2,-23.1,-23.5,-999.0,-23.7
46108.2,-23.2,-23.4,-999.0,-23.6
46118.2,-23.1,-23.5,-999.0,-23.8
46128.2,-23.1,-23.5,-999.0,-23.8
46138.2,-23.1,-23.6,-999.0,-23.8
46148.3,-23.1,-23.5,-999.0,-23.7
46158.3,-23.1,-23.6,-999.0,-23.8
46168.3,-23.1,-23.5,-999.0,-23.7
46178.3,-23.1,-23.5,-999.0,-23.8
46188.4,-23.1,-23.5,-999.0,-23.7
46198.4,-23.1,-23.5,-999.0,-23.8
46208.4,-23.1,-23.5,-999.0,-23.8
46218.4,-23.1,-23.5,-999.0,-23.8
46228.4,-23.1,-23.5,-999.0,-23.7
46238.4,-23.1,-23.5,-999.0,-23.7
46248.5,-23.1,-23.5,-999.0,-23.7
46258.5,-23.1,-23.5,-999.0,-23.8
46268.5,-23.1,-23.5,-999.0,-23.7
46278.5,-23.1,-23.5,-999.0,-23.7
46288.5,-23.1,-23.4,-999.0,-23.6
46298.5,-23.1,-23.5,-999.0,-23.7
46308.6,-23.1,-23.5,-999.0,-23.7
46318.6,-23.1,-23.5,-999.0,-23.6
46328.6,-23.1,-23.4,-999.0,-23.8
46338.6,-22.9,-23.5,-999.0,-23.7
46348.6,-23.2,-23.4,-999.0,-23.7
46358.6,-23.0,-23.4,-999.0,-23.7
46368.6,-23.1,-23.4,-999.0,-23.8
46378.6,-23.1,-23.5,-999.0,-23.7
46388.7,-23.1,-23.4,-999.0,-23.7
46398.7,-23.0,-23.4,-999.0,-23.7
46408.7,-23.0,-23.4,-999.0,-23.7
46418.7,-23.1,-23.4,-999.0,-23.6
46428.7,-23.0,-23.5,-999.0,-23.7
46438.7,-23.0,-23.4,-999.0,-23.7
46448.8,-23.1,-23.4,-999.0,-23.8
46458.8,-23.1,-23.4,-999.0,-23.7
46468.8,-23.1,-23.4,-999.0,-23.7
46478.8,-23.1,-23.5,-999.0,-23.7
46488.8,-23.0,-23.4,-999.0,-23.7
46498.8,-23.1,-23.4,-999.0,-23.7
46508.9,-23.1,-23.4,-999.0,-23.7
46518.9,-23.1,-23.4,-999.0,-23.7
46528.9,-23.0,-23.5,-999.0,-23.7
46538.9,-23.0,-23.4,-999.0,-23.7
46548.9,-23.0,-23.4,-999.0,-23.8
46558.9,-23.0,-23.4,-999.0,-23.7
46568.9,-22.8,-23.4,-999.0,-23.7
46578.9,-23.1,-23.4,-999.0,-23.7
46588.9,-23.0,-23.4,-999.0,-23.6
46599.0,-23.1,-23.4,-999.0,-23.7
46609.0,-23.0,-23.4,-999.0,-23.7
46619.0,-23.1,-23.4,-999.0,-23.7
46629.0,-23.0,-23.4,-999.0,-23.7
46639.0,-23.1,-23.4,-999.0,-23.5
46649.1,-23.0,-23.4,-999.0,-23.7
46659.1,-22.8,-23.4,-999.0,-23.7
46669.1,-23.0,-23.4,-999.0,-23.7
46679.1,-23.1,-23.4,-999.0,-23.7
46689.1,-23.0,-23.4,-999.0,-23.7
46699.1,-23.0,-23.4,-999.0,-23.7
46709.2,-23.0,-23.4,-999.0,-23.7
46719.2,-22.8,-23.4,-999.0,-23.7
46729.2,-23.0,-23.4,-999.0,-23.7
46739.2,-23.0,-23.4,-999.0,-23.7
46749.2,-22.8,-23.4,-999.0,-23.7
46759.2,-23.0,-23.4,-999.0,-23.7
46769.2,-23.0,-23.4,-999.0,-23.7
46779.3,-23.0,-23.3,-999.0,-23.7
46789.3,-23.0,-23.3,-999.0,-23.6
46799.3,-23.0,-23.4,-999.0,-23.7
46809.3,-23.1,-23.4,-999.0,-23.7
46819.3,-23.0,-23.4,-999.0,-23.7
46829.3,-23.1,-23.3,-999.0,-23.7
46839.3,-23.0,-23.3,-999.0,-23.6
46849.4,-22.8,-23.4,-999.0,-23.7
46859.4,-22.8,-23.3,-999.0,-23.7
46869.4,-23.0,-23.4,-999.0,-23.7
46879.4,-23.0,-23.4,-999.0,-23.7
46889.4,-22.7,-23.3,-999.0,-23.7
46899.4,-23.0,-23.3,-999.0,-23.7
46909.5,-23.0,-23.3,-999.0,-23.7
46919.5,-23.0,-23.3,-999.0,-23.7
46929.5,-23.0,-23.4,-999.0,-23.7
46939.5,-23.0,-23.4,-999.0,-23.7
46949.5,-23.0,-23.3,-999.0,-23.7
46959.5,-23.0,-23.3,-999.0,-23.7
46969.5,-22.8,-23.3,-999.0,-23.7
46979.5,-23.0,-23.3,-999.0,-23.5
46989.6,-23.0,-23.3,-999.0,-23.7
46999.6,-22.8,-23.3,-999.0,-23.7
47009.6,-23.0,-23.3,-999.0,-23.7
47019.6,-22.8,-23.3,-999.0,-23.7
47029.7,-23.0,-23.3,-999.0,-23.7
47039.7,-22.8,-23.3,-999.0,-23.7
47049.7,-23.0,-23.4,-999.0,-23.7
47059.7,-23.0,-23.3,-999.0,-23.7
47069.7,-22.8,-23.2,-999.0,-23.7
47079.8,-22.7,-23.3,-999.0,-23.7
47089.8,-22.7,-23.3,-999.0,-23.5
47099.8,-23.0,-23.3,-999.0,-23.7
47109.8,-23.0,-23.3,-999.0,-23.6
47119.9,-23.0,-23.3,-999.0,-23.7
47129.9,-23.0,-23.3,-999.0,-23.7
47139.9,-23.0,-23.4,-999.0,-23.7
47149.9,-23.0,-23.3,-999.0,-23.7
47159.9,-23.0,-23.2,-999.0,-23.7
47169.9,-23.0,-23.2,-999.0,-23.6
47179.9,-23.0,-23.3,-999.0,-23.7
47190.0,-23.0,-23.3,-999.0,-23.7
47200.0,-23.0,-23.4,-999.0,-23.7
47210.0,-23.0,-23.3,-999.0,-23.7
47220.0,-23.0,-23.3,-999.0,-23.6
47230.0,-23.0,-23.3,-999.0,-23.6
47240.0,-22.8,-23.3,-999.0,-23.6
47250.1,-22.9,-23.2,-999.0,-23.6
47260.1,-23.0,-23.2,-999.0,-23.6
47270.1,-22.7,-23.2,-999.0,-23.7
47280.1,-23.0,-23.3,-999.0,-23.6
47290.1,-23.0,-23.2,-999.0,-23.6
47300.2,-23.0,-23.2,-999.0,-23.6
47310.2,-22.7,-23.2,-999.0,-23.7
47320.2,-23.0,-23.2,-999.0,-23.6
47330.2,-22.7,-23.3,-999.0,-23.6
47340.2,-22.7,-23.2,-999.0,-23.7
47350.2,-23.0,-23.2,-999.0,-23.7
47360.3,-22.7,-23.2,-999.0,-23.7
47370.3,-22.9,-23.2,-999.0,-23.7
47380.3,-23.0,-23.2,-999.0,-23.6
47390.4,-22.7,-23.2,-999.0,-23.6
47400.4,-22.9,-23.3,-999.0,-23.6
47410.4,-23.0,-23.2,-999.0,-23.7
47420.4,-22.7,-23.2,-999.0,-23.6
47430.4,-22.9,-23.2,-999.0,-23.7
47440.4,-23.0,-23.2,-999.0,-23.7
47450.4,-22.8,-23.2,-999.0,-23.6
47460.5,-22.7,-23.2,-999.0,-23.6
47470.5,-22.7,-23.2,-999.0,-23.6
47480.5,-22.7,-23.2,-999.0,-23.7
47490.5,-22.7,-23.2,-999.0,-23.6
47500.5,-22.7,-23.2,-999.0,-23.6
47510.5,-22.7,-23.2,-999.0,-23.7
47520.6,-22.9,-23.2,-999.0,-23.6
47530.6,-22.9,-23.1,-999.0,-23.7
47540.6,-22.7,-23.2,-999.0,-23.6
47550.6,-22.9,-23.2,-999.0,-23.6
47560.7,-22.7,-23.3,-999.0,-23.7
47570.7,-22.7,-23.1,-999.0,-23.6
47580.7,-22.7,-23.2,-999.0,-23.6
47590.7,-22.7,-23.2,-999.0,-23.6
47600.7,-22.9,-23.2,-999.0,-23.6
47610.7,-22.7,-23.2,-999.0,-23.7
47620.7,-22.7,-23.2,-999.0,-23.6
47630.8,-22.9,-23.2,-999.0,-23.6
47640.8,-23.0,-23.2,-999.0,-23.6
47650.8,-22.6,-23.1,-999.0,-23.6
47660.8,-22.7,-23.2,-999.0,-23.6
47670.8,-22.8,-23.2,-999.0,-23.6
47680.9,-22.7,-23.2,-999.0,-23.6
47690.9,-22.7,-23.1,-999.0,-23.6
47700.9,-22.7,-23.1,-999.0,-23.6
47710.9,-22.9,-23.1,-999.0,-23.7
47720.9,-22.9,-23.2,-999.0,-23.6
47730.9,-22.9,-23.2,-999.0,-23.6
47741.0,-22.9,-23.1,-999.0,-23.5
47751.0,-22.7,-23.1,-999.0,-23.6
47761.0,-23.0,-23.2,-999.0,-23.7
47771.0,-23.0,-23.1,-999.0,-23.5
47781.0,-22.7,-23.1,-999.0,-23.5
47791.0,-22.9,-23.1,-999.0,-23.6
47801.0,-22.7,-23.1,-999.0,-23.6
47811.1,-22.9,-23.1,-999.0,-23.6
47821.1,-22.7,-23.1,-999.0,-23.5
47831.1,-22.7,-23.1,-999.0,-23.6
47841.1,-22.9,-23.1,-999.0,-23.6
47851.1,-22.7,-23.1,-999.0,-23.6
47861.1,-22.7,-23.1,-999.0,-23.6
47871.2,-22.6,-23.1,-999.0,-23.6
47881.2,-22.7,-23.1,-999.0,-23.6
47891.2,-22.7,-23.1,-999.0,-23.5
47901.2,-22.9,-23.1,-999.0,-23.6
47911.2,-22.9,-23.1,-999.0,-23.6
47921.2,-22.9,-23.1,-999.0,-23.6
47931.3,-22.9,-23.1,-999.0,-23.6
47941.3,-22.7,-23.1,-999.0,-23.6
47951.3,-22.7,-23.1,-999.0,-23.6
47961.3,-22.9,-23.1,-999.0,-23.4
47971.3,-22.7,-23.1,-999.0,-23.7
47981.3,-22.7,-23.1,-999.0,-23.6
47991.3,-22.7,-23.1,-999.0,-23.6
48001.4,-22.7,-23.1,-999.0,-23.6
48011.4,-22.6,-23.1,-999.0,-23.5
48021.4,-22.7,-23.1,-999.0,-23.6
48031.4,-22.7,-23.1,-999.0,-23.6
48041.5,-22.8,-23.1,-999.0,-23.6
48051.5,-22.9,-23.1,-999.0,-23.6
48061.5,-22.8,-23.1,-999.0,-23.6
48071.5,-22.7,-23.1,-999.0,-23.6
48081.6,-22.6,-23.1,-999.0,-23.4
48091.6,-22.6,-23.1,-999.0,-23.6
48101.6,-22.6,-23.1,-999.0,-23.6
48111.6,-22.7,-23.1,-999.0,-23.6
48121.6,-22.6,-23.1,-999.0,-23.5
48131.6,-22.9,-23.1,-999.0,-23.5
48141.7,-22.6,-23.1,-999.0,-23.6
48151.7,-22.6,-23.1,-999.0,-23.6
48161.7,-22.8,-23.1,-999.0,-23.6
48171.7,-22.7,-23.1,-999.0,-23.6
48181.7,-22.6,-23.1,-999.0,-23.5
48191.8,-22.9,-23.0,-999.0,-23.6
48201.8,-22.6,-23.1,-999.0,-23.6
48211.8,-22.8,-23.1,-999.0,-23.5
48221.8,-22.7,-23.1,-999.0,-23.6
48231.8,-22.6,-23.1,-999.0,-23.6
48241.9,-22.9,-23.0,-999.0,-23.4
48251.9,-22.6,-23.0,-999.0,-23.6
48261.9,-22.7,-23.1,-999.0,-23.5
48271.9,-22.7,-23.1,-999.0,-23.5
48281.9,-22.7,-23.0,-999.0,-23.5
48292.0,-22.7,-23.1,-999.0,-23.5
48302.0,-22.8,-23.1,-999.0,-23.5
48312.0,-22.6,-23.0,-999.0,-23.6
48322.0,-22.7,-23.0,-999.0,-23.5
48332.0,-22.6,-23.0,-999.0,-23.6
48342.0,-22.6,-23.0,-999.0,-23.5
48352.0,-22.6,-23.0,-999.0,-23.5
48362.1,-22.7,-23.0,-999.0,-23.4
48372.1,-22.6,-23.0,-999.0,-23.6
48382.1,-22.7,-23.0,-999.0,-23.6
48392.1,-22.6,-23.0,-999.0,-23.5
48402.1,-22.6,-23.0,-999.0,-23.5
48412.2,-22.7,-23.1,-999.0,-23.6
48422.2,-22.7,-23.0,-999.0,-23.6
48432.2,-22.6,-23.0,-999.0,-23.5
48442.2,-22.6,-23.0,-999.0,-23.6
48452.2,-22.7,-23.0,-999.0,-23.6
48462.2,-22.6,-23.0,-999.0,-23.6
48472.3,-22.8,-23.0,-999.0,-23.5
48482.3,-22.9,-23.0,-999.0,-23.6
48492.3,-22.6,-23.0,-999.0,-23.5
48502.3,-22.9,-22.9,-999.0,-23.4
48512.3,-22.8,-23.0,-999.0,-23.5
48522.3,-22.6,-23.0,-999.0,-23.5
48532.3,-22.6,-23.0,-999.0,-23.5
48542.4,-22.8,-23.0,-999.0,-23.6
48552.4,-22.6,-23.0,-999.0,-23.5
48562.4,-22.6,-22.9,-999.0,-23.6
48572.4,-22.6,-23.0,-999.0,-23.5
48582.4,-22.6,-23.0,-999.0,-23.5
48592.5,-22.6,-23.0,-999.0,-23.5
48602.5,-22.8,-23.0,-999.0,-23.5
48612.5,-22.8,-23.0,-999.0,-23.5
48622.5,-22.6,-22.9,-999.0,-23.5
48632.5,-22.6,-23.0,-999.0,-23.5
48642.5,-22.8,-22.9,-999.0,-23.5
48652.5,-22.5,-23.0,-999.0,-23.5
48662.5,-22.6,-23.0,-999.0,-23.5
48672.6,-22.6,-23.0,-999.0,-23.5
48682.6,-22.8,-23.0,-999.0,-23.5
48692.6,-22.6,-23.0,-999.0,-23.5
48702.6,-22.5,-23.0,-999.0,-23.5
48712.6,-22.6,-23.0,-999.0,-23.5
48722.7,-22.8,-23.0,-999.0,-23.4
48732.7,-22.6,-23.0,-999.0,-23.6
48742.7,-22.5,-23.0,-999.0,-23.5
48752.7,-22.6,-22.9,-999.0,-23.5
48762.8,-22.5,-23.0,-999.0,-23.5
48772.8,-22.8,-23.0,-999.0,-23.5
48782.8,-22.6,-22.9,-999.0,-23.3
48792.8,-22.6,-23.0,-999.0,-23.5
48802.9,-22.6,-23.0,-999.0,-23.5
48812.9,-22.6,-22.9,-999.0,-23.6
48822.9,-22.8,-23.0,-999.0,-23.5
48832.9,-22.7,-22.9,-999.0,-23.5
48842.9,-22.8,-22.9,-999.0,-23.6
48852.9,-22.6,-23.0,-999.0,-23.5
48862.9,-22.8,-22.9,-999.0,-23.5
48873.0,-22.5,-23.0,-999.0,-23.5
48883.0,-22.6,-22.9,-999.0,-23.5
48893.0,-22.5,-22.9,-999.0,-23.5
48903.0,-22.8,-22.9,-999.0,-23.5
48913.0,-22.6,-22.9,-999.0,-23.4
48923.0,-22.6,-22.9,-999.0,-23.5
48933.0,-22.5,-22.9,-999.0,-23.5
48943.1,-22.8,-22.9,-999.0,-23.5
48953.1,-22.5,-22.9,-999.0,-23.5
48963.1,-22.6,-22.9,-999.0,-23.6
48973.1,-22.5,-22.9,-999.0,-23.5
48983.1,-22.6,-22.9,-999.0,-23.5
48993.2,-22.6,-22.8,-999.0,-23.5
49003.2,-22.6,-22.9,-999.0,-23.5
49013.2,-22.8,-22.9,-999.0,-23.5
49023.2,-22.5,-22.9,-999.0,-23.5
49033.3,-22.8,-22.9,-999.0,-23.6
49043.3,-22.5,-22.9,-999.0,-23.5
49053.3,-22.7,-22.9,-999.0,-23.5
49063.3,-22.8,-22.9,-999.0,-23.6
49073.3,-22.5,-22.8,-999.0,-23.5
49083.3,-22.5,-22.8,-999.0,-23.5
49093.3,-22.6,-22.9,-999.0,-23.5
49103.4,-22.5,-22.8,-999.0,-23.5
49113.4,-22.6,-22.8,-999.0,-23.5
49123.4,-22.5,-22.9,-999.0,-23.5
49133.4,-22.5,-22.8,-999.0,-23.5
49143.4,-22.7,-22.9,-999.0,-23.5
49153.5,-22.6,-22.9,-999.0,-23.4
49163.5,-22.6,-22.9,-999.0,-23.5
49173.5,-22.5,-22.8,-999.0,-23.5
49183.5,-22.6,-22.8,-999.0,-23.5
49193.5,-22.6,-22.8,-999.0,-23.6
49203.6,-22.5,-22.8,-999.0,-23.4
49213.6,-22.5,-22.9,-999.0,-23.5
49223.6,-22.7,-22.8,-999.0,-23.5
49233.6,-22.5,-22.8,-999.0,-23.5
49243.6,-22.5,-22.8,-999.0,-23.5
49253.6,-22.5,-22.8,-999.0,-23.5
49263.7,-22.5,-22.8,-999.0,-23.5
49273.7,-22.6,-22.8,-999.0,-23.5
49283.7,-22.5,-22.8,-999.0,-23.4
49293.7,-22.5,-22.8,-999.0,-23.5
49303.7,-22.5,-22.8,-999.0,-23.5
49313.7,-22.8,-22.9,-999.0,-23.4
49323.8,-22.5,-22.8,-999.0,-23.5
49333.8,-22.5,-22.8,-999.0,-23.5
49343.8,-22.5,-22.8,-999.0,-23.4
49353.8,-22.6,-22.8,-999.0,-23.4
49363.8,-22.5,-22.8,-999.0,-23.5
49373.8,-22.8,-22.8,-999.0,-23.3
49383.8,-22.5,-22.8,-999.0,-23.5
49393.9,-22.6,-22.8,-999.0,-23.5
49403.9,-22.4,-22.8,-999.0,-23.5
49413.9,-22.6,-22.8,-999.0,-23.5
49423.9,-22.5,-22.8,-999.0,-23.5
49433.9,-22.5,-22.8,-999.0,-23.5
49444.0,-22.6,-22.8,-999.0,-23.4
49454.0,-22.6,-22.8,-999.0,-23.5
49464.0,-22.5,-22.8,-999.0,-23.5
49474.0,-22.5,-22.8,-999.0,-23.5
49484.0,-22.5,-22.8,-999.0,-23.4
49494.0,-22.5,-22.8,-999.0,-23.5
49504.1,-22.5,-22.8,-999.0,-23.5
49514.1,-22.5,-22.8,-999.0,-23.4
49524.1,-22.5,-22.8,-999.0,-23.5
49534.1,-22.8,-22.8,-999.0,-23.5
49544.1,-22.5,-22.8,-999.0,-23.5
49554.1,-22.5,-22.8,-999.0,-23.5
49564.1,-22.6,-22.8,-999.0,-23.4
49574.1,-22.4,-22.8,-999.0,-23.5
49584.2,-22.5,-22.8,-999.0,-23.4
49594.2,-22.5,-22.8,-999.0,-23.4
49604.2,-22.5,-22.8,-999.0,-23.5
49614.2,-22.7,-22.8,-999.0,-23.5
49624.3,-22.7,-22.8,-999.0,-23.5
49634.3,-22.5,-22.8,-999.0,-23.4
49644.3,-22.4,-22.8,-999.0,-23.4
49654.3,-22.6,-22.8,-999.0,-23.5
49664.3,-22.5,-22.8,-999.0,-23.5
49674.3,-22.5,-22.8,-999.0,-23.5
49684.3,-22.5,-22.7,-999.0,-23.5
49694.4,-22.5,-22.8,-999.0,-23.5
49704.4,-22.6,-22.7,-999.0,-23.3
49714.4,-22.5,-22.7,-999.0,-23.4
49724.4,-22.4,-22.8,-999.0,-23.4
49734.4,-22.6,-22.8,-999.0,-23.5
49744.5,-22.5,-22.8,-999.0,-23.4
49754.5,-22.5,-22.8,-999.0,-23.4
49764.5,-22.5,-22.8,-999.0,-23.5
49774.5,-22.4,-22.8,-999.0,-23.4
49784.5,-22.5,-22.7,-999.0,-23.4
49794.6,-22.5,-22.8,-999.0,-23.5
49804.6,-22.5,-22.8,-999.0,-23.5
49814.6,-22.5,-22.7,-999.0,-23.5
49824.7,-22.5,-22.7,-999.0,-23.5
49834.7,-22.5,-22.8,-999.0,-23.4
49844.7,-22.6,-22.8,-999.0,-23.4
49854.7,-22.5,-22.8,-999.0,-23.4
49864.8,-22.5,-22.7,-999.0,-23.5
49874.8,-22.5,-22.8,-999.0,-23.4
49884.8,-22.5,-22.7,-999.0,-23.5
49894.8,-22.6,-22.8,-999.0,-23.4
49904.9,-22.5,-22.7,-999.0,-23.5
49914.9,-22.5,-22.7,-999.0,-23.4
49924.9,-22.5,-22.7,-999.0,-23.3
49934.9,-22.7,-22.8,-999.0,-23.4
49944.9,-22.4,-22.7,-999.0,-23.4
49954.9,-22.5,-22.7,-999.0,-23.4
49964.9,-22.5,-22.7,-999.0,-23.4
49974.9,-22.5,-22.7,-999.0,-23.3
49984.9,-22.5,-22.7,-999.0,-23.4
49995.0,-22.5,-22.7,-999.0,-23.4
50005.0,-22.5,-22.7,-999.0,-23.4
50015.0,-22.5,-22.7,-999.0,-23.4
50025.0,-22.5,-22.8,-999.0,-23.4
50035.0,-22.5,-22.8,-999.0,-23.4
50045.0,-22.4,-22.7,-999.0,-23.4
50055.1,-22.5,-22.7,-999.0,-23.4
50065.1,-22.4,-22.7,-999.0,-23.4
50075.1,-22.6,-22.7,-999.0,-23.4
50085.1,-22.8,-22.7,-999.0,-23.5
50095.1,-22.4,-22.6,-999.0,-23.4
50105.1,-22.4,-22.6,-999.0,-23.5
50115.1,-22.5,-22.7,-999.0,-23.4
50125.2,-22.5,-22.7,-999.0,-23.4
50135.2,-22.5,-22.7,-999.0,-23.4
50145.2,-22.4,-22.7,-999.0,-23.5
50155.2,-22.5,-22.7,-999.0,-23.4
50165.2,-22.4,-22.7,-999.0,-23.4
50175.2,-22.5,-22.6,-999.0,-23.5
50185.2,-22.5,-22.7,-999.0,-23.5
50195.3,-22.5,-22.6,-999.0,-23.5
50205.3,-22.5,-22.7,-999.0,-23.5
50215.3,-22.4,-22.7,-999.0,-23.4
50225.3,-22.4,-22.7,-999.0,-23.4
50235.4,-22.5,-22.6,-999.0,-23.5
50245.4,-22.5,-22.7,-999.0,-23.4
50255.4,-22.4,-22.7,-999.0,-23.4
50265.4,-22.4,-22.6,-999.0,-23.4
50275.4,-22.4,-22.6,-999.0,-23.5
50285.4,-22.5,-22.6,-999.0,-23.4
50295.5,-22.5,-22.7,-999.0,-23.4
50305.5,-22.5,-22.6,-999.0,-23.5
50315.5,-22.4,-22.7,-999.0,-23.4
50325.5,-22.5,-22.6,-999.0,-23.3
50335.5,-22.5,-22.6,-999.0,-23.4
50345.6,-22.5,-22.6,-999.0,-23.4
50355.6,-22.4,-22.6,-999.0,-23.4
50365.6,-22.5,-22.6,-999.0,-23.5
50375.6,-22.5,-22.6,-999.0,-23.4
50385.6,-22.5,-22.6,-999.0,-23.4
50395.6,-22.5,-22.6,-999.0,-23.4
50405.7,-22.4,-22.6,-999.0,-23.4
50415.7,-22.4,-22.7,-999.0,-23.4
50425.7,-22.5,-22.6,-999.0,-23.4
50435.7,-22.4,-22.6,-999.0,-23.4
50445.7,-22.5,-22.6,-999.0,-23.4
50455.7,-22.4,-22.6,-999.0,-23.4
50465.7,-22.4,-22.6,-999.0,-23.4
50475.8,-22.5,-22.7,-999.0,-23.4
50485.8,-22.4,-22.6,-999.0,-23.4
50495.8,-22.4,-22.6,-999.0,-23.4
50505.8,-22.4,-22.6,-999.0,-23.4
50515.8,-22.5,-22.6,-999.0,-23.4
50525.9,-22.4,-22.6,-999.0,-23.4
50535.9,-22.4,-22.6,-999.0,-23.4
50545.9,-22.5,-22.6,-999.0,-23.4
50555.9,-22.4,-22.6,-999.0,-23.4
50565.9,-22.4,-22.6,-999.0,-23.5
50575.9,-22.4,-22.6,-999.0,-23.4
50585.9,-22.4,-22.6,-999.0,-23.4
50595.9,-22.4,-22.6,-999.0,-23.4
50606.0,-22.5,-22.6,-999.0,-23.4
50616.0,-22.4,-22.6,-999.0,-23.4
50626.0,-22.5,-22.5,-999.0,-23.3
50636.0,-22.4,-22.6,-999.0,-23.4
50646.0,-22.4,-22.6,-999.0,-23.4
50656.1,-22.4,-22.6,-999.0,-23.4
50666.1,-22.4,-22.5,-999.0,-23.5
50676.1,-22.4,-22.6,-999.0,-23.4
50686.1,-22.4,-22.6,-999.0,-23.4
50696.1,-22.4,-22.6,-999.0,-23.4
50706.2,-22.5,-22.6,-999.0,-23.4
50716.2,-22.4,-22.6,-999.0,-23.4
50726.2,-22.4,-22.5,-999.0,-23.4
50736.2,-22.4,-22.6,-999.0,-23.4
50746.2,-22.4,-22.6,-999.0,-23.4
50756.2,-22.5,-22.6,-999.0,-23.4
50766.2,-22.4,-22.5,-999.0,-23.4
50776.3,-22.4,-22.5,-999.0,-23.4
50786.3,-22.4,-22.5,-999.0,-23.4
50796.3,-22.5,-22.5,-999.0,-23.4
50806.4,-22.4,-22.5,-999.0,-23.4
50816.4,-22.4,-22.5,-999.0,-23.4
50826.4,-22.4,-22.5,-999.0,-23.4
50836.4,-22.4,-22.5,-999.0,-23.4
50846.4,-22.4,-22.6,-999.0,-23.4
50856.5,-22.4,-22.5,-999.0,-23.4
50866.5,-22.4,-22.6,-999.0,-23.4
50876.5,-22.4,-22.5,-999.0,-23.4
50886.5,-22.4,-22.6,-999.0,-23.4
50896.5,-22.4,-22.5,-999.0,-23.4
50906.5,-22.4,-22.6,-999.0,-23.4
50916.6,-22.4,-22.5,-999.0,-23.4
50926.6,-22.4,-22.5,-999.0,-23.4
50936.6,-22.4,-22.5,-999.0,-23.4
50946.6,-22.4,-22.5,-999.0,-23.4
50956.7,-22.4,-22.5,-999.0,-23.5
50966.7,-22.5,-22.5,-999.0,-23.4
50976.7,-22.5,-22.5,-999.0,-23.3
50986.7,-22.4,-22.5,-999.0,-23.4
50996.8,-22.4,-22.5,-999.0,-23.4
51006.8,-22.4,-22.5,-999.0,-23.4
51016.8,-22.4,-22.5,-999.0,-23.4
51026.8,-22.5,-22.5,-999.0,-23.5
51036.8,-22.4,-22.5,-999.0,-23.5
51046.8,-22.4,-22.5,-999.0,-23.3
51056.8,-22.4,-22.5,-999.0,-23.4
51066.9,-22.4,-22.5,-999.0,-23.4
51076.9,-22.4,-22.5,-999.0,-23.4
51086.9,-22.4,-22.5,-999.0,-23.4
51096.9,-22.4,-22.5,-999.0,-23.3
51106.9,-22.4,-22.5,-999.0,-23.4
51116.9,-22.4,-22.5,-999.0,-23.4
51127.0,-22.4,-22.5,-999.0,-23.5
51137.0,-22.4,-22.5,-999.0,-23.4
51147.0,-22.4,-22.5,-999.0,-23.4
51157.0,-22.4,-22.5,-999.0,-23.4
51167.0,-22.4,-22.5,-999.0,-23.4
51177.1,-22.4,-22.5,-999.0,-23.4
51187.1,-22.4,-22.5,-999.0,-23.4
51197.1,-22.4,-22.5,-999.0,-23.4
51207.1,-22.5,-22.5,-999.0,-23.3
51217.1,-22.4,-22.5,-999.0,-23.4
51227.2,-22.4,-22.5,-999.0,-23.4
51237.2,-22.4,-22.5,-999.0,-23.4
51247.2,-22.4,-22.5,-999.0,-23.4
51257.2,-22.4,-22.5,-999.0,-23.5
51267.2,-22.4,-22.5,-999.0,-23.4
51277.2,-22.4,-22.5,-999.0,-23.3
51287.3,-22.4,-22.5,-999.0,-23.4
51297.3,-22.4,-22.5,-999.0,-23.4
51307.3,-22.4,-22.5,-999.0,-23.4
51317.3,-22.4,-22.5,-999.0,-23.4
51327.3,-22.5,-22.5,-999.0,-23.4
51337.3,-22.4,-22.5,-999.0,-23.4
51347.3,-22.4,-22.5,-999.0,-23.4
51357.4,-22.4,-22.5,-999.0,-23.4
51367.4,-22.4,-22.5,-999.0,-23.4
51377.4,-22.5,-22.4,-999.0,-23.4
51387.4,-22.4,-22.4,-999.0,-23.3
51397.4,-22.4,-22.4,-999.0,-23.4
51407.4,-22.4,-22.5,-999.0,-23.4
51417.4,-22.5,-22.5,-999.0,-23.4
51427.5,-22.4,-22.5,-999.0,-23.4
51437.5,-22.4,-22.4,-999.0,-23.4
51447.5,-22.4,-22.4,-999.0,-23.3
51457.5,-22.4,-22.4,-999.0,-23.4
51467.5,-22.4,-22.5,-999.0,-23.5
51477.5,-22.4,-22.4,-999.0,-23.4
51487.6,-22.5,-22.4,-999.0,-23.3
51497.6,-22.4,-22.4,-999.0,-23.4
51507.6,-22.4,-22.5,-999.0,-23.4
51517.6,-22.4,-22.5,-999.0,-23.4
51527.6,-22.4,-22.4,-999.0,-23.4
51537.7,-22.4,-22.4,-999.0,-23.4
51547.7,-22.4,-22.4,-999.0,-23.4
51557.7,-22.4,-22.4,-999.0,-23.4
51567.7,-22.4,-22.4,-999.0,-23.4
51577.7,-22.4,-22.4,-999.0,-23.4
51587.7,-22.4,-22.4,-999.0,-23.4
51597.7,-22.4,-22.4,-999.0,-23.4
51607.7,-22.4,-22.4,-999.0,-23.4
51617.8,-22.4,-22.4,-999.0,-23.4
51627.8,-22.4,-22.4,-999.0,-23.4
51637.8,-22.4,-22.4,-999.0,-23.4
51647.8,-22.4,-22.4,-999.0,-23.4
51657.8,-22.4,-22.4,-999.0,-23.4
51667.9,-22.4,-22.4,-999.0,-23.4
51677.9,-22.4,-22.4,-999.0,-23.4
51687.9,-22.4,-22.4,-999.0,-23.4
51697.9,-22.4,-22.4,-999.0,-23.4
51707.9,-22.4,-22.4,-999.0,-23.4
51717.9,-22.4,-22.4,-999.0,-23.4
51728.0,-22.4,-22.4,-999.0,-23.4
51738.0,-22.4,-22.4,-999.0,-23.2
51748.0,-22.4,-22.3,-999.0,-23.4
51758.0,-22.4,-22.4,-999.0,-23.4
51768.0,-22.4,-22.4,-999.0,-23.4
51778.0,-22.5,-22.4,-999.0,-23.4
51788.1,-22.4,-22.4,-999.0,-23.4
51798.1,-22.4,-22.4,-999.0,-23.4
51808.1,-22.4,-22.4,-999.0,-23.4
51818.1,-22.4,-22.4,-999.0,-23.4
51828.1,-22.4,-22.4,-999.0,-23.4
51838.1,-22.4,-22.3,-999.0,-23.4
51848.2,-22.4,-22.3,-999.0,-23.2
51858.2,-22.4,-22.4,-999.0,-23.4
51868.2,-22.4,-22.3,-999.0,-23.4
51878.2,-22.4,-22.4,-999.0,-23.4
51888.2,-22.4,-22.4,-999.0,-23.4
51898.3,-22.4,-22.3,-999.0,-23.4
51908.3,-22.4,-22.4,-999.0,-23.4
51918.3,-22.4,-22.3,-999.0,-23.4
51928.3,-22.4,-22.3,-999.0,-23.4
51938.3,-22.4,-22.4,-999.0,-23.4
51948.3,-22.4,-22.3,-999.0,-23.4
51958.3,-22.4,-22.4,-999.0,-23.4
51968.4,-22.4,-22.3,-999.0,-23.4
51978.4,-22.4,-22.3,-999.0,-23.4
51988.4,-22.4,-22.3,-999.0,-23.4
51998.4,-22.4,-22.3,-999.0,-23.4
52008.4,-22.4,-22.3,-999.0,-23.4
52018.4,-22.4,-22.3,-999.0,-23.4
52028.4,-22.4,-22.3,-999.0,-23.4
52038.5,-22.4,-22.3,-999.0,-23.4
52048.5,-22.4,-22.3,-999.0,-23.4
52058.5,-22.4,-22.3,-999.0,-23.4
52068.5,-22.4,-22.3,-999.0,-23.4
52078.5,-22.4,-22.2,-999.0,-23.3
52088.5,-22.4,-22.3,-999.0,-23.4
52098.5,-22.4,-22.3,-999.0,-23.5
52108.6,-22.4,-22.3,-999.0,-23.4
52118.6,-22.4,-22.3,-999.0,-23.4
52128.6,-22.4,-22.3,-999.0,-23.4
52138.6,-22.4,-22.3,-999.0,-23.4
52148.6,-22.4,-22.3,-999.0,-23.3
52158.6,-22.4,-22.3,-999.0,-23.4
52168.7,-22.4,-22.3,-999.0,-23.4
52178.7,-22.4,-22.3,-999.0,-23.4
52188.7,-22.4,-22.3,-999.0,-23.4
52198.7,-22.4,-22.3,-999.0,-23.4
52208.7,-22.4,-22.3,-999.0,-23.4
52218.7,-22.4,-22.3,-999.0,-23.4
52228.8,-22.4,-22.3,-999.0,-23.4
52238.8,-22.4,-22.3,-999.0,-23.4
52248.8,-22.4,-22.3,-999.0,-23.4
52258.8,-22.4,-22.3,-999.0,-23.4
52268.8,-22.4,-22.2,-999.0,-23.4
52278.8,-22.4,-22.2,-999.0,-23.4
52288.9,-22.4,-22.3,-999.0,-23.4
52298.9,-22.4,-22.2,-999.0,-23.3
52308.9,-22.4,-22.3,-999.0,-23.4
52318.9,-22.4,-22.3,-999.0,-23.4
52328.9,-22.4,-22.3,-999.0,-23.4
52338.9,-22.4,-22.3,-999.0,-23.4
52349.0,-22.4,-22.2,-999.0,-23.4
52359.0,-22.4,-22.2,-999.0,-23.4
52369.0,-22.4,-22.3,-999.0,-23.4
52379.0,-22.4,-22.3,-999.0,-23.4
52389.0,-22.4,-22.3,-999.0,-23.4
52399.1,-22.4,-22.3,-999.0,-23.4
52409.1,-22.4,-22.3,-999.0,-23.4
52419.1,-22.4,-22.3,-999.0,-23.4
52429.1,-22.4,-22.2,-999.0,-23.4
52439.1,-22.4,-22.3,-999.0,-23.4
52449.1,-22.4,-22.2,-999.0,-23.4
52459.2,-22.4,-22.2,-999.0,-23.4
52469.2,-22.4,-22.3,-999.0,-23.4
52479.2,-22.4,-22.3,-999.0,-23.4
52489.2,-22.4,-22.3,-999.0,-23.4
52499.2,-22.4,-22.2,-999.0,-23.4
52509.2,-22.4,-22.2,-999.0,-23.4
52519.3,-22.4,-22.3,-999.0,-23.4
52529.3,-22.4,-22.2,-999.0,-23.4
52539.3,-22.4,-22.2,-999.0,-23.4
52549.3,-22.4,-22.2,-999.0,-23.4
52559.3,-22.4,-22.2,-999.0,-23.4
52569.3,-22.4,-22.2,-999.0,-23.4
52579.4,-22.4,-22.2,-999.0,-23.4
52589.4,-22.4,-22.2,-999.0,-23.3
52599.4,-22.4,-22.2,-999.0,-23.4
52609.4,-22.4,-22.2,-999.0,-23.4
52619.4,-22.4,-22.2,-999.0,-23.4
52629.4,-22.4,-22.3,-999.0,-23.4
52639.5,-22.4,-22.2,-999.0,-23.4
52649.5,-22.4,-22.2,-999.0,-23.4
52659.5,-22.4,-22.2,-999.0,-23.4
52669.5,-22.4,-22.2,-999.0,-23.4
52679.5,-22.4,-22.2,-999.0,-23.4
52689.6,-22.4,-22.3,-999.0,-23.4
52699.6,-22.4,-22.2,-999.0,-23.4
52709.6,-22.4,-22.2,-999.0,-23.4
52719.6,-22.4,-22.2,-999.0,-23.4
52729.6,-22.4,-22.2,-999.0,-23.4
52739.6,-22.4,-22.2,-999.0,-23.4
52749.7,-22.4,-22.2,-999.0,-23.4
52759.7,-22.4,-22.2,-999.0,-23.4
52769.7,-22.4,-22.2,-999.0,-23.4
52779.7,-22.4,-22.2,-999.0,-23.4
52789.8,-22.4,-22.2,-999.0,-23.4
52799.8,-22.4,-22.2,-999.0,-23.4
52809.8,-22.4,-22.2,-999.0,-23.4
52819.8,-22.4,-22.2,-999.0,-23.4
52829.8,-22.4,-22.2,-999.0,-23.2
52839.8,-22.4,-22.2,-999.0,-23.4
52849.9,-22.4,-22.2,-999.0,-23.4
52859.9,-22.4,-22.3,-999.0,-23.4
52869.9,-22.4,-22.2,-999.0,-23.4
52879.9,-22.4,-22.2,-999.0,-23.4
52889.9,-22.4,-22.2,-999.0,-23.4
52899.9,-22.4,-22.2,-999.0,-23.4
52909.9,-22.4,-22.2,-999.0,-23.4
52920.0,-22.3,-22.2,-999.0,-23.4
52930.0,-22.4,-22.2,-999.0,-23.4
52940.0,-22.4,-22.2,-999.0,-23.4
52950.0,-22.4,-22.2,-999.0,-23.4
52960.0,-22.4,-22.2,-999.0,-23.4
52970.0,-22.4,-22.2,-999.0,-23.4
52980.0,-22.4,-22.2,-999.0,-23.4
52990.1,-22.4,-22.2,-999.0,-23.4
53000.1,-22.4,-22.2,-999.0,-23.4
53010.1,-22.4,-22.2,-999.0,-23.4
53020.1,-22.4,-22.2,-999.0,-23.4
53030.1,-22.4,-22.2,-999.0,-23.4
53040.2,-22.4,-22.2,-999.0,-23.4
53050.2,-22.4,-22.1,-999.0,-23.4
53060.2,-22.4,-22.1,-999.0,-23.4
53070.2,-22.4,-22.1,-999.0,-23.4
53080.2,-22.4,-22.2,-999.0,-23.4
53090.3,-22.4,-22.2,-999.0,-23.3
53100.3,-22.4,-22.2,-999.0,-23.4
53110.3,-22.4,-22.1,-999.0,-23.4
53120.3,-22.4,-22.1,-999.0,-23.4
53130.3,-22.4,-22.2,-999.0,-23.4
53140.3,-22.4,-22.1,-999.0,-23.4
53150.4,-22.4,-22.2,-999.0,-23.4
53160.4,-22.4,-22.2,-999.0,-23.4
53170.4,-22.4,-22.2,-999.0,-23.3
53180.4,-22.4,-22.2,-999.0,-23.4
53190.4,-22.4,-22.2,-999.0,-23.4
53200.5,-22.4,-22.1,-999.0,-23.4
53210.5,-22.4,-22.2,-999.0,-23.3
53220.5,-22.4,-22.2,-999.0,-23.4
53230.5,-22.4,-22.1,-999.0,-23.4
53240.5,-22.4,-22.2,-999.0,-23.4
53250.5,-22.4,-22.2,-999.0,-23.4
53260.5,-22.4,-22.1,-999.0,-23.4
53270.6,-22.4,-22.2,-999.0,-23.4
53280.6,-22.4,-22.1,-999.0,-23.3
53290.6,-22.4,-22.2,-999.0,-23.4
53300.6,-22.4,-22.2,-999.0,-23.4
53310.6,-22.4,-22.1,-999.0,-23.4
53320.6,-22.4,-22.2,-999.0,-23.4
53330.7,-22.4,-22.2,-999.0,-23.4
53340.7,-22.4,-22.2,-999.0,-23.4
53350.7,-22.4,-22.2,-999.0,-23.4
53360.7,-22.4,-22.1,-999.0,-23.4
53370.8,-22.4,-22.2,-999.0,-23.4
53380.8,-22.4,-22.1,-999.0,-23.2
53390.8,-22.4,-22.1,-999.0,-23.4
53400.8,-22.4,-22.2,-999.0,-23.3
53410.8,-22.4,-22.2,-999.0,-23.4
53420.8,-22.4,-22.2,-999.0,-23.4
53430.9,-22.4,-22.1,-999.0,-23.2
53440.9,-22.4,-22.1,-999.0,-23.4
53450.9,-22.3,-22.2,-999.0,-23.4
53460.9,-22.4,-22.1,-999.0,-23.4
53470.9,-22.4,-22.1,-999.0,-23.4
53481.0,-22.4,-22.1,-999.0,-23.4
53491.0,-22.4,-22.1,-999.0,-23.3
53501.0,-22.4,-22.1,-999.0,-23.3
53511.0,-22.4,-22.1,-999.0,-23.3
53521.0,-22.4,-22.1,-999.0,-23.4
53531.0,-22.4,-22.1,-999.0,-23.4
53541.0,-22.4,-22.1,-999.0,-23.4
53551.1,-22.4,-22.1,-999.0,-23.3
53561.1,-22.4,-22.1,-999.0,-23.2
53571.1,-22.4,-22.1,-999.0,-23.3
53581.1,-22.4,-22.1,-999.0,-23.4
53591.1,-22.4,-22.1,-999.0,-23.3
53601.1,-22.4,-22.1,-999.0,-23.3
53611.2,-22.4,-22.0,-999.0,-23.2
53621.2,-22.4,-22.1,-999.0,-23.3
53631.2,-22.4,-22.1,-999.0,-23.3
53641.2,-22.4,-22.1,-999.0,-23.4
53651.2,-22.4,-22.1,-999.0,-23.3
53661.2,-22.4,-22.1,-999.0,-23.4
53671.3,-22.4,-22.1,-999.0,-23.3
53681.3,-22.4,-22.1,-999.0,-23.4
53691.3,-22.4,-22.1,-999.0,-23.3
53701.3,-22.4,-22.1,-999.0,-23.3
53711.3,-22.4,-22.1,-999.0,-23.3
53721.4,-22.4,-22.1,-999.0,-23.3
53731.4,-22.4,-22.1,-999.0,-23.3
53741.4,-22.4,-22.1,-999.0,-23.3
53751.4,-22.4,-22.1,-999.0,-23.3
53761.4,-22.4,-22.1,-999.0,-23.4
53771.4,-22.4,-22.1,-999.0,-23.3
53781.5,-22.4,-22.1,-999.0,-23.3
53791.5,-22.5,-22.1,-999.0,-23.3
53801.5,-22.4,-22.1,-999.0,-23.3
53811.5,-22.4,-22.1,-999.0,-23.4
53821.5,-22.4,-22.1,-999.0,-23.3
53831.5,-22.4,-22.1,-999.0,-23.4
53841.6,-22.4,-22.1,-999.0,-23.4
53851.6,-22.4,-22.1,-999.0,-23.3
53861.6,-22.4,-22.0,-999.0,-23.3
53871.6,-22.4,-22.1,-999.0,-23.3
53881.6,-22.4,-22.1,-999.0,-23.3
53891.7,-22.4,-22.1,-999.0,-23.4
53901.7,-22.4,-22.1,-999.0,-23.3
53911.7,-22.4,-22.1,-999.0,-23.3
53921.7,-22.4,-22.1,-999.0,-23.3
53931.7,-22.4,-22.1,-999.0,-23.2
53941.7,-22.4,-22.0,-999.0,-23.3
53951.8,-22.4,-22.1,-999.0,-23.3
53961.8,-22.4,-22.1,-999.0,-23.3
53971.8,-22.4,-22.1,-999.0,-23.1
53981.9,-22.4,-22.1,-999.0,-23.3
53991.9,-22.4,-22.1,-999.0,-23.3
54001.9,-22.4,-22.1,-999.0,-23.1
54011.9,-22.4,-22.1,-999.0,-23.3
54021.9,-22.4,-22.0,-999.0,-23.3
54032.0,-22.4,-22.1,-999.0,-23.3
54042.0,-22.4,-22.1,-999.0,-23.3
54052.0,-22.4,-22.0,-999.0,-23.3
54062.1,-22.4,-22.0,-999.0,-23.3
54072.1,-22.4,-22.0,-999.0,-23.3
54082.1,-22.4,-22.1,-999.0,-23.2
54092.1,-22.4,-22.0,-999.0,-23.3
54102.1,-22.4,-22.0,-999.0,-23.3
54112.1,-22.4,-22.1,-999.0,-23.1
54122.1,-22.4,-22.1,-999.0,-23.3
54132.1,-22.4,-22.1,-999.0,-23.3
54142.2,-22.5,-22.0,-999.0,-23.1
54152.2,-22.4,-22.0,-999.0,-23.3
54162.2,-22.4,-22.1,-999.0,-23.3
54172.2,-22.4,-22.0,-999.0,-23.3
54182.2,-22.4,-22.1,-999.0,-23.3
54192.2,-22.4,-22.0,-999.0,-23.3
54202.3,-22.4,-22.0,-999.0,-23.2
54212.3,-22.4,-22.0,-999.0,-23.3
54222.3,-22.4,-22.0,-999.0,-23.3
54232.4,-22.4,-22.1,-999.0,-23.3
54242.4,-22.4,-22.0,-999.0,-23.3
54252.4,-22.4,-22.0,-999.0,-23.4
54262.4,-22.4,-22.1,-999.0,-23.2
54272.4,-22.4,-22.0,-999.0,-23.3
54282.4,-22.4,-22.0,-999.0,-23.3
54292.4,-22.5,-22.1,-999.0,-23.2
54302.4,-22.4,-22.0,-999.0,-23.3
54312.4,-22.4,-22.0,-999.0,-23.3
54322.5,-22.4,-22.0,-999.0,-23.2
54332.5,-22.4,-22.0,-999.0,-23.1
54342.5,-22.4,-22.1,-999.0,-23.3
54352.5,-22.4,-22.0,-999.0,-23.3
54362.6,-22.4,-22.0,-999.0,-23.2
54372.6,-22.4,-22.0,-999.0,-23.3
54382.6,-22.4,-22.0,-999.0,-23.2
54392.6,-22.4,-22.0,-999.0,-23.1
54402.6,-22.4,-22.0,-999.0,-23.3
54412.6,-22.4,-22.0,-999.0,-23.3
54422.7,-22.4,-22.0,-999.0,-23.3
54432.7,-22.4,-22.0,-999.0,-23.2
54442.7,-22.4,-22.0,-999.0,-23.2
54452.7,-22.4,-21.9,-999.0,-23.1
54462.7,-22.4,-22.0,-999.0,-23.2
54472.7,-22.4,-22.0,-999.0,-23.3
54482.8,-22.4,-22.0,-999.0,-23.2
54492.8,-22.4,-22.0,-999.0,-23.2
54502.8,-22.4,-22.0,-999.0,-23.3
54512.8,-22.4,-22.0,-999.0,-23.2
54522.8,-22.4,-22.1,-999.0,-23.2
54532.8,-22.4,-22.1,-999.0,-23.1
54542.9,-22.4,-22.0,-999.0,-23.2
54552.9,-22.4,-22.0,-999.0,-23.2
54562.9,-22.4,-21.9,-999.0,-23.2
54572.9,-22.4,-22.0,-999.0,-23.2
54582.9,-22.4,-22.0,-999.0,-23.2
54592.9,-22.4,-22.0,-999.0,-23.2
54603.0,-22.4,-22.0,-999.0,-23.1
54613.0,-22.4,-22.0,-999.0,-23.2
54623.0,-22.4,-22.0,-999.0,-23.2
54633.0,-22.4,-21.9,-999.0,-23.2
54643.0,-22.4,-21.9,-999.0,-23.2
54653.1,-22.4,-22.0,-999.0,-23.2
54663.1,-22.4,-22.0,-999.0,-23.2
54673.1,-22.4,-22.0,-999.0,-23.2
54683.1,-22.4,-21.9,-999.0,-23.2
54693.1,-22.4,-22.0,-999.0,-23.2
54703.1,-22.4,-22.0,-999.0,-23.2
54713.1,-22.4,-22.0,-999.0,-23.0
54723.2,-22.4,-22.0,-999.0,-23.2
54733.2,-22.4,-22.0,-999.0,-23.2
54743.2,-22.4,-22.0,-999.0,-23.2
54753.2,-22.4,-21.9,-999.0,-23.1
54763.2,-22.4,-21.9,-999.0,-23.2
54773.2,-22.4,-22.0,-999.0,-23.2
54783.3,-22.4,-22.0,-999.0,-23.1
54793.3,-22.4,-21.9,-999.0,-23.2
54803.3,-22.4,-22.0,-999.0,-23.2
54813.3,-22.4,-22.0,-999.0,-23.2
54823.3,-22.4,-21.9,-999.0,-23.2
54833.3,-22.4,-22.0,-999.0,-23.2
54843.3,-22.4,-21.9,-999.0,-23.2
54853.3,-22.4,-22.0,-999.0,-23.2
54863.4,-22.4,-22.0,-999.0,-23.2
54873.4,-22.4,-21.9,-999.0,-23.2
54883.4,-22.4,-22.0,-999.0,-23.1
54893.4,-22.4,-22.0,-999.0,-23.2
54903.4,-22.4,-22.0,-999.0,-23.2
54913.4,-22.4,-22.0,-999.0,-23.2
54923.4,-22.4,-22.0,-999.0,-23.1
54933.5,-22.4,-22.0,-999.0,-23.1
54943.5,-22.4,-21.9,-999.0,-23.2
54953.5,-22.4,-22.0,-999.0,-23.2
54963.5,-22.4,-21.9,-999.0,-23.2
54973.5,-22.4,-21.9,-999.0,-23.2
54983.6,-22.4,-22.0,-999.0,-23.2
54993.6,-22.4,-21.9,-999.0,-23.2
55003.6,-22.4,-22.0,-999.0,-23.3
55013.6,-22.4,-21.9,-999.0,-23.1
55023.6,-22.4,-22.0,-999.0,-23.2
55033.6,-22.4,-22.0,-999.0,-23.2
55043.7,-22.4,-22.0,-999.0,-23.3
55053.7,-22.4,-22.0,-999.0,-23.2
55063.7,-22.4,-21.9,-999.0,-23.1
55073.7,-22.4,-21.9,-999.0,-23.2
55083.7,-22.4,-21.9,-999.0,-23.2
55093.7,-22.4,-22.0,-999.0,-23.2
55103.8,-22.4,-22.0,-999.0,-23.2
55113.8,-22.4,-21.9,-999.0,-23.2
55123.8,-22.3,-21.9,-999.0,-23.2
55133.8,-22.4,-21.9,-999.0,-23.1
55143.8,-22.4,-21.9,-999.0,-23.1
55153.8,-22.3,-21.9,-999.0,-23.2
55163.9,-22.4,-21.9,-999.0,-23.2
55173.9,-22.4,-21.9,-999.0,-23.2
55183.9,-22.4,-21.9,-999.0,-23.1
55193.9,-22.4,-21.9,-999.0,-23.2
55204.0,-22.4,-21.9,-999.0,-23.2
55214.0,-22.4,-21.9,-999.0,-23.2
55224.0,-22.4,-21.9,-999.0,-23.2
55234.0,-22.4,-22.0,-999.0,-23.1
55244.0,-22.4,-21.9,-999.0,-23.1
55254.0,-22.4,-21.9,-999.0,-23.2
55264.0,-22.4,-21.9,-999.0,-23.1
55274.0,-22.4,-21.9,-999.0,-23.2
55284.1,-22.4,-22.0,-999.0,-23.1
55294.1,-22.3,-21.9,-999.0,-23.2
55304.1,-22.4,-21.9,-999.0,-23.2
55314.1,-22.4,-22.0,-999.0,-23.2
55324.1,-22.4,-21.9,-999.0,-23.2
55334.2,-22.4,-21.9,-999.0,-23.2
55344.2,-22.4,-21.9,-999.0,-23.1
55354.2,-22.4,-21.9,-999.0,-23.1
55364.2,-22.3,-21.9,-999.0,-23.2
55374.2,-22.4,-21.9,-999.0,-23.2
55384.2,-22.3,-21.9,-999.0,-23.1
55394.3,-22.3,-21.9,-999.0,-23.2
55404.3,-22.3,-21.9,-999.0,-23.1
55414.3,-22.3,-21.9,-999.0,-23.1
55424.3,-22.4,-21.9,-999.0,-23.2
55434.3,-22.4,-21.9,-999.0,-23.2
55444.3,-22.3,-21.9,-999.0,-23.2
55454.4,-22.4,-21.9,-999.0,-23.2
55464.4,-22.4,-21.9,-999.0,-23.1
55474.4,-22.3,-21.9,-999.0,-23.2
55484.4,-22.4,-21.9,-999.0,-23.2
55494.4,-22.4,-21.9,-999.0,-23.2
55504.4,-22.4,-21.9,-999.0,-23.2
55514.5,-22.4,-21.9,-999.0,-23.1
55524.5,-22.4,-21.9,-999.0,-23.2
55534.5,-22.3,-21.9,-999.0,-23.2
55544.5,-22.4,-21.9,-999.0,-23.2
55554.5,-22.4,-21.9,-999.0,-23.0
55564.6,-22.4,-21.9,-999.0,-23.1
55574.6,-22.4,-21.9,-999.0,-23.2
55584.6,-22.4,-21.9,-999.0,-23.1
55594.6,-22.4,-21.9,-999.0,-23.0
55604.6,-22.4,-21.9,-999.0,-23.2
55614.6,-22.3,-21.9,-999.0,-23.2
55624.6,-22.3,-21.9,-999.0,-23.1
55634.6,-22.4,-21.9,-999.0,-23.1
55644.6,-22.3,-21.9,-999.0,-23.2
55654.7,-22.3,-21.9,-999.0,-23.1
55664.7,-22.3,-21.9,-999.0,-23.2
55674.7,-22.3,-21.9,-999.0,-23.2
55684.7,-22.4,-21.9,-999.0,-23.1
55694.7,-22.3,-21.9,-999.0,-23.2
55704.7,-22.3,-21.9,-999.0,-23.1
55714.7,-22.4,-21.9,-999.0,-23.1
55724.8,-22.4,-21.9,-999.0,-23.1
55734.8,-22.3,-21.9,-999.0,-23.1
55744.8,-22.3,-21.9,-999.0,-23.1
55754.8,-22.3,-21.9,-999.0,-23.1
55764.8,-22.4,-21.9,-999.0,-23.1
55774.8,-22.3,-21.9,-999.0,-23.1
55784.9,-22.3,-21.8,-999.0,-22.9
55794.9,-22.3,-21.9,-999.0,-23.1
55804.9,-22.4,-21.9,-999.0,-23.1
55814.9,-22.3,-21.9,-999.0,-23.1
55824.9,-22.4,-21.9,-999.0,-23.2
55835.0,-22.4,-21.9,-999.0,-22.9
55845.0,-22.4,-21.9,-999.0,-23.1
55855.0,-22.3,-21.9,-999.0,-23.1
55865.0,-22.4,-21.9,-999.0,-23.1
55875.0,-22.3,-21.9,-999.0,-23.1
55885.0,-22.4,-21.9,-999.0,-23.2
55895.1,-22.4,-21.9,-999.0,-22.9
55905.1,-22.3,-21.9,-999.0,-23.1
55915.1,-22.3,-21.9,-999.0,-23.1
55925.1,-22.3,-21.9,-999.0,-23.1
55935.1,-22.3,-21.9,-999.0,-23.1
55945.1,-22.4,-21.9,-999.0,-23.1
55955.2,-22.3,-21.9,-999.0,-23.1
55965.2,-22.3,-21.9,-999.0,-23.1
55975.2,-22.3,-21.9,-999.0,-23.1
55985.2,-22.3,-21.8,-999.0,-23.1
55995.2,-22.3,-21.9,-999.0,-23.1
56005.2,-22.2,-21.8,-999.0,-23.1
56015.3,-22.2,-21.9,-999.0,-23.1
56025.3,-22.4,-21.9,-999.0,-23.1
56035.3,-22.3,-21.9,-999.0,-23.1
56045.3,-22.3,-21.9,-999.0,-23.1
56055.3,-22.4,-21.8,-999.0,-22.9
56065.3,-22.3,-21.9,-999.0,-23.1
56075.4,-22.3,-21.9,-999.0,-23.1
56085.4,-22.3,-21.8,-999.0,-22.9
56095.4,-22.2,-21.8,-999.0,-23.0
56105.4,-22.3,-21.8,-999.0,-23.1
56115.4,-22.4,-21.9,-999.0,-23.1
56125.5,-22.2,-21.8,-999.0,-23.1
56135.5,-22.3,-21.9,-999.0,-23.1
56145.5,-22.2,-21.9,-999.0,-23.1
56155.5,-22.3,-21.8,-999.0,-23.1
56165.5,-22.3,-21.8,-999.0,-23.1
56175.5,-22.3,-21.8,-999.0,-23.1
56185.6,-22.2,-21.9,-999.0,-23.1
56195.6,-22.2,-21.9,-999.0,-23.0
56205.6,-22.3,-21.8,-999.0,-22.9
56215.6,-22.3,-21.8,-999.0,-23.1
56225.6,-22.2,-21.9,-999.0,-22.9
56235.6,-22.2,-21.8,-999.0,-23.1
56245.6,-22.3,-21.8,-999.0,-23.1
56255.7,-22.2,-21.9,-999.0,-23.0
56265.7,-22.2,-21.8,-999.0,-23.1
56275.7,-22.3,-21.9,-999.0,-23.1
56285.7,-22.3,-21.9,-999.0,-23.1
56295.7,-22.2,-21.8,-999.0,-23.0
56305.7,-22.2,-21.9,-999.0,-23.0
56315.8,-22.3,-21.9,-999.0,-23.1
56325.8,-22.3,-21.8,-999.0,-23.1
56335.8,-22.2,-21.9,-999.0,-23.1
56345.8,-22.2,-21.8,-999.0,-23.1
56355.9,-22.2,-21.8,-999.0,-23.1
56365.9,-22.2,-21.9,-999.0,-23.0
56375.9,-22.2,-21.9,-999.0,-23.1
56385.9,-22.2,-21.8,-999.0,-23.0
56395.9,-22.2,-21.9,-999.0,-23.0
56406.0,-22.2,-21.8,-999.0,-23.0
56416.0,-22.3,-21.9,-999.0,-23.0
56426.0,-22.3,-21.9,-999.0,-23.0
56436.0,-22.2,-21.8,-999.0,-23.0
56446.0,-22.2,-21.8,-999.0,-23.0
56456.0,-22.2,-21.9,-999.0,-23.0
56466.1,-22.2,-21.8,-999.0,-23.1
56476.1,-22.2,-21.8,-999.0,-23.0
56486.1,-22.2,-21.8,-999.0,-23.0
56496.1,-22.3,-21.8,-999.0,-23.0
56506.1,-22.2,-21.8,-999.0,-23.0
56516.2,-22.2,-21.8,-999.0,-23.0
56526.2,-22.2,-21.8,-999.0,-23.0
56536.2,-22.2,-21.8,-999.0,-23.1
56546.2,-22.2,-21.8,-999.0,-23.0
56556.2,-22.2,-21.7,-999.0,-23.1
56566.3,-22.2,-21.8,-999.0,-23.0
56576.3,-22.2,-21.8,-999.0,-23.0
56586.3,-22.2,-21.8,-999.0,-23.0
56596.4,-22.1,-21.8,-999.0,-23.0
56606.4,-22.2,-21.9,-999.0,-23.0
56616.4,-22.2,-21.8,-999.0,-22.8
56626.4,-22.2,-21.8,-999.0,-23.0
56636.4,-22.2,-21.8,-999.0,-23.0
56646.5,-22.2,-21.8,-999.0,-23.0
56656.5,-22.3,-21.8,-999.0,-23.0
56666.5,-22.2,-21.8,-999.0,-23.0
56676.5,-22.2,-21.8,-999.0,-22.9
56686.5,-22.2,-21.8,-999.0,-22.8
56696.5,-22.2,-21.8,-999.0,-23.0
56706.5,-22.2,-21.8,-999.0,-23.0
56716.6,-22.3,-21.8,-999.0,-23.0
56726.6,-22.2,-21.8,-999.0,-22.9
56736.6,-22.2,-21.9,-999.0,-22.9
56746.6,-22.2,-21.9,-999.0,-22.9
56756.6,-22.2,-21.8,-999.0,-22.9
56766.7,-22.2,-21.8,-999.0,-23.0
56776.7,-22.2,-21.8,-999.0,-22.8
56786.7,-22.3,-21.8,-999.0,-22.9
56796.7,-22.2,-21.8,-999.0,-22.9
56806.7,-22.3,-21.8,-999.0,-22.9
56816.7,-22.2,-21.8,-999.0,-22.9
56826.8,-22.2,-21.8,-999.0,-22.9
56836.8,-22.2,-21.8,-999.0,-22.9
56846.8,-22.2,-21.8,-999.0,-22.9
56856.8,-22.2,-21.7,-999.0,-22.8
56866.8,-22.1,-21.8,-999.0,-22.9
56876.8,-22.3,-21.8,-999.0,-22.9
56886.9,-22.2,-21.8,-999.0,-22.9
56896.9,-22.2,-21.8,-999.0,-22.9
56906.9,-22.2,-21.8,-999.0,-22.9
56916.9,-22.2,-21.8,-999.0,-22.9
56926.9,-22.2,-21.9,-999.0,-22.9
56936.9,-22.3,-21.8,-999.0,-22.8
56947.0,-22.3,-21.8,-999.0,-22.8
56957.0,-22.2,-21.8,-999.0,-22.9
56967.0,-22.2,-21.8,-999.0,-22.9
56977.0,-22.2,-21.8,-999.0,-22.9
56987.0,-22.2,-21.8,-999.0,-22.9
56997.0,-22.2,-21.8,-999.0,-22.8
57007.1,-22.2,-21.8,-999.0,-22.8
57017.1,-22.2,-21.8,-999.0,-22.8
57027.1,-22.2,-21.8,-999.0,-22.9
57037.1,-22.2,-21.8,-999.0,-22.9
57047.1,-22.3,-21.8,-999.0,-22.9
57057.1,-22.2,-21.8,-999.0,-22.8
57067.2,-22.2,-21.8,-999.0,-22.9
57077.2,-22.2,-21.8,-999.0,-22.9
57087.2,-22.2,-21.8,-999.0,-22.6
57097.2,-22.2,-21.8,-999.0,-22.8
57107.2,-22.2,-21.8,-999.0,-22.8
57117.2,-22.3,-21.7,-999.0,-22.8
57127.2,-22.2,-21.8,-999.0,-22.8
57137.3,-22.2,-21.8,-999.0,-22.7
57147.3,-22.3,-21.8,-999.0,-22.8
57157.3,-22.3,-21.9,-999.0,-22.8
57167.3,-22.2,-21.8,-999.0,-22.8
57177.4,-22.2,-21.8,-999.0,-22.8
57187.4,-22.2,-21.7,-999.0,-22.6
57197.4,-22.3,-21.8,-999.0,-22.8
57207.4,-22.2,-21.8,-999.0,-22.8
57217.4,-22.2,-21.8,-999.0,-22.8
57227.4,-22.2,-21.8,-999.0,-22.8
57237.5,-22.3,-21.8,-999.0,-22.8
57247.5,-22.2,-21.8,-999.0,-22.8
57257.5,-22.2,-21.7,-999.0,-22.8
57267.5,-22.2,-21.8,-999.0,-22.8
57277.5,-22.2,-21.8,-999.0,-22.8
57287.6,-22.2,-21.8,-999.0,-22.7
57297.6,-22.2,-21.8,-999.0,-22.8
57307.6,-22.2,-21.7,-999.0,-22.8
57317.6,-22.2,-21.8,-999.0,-22.8
57327.6,-22.2,-21.8,-999.0,-22.8
57337.7,-22.2,-21.8,-999.0,-22.8
57347.7,-22.2,-21.7,-999.0,-22.7
57357.7,-22.2,-21.8,-999.0,-22.8
57367.7,-22.2,-21.7,-999.0,-22.8
57377.7,-22.2,-21.8,-999.0,-22.8
57387.7,-22.2,-21.8,-999.0,-22.8
57397.8,-22.3,-21.8,-999.0,-22.7
57407.8,-22.3,-21.7,-999.0,-22.5
57417.8,-22.2,-21.8,-999.0,-22.7
57427.8,-22.2,-21.8,-999.0,-22.8
57437.8,-22.2,-21.8,-999.0,-22.7
57447.8,-22.3,-21.8,-999.0,-22.8
57457.9,-22.2,-21.8,-999.0,-22.7
57467.9,-22.2,-21.8,-999.0,-22.7
57477.9,-22.2,-21.7,-999.0,-22.7
57487.9,-22.2,-21.7,-999.0,-22.7
57497.9,-22.2,-21.7,-999.0,-22.7
57507.9,-22.2,-21.8,-999.0,-22.6
57518.0,-22.2,-21.7,-999.0,-22.7
57528.0,-22.2,-21.8,-999.0,-22.7
57538.0,-22.2,-21.7,-999.0,-22.6
57548.0,-22.2,-21.8,-999.0,-22.6
57558.0,-22.2,-21.8,-999.0,-22.6
57568.1,-22.2,-21.8,-999.0,-22.7
57578.1,-22.2,-21.7,-999.0,-22.5
57588.1,-22.3,-21.8,-999.0,-22.6
57598.1,-22.3,-21.8,-999.0,-22.6
57608.1,-22.2,-21.8,-999.0,-22.7
57618.1,-22.1,-21.8,-999.0,-22.6
57628.1,-22.2,-21.8,-999.0,-22.6
57638.2,-22.2,-21.8,-999.0,-22.6
57648.2,-22.3,-21.8,-999.0,-22.6
57658.2,-22.2,-21.8,-999.0,-22.6
57668.2,-22.2,-21.8,-999.0,-22.6
57678.2,-22.2,-21.9,-999.0,-22.6
57688.3,-22.2,-21.7,-999.0,-22.6
57698.3,-22.2,-21.8,-999.0,-22.6
57708.3,-22.3,-21.8,-999.0,-22.6
57718.3,-22.2,-21.9,-999.0,-22.5
57728.3,-22.2,-21.8,-999.0,-22.6
57738.3,-22.2,-21.7,-999.0,-22.6
57748.3,-22.1,-21.8,-999.0,-22.6
57758.4,-22.2,-21.8,-999.0,-22.5
57768.4,-22.1,-21.7,-999.0,-22.6
57778.4,-22.1,-21.8,-999.0,-22.5
57788.4,-22.2,-21.8,-999.0,-22.5
57798.4,-22.2,-21.8,-999.0,-22.5
57808.5,-22.1,-21.8,-999.0,-22.5
57818.5,-22.2,-21.8,-999.0,-22.5
57828.5,-22.1,-21.8,-999.0,-22.5
57838.5,-22.2,-21.8,-999.0,-22.5
57848.5,-22.2,-21.8,-999.0,-22.5
57858.6,-22.2,-21.8,-999.0,-22.5
57868.6,-22.2,-21.8,-999.0,-22.5
57878.6,-22.2,-21.7,-999.0,-22.4
57888.6,-22.2,-21.8,-999.0,-22.5
57898.6,-22.2,-21.8,-999.0,-22.5
57908.7,-22.1,-21.8,-999.0,-22.5
57918.7,-22.2,-21.8,-999.0,-22.5
57928.7,-22.1,-21.7,-999.0,-22.5
57938.7,-22.2,-21.8,-999.0,-22.5
57948.7,-22.2,-21.7,-999.0,-22.4
57958.8,-22.2,-21.8,-999.0,-22.5
57968.8,-22.1,-21.8,-999.0,-22.4
57978.8,-22.1,-21.8,-999.0,-22.4
57988.8,-22.2,-21.8,-999.0,-22.4
57998.8,-22.2,-21.7,-999.0,-22.5
58008.9,-22.2,-21.7,-999.0,-22.4
58018.9,-22.1,-21.8,-999.0,-22.4
58028.9,-22.1,-21.7,-999.0,-22.4
58038.9,-22.1,-21.7,-999.0,-22.4
58048.9,-22.1,-21.7,-999.0,-22.4
58059.0,-22.1,-21.8,-999.0,-22.4
58069.0,-22.1,-21.7,-999.0,-22.2
58079.0,-22.1,-21.7,-999.0,-22.4
58089.0,-22.1,-21.7,-999.0,-22.3
58099.0,-22.1,-21.7,-999.0,-22.3
58109.1,-22.1,-21.7,-999.0,-22.3
58119.1,-22.1,-21.7,-999.0,-22.3
58129.1,-22.1,-21.7,-999.0,-22.3
58139.1,-22.1,-21.7,-999.0,-22.3
58149.1,-22.1,-21.7,-999.0,-22.2
58159.1,-22.1,-21.7,-999.0,-22.3
58169.1,-22.1,-21.7,-999.0,-22.4
58179.2,-22.1,-21.7,-999.0,-22.3
58189.2,-22.1,-21.7,-999.0,-22.3
58199.2,-22.1,-21.7,-999.0,-22.4
58209.3,-22.1,-21.8,-999.0,-22.3
58219.3,-22.1,-21.8,-999.0,-22.2
58229.3,-22.1,-21.7,-999.0,-22.3
58239.3,-22.1,-21.8,-999.0,-22.2
58249.3,-22.1,-21.7,-999.0,-22.3
58259.3,-22.1,-21.7,-999.0,-22.3
58269.3,-22.1,-21.7,-999.0,-22.2
58279.4,-22.1,-21.6,-999.0,-22.2
58289.4,-22.1,-21.7,-999.0,-22.2
58299.4,-22.1,-21.7,-999.0,-22.1
58309.4,-22.1,-21.8,-999.0,-22.2
58319.4,-22.1,-21.7,-999.0,-22.2
58329.4,-22.1,-21.7,-999.0,-22.2
58339.5,-22.1,-21.6,-999.0,-22.2
58349.5,-22.1,-21.7,-999.0,-22.2
58359.5,-22.1,-21.7,-999.0,-22.2
58369.5,-22.1,-21.7,-999.0,-22.2
58379.5,-22.1,-21.7,-999.0,-22.2
58389.6,-22.1,-21.7,-999.0,-22.2
58399.6,-22.1,-21.7,-999.0,-22.2
58409.6,-22.1,-21.7,-999.0,-21.9
58419.6,-22.1,-21.7,-999.0,-22.0
58429.6,-22.1,-21.7,-999.0,-22.1
58439.7,-22.0,-21.7,-999.0,-21.9
58449.7,-22.1,-21.7,-999.0,-21.9
58459.7,-22.1,-21.7,-999.0,-21.9
58469.7,-22.0,-21.7,-999.0,-22.1
58479.7,-22.0,-21.6,-999.0,-22.1
58489.7,-22.1,-21.7,-999.0,-22.2
58499.7,-22.0,-21.6,-999.0,-22.1
58509.8,-22.1,-21.7,-999.0,-22.1
58519.8,-22.0,-21.6,-999.0,-22.1
58529.8,-22.1,-21.7,-999.0,-22.0
58539.8,-22.1,-21.6,-999.0,-21.9
58549.8,-22.0,-21.7,-999.0,-22.1
58559.8,-22.1,-21.7,-999.0,-22.0
58569.9,-22.1,-21.7,-999.0,-22.1
58579.9,-22.1,-21.7,-999.0,-21.8
58589.9,-22.0,-21.7,-999.0,-22.0
58599.9,-22.1,-21.6,-999.0,-21.7
58609.9,-22.1,-21.7,-999.0,-22.0
58619.9,-22.0,-21.7,-999.0,-22.0
58630.0,-22.0,-21.7,-999.0,-22.0
58640.0,-22.1,-21.6,-999.0,-21.9
58650.0,-22.0,-21.6,-999.0,-22.0
58660.0,-22.0,-21.6,-999.0,-22.0
58670.0,-22.0,-21.7,-999.0,-21.8
58680.0,-22.1,-21.6,-999.0,-21.6
58690.1,-22.0,-21.6,-999.0,-22.0
58700.1,-22.0,-21.7,-999.0,-21.7
58710.1,-22.0,-21.7,-999.0,-21.7
58720.1,-22.0,-21.7,-999.0,-21.9
58730.1,-22.0,-21.7,-999.0,-22.0
58740.1,-22.0,-21.6,-999.0,-21.9
58750.2,-22.0,-21.7,-999.0,-21.7
58760.2,-22.0,-21.7,-999.0,-21.9
58770.2,-22.0,-21.6,-999.0,-21.6
58780.2,-22.0,-21.7,-999.0,-21.6
58790.2,-22.0,-21.7,-999.0,-21.6
58800.2,-21.9,-21.6,-999.0,-21.6
58810.2,-21.9,-21.7,-999.0,-21.6
58820.2,-21.9,-21.6,-999.0,-21.6
58830.3,-22.0,-21.6,-999.0,-21.6
58840.3,-21.9,-21.6,-999.0,-21.6
58850.3,-21.9,-21.7,-999.0,-21.6
58860.3,-21.9,-21.6,-999.0,-21.6
58870.3,-21.9,-21.7,-999.0,-21.6
58880.4,-21.9,-21.6,-999.0,-21.5
58890.4,-21.9,-21.6,-999.0,-21.6
58900.4,-21.9,-21.7,-999.0,-21.6
58910.4,-21.9,-21.7,-999.0,-21.5
58920.4,-21.8,-21.7,-999.0,-21.6
58930.4,-21.9,-21.6,-999.0,-21.6
58940.4,-21.9,-21.7,-999.0,-21.5
58950.4,-21.8,-21.7,-999.0,-21.5
58960.5,-21.9,-21.6,-999.0,-21.5
58970.5,-21.9,-21.6,-999.0,-21.3
58980.5,-21.8,-21.7,-999.0,-21.4
58990.5,-21.8,-21.7,-999.0,-21.5
59000.5,-21.8,-21.6,-999.0,-21.4
59010.6,-21.9,-21.7,-999.0,-21.4
59020.6,-21.8,-21.6,-999.0,-21.4
59030.6,-21.9,-21.6,-999.0,-21.4
59040.6,-21.8,-21.6,-999.0,-21.4
59050.6,-21.8,-21.6,-999.0,-21.4
59060.6,-21.8,-21.6,-999.0,-21.4
59070.6,-21.8,-21.6,-999.0,-21.3
59080.7,-21.9,-21.6,-999.0,-21.3
59090.7,-21.8,-21.6,-999.0,-21.2
59100.7,-21.8,-21.7,-999.0,-21.3
59110.7,-21.8,-21.6,-999.0,-21.4
59120.7,-21.8,-21.6,-999.0,-21.2
59130.7,-21.8,-21.7,-999.0,-21.3
59140.7,-21.8,-21.6,-999.0,-21.3
59150.8,-21.7,-21.6,-999.0,-21.3
59160.8,-21.8,-21.6,-999.0,-21.2
59170.8,-21.8,-21.6,-999.0,-21.3
59180.8,-21.8,-21.6,-999.0,-21.3
59190.8,-21.8,-21.6,-999.0,-21.2
59200.8,-21.8,-21.6,-999.0,-21.3
59210.8,-21.8,-21.7,-999.0,-21.2
59220.9,-21.7,-21.6,-999.0,-21.2
59230.9,-21.7,-21.6,-999.0,-21.2
59240.9,-21.7,-21.6,-999.0,-21.1
59250.9,-21.8,-21.7,-999.0,-21.2
59260.9,-21.7,-21.6,-999.0,-21.2
59270.9,-21.7,-21.7,-999.0,-21.1
59280.9,-21.8,-21.7,-999.0,-21.0
59291.0,-21.7,-21.6,-999.0,-21.1
59301.0,-21.7,-21.6,-999.0,-21.1
59311.0,-21.7,-21.6,-999.0,-21.0
59321.0,-21.6,-21.6,-999.0,-21.0
59331.0,-21.7,-21.6,-999.0,-21.0
59341.0,-21.7,-21.7,-999.0,-21.0
59351.0,-21.7,-21.6,-999.0,-21.0
59361.1,-21.8,-21.5,-999.0,-20.9
59371.1,-21.7,-21.6,-999.0,-21.0
59381.1,-21.7,-21.6,-999.0,-21.0
59391.1,-21.6,-21.6,-999.0,-21.0
59401.1,-21.6,-21.6,-999.0,-21.0
59411.2,-21.6,-21.6,-999.0,-21.0
59421.2,-21.5,-21.6,-999.0,-21.0
59431.2,-21.6,-21.7,-999.0,-20.9
59441.2,-21.6,-21.6,-999.0,-20.9
59451.2,-21.5,-21.6,-999.0,-20.9
59461.3,-21.6,-21.6,-999.0,-20.9
59471.3,-21.5,-21.6,-999.0,-20.9
59481.3,-21.6,-21.6,-999.0,-20.8
59491.4,-21.5,-21.6,-999.0,-20.8
59501.4,-21.6,-21.7,-999.0,-20.8
59511.4,-21.5,-21.6,-999.0,-20.8
59521.4,-21.6,-21.6,-999.0,-20.7
59531.4,-21.6,-21.6,-999.0,-20.7
59541.5,-21.5,-21.7,-999.0,-20.7
59551.5,-21.5,-21.6,-999.0,-20.8
59561.5,-21.5,-21.6,-999.0,-20.7
59571.5,-21.5,-21.6,-999.0,-20.7
59581.5,-21.5,-21.6,-999.0,-20.7
59591.6,-21.5,-21.6,-999.0,-20.7
59601.6,-21.5,-21.6,-999.0,-20.7
59611.6,-21.4,-21.6,-999.0,-20.6
59621.6,-21.5,-21.6,-999.0,-20.6
59631.6,-21.5,-21.6,-999.0,-20.6
59641.7,-21.5,-21.6,-999.0,-20.6
59651.7,-21.4,-21.6,-999.0,-20.5
59661.7,-21.4,-21.6,-999.0,-20.6
59671.7,-21.4,-21.6,-999.0,-20.4
59681.7,-21.4,-21.6,-999.0,-20.6
59691.7,-21.3,-21.6,-999.0,-20.5
59701.7,-21.4,-21.6,-999.0,-20.3
59711.8,-21.4,-21.6,-999.0,-20.4
59721.8,-21.3,-21.6,-999.0,-20.4
59731.8,-21.2,-21.6,-999.0,-20.4
59741.8,-21.4,-21.6,-999.0,-20.4
59751.8,-21.2,-21.6,-999.0,-20.4
59761.9,-21.3,-21.6,-999.0,-20.4
59771.9,-21.3,-21.6,-999.0,-20.4
59781.9,-21.3,-21.6,-999.0,-20.3
59791.9,-21.3,-21.6,-999.0,-20.4
59801.9,-21.3,-21.6,-999.0,-20.3
59811.9,-21.2,-21.6,-999.0,-20.3
59822.0,-21.2,-21.6,-999.0,-20.3
59832.0,-21.2,-21.5,-999.0,-20.1
59842.0,-21.2,-21.6,-999.0,-20.3
59852.0,-21.2,-21.6,-999.0,-20.2
59862.0,-21.2,-21.6,-999.0,-20.2
59872.1,-21.2,-21.6,-999.0,-20.2
59882.1,-21.2,-21.6,-999.0,-20.1
59892.1,-21.2,-21.6,-999.0,-20.1
59902.1,-21.1,-21.6,-999.0,-20.2
59912.1,-21.2,-21.6,-999.0,-20.1
59922.1,-21.2,-21.6,-999.0,-20.1
59932.1,-21.1,-21.6,-999.0,-20.1
59942.2,-21.1,-21.6,-999.0,-20.1
59952.2,-21.1,-21.6,-999.0,-20.1
59962.2,-21.1,-21.6,-999.0,-20.0
59972.2,-21.1,-21.6,-999.0,-20.0
59982.2,-21.1,-21.6,-999.0,-20.1
59992.3,-21.1,-21.6,-999.0,-20.0
60002.3,-21.0,-21.6,-999.0,-19.9
60012.3,-21.1,-21.6,-999.0,-20.0
60022.3,-21.0,-21.6,-999.0,-20.0
60032.3,-21.0,-21.6,-999.0,-19.9
60042.3,-21.0,-21.5,-999.0,-19.8
60052.4,-21.0,-21.6,-999.0,-19.9
60062.4,-20.9,-21.6,-999.0,-19.8
60072.4,-20.9,-21.6,-999.0,-19.8
60082.4,-20.9,-21.6,-999.0,-19.8
60092.4,-20.9,-21.6,-999.0,-19.8
60102.4,-20.9,-21.5,-999.0,-19.8
60112.5,-21.0,-21.6,-999.0,-19.7
60122.5,-20.9,-21.5,-999.0,-19.7
60132.5,-20.9,-21.6,-999.0,-19.7
60142.5,-20.9,-21.6,-999.0,-19.7
60152.5,-20.9,-21.6,-999.0,-19.6
60162.5,-20.8,-21.5,-999.0,-19.7
60172.6,-20.8,-21.5,-999.0,-19.6
60182.6,-20.9,-21.6,-999.0,-19.6
60192.6,-20.8,-21.6,-999.0,-19.6
60202.6,-20.8,-21.5,-999.0,-19.5
60212.6,-20.8,-21.5,-999.0,-19.5
60222.6,-20.8,-21.5,-999.0,-19.5
60232.7,-20.7,-21.6,-999.0,-19.5
60242.7,-20.7,-21.5,-999.0,-19.4
60252.7,-20.6,-21.5,-999.0,-19.5
60262.7,-20.7,-21.5,-999.0,-19.4
60272.7,-20.6,-21.5,-999.0,-19.4
60282.8,-20.6,-21.6,-999.0,-19.4
60292.8,-20.6,-21.6,-999.0,-19.3
60302.8,-20.6,-21.6,-999.0,-19.3
60312.8,-20.6,-21.5,-999.0,-19.2
60322.8,-20.6,-21.5,-999.0,-19.2
60332.9,-20.5,-21.5,-999.0,-19.3
60342.9,-20.5,-21.6,-999.0,-19.2
60352.9,-20.5,-21.6,-999.0,-19.2
60362.9,-20.5,-21.6,-999.0,-19.2
60372.9,-20.5,-21.6,-999.0,-19.1
60383.0,-20.5,-21.5,-999.0,-19.2
60393.0,-20.4,-21.5,-999.0,-19.2
60403.0,-20.4,-21.5,-999.0,-19.1
60413.1,-20.4,-21.5,-999.0,-19.1
60423.1,-20.4,-21.5,-999.0,-19.0
60433.1,-20.3,-21.5,-999.0,-19.0
60443.1,-20.3,-21.5,-999.0,-18.9
60453.1,-20.3,-21.5,-999.0,-18.9
60463.1,-20.3,-21.6,-999.0,-18.9
60473.1,-20.3,-21.5,-999.0,-18.9
60483.2,-20.3,-21.5,-999.0,-18.8
60493.2,-20.2,-21.5,-999.0,-18.8
60503.2,-20.2,-21.6,-999.0,-18.8
60513.2,-20.2,-21.5,-999.0,-18.7
60523.2,-20.1,-21.6,-999.0,-18.6
60533.3,-20.1,-21.6,-999.0,-18.7
60543.3,-20.0,-21.5,-999.0,-18.7
60553.3,-20.0,-21.4,-999.0,-18.5
60563.3,-20.0,-21.5,-999.0,-18.6
60573.3,-19.9,-21.5,-999.0,-18.5
60583.3,-19.9,-21.5,-999.0,-18.5
60593.3,-19.9,-21.5,-999.0,-18.5
60603.4,-19.9,-21.5,-999.0,-18.5
60613.4,-19.8,-21.5,-999.0,-18.5
60623.4,-19.8,-21.5,-999.0,-18.4
60633.4,-19.7,-21.5,-999.0,-18.4
60643.4,-19.7,-21.5,-999.0,-18.3
60653.5,-19.7,-21.5,-999.0,-18.2
60663.5,-19.7,-21.5,-999.0,-18.3
60673.5,-19.6,-21.5,-999.0,-18.2
60683.5,-19.5,-21.6,-999.0,-18.2
60693.5,-19.5,-21.5,-999.0,-18.2
60703.6,-19.5,-21.5,-999.0,-18.2
60713.6,-19.5,-21.5,-999.0,-18.1
60723.6,-19.4,-21.5,-999.0,-18.0
60733.6,-19.4,-21.5,-999.0,-18.0
60743.6,-19.3,-21.5,-999.0,-18.0
60753.6,-19.3,-21.5,-999.0,-18.0
60763.6,-19.2,-21.5,-999.0,-18.0
60773.7,-19.2,-21.5,-999.0,-17.7
60783.7,-19.1,-21.5,-999.0,-17.8
60793.7,-19.1,-21.5,-999.0,-17.8
60803.7,-19.0,-21.4,-999.0,-17.4
60813.7,-19.0,-21.5,-999.0,-17.5
60823.7,-19.0,-21.5,-999.0,-17.4
60833.7,-19.0,-21.5,-999.0,-17.3
60843.7,-18.8,-21.4,-999.0,-17.3
60853.8,-18.7,-21.5,-999.0,-17.2
60863.8,-18.7,-21.5,-999.0,-17.1
60873.8,-18.5,-21.4,-999.0,-17.1
60883.8,-18.3,-21.4,-999.0,-17.0
60893.8,-18.5,-21.5,-999.0,-16.9
60903.8,-18.3,-21.4,-999.0,-16.7
60913.9,-18.2,-21.5,-999.0,-16.7
60923.9,-18.2,-21.4,-999.0,-16.7
60933.9,-18.1,-21.4,-999.0,-16.5
60943.9,-18.0,-21.5,-999.0,-16.4
60953.9,-17.9,-21.5,-999.0,-16.4
60963.9,-17.9,-21.4,-999.0,-16.2
60973.9,-17.8,-21.4,-999.0,-16.2
60984.0,-17.6,-21.5,-999.0,-16.1
60994.0,-17.6,-21.4,-999.0,-16.0
61004.0,-17.5,-21.4,-999.0,-15.9
61014.0,-17.3,-21.4,-999.0,-15.8
61024.0,-17.3,-21.5,-999.0,-15.7
61034.0,-17.1,-21.4,-999.0,-15.6
61044.1,-17.0,-21.5,-999.0,-15.5
61054.1,-17.0,-21.4,-999.0,-15.4
61064.1,-16.8,-21.5,-999.0,-15.4
61074.1,-16.7,-21.4,-999.0,-15.3
61084.1,-16.7,-21.4,-999.0,-15.2
61094.2,-16.5,-21.4,-999.0,-15.1
61104.2,-16.4,-21.4,-999.0,-15.0
61114.2,-16.3,-21.4,-999.0,-14.9
61124.2,-16.2,-21.4,-999.0,-14.8
61134.3,-16.1,-21.4,-999.0,-14.6
61144.3,-15.9,-21.4,-999.0,-14.5
61154.3,-15.8,-21.5,-999.0,-14.3
61164.3,-15.6,-21.4,-999.0,-14.2
61174.3,-15.5,-21.4,-999.0,-14.2
61184.4,-15.4,-21.4,-999.0,-13.9
61194.4,-15.3,-21.4,-999.0,-13.8
61204.4,-15.2,-21.3,-999.0,-13.5
61214.4,-15.0,-21.4,-999.0,-13.4
61224.4,-14.9,-21.4,-999.0,-13.4
61234.4,-14.7,-21.3,-999.0,-13.2
61244.5,-14.6,-21.4,-999.0,-12.8
61254.5,-14.2,-21.4,-999.0,-12.7
61264.5,-14.1,-21.3,-999.0,-12.5
61274.5,-14.0,-21.4,-999.0,-12.3
61284.5,-13.8,-21.3,-999.0,-12.0
61294.6,-13.6,-21.3,-999.0,-11.7
61304.6,-13.5,-21.3,-999.0,-11.4
61314.6,-13.4,-21.4,-999.0,-11.3
61324.6,-13.2,-21.3,-999.0,-11.1
61334.7,-13.1,-21.4,-999.0,-10.9
61344.7,-12.9,-21.3,-999.0,-10.8
61354.7,-12.8,-21.4,-999.0,-10.6
61364.7,-12.6,-21.3,-999.0,-10.5
61374.7,-12.5,-21.4,-999.0,-10.3
61384.8,-12.3,-21.3,-999.0,-10.1
61394.8,-12.2,-21.3,-999.0,-10.0
61404.8,-12.1,-21.3,-999.0,-9.9
61414.8,-12.0,-21.4,-999.0,-9.7
61424.8,-11.9,-21.3,-999.0,-9.6
61434.9,-11.7,-21.3,-999.0,-9.4
61444.9,-11.6,-21.3,-999.0,-9.4
61454.9,-11.5,-21.3,-999.0,-9.0
61464.9,-11.4,-21.3,-999.0,-8.9
61474.9,-11.3,-21.3,-999.0,-8.7
61485.0,-11.1,-21.3,-999.0,-8.6
61495.0,-11.0,-21.3,-999.0,-8.5
61505.0,-10.9,-21.3,-999.0,-8.2
61515.0,-10.7,-21.3,-999.0,-8.2
61525.0,-10.5,-21.3,-999.0,-8.0
61535.1,-10.4,-21.3,-999.0,-7.9
61545.1,-10.3,-21.3,-999.0,-7.7
61555.1,-10.2,-21.3,-999.0,-7.6
61565.1,-10.1,-21.3,-999.0,-7.3
61575.1,-9.8,-21.3,-999.0,-7.3
61585.2,-9.7,-21.3,-999.0,-7.1
61595.2,-9.5,-21.3,-999.0,-7.1
61605.2,-9.4,-21.3,-999.0,-6.9
61615.2,-9.2,-21.3,-999.0,-6.8
61625.2,-9.2,-21.3,-999.0,-6.5
61635.2,-8.9,-21.2,-999.0,-6.5
61645.2,-8.9,-21.3,-999.0,-6.4
61655.2,-8.8,-21.3,-999.0,-6.2
61665.2,-8.6,-21.3,-999.0,-6.1
61675.3,-8.6,-21.3,-999.0,-5.8
61685.3,-8.3,-21.2,-999.0,-5.9
61695.3,-8.2,-21.2,-999.0,-5.7
61705.3,-8.1,-21.2,-999.0,-5.5
61715.3,-8.0,-21.2,-999.0,-5.4
61725.4,-7.8,-21.3,-999.0,-5.3
61735.4,-7.7,-21.3,-999.0,-5.2
61745.4,-7.5,-21.3,-999.0,-4.7
61755.4,-7.4,-21.2,-999.0,-4.7
61765.4,-7.2,-21.2,-999.0,-4.5
61775.4,-7.1,-21.3,-999.0,-4.3
61785.5,-7.0,-21.3,-999.0,-4.1
61795.5,-6.8,-21.2,-999.0,-4.1
61805.5,-6.7,-21.2,-999.0,-3.9
61815.5,-6.5,-21.2,-999.0,-3.8
61825.5,-6.4,-21.2,-999.0,-3.7
61835.5,-6.1,-21.2,-999.0,-3.5
61845.6,-6.0,-21.2,-999.0,-3.3
61855.6,-5.9,-21.2,-999.0,-3.2
61865.6,-5.5,-21.2,-999.0,-3.0
61875.6,-5.4,-21.2,-999.0,-2.9
61885.6,-5.2,-21.1,-999.0,-2.7
61895.6,-5.0,-21.2,-999.0,-2.6
61905.6,-4.8,-21.2,-999.0,-2.4
61915.6,-4.7,-21.2,-999.0,-2.3
61925.7,-4.5,-21.1,-999.0,-2.0
61935.7,-4.3,-21.2,-999.0,-2.0
61945.7,-4.1,-21.2,-999.0,-1.8
61955.7,-4.0,-21.2,-999.0,-1.5
61965.7,-3.8,-21.2,-999.0,-1.5
61975.7,-3.6,-21.1,-999.0,-1.3
61985.7,-3.3,-21.2,-999.0,-1.0
61995.7,-3.0,-21.1,-999.0,-1.0
62005.8,-2.9,-21.1,-999.0,-0.8
62015.8,-2.6,-21.1,-999.0,-0.4
62025.8,-2.4,-21.1,-999.0,-0.1
62035.8,-2.2,-21.1,-999.0,-0.1
62045.8,-1.9,-21.1,-999.0,0.1
62055.8,-1.7,-21.2,-999.0,0.4
62065.9,-1.2,-21.1,-999.0,0.5
62075.9,-0.9,-21.1,-999.0,0.6
62085.9,-0.6,-21.1,-999.0,0.8
62095.9,-0.3,-21.1,-999.0,1.0
62105.9,-0.1,-21.1,-999.0,1.3
62115.9,0.3,-21.0,-999.0,1.3
62126.0,0.4,-21.0,-999.0,1.6
62136.0,0.7,-21.1,-999.0,1.7
62146.0,0.9,-21.0,-999.0,1.9
62156.0,1.1,-21.1,-999.0,2.1
62166.0,1.4,-21.1,-999.0,2.2
62176.0,1.6,-21.0,-999.0,2.4
62186.1,1.8,-20.8,-999.0,2.6
62196.1,2.0,-20.9,-999.0,2.9
62206.1,2.1,-21.0,-999.0,2.9
62216.1,2.4,-21.0,-999.0,3.1
62226.1,2.7,-21.0,-999.0,3.5
62236.2,2.9,-21.0,-999.0,3.4
62246.2,3.0,-21.0,-999.0,3.5
62256.2,3.1,-21.0,-999.0,3.9
62266.2,3.4,-20.9,-999.0,4.1
62276.2,3.4,-20.9,-999.0,4.3
62286.3,3.7,-21.0,-999.0,4.4
62296.3,3.8,-21.0,-999.0,4.6
62306.3,3.8,-21.0,-999.0,4.7
62316.3,3.9,-20.9,-999.0,5.0
62326.3,4.1,-21.0,-999.0,5.0
62336.3,4.2,-20.9,-999.0,5.1
62346.4,4.4,-21.0,-999.0,5.2
62356.4,4.4,-20.9,-999.0,5.4
62366.4,4.5,-20.9,-999.0,5.5
62376.4,4.6,-20.9,-999.0,5.7
62386.4,4.7,-20.8,-999.0,5.7
62396.4,4.8,-20.9,-999.0,5.8
62406.5,5.0,-20.7,-999.0,5.8
62416.5,5.0,-20.9,-999.0,6.0
62426.5,5.0,-20.9,-999.0,6.2
62436.5,5.2,-20.8,-999.0,6.1
62446.5,5.2,-20.9,-999.0,6.2
62456.5,5.2,-20.8,-999.0,6.3
62466.6,5.3,-20.8,-999.0,6.3
62476.6,5.4,-20.6,-999.0,6.3
62486.6,5.4,-20.6,-999.0,6.5
62496.6,5.4,-20.6,-999.0,6.7
62506.6,5.5,-20.8,-999.0,6.5
62516.6,5.6,-20.8,-999.0,6.6
62526.6,5.6,-20.6,-999.0,6.7
62536.7,5.6,-20.6,-999.0,6.7
62546.7,5.7,-20.6,-999.0,6.7
62556.7,5.7,-20.8,-999.0,6.8
62566.7,5.8,-20.5,-999.0,7.0
62576.8,5.8,-20.5,-999.0,6.9
62586.8,5.8,-20.8,-999.0,6.9
62596.8,5.9,-20.6,-999.0,7.0
62606.8,5.9,-20.5,-999.0,7.0
62616.8,6.0,-20.8,-999.0,7.2
62626.9,6.0,-20.8,-999.0,7.1
62636.9,6.0,-20.5,-999.0,7.2
62646.9,6.0,-20.5,-999.0,7.1
62656.9,6.1,-20.4,-999.0,7.1
62666.9,6.1,-20.5,-999.0,7.2
62676.9,6.1,-20.4,-999.0,7.2
62687.0,6.1,-20.4,-999.0,7.3
62697.0,6.2,-20.4,-999.0,7.3
62707.0,6.2,-20.5,-999.0,7.3
62717.0,6.2,-20.4,-999.0,7.5
62727.0,6.2,-20.4,-999.0,7.4
62737.0,6.2,-20.4,-999.0,7.4
62747.1,6.2,-20.4,-999.0,7.4
62757.1,6.3,-20.3,-999.0,7.5
62767.1,6.3,-20.4,-999.0,7.5
62777.1,6.3,-20.4,-999.0,7.8
62787.1,6.4,-20.4,-999.0,7.5
62797.1,6.4,-20.3,-999.0,7.7
62807.1,6.4,-20.4,-999.0,7.5
62817.2,6.4,-20.3,-999.0,7.8
62827.2,6.4,-20.3,-999.0,7.8
62837.2,6.5,-20.2,-999.0,8.0
62847.2,6.5,-20.3,-999.0,7.6
62857.2,6.5,-20.3,-999.0,7.6
62867.2,6.5,-20.2,-999.0,8.0
62877.3,6.5,-20.3,-999.0,7.9
62887.3,6.5,-20.3,-999.0,7.9
62897.3,6.5,-20.2,-999.0,7.9
62907.3,6.6,-20.2,-999.0,7.9
62917.3,6.6,-20.2,-999.0,8.1
62927.3,6.6,-20.2,-999.0,7.9
62937.3,6.5,-20.2,-999.0,7.8
62947.4,6.6,-20.2,-999.0,7.8
62957.4,6.6,-20.2,-999.0,7.8
62967.4,6.7,-20.2,-999.0,8.0
62977.4,6.7,-20.2,-999.0,8.0
62987.4,6.7,-20.2,-999.0,7.9
62997.5,6.7,-20.1,-999.0,8.2
63007.5,6.7,-20.1,-999.0,7.9
63017.5,6.9,-20.1,-999.0,8.1
63027.5,6.8,-20.0,-999.0,8.2
63037.5,6.8,-20.1,-999.0,7.9
63047.6,6.8,-20.0,-999.0,8.1
63057.6,7.0,-20.0,-999.0,8.3
63067.6,6.7,-20.0,-999.0,8.1
63077.6,7.0,-20.0,-999.0,8.2
63087.6,7.0,-20.0,-999.0,8.1
63097.6,6.8,-20.0,-999.0,8.1
63107.6,6.8,-19.9,-999.0,8.2
63117.6,7.0,-19.9,-999.0,8.2
63127.7,7.0,-19.9,-999.0,8.3
63137.7,7.0,-19.9,-999.0,8.2
63147.7,7.1,-19.9,-999.0,8.2
63157.7,7.0,-19.9,-999.0,8.3
63167.7,7.1,-19.9,-999.0,8.2
63177.7,7.1,-19.9,-999.0,8.3
63187.7,7.1,-19.9,-999.0,8.3
63197.8,7.1,-19.8,-999.0,8.3
63207.8,7.1,-19.9,-999.0,8.3
63217.8,7.1,-19.8,-999.0,8.3
63227.8,7.1,-19.8,-999.0,8.3
63237.8,7.2,-19.7,-999.0,8.3
63247.8,7.2,-19.7,-999.0,8.3
63257.8,7.2,-19.8,-999.0,8.4
63267.9,7.1,-19.7,-999.0,8.5
63277.9,7.2,-19.7,-999.0,8.3
63287.9,7.1,-19.6,-999.0,8.3
63297.9,7.2,-19.7,-999.0,8.3
63307.9,7.2,-19.7,-999.0,8.4
63318.0,7.2,-19.6,-999.0,8.5
63328.0,7.2,-19.6,-999.0,8.3
63338.0,7.3,-19.5,-999.0,8.3
63348.0,7.2,-19.6,-999.0,8.3
63358.0,7.3,-19.5,-999.0,8.4
63368.0,7.3,-19.6,-999.0,8.3
63378.0,7.3,-19.5,-999.0,8.4
63388.0,7.3,-19.5,-999.0,8.4
63398.1,7.3,-19.5,-999.0,8.5
63408.1,7.3,-19.5,-999.0,8.4
63418.1,7.3,-19.5,-999.0,8.4
63428.1,7.3,-19.4,-999.0,8.6
63438.1,7.4,-19.3,-999.0,8.5
63448.1,7.3,-19.3,-999.0,8.5
63458.1,7.3,-19.3,-999.0,8.5
63468.2,7.4,-19.3,-999.0,8.5
63478.2,7.3,-19.3,-999.0,8.5
63488.2,7.3,-19.3,-999.0,8.4
63498.2,7.3,-19.3,-999.0,8.6
63508.2,7.3,-19.3,-999.0,8.5
63518.2,7.4,-19.2,-999.0,8.5
63528.2,7.4,-19.2,-999.0,8.5
63538.3,7.4,-19.2,-999.0,8.5
63548.3,7.4,-19.2,-999.0,8.5
63558.3,7.4,-19.2,-999.0,8.5
63568.3,7.4,-19.2,-999.0,8.7
63578.3,7.5,-19.1,-999.0,8.5
63588.3,7.4,-19.1,-999.0,8.5
63598.4,7.5,-19.1,-999.0,8.5
63608.4,7.5,-19.0,-999.0,8.5
63618.4,7.4,-19.0,-999.0,8.6
63628.4,7.5,-19.0,-999.0,8.7
63638.5,7.4,-19.0,-999.0,8.7
63648.5,7.5,-18.9,-999.0,8.5
63658.5,7.5,-18.9,-999.0,8.6
63668.5,7.5,-19.0,-999.0,8.5
63678.5,7.5,-18.9,-999.0,8.5
63688.5,7.5,-18.9,-999.0,8.5
63698.5,7.5,-18.9,-999.0,8.7
63708.6,7.5,-18.9,-999.0,8.6
63718.6,7.5,-18.8,-999.0,8.7
63728.6,7.5,-18.8,-999.0,8.6
63738.6,7.5,-18.7,-999.0,8.6
63748.7,7.6,-18.7,-999.0,8.7
63758.7,7.6,-18.7,-999.0,8.7
63768.7,7.6,-18.6,-999.0,8.6
63778.7,7.5,-18.7,-999.0,8.6
63788.7,7.6,-18.6,-999.0,8.6
63798.7,7.6,-18.7,-999.0,8.7
63808.8,7.6,-18.6,-999.0,8.7
63818.8,7.6,-18.5,-999.0,8.7
63828.8,7.6,-18.5,-999.0,8.6
63838.9,7.6,-18.5,-999.0,8.8
63848.9,7.6,-18.4,-999.0,8.7
63858.9,7.6,-18.4,-999.0,8.7
63868.9,7.7,-18.4,-999.0,8.7
63878.9,7.6,-18.4,-999.0,8.8
63888.9,7.6,-18.4,-999.0,8.7
63898.9,7.7,-18.3,-999.0,8.7
63909.0,7.7,-18.3,-999.0,8.7
63919.0,7.7,-18.3,-999.0,8.7
63929.0,7.7,-18.2,-999.0,8.8
63939.0,7.7,-18.3,-999.0,8.9
63949.0,7.7,-18.2,-999.0,8.7
63959.1,7.7,-18.1,-999.0,8.7
63969.1,7.7,-18.1,-999.0,8.7
63979.1,7.7,-18.1,-999.0,8.7
63989.1,7.7,-18.1,-999.0,8.7
63999.1,7.7,-18.1,-999.0,8.7
64009.1,7.7,-18.1,-999.0,8.7
64019.1,7.7,-18.0,-999.0,8.7
64029.2,7.8,-18.0,-999.0,8.7
64039.2,7.8,-18.0,-999.0,8.8
64049.2,7.7,-17.9,-999.0,8.7
64059.2,7.8,-17.8,-999.0,8.8
64069.2,7.8,-17.8,-999.0,8.8
64079.2,7.8,-17.8,-999.0,8.7
64089.2,7.8,-17.8,-999.0,8.8
64099.3,7.8,-17.8,-999.0,8.8
64109.3,7.7,-17.7,-999.0,8.9
64119.3,7.8,-17.8,-999.0,8.9
64129.3,7.8,-17.7,-999.0,8.7
64139.3,7.8,-17.7,-999.0,8.8
64149.3,7.8,-17.6,-999.0,8.8
64159.3,7.8,-17.6,-999.0,8.8
64169.3,7.8,-17.6,-999.0,8.8
64179.4,7.9,-17.5,-999.0,8.7
64189.4,7.9,-17.5,-999.0,8.8
64199.4,7.9,-17.5,-999.0,8.9
64209.4,7.8,-17.3,-999.0,8.8
64219.4,7.9,-17.3,-999.0,8.8
64229.4,7.8,-17.3,-999.0,8.8
64239.4,7.9,-17.3,-999.0,8.8
64249.5,7.9,-17.2,-999.0,8.8
64259.5,7.9,-17.1,-999.0,8.8
64269.5,7.9,-17.1,-999.0,8.8
64279.5,7.9,-17.1,-999.0,9.0
64289.6,7.9,-17.0,-999.0,8.8
64299.6,7.9,-17.0,-999.0,8.8
64309.6,7.9,-17.0,-999.0,8.8
64319.6,7.9,-17.0,-999.0,8.8
64329.7,8.0,-16.8,-999.0,8.9
64339.7,8.0,-16.8,-999.0,8.9
64349.7,8.0,-16.8,-999.0,8.8
64359.7,7.9,-16.7,-999.0,8.9
64369.7,7.9,-16.7,-999.0,9.0
64379.7,8.0,-16.5,-999.0,8.8
64389.8,8.0,-16.6,-999.0,8.9
64399.8,8.0,-16.5,-999.0,8.8
64409.8,8.0,-16.2,-999.0,8.8
64419.8,8.0,-16.4,-999.0,8.9
64429.8,8.0,-16.4,-999.0,8.9
64439.9,8.0,-16.1,-999.0,9.0
64449.9,8.0,-16.1,-999.0,8.9
64459.9,8.0,-16.0,-999.0,8.8
64469.9,8.0,-15.9,-999.0,9.0
64479.9,8.0,-15.8,-999.0,8.9
64489.9,8.0,-15.7,-999.0,8.9
64500.0,8.0,-15.7,-999.0,8.9
64510.0,8.0,-15.6,-999.0,9.0
64520.0,8.1,-15.5,-999.0,8.9
64530.0,8.0,-15.5,-999.0,8.9
64540.0,8.0,-15.5,-999.0,8.9
64550.0,8.0,-15.4,-999.0,8.9
64560.1,8.0,-15.3,-999.0,8.9
64570.1,8.0,-15.2,-999.0,8.9
64580.1,8.1,-15.1,-999.0,8.9
64590.1,8.1,-15.0,-999.0,8.9
64600.1,8.0,-14.9,-999.0,8.9
64610.1,8.1,-14.8,-999.0,8.9
64620.2,8.1,-14.7,-999.0,9.0
64630.2,8.1,-14.6,-999.0,8.9
64640.2,8.1,-14.4,-999.0,8.9
64650.2,8.1,-14.3,-999.0,8.9
64660.2,8.1,-14.2,-999.0,9.0
64670.2,8.1,-14.0,-999.0,8.9
64680.2,8.2,-13.8,-999.0,8.9
64690.3,8.2,-13.6,-999.0,9.0
64700.3,8.1,-13.5,-999.0,9.0
64710.3,8.2,-13.3,-999.0,8.9
64720.3,8.2,-13.2,-999.0,9.0
64730.3,8.2,-13.0,-999.0,8.9
64740.3,8.1,-12.9,-999.0,8.9
64750.3,8.2,-12.7,-999.0,9.0
64760.3,8.2,-12.5,-999.0,9.0
64770.4,8.2,-12.4,-999.0,9.0
64780.4,8.2,-12.0,-999.0,9.0
64790.4,8.2,-11.9,-999.0,9.0
64800.4,8.2,-11.7,-999.0,9.0
64810.4,8.2,-11.5,-999.0,9.0
64820.5,8.3,-11.3,-999.0,9.0
64830.5,8.2,-11.1,-999.0,9.0
64840.5,8.2,-10.8,-999.0,9.0
64850.5,8.2,-10.6,-999.0,9.0
64860.5,8.2,-10.4,-999.0,8.9
64870.5,8.2,-10.0,-999.0,9.0
64880.6,8.3,-9.9,-999.0,9.0
64890.6,8.2,-9.6,-999.0,9.2
64900.6,8.3,-9.2,-999.0,9.0
64910.6,8.2,-9.0,-999.0,9.1
64920.6,8.3,-8.8,-999.0,9.0
64930.6,8.2,-8.5,-999.0,9.0
64940.7,8.3,-8.4,-999.0,9.0
64950.7,8.3,-8.1,-999.0,9.0
64960.7,8.3,-7.8,-999.0,9.2
64970.7,8.3,-7.8,-999.0,9.0
64980.7,8.3,-7.4,-999.0,9.0
64990.7,8.3,-7.2,-999.0,9.0
65000.7,8.3,-7.0,-999.0,9.0
65010.8,8.3,-6.9,-999.0,9.0
65020.8,8.3,-6.7,-999.0,9.0
65030.8,8.3,-6.5,-999.0,9.0
65040.8,8.3,-6.3,-999.0,9.0
65050.8,8.3,-6.2,-999.0,9.0
65060.8,8.3,-6.0,-999.0,9.0
65070.9,8.3,-5.8,-999.0,9.0
65080.9,8.3,-5.6,-999.0,9.1
65090.9,8.3,-5.5,-999.0,9.1
65100.9,8.3,-5.3,-999.0,9.2
65110.9,8.3,-5.2,-999.0,9.2
65120.9,8.3,-5.0,-999.0,9.0
65130.9,8.4,-4.8,-999.0,9.0
65140.9,8.4,-4.5,-999.0,9.1
65151.0,8.3,-4.5,-999.0,9.0
65161.0,8.3,-4.2,-999.0,9.0
65171.0,8.3,-4.0,-999.0,9.1
65181.0,8.4,-3.8,-999.0,9.1
65191.0,8.4,-3.7,-999.0,9.1
65201.0,8.4,-3.3,-999.0,9.0
65211.1,8.5,-3.0,-999.0,9.2
65221.1,8.4,-2.9,-999.0,9.0
65231.1,8.4,-2.7,-999.0,9.0
65241.1,8.4,-2.5,-999.0,9.1
65251.1,8.4,-2.2,-999.0,9.1
65261.2,8.4,-2.0,-999.0,9.0
65271.2,8.4,-1.7,-999.0,9.2
65281.2,8.4,-1.6,-999.0,9.1
65291.3,8.4,-1.3,-999.0,9.0
65301.3,8.4,-1.1,-999.0,9.1
65311.3,8.4,-0.7,-999.0,9.0
65321.3,8.5,-0.6,-999.0,9.2
65331.3,8.5,-0.2,-999.0,9.1
65341.4,8.5,0.0,-999.0,9.1
65351.4,8.5,0.4,-999.0,9.0
65361.4,8.4,0.8,-999.0,9.0
65371.4,8.5,1.0,-999.0,9.2
65381.4,8.5,1.3,-999.0,9.1
65391.4,8.4,1.6,-999.0,9.2
65401.5,8.5,1.8,-999.0,9.2
65411.5,8.5,2.0,-999.0,9.0
65421.5,8.5,2.4,-999.0,9.1
65431.5,8.5,2.5,-999.0,9.1
65441.5,8.5,2.7,-999.0,9.1
65451.5,8.5,2.9,-999.0,9.1
65461.5,8.5,3.1,-999.0,9.1
65471.6,8.5,3.3,-999.0,9.1
65481.6,8.5,3.4,-999.0,9.1
65491.6,8.4,3.5,-999.0,9.3
65501.6,8.5,3.7,-999.0,9.1
65511.6,8.5,3.8,-999.0,9.1
65521.7,8.5,3.9,-999.0,9.1
65531.7,8.5,4.1,-999.0,9.1
65541.7,8.5,4.2,-999.0,9.1
65551.7,8.6,4.3,-999.0,9.1
65561.7,8.5,4.6,-999.0,9.1
65571.7,8.5,4.5,-999.0,9.2
65581.7,8.5,4.8,-999.0,9.2
65591.7,8.5,4.9,-999.0,9.2
65601.7,8.5,5.0,-999.0,9.2
65611.7,8.5,5.0,-999.0,9.1
65621.8,8.6,5.2,-999.0,9.2
65631.8,8.5,5.3,-999.0,9.3
65641.8,8.6,5.3,-999.0,9.1
65651.8,8.6,5.3,-999.0,9.3
65661.8,8.5,5.5,-999.0,9.2
65671.8,8.5,5.5,-999.0,9.3
65681.9,8.5,5.5,-999.0,9.2
65691.9,8.5,5.6,-999.0,9.3
65701.9,8.6,5.6,-999.0,9.2
65711.9,8.6,5.8,-999.0,9.2
65721.9,8.6,5.7,-999.0,9.2
65731.9,8.6,5.8,-999.0,9.2
65742.0,8.6,5.9,-999.0,9.2
65752.0,8.6,5.9,-999.0,9.2
65762.0,8.5,5.9,-999.0,9.3
65772.0,8.6,6.0,-999.0,9.2
65782.0,8.6,6.0,-999.0,9.2
65792.0,8.6,6.1,-999.0,9.2
65802.0,8.6,6.1,-999.0,9.2
65812.0,8.6,6.1,-999.0,9.2
65822.0,8.6,6.2,-999.0,9.2
65832.1,8.6,6.2,-999.0,9.2
65842.1,8.6,6.2,-999.0,9.2
65852.1,8.7,6.3,-999.0,9.2
65862.1,8.6,6.3,-999.0,9.3
65872.1,8.6,6.3,-999.0,9.2
65882.2,8.6,6.3,-999.0,9.2
65892.2,8.6,6.3,-999.0,9.2
65902.2,8.6,6.4,-999.0,9.2
65912.2,8.6,6.5,-999.0,9.2
65922.2,8.6,6.5,-999.0,9.2
65932.3,8.6,6.5,-999.0,9.2
65942.3,8.6,6.5,-999.0,9.4
65952.3,8.7,6.5,-999.0,9.2
65962.3,8.6,6.6,-999.0,9.4
65972.3,8.6,6.6,-999.0,9.2
65982.3,8.6,6.6,-999.0,9.2
65992.4,8.6,6.7,-999.0,9.2
66002.4,8.6,6.7,-999.0,9.2
66012.4,8.7,6.7,-999.0,9.2
66022.4,8.7,6.7,-999.0,9.2
66032.4,8.7,6.7,-999.0,9.2
66042.4,8.7,6.7,-999.0,9.2
66052.4,8.7,6.8,-999.0,9.3
66062.5,8.7,6.7,-999.0,9.2
66072.5,8.7,6.8,-999.0,9.2
66082.5,8.7,6.8,-999.0,9.2
66092.5,8.7,6.8,-999.0,9.2
66102.5,8.7,6.8,-999.0,9.2
66112.5,8.7,6.8,-999.0,9.2
66122.6,8.7,6.9,-999.0,9.3
66132.6,8.7,6.9,-999.0,9.3
66142.6,8.7,6.9,-999.0,9.2
66152.6,8.7,7.0,-999.0,9.2
66162.6,8.7,6.9,-999.0,9.2
66172.6,8.7,7.0,-999.0,9.2
66182.6,8.7,6.9,-999.0,9.2
66192.6,8.7,6.9,-999.0,9.2
66202.7,8.7,7.0,-999.0,9.3
66212.7,8.7,7.0,-999.0,9.4
66222.7,8.7,7.0,-999.0,9.3
66232.7,8.7,7.0,-999.0,9.3
66242.7,8.7,7.0,-999.0,9.2
66252.8,8.7,7.1,-999.0,9.2
66262.8,8.7,7.0,-999.0,9.3
66272.8,8.7,7.0,-999.0,9.2
66282.8,8.7,7.1,-999.0,9.4
66292.8,8.7,7.1,-999.0,9.3
66302.8,8.7,7.1,-999.0,9.5
66312.8,8.7,7.1,-999.0,9.3
66322.8,8.7,7.1,-999.0,9.3
66332.9,8.8,7.2,-999.0,9.4
66342.9,8.7,7.2,-999.0,9.3
66352.9,8.7,7.2,-999.0,9.3
66362.9,8.7,7.3,-999.0,9.3
66372.9,8.7,7.2,-999.0,9.3
66382.9,8.7,7.3,-999.0,9.3
66393.0,8.7,7.3,-999.0,9.3
66403.0,8.8,7.3,-999.0,9.3
66413.0,8.7,7.3,-999.0,9.3
66423.0,8.8,7.3,-999.0,9.3
66433.0,8.8,7.3,-999.0,9.3
66443.0,8.7,7.3,-999.0,9.5
66453.0,8.7,7.3,-999.0,9.4
66463.0,8.8,7.3,-999.0,9.3
66473.1,8.7,7.3,-999.0,9.5
66483.1,8.7,7.3,-999.0,9.3
66493.1,8.8,7.3,-999.0,9.3
66503.1,8.8,7.4,-999.0,9.3
66513.1,8.8,7.4,-999.0,9.3
66523.2,8.8,7.4,-999.0,9.3
66533.2,8.7,7.3,-999.0,9.5
66543.2,8.7,7.5,-999.0,9.5
66553.2,8.8,7.4,-999.0,9.3
66563.2,8.7,7.4,-999.0,9.5
66573.2,8.8,7.4,-999.0,9.4
66583.2,8.8,7.5,-999.0,9.6
66593.3,8.8,7.5,-999.0,9.3
66603.3,8.8,7.5,-999.0,9.4
66613.3,8.8,7.5,-999.0,9.5
66623.3,8.9,7.5,-999.0,9.3
66633.3,8.8,7.5,-999.0,9.3
66643.3,8.8,7.5,-999.0,9.3
66653.3,8.8,7.5,-999.0,9.3
66663.4,8.8,7.4,-999.0,9.3
66673.4,8.9,7.5,-999.0,9.4
66683.4,8.8,7.5,-999.0,9.4
66693.4,8.8,7.6,-999.0,9.5
66703.4,8.8,7.5,-999.0,9.4
66713.5,8.8,7.6,-999.0,9.4
66723.5,8.8,7.6,-999.0,9.4
66733.5,8.8,7.6,-999.0,9.4
66743.5,8.9,7.5,-999.0,9.4
66753.5,8.8,7.6,-999.0,9.4
66763.6,8.8,7.6,-999.0,9.5
66773.6,8.9,7.5,-999.0,9.4
66783.6,8.9,7.6,-999.0,9.4
66793.6,8.9,7.6,-999.0,9.4
66803.6,8.9,7.6,-999.0,9.4
66813.7,8.9,7.7,-999.0,9.5
66823.7,8.9,7.6,-999.0,9.4
66833.7,8.9,7.6,-999.0,9.4
66843.7,8.8,7.7,-999.0,9.4
66853.7,8.8,7.6,-999.0,9.4
66863.7,8.9,7.7,-999.0,9.4
66873.7,8.9,7.7,-999.0,9.4
66883.7,8.9,7.7,-999.0,9.4
66893.8,8.8,7.7,-999.0,9.6
66903.8,8.9,7.8,-999.0,9.4
66913.8,8.9,7.7,-999.0,9.4
66923.8,8.9,7.8,-999.0,9.4
66933.8,9.0,7.8,-999.0,9.4
66943.8,8.9,7.7,-999.0,9.4
66953.9,8.9,7.7,-999.0,9.5
66963.9,8.8,7.8,-999.0,9.5
66973.9,8.8,7.8,-999.0,9.5
66983.9,8.9,7.8,-999.0,9.4
66993.9,8.9,7.8,-999.0,9.4
67004.0,8.9,7.7,-999.0,9.4
67014.0,8.9,7.8,-999.0,9.5
67024.0,8.9,7.8,-999.0,9.5
67034.0,8.8,7.8,-999.0,9.6
67044.0,8.9,7.8,-999.0,9.5
67054.0,8.9,7.8,-999.0,9.5
67064.0,8.9,7.8,-999.0,9.6
67074.0,8.9,7.8,-999.0,9.4
67084.0,9.0,7.8,-999.0,9.5
67094.0,8.9,7.8,-999.0,9.5
67104.1,8.9,7.8,-999.0,9.5
67114.1,8.9,7.9,-999.0,9.5
67124.1,8.9,7.9,-999.0,9.5
67134.1,8.9,7.8,-999.0,9.5
67144.1,8.9,7.9,-999.0,9.5
67154.2,8.9,8.0,-999.0,9.5
67164.2,8.9,7.9,-999.0,9.6
67174.2,8.9,7.9,-999.0,9.5
67184.2,8.9,7.9,-999.0,9.5
67194.2,8.9,7.9,-999.0,9.5
67204.3,8.9,7.9,-999.0,9.5
67214.3,8.9,7.9,-999.0,9.6
67224.3,8.9,8.0,-999.0,9.5
67234.3,9.0,8.0,-999.0,9.7
67244.3,8.9,8.0,-999.0,9.5
67254.3,9.0,8.0,-999.0,9.5
67264.3,8.9,8.0,-999.0,9.5
67274.4,8.9,8.0,-999.0,9.5
67284.4,8.9,8.0,-999.0,9.5
67294.4,8.9,8.0,-999.0,9.6
67304.4,8.9,8.0,-999.0,9.5
67314.4,9.0,8.0,-999.0,9.5
67324.5,9.0,8.0,-999.0,9.7
67334.5,8.9,8.0,-999.0,9.5
67344.5,8.9,8.0,-999.0,9.5
67354.5,9.0,8.1,-999.0,9.6
67364.5,9.0,8.1,-999.0,9.5
67374.5,8.9,8.0,-999.0,9.5
67384.5,9.0,8.0,-999.0,9.5
67394.6,9.0,8.0,-999.0,9.5
67404.6,9.0,8.0,-999.0,9.5
67414.6,9.0,8.2,-999.0,9.6
67424.6,8.9,8.1,-999.0,9.5
67434.6,9.0,8.1,-999.0,9.5
67444.7,9.0,8.2,-999.0,9.5
67454.7,9.0,8.1,-999.0,9.5
67464.7,8.9,8.1,-999.0,9.5
67474.7,9.0,8.1,-999.0,9.5
67484.7,9.0,8.1,-999.0,9.5
67494.8,9.0,8.2,-999.0,9.7
67504.8,9.0,8.1,-999.0,9.5
67514.8,9.0,8.2,-999.0,9.5
67524.8,9.0,8.2,-999.0,9.5
67534.8,9.0,8.2,-999.0,9.5
67544.8,9.0,8.3,-999.0,9.7
67554.8,9.0,8.2,-999.0,9.5
67564.9,9.0,8.3,-999.0,9.5
67574.9,9.0,8.3,-999.0,9.7
67584.9,9.0,8.3,-999.0,9.5
67594.9,9.0,8.3,-999.0,9.7
67604.9,9.0,8.3,-999.0,9.6
67615.0,9.0,8.3,-999.0,9.5
67625.0,9.0,8.3,-999.0,9.5
67635.0,9.0,8.3,-999.0,9.5
67645.0,9.0,8.3,-999.0,9.5
67655.0,9.0,8.3,-999.0,9.5
67665.0,9.0,8.5,-999.0,9.7
67675.0,9.0,8.3,-999.0,9.5
67685.1,9.0,8.4,-999.0,9.5
67695.1,9.0,8.4,-999.0,9.6
67705.1,9.0,8.4,-999.0,9.6
67715.1,9.0,8.4,-999.0,9.5
67725.1,9.0,8.4,-999.0,9.7
67735.1,9.0,8.5,-999.0,9.6
67745.1,9.0,8.4,-999.0,9.6
67755.1,9.0,8.5,-999.0,9.5
67765.2,9.0,8.4,-999.0,9.5
67775.2,9.0,8.4,-999.0,9.7
67785.2,9.0,8.6,-999.0,9.5
67795.2,9.1,8.5,-999.0,9.5
67805.2,9.0,8.5,-999.0,9.7
67815.3,9.0,8.5,-999.0,9.6
67825.3,9.0,8.5,-999.0,9.6
67835.3,9.0,8.5,-999.0,9.6
67845.3,9.1,8.7,-999.0,9.7
67855.3,9.0,8.5,-999.0,9.6
67865.4,9.0,8.6,-999.0,9.7
67875.4,9.0,8.5,-999.0,9.5
67885.4,9.0,8.5,-999.0,9.5
67895.4,9.0,8.5,-999.0,9.6
67905.4,9.0,8.6,-999.0,9.6
67915.4,9.0,8.5,-999.0,9.7
67925.4,9.0,8.5,-999.0,9.6
67935.4,9.0,8.6,-999.0,9.7
67945.4,9.1,8.8,-999.0,9.6
67955.5,9.1,8.6,-999.0,9.6
67965.5,9.0,8.6,-999.0,9.6
67975.5,9.1,8.6,-999.0,9.5
67985.5,9.1,8.6,-999.0,9.6
67995.5,9.0,8.6,-999.0,9.7
68005.5,9.0,8.8,-999.0,9.6
68015.6,9.0,8.6,-999.0,9.6
68025.6,9.0,8.8,-999.0,9.6
68035.6,9.0,8.8,-999.0,9.6
68045.6,9.0,8.9,-999.0,9.6
68055.6,9.0,8.6,-999.0,9.7
68065.6,9.0,8.8,-999.0,9.7
68075.6,9.1,8.8,-999.0,9.6
68085.7,9.0,8.7,-999.0,9.7
68095.7,9.1,8.9,-999.0,9.6
68105.7,9.1,8.9,-999.0,9.6
68115.7,9.2,8.9,-999.0,9.6
68125.7,9.0,8.7,-999.0,9.7
68135.7,9.0,8.9,-999.0,9.7
68145.7,9.2,8.7,-999.0,9.7
68155.7,9.1,8.7,-999.0,9.7
68165.8,9.2,8.7,-999.0,9.7
68175.8,9.1,8.7,-999.0,9.6
68185.8,9.1,8.9,-999.0,9.6
68195.8,9.1,8.7,-999.0,9.6
68205.8,9.2,8.9,-999.0,9.7
68215.8,9.1,8.7,-999.0,9.8
68225.8,9.1,8.8,-999.0,9.6
68235.9,9.1,9.0,-999.0,9.7
68245.9,9.1,9.0,-999.0,9.7
68255.9,9.2,9.0,-999.0,9.7
68265.9,9.1,9.0,-999.0,9.6
68275.9,9.1,9.0,-999.0,9.7
68285.9,9.2,8.8,-999.0,9.6
68295.9,9.2,8.8,-999.0,9.6
68305.9,9.2,8.8,-999.0,9.7
68316.0,9.2,8.8,-999.0,9.6
68326.0,9.1,9.0,-999.0,9.6
68336.0,9.2,9.0,-999.0,9.6
68346.0,9.1,9.0,-999.0,9.7
68356.0,9.2,9.0,-999.0,9.7
68366.0,9.1,9.0,-999.0,9.6
68376.1,9.2,9.1,-999.0,9.7
68386.1,9.2,8.8,-999.0,9.6
68396.1,9.1,9.0,-999.0,9.6
68406.1,9.2,9.0,-999.0,9.7
68416.1,9.1,9.1,-999.0,9.7
68426.1,9.2,9.0,-999.0,9.8
68436.2,9.2,8.8,-999.0,9.7
68446.2,9.2,8.8,-999.0,9.7
68456.2,9.1,9.1,-999.0,9.7
68466.2,9.2,9.0,-999.0,9.7
68476.2,9.2,9.0,-999.0,9.6
68486.2,9.2,9.0,-999.0,9.7
68496.2,9.2,9.1,-999.0,9.6
68506.2,9.1,9.0,-999.0,9.7
68516.3,9.2,9.0,-999.0,9.7
68526.3,9.2,9.1,-999.0,9.7
68536.3,9.2,9.1,-999.0,9.7
68546.3,9.2,9.1,-999.0,9.7
68556.3,9.1,9.0,-999.0,9.7
68566.3,9.2,9.1,-999.0,9.6
68576.3,9.1,9.1,-999.0,9.8
68586.4,9.1,9.1,-999.0,9.7
68596.4,9.2,9.2,-999.0,9.7
68606.4,9.1,9.1,-999.0,9.7
68616.4,9.2,9.2,-999.0,9.7
68626.4,9.2,9.1,-999.0,9.7
68636.4,9.2,9.2,-999.0,9.6
68646.5,9.2,9.2,-999.0,9.7
68656.5,9.2,9.2,-999.0,9.8
68666.5,9.2,9.1,-999.0,9.7
68676.5,9.2,9.2,-999.0,9.7
68686.6,9.2,9.2,-999.0,9.8
68696.6,9.2,9.2,-999.0,9.7
68706.6,9.2,9.2,-999.0,9.8
68716.6,9.2,9.2,-999.0,9.7
68726.7,9.2,9.2,-999.0,9.7
68736.7,9.2,9.2,-999.0,9.8
68746.7,9.2,9.2,-999.0,9.7
68756.7,9.2,9.2,-999.0,9.7
68766.7,9.2,9.2,-999.0,9.7
68776.7,9.2,9.2,-999.0,9.6
68786.8,9.2,9.2,-999.0,9.7
68796.8,9.2,9.2,-999.0,9.7
68806.8,9.2,9.2,-999.0,9.7
68816.8,9.2,9.2,-999.0,9.7
68826.8,9.2,9.2,-999.0,9.7
68836.8,9.2,9.2,-999.0,9.8
68846.9,9.2,9.2,-999.0,9.7
68856.9,9.2,9.2,-999.0,9.7
68866.9,9.2,9.3,-999.0,9.8
68876.9,9.2,9.2,-999.0,9.7
68886.9,9.2,9.3,-999.0,9.8
68896.9,9.2,9.2,-999.0,9.7
68907.0,9.2,9.2,-999.0,9.7
68917.0,9.2,9.3,-999.0,9.7
68927.0,9.2,9.2,-999.0,9.7
68937.0,9.2,9.2,-999.0,9.7
68947.0,9.2,9.2,-999.0,9.7
68957.0,9.2,9.2,-999.0,9.7
68967.1,9.2,9.3,-999.0,9.7
68977.1,9.2,9.2,-999.0,9.7
68987.1,9.2,9.3,-999.0,9.8
68997.1,9.2,9.2,-999.0,9.7
69007.1,9.2,9.4,-999.0,9.9
69017.1,9.2,9.3,-999.0,9.7
69027.1,9.2,9.3,-999.0,9.7
69037.1,9.2,9.2,-999.0,9.7
69047.2,9.2,9.3,-999.0,9.7
69057.2,9.2,9.4,-999.0,9.9
69067.2,9.2,9.3,-999.0,9.7
69077.2,9.2,9.3,-999.0,9.7
69087.2,9.2,9.4,-999.0,9.9
69097.2,9.2,9.3,-999.0,9.7
69107.2,9.2,9.4,-999.0,9.7
69117.2,9.2,9.3,-999.0,9.7
69127.3,9.2,9.4,-999.0,9.9
69137.3,9.2,9.3,-999.0,9.7
69147.3,9.2,9.4,-999.0,9.7
69157.3,9.3,9.3,-999.0,9.7
69167.3,9.2,9.4,-999.0,9.7
69177.4,9.3,9.3,-999.0,9.9
69187.4,9.2,9.4,-999.0,9.9
69197.4,9.3,9.4,-999.0,9.7
69207.4,9.3,9.4,-999.0,9.7
69217.4,9.3,9.4,-999.0,9.8
69227.4,9.3,9.4,-999.0,9.7
69237.4,9.2,9.3,-999.0,9.7
69247.4,9.3,9.4,-999.0,9.7
69257.5,9.2,9.4,-999.0,9.7
69267.5,9.3,9.4,-999.0,9.8
69277.5,9.3,9.4,-999.0,9.9
69287.5,9.3,9.4,-999.0,9.7
69297.5,9.3,9.4,-999.0,9.8
69307.5,9.3,9.4,-999.0,9.9
69317.5,9.3,9.4,-999.0,9.7
69327.6,9.2,9.4,-999.0,9.8
69337.6,9.2,9.4,-999.0,9.9
69347.6,9.3,9.4,-999.0,9.7
69357.6,9.3,9.5,-999.0,9.7
69367.6,9.3,9.4,-999.0,9.8
69377.7,9.3,9.5,-999.0,9.9
69387.7,9.3,9.4,-999.0,9.8
69397.7,9.3,9.4,-999.0,9.7
69407.7,9.3,9.4,-999.0,9.8
69417.7,9.3,9.5,-999.0,9.8
69427.7,9.3,9.4,-999.0,9.8
69437.7,9.3,9.5,-999.0,9.8
69447.7,9.2,9.4,-999.0,9.7
69457.7,9.3,9.5,-999.0,9.8
69467.7,9.3,9.4,-999.0,9.7
69477.8,9.3,9.5,-999.0,9.8
69487.8,9.3,9.5,-999.0,9.9
69497.8,9.3,9.5,-999.0,9.7
69507.8,9.3,9.5,-999.0,9.8
69517.8,9.2,9.5,-999.0,9.9
69527.8,9.3,9.5,-999.0,9.8
69537.9,9.3,9.5,-999.0,9.8
69547.9,9.3,9.5,-999.0,9.8
69557.9,9.3,9.5,-999.0,9.9
69567.9,9.3,9.6,-999.0,9.9
69577.9,9.3,9.6,-999.0,9.8
69587.9,9.3,9.6,-999.0,9.9
69597.9,9.4,9.5,-999.0,9.8
69607.9,9.3,9.6,-999.0,9.8
69618.0,9.3,9.6,-999.0,9.8
69628.0,9.4,9.5,-999.0,9.8
69638.0,9.3,9.5,-999.0,9.8
69648.0,9.3,9.5,-999.0,9.8
69658.0,9.3,9.6,-999.0,9.9
69668.0,9.3,9.5,-999.0,9.8
69678.0,9.3,9.6,-999.0,9.8
69688.0,9.3,9.6,-999.0,10.0
69698.1,9.4,9.6,-999.0,9.8
69708.1,9.4,9.6,-999.0,9.8
69718.1,9.3,9.6,-999.0,9.8
69728.1,9.4,9.5,-999.0,9.8
69738.1,9.3,9.5,-999.0,9.7
69748.1,9.3,9.5,-999.0,9.9
69758.2,9.4,9.6,-999.0,9.9
69768.2,9.4,9.6,-999.0,9.8
69778.2,9.4,9.6,-999.0,9.8
69788.2,9.3,9.6,-999.0,9.8
69798.2,9.4,9.6,-999.0,9.9
69808.3,9.4,9.6,-999.0,9.8
69818.3,9.4,9.6,-999.0,9.8
69828.3,9.4,9.6,-999.0,9.8
69838.3,9.4,9.6,-999.0,9.8
69848.3,9.3,9.6,-999.0,9.8
69858.3,9.4,9.6,-999.0,9.9
69868.3,9.4,9.6,-999.0,9.9
69878.3,9.4,9.6,-999.0,9.9
69888.4,9.4,9.6,-999.0,9.9
69898.4,9.4,9.7,-999.0,9.9
69908.4,9.4,9.6,-999.0,9.9
69918.4,9.4,9.6,-999.0,9.8
69928.4,9.4,9.6,-999.0,9.9
69938.4,9.4,9.6,-999.0,9.8
69948.4,9.4,9.6,-999.0,9.9
69958.5,9.4,9.6,-999.0,9.9
69968.5,9.4,9.7,-999.0,9.8
69978.5,9.4,9.6,-999.0,9.8
69988.5,9.4,9.6,-999.0,9.9
69998.5,9.4,9.7,-999.0,9.8
70008.6,9.4,9.7,-999.0,9.9
70018.6,9.4,9.6,-999.0,9.8
70028.6,9.4,9.7,-999.0,9.9
70038.6,9.4,9.6,-999.0,9.8
70048.6,9.4,9.7,-999.0,10.0
70058.7,9.4,9.7,-999.0,9.9
70068.7,9.4,9.7,-999.0,9.8
70078.7,9.4,9.7,-999.0,9.9
70088.7,9.4,9.6,-999.0,9.9
70098.7,9.4,9.6,-999.0,10.0
70108.7,9.4,9.7,-999.0,9.9
70118.7,9.4,9.7,-999.0,9.9
70128.8,9.4,9.6,-999.0,9.9
70138.8,9.4,9.7,-999.0,9.9
70148.8,9.4,9.7,-999.0,9.9
70158.8,9.4,9.7,-999.0,10.0
70168.8,9.4,9.7,-999.0,9.9
70178.8,9.4,9.7,-999.0,9.9
70188.8,9.4,9.7,-999.0,9.9
70198.9,9.4,9.7,-999.0,9.9
70208.9,9.4,9.7,-999.0,9.9
70218.9,9.4,9.7,-999.0,9.9
70228.9,9.4,9.8,-999.0,9.9
70238.9,9.4,9.7,-999.0,9.9
70248.9,9.4,9.7,-999.0,9.9
70258.9,9.4,9.7,-999.0,9.9
70268.9,9.4,9.8,-999.0,10.0
70279.0,9.4,9.8,-999.0,9.9
70289.0,9.4,9.7,-999.0,9.9
70299.0,9.4,9.7,-999.0,9.9
70309.0,9.4,9.7,-999.0,9.9
70319.0,9.4,9.8,-999.0,9.9
70329.0,9.4,9.8,-999.0,9.9
70339.1,9.5,9.8,-999.0,9.9
70349.1,9.4,9.7,-999.0,9.9
70359.1,9.4,9.8,-999.0,9.8
70369.1,9.4,9.7,-999.0,10.0
70379.1,9.4,9.8,-999.0,9.9
70389.2,9.4,9.8,-999.0,9.9
70399.2,9.4,9.8,-999.0,9.8
70409.2,9.4,9.7,-999.0,9.9
70419.2,9.4,9.8,-999.0,9.9
70429.2,9.4,9.8,-999.0,9.9
70439.2,9.4,9.7,-999.0,9.9
70449.3,9.4,9.8,-999.0,9.9
70459.3,9.4,9.8,-999.0,9.9
70469.3,9.5,9.8,-999.0,9.9
70479.3,9.4,9.8,-999.0,9.9
70489.3,9.4,9.8,-999.0,9.9
70499.3,9.4,9.8,-999.0,9.9
70509.4,9.4,9.8,-999.0,9.9
70519.4,9.4,9.8,-999.0,9.9
70529.4,9.4,9.8,-999.0,9.9
70539.4,9.5,9.8,-999.0,10.0
70549.4,9.4,9.8,-999.0,10.0
70559.4,9.4,9.8,-999.0,9.9
70569.5,9.5,9.8,-999.0,9.9
70579.5,9.5,9.8,-999.0,9.9
70589.5,9.4,9.8,-999.0,9.9
70599.5,9.4,9.8,-999.0,9.9
70609.6,9.5,9.9,-999.0,10.0
70619.6,9.4,9.8,-999.0,10.1
70629.6,9.5,9.8,-999.0,9.9
70639.6,9.4,9.8,-999.0,9.9
70649.6,9.5,9.8,-999.0,9.9
70659.7,9.5,9.8,-999.0,10.0
70669.7,9.5,9.8,-999.0,9.9
70679.7,9.5,9.9,-999.0,9.9
70689.7,9.5,9.9,-999.0,9.9
70699.8,9.5,9.9,-999.0,10.0
70709.8,9.5,9.8,-999.0,9.9
70719.8,9.5,9.8,-999.0,9.9
70729.8,9.5,9.9,-999.0,9.9
70739.8,9.5,9.8,-999.0,9.9
70749.8,9.4,9.9,-999.0,10.0
70759.8,9.5,9.9,-999.0,9.9
70769.9,9.4,9.9,-999.0,9.9
70779.9,9.5,9.8,-999.0,9.9
70789.9,9.4,9.9,-999.0,9.9
70799.9,9.4,9.8,-999.0,10.1
70809.9,9.5,9.8,-999.0,9.9
70820.0,9.5,9.8,-999.0,9.9
70830.0,9.5,9.9,-999.0,9.9
70840.0,9.5,9.9,-999.0,10.0
70850.0,9.5,9.9,-999.0,9.9
70860.0,9.4,9.9,-999.0,10.1
70870.0,9.4,9.9,-999.0,10.0
70880.0,9.5,9.9,-999.0,9.9
70890.1,9.4,9.9,-999.0,10.1
70900.1,9.5,9.9,-999.0,9.9
70910.1,9.5,9.9,-999.0,9.9
70920.1,9.4,9.9,-999.0,9.9
70930.1,9.5,9.9,-999.0,9.9
70940.1,9.4,9.9,-999.0,9.9
70950.2,9.6,9.8,-999.0,10.0
70960.2,9.4,9.9,-999.0,9.9
70970.2,9.5,9.9,-999.0,9.9
70980.2,9.5,9.9,-999.0,9.9
70990.2,9.5,9.9,-999.0,9.9
71000.2,9.5,9.9,-999.0,9.9
71010.3,9.5,9.9,-999.0,9.9
71020.3,9.5,9.9,-999.0,9.9
71030.3,9.5,9.9,-999.0,10.0
71040.3,9.5,9.9,-999.0,9.9
71050.3,9.5,9.9,-999.0,10.0
71060.3,9.5,9.8,-999.0,9.9
71070.3,9.5,9.9,-999.0,9.9
71080.4,9.5,9.9,-999.0,9.9
71090.4,9.5,9.9,-999.0,9.9
71100.4,9.5,9.9,-999.0,10.1
71110.4,9.5,9.9,-999.0,9.9
71120.5,9.5,9.9,-999.0,9.9
71130.5,9.5,9.9,-999.0,9.9
71140.5,9.5,9.9,-999.0,9.9
71150.5,9.5,9.9,-999.0,9.9
71160.5,9.5,9.9,-999.0,10.1
71170.6,9.5,9.9,-999.0,9.9
71180.6,9.5,9.9,-999.0,10.0
71190.6,9.5,9.9,-999.0,9.9
71200.6,9.5,9.9,-999.0,9.9
71210.6,9.5,9.9,-999.0,10.0
71220.6,9.5,9.9,-999.0,10.0
71230.7,9.5,9.9,-999.0,9.9
71240.7,9.5,9.9,-999.0,9.9
71250.7,9.5,9.9,-999.0,10.0
71260.7,9.5,9.9,-999.0,9.9
71270.7,9.5,9.9,-999.0,10.1
71280.8,9.5,9.9,-999.0,10.0
71290.8,9.5,9.9,-999.0,10.1
71300.8,9.5,9.9,-999.0,10.0
71310.8,9.5,10.0,-999.0,10.1
71320.8,9.5,10.0,-999.0,9.9
71330.9,9.5,9.9,-999.0,9.9
71340.9,9.5,9.9,-999.0,9.9
71350.9,9.6,9.9,-999.0,9.9
71360.9,9.5,9.9,-999.0,10.0
71370.9,9.5,9.9,-999.0,10.0
71380.9,9.6,10.0,-999.0,10.0
71390.9,9.6,9.9,-999.0,9.9
71401.0,9.5,10.0,-999.0,10.2
71411.0,9.5,10.0,-999.0,10.1
71421.0,9.5,9.9,-999.0,10.0
71431.0,9.5,9.9,-999.0,9.9
71441.0,9.5,10.0,-999.0,10.0
71451.1,9.6,10.0,-999.0,10.0
71461.1,9.6,9.9,-999.0,10.0
71471.1,9.6,9.9,-999.0,10.2
71481.1,9.5,9.9,-999.0,10.0
71491.2,9.6,9.9,-999.0,10.0
71501.2,9.6,10.0,-999.0,10.1
71511.2,9.6,9.9,-999.0,10.0
71521.2,9.5,9.9,-999.0,10.0
71531.3,9.6,10.0,-999.0,10.0
71541.3,9.5,10.0,-999.0,10.0
71551.3,9.5,9.9,-999.0,10.0
71561.3,9.6,10.0,-999.0,10.0
71571.3,9.6,9.9,-999.0,9.9
71581.3,9.6,10.0,-999.0,10.1
71591.3,9.5,10.0,-999.0,9.9
71601.3,9.6,9.9,-999.0,10.2
71611.4,9.5,9.9,-999.0,9.9
71621.4,9.6,10.0,-999.0,10.2
71631.4,9.6,9.9,-999.0,10.0
71641.4,9.6,9.9,-999.0,10.0
71651.4,9.6,9.9,-999.0,10.0
71661.4,9.6,9.9,-999.0,10.0
71671.5,9.5,10.0,-999.0,10.0
71681.5,9.6,9.9,-999.0,10.0
71691.5,9.6,10.0,-999.0,10.0
71701.5,9.5,10.0,-999.0,10.1
71711.5,9.5,10.0,-999.0,10.0
71721.6,9.5,10.0,-999.0,9.9
71731.6,9.6,10.0,-999.0,10.1
71741.6,9.6,9.9,-999.0,10.2
71751.7,9.6,10.0,-999.0,10.0
71761.7,9.6,9.9,-999.0,10.0
71771.7,9.6,10.1,-999.0,10.0
71781.7,9.6,10.0,-999.0,10.0
71791.7,9.6,9.9,-999.0,10.0
71801.8,9.6,10.0,-999.0,10.0
71811.8,9.6,10.0,-999.0,10.2
71821.8,9.6,10.0,-999.0,10.0
71831.8,9.5,10.1,-999.0,10.0
71841.8,9.6,9.9,-999.0,10.0
71851.8,9.6,10.1,-999.0,10.2
71861.8,9.6,10.0,-999.0,10.0
71871.9,9.6,10.0,-999.0,10.0
71881.9,9.6,10.0,-999.0,10.2
71891.9,9.6,10.0,-999.0,10.0
71901.9,9.6,10.0,-999.0,10.0
71911.9,9.6,10.1,-999.0,10.2
71921.9,9.6,10.1,-999.0,10.1
71931.9,9.6,10.0,-999.0,10.0
71942.0,9.6,10.1,-999.0,10.0
71952.0,9.6,10.0,-999.0,10.0
71962.0,9.6,10.0,-999.0,10.0
71972.0,9.6,10.0,-999.0,10.0
71982.0,9.6,10.1,-999.0,10.2
71992.1,9.6,10.0,-999.0,10.0
72002.1,9.5,10.1,-999.0,10.2
72012.1,9.6,10.0,-999.0,10.0
72022.1,9.6,10.0,-999.0,10.2
72032.1,9.6,10.0,-999.0,10.0
72042.1,9.5,10.1,-999.0,10.2
72052.1,9.6,10.0,-999.0,10.0
72062.1,9.6,10.0,-999.0,10.0
72072.2,9.6,10.0,-999.0,10.0
72082.2,9.6,10.1,-999.0,10.1
72092.2,9.5,10.1,-999.0,10.2
72102.2,9.6,10.1,-999.0,10.0
72112.3,9.6,10.0,-999.0,10.0
72122.3,9.6,10.0,-999.0,10.0
72132.3,9.6,10.1,-999.0,10.1
72142.3,9.6,10.0,-999.0,10.0
72152.3,9.6,10.0,-999.0,10.0
72162.3,9.6,10.1,-999.0,10.2
72172.3,9.6,10.0,-999.0,10.0
72182.4,9.6,10.0,-999.0,10.0
72192.4,9.5,10.1,-999.0,10.0
72202.4,9.6,10.1,-999.0,10.0
72212.4,9.6,10.0,-999.0,10.0
72222.4,9.6,10.1,-999.0,10.0
72232.4,9.6,10.1,-999.0,10.0
72242.5,9.6,10.0,-999.0,10.0
72252.5,9.5,10.1,-999.0,10.2
72262.5,9.6,10.0,-999.0,10.0
72272.5,9.6,10.1,-999.0,10.0
72282.5,9.6,10.1,-999.0,10.1
72292.5,9.5,10.1,-999.0,10.0
72302.6,9.6,10.1,-999.0,10.0
72312.6,9.6,10.1,-999.0,10.0
72322.6,9.6,10.1,-999.0,10.0
72332.6,9.6,10.0,-999.0,10.0
72342.6,9.6,10.0,-999.0,10.2
72352.7,9.6,10.1,-999.0,10.0
72362.7,9.6,10.1,-999.0,10.2
72372.7,9.6,10.1,-999.0,10.0
72382.7,9.5,10.1,-999.0,10.0
72392.7,9.6,10.0,-999.0,10.1
72402.8,9.6,10.1,-999.0,10.0
72412.8,9.7,10.1,-999.0,10.1
72422.8,9.6,10.1,-999.0,10.0
72432.8,9.7,10.1,-999.0,10.2
72442.9,9.6,10.1,-999.0,10.0
72452.9,9.6,10.1,-999.0,10.0
72462.9,9.6,10.1,-999.0,10.2
72472.9,9.6,10.1,-999.0,10.2
72482.9,9.6,10.1,-999.0,10.0
72492.9,9.7,10.1,-999.0,10.0
72503.0,9.6,10.1,-999.0,10.0
72513.0,9.6,10.1,-999.0,10.1
72523.0,9.6,10.1,-999.0,10.0
72533.0,9.6,10.1,-999.0,10.2
72543.0,9.6,10.1,-999.0,10.1
72553.0,9.6,10.1,-999.0,10.1
72563.1,9.6,10.1,-999.0,10.1
72573.1,9.6,10.1,-999.0,10.1
72583.1,9.6,10.1,-999.0,10.0
72593.1,9.6,10.1,-999.0,10.1
72603.1,9.6,10.1,-999.0,10.0
72613.1,9.6,10.1,-999.0,10.2
72623.2,9.6,10.0,-999.0,10.1
72633.2,9.6,10.1,-999.0,10.2
72643.2,9.6,10.1,-999.0,10.1
72653.2,9.6,10.1,-999.0,10.0
72663.2,9.6,10.1,-999.0,10.0
72673.2,9.6,10.1,-999.0,10.1
72683.3,9.6,10.1,-999.0,10.2
72693.3,9.6,10.1,-999.0,10.0
72703.3,9.6,10.1,-999.0,10.1
72713.3,9.6,10.1,-999.0,10.1
72723.3,9.6,10.1,-999.0,10.1
72733.3,9.6,10.2,-999.0,10.1
72743.3,9.6,10.1,-999.0,10.0
72753.4,9.6,10.1,-999.0,10.0
72763.4,9.6,10.1,-999.0,10.1
72773.4,9.6,10.1,-999.0,10.1
72783.4,9.6,10.1,-999.0,10.2
72793.4,9.6,10.1,-999.0,10.1
72803.4,9.6,10.1,-999.0,10.1
72813.4,9.7,10.1,-999.0,10.2
72823.5,9.6,10.1,-999.0,10.0
72833.5,9.6,10.1,-999.0,10.0
72843.5,9.6,10.1,-999.0,10.0
72853.5,9.7,10.1,-999.0,10.1
72863.5,9.6,10.1,-999.0,10.1
72873.6,9.7,10.1,-999.0,10.1
72883.6,9.6,10.1,-999.0,10.0
72893.6,9.7,10.1,-999.0,10.0
72903.6,9.6,10.1,-999.0,10.1
72913.6,9.6,10.1,-999.0,10.1
72923.6,9.7,10.1,-999.0,10.2
72933.7,9.6,10.1,-999.0,10.2
72943.7,9.6,10.1,-999.0,10.1
72953.7,9.7,10.1,-999.0,10.1
72963.7,9.6,10.1,-999.0,10.1
72973.7,9.6,10.1,-999.0,10.1
72983.7,9.6,10.1,-999.0,10.1
72993.7,9.6,10.1,-999.0,10.2
73003.8,9.6,10.1,-999.0,10.2
73013.8,9.6,10.1,-999.0,10.1
73023.8,9.6,10.1,-999.0,10.0
73033.8,9.6,10.1,-999.0,10.1
73043.8,9.6,10.2,-999.0,10.2
73053.8,9.6,10.1,-999.0,10.1
73063.8,9.7,10.1,-999.0,10.0
73073.8,9.6,10.1,-999.0,10.2
73083.8,9.6,10.1,-999.0,10.1
73093.9,9.6,10.1,-999.0,10.0
73103.9,9.6,10.1,-999.0,10.1
73113.9,9.6,10.1,-999.0,10.2
73123.9,9.6,10.1,-999.0,10.1
73134.0,9.6,10.1,-999.0,10.1
73144.0,9.6,10.1,-999.0,10.2
73154.0,9.6,10.1,-999.0,10.1
73164.0,9.6,10.1,-999.0,10.2
73174.1,9.6,10.1,-999.0,10.2
73184.1,9.6,10.1,-999.0,10.1
73194.1,9.6,10.1,-999.0,10.1
73204.1,9.6,10.1,-999.0,10.1
73214.1,9.6,10.1,-999.0,10.1
73224.1,9.6,10.1,-999.0,10.1
73234.1,9.6,10.1,-999.0,10.1
73244.2,9.6,10.1,-999.0,10.1
73254.2,9.6,10.1,-999.0,10.1
73264.2,9.6,10.2,-999.0,10.0
73274.2,9.7,10.1,-999.0,10.1
73284.2,9.7,10.2,-999.0,10.2
73294.3,9.7,10.1,-999.0,10.1
73304.3,9.6,10.1,-999.0,10.1
73314.3,9.7,10.1,-999.0,10.1
73324.3,9.6,10.1,-999.0,10.1
73334.3,9.6,10.1,-999.0,10.1
73344.3,9.6,10.1,-999.0,10.0
73354.4,9.6,10.1,-999.0,10.1
73364.4,9.7,10.1,-999.0,10.1
73374.4,9.7,10.1,-999.0,10.1
73384.4,9.7,10.1,-999.0,10.2
73394.4,9.7,10.1,-999.0,10.1
73404.5,9.6,10.2,-999.0,10.1
73414.5,9.7,10.1,-999.0,10.0
73424.5,9.7,10.1,-999.0,10.1
73434.5,9.7,10.2,-999.0,10.2
73444.5,9.6,10.1,-999.0,10.1
73454.6,9.7,10.2,-999.0,10.1
73464.6,9.7,10.2,-999.0,10.1
73474.6,9.6,10.1,-999.0,10.1
73484.6,9.7,10.1,-999.0,10.1
73494.7,9.6,10.1,-999.0,10.2
73504.7,9.6,10.1,-999.0,10.2
73514.7,9.6,10.1,-999.0,10.1
73524.7,9.6,10.1,-999.0,10.1
73534.8,9.7,10.1,-999.0,10.1
73544.8,9.7,10.1,-999.0,10.1
73554.8,9.7,10.1,-999.0,10.1
73564.8,9.7,10.1,-999.0,10.1
73574.8,9.7,10.1,-999.0,10.2
73584.8,9.7,10.2,-999.0,10.1
73594.8,9.6,10.1,-999.0,10.1
73604.9,9.6,10.2,-999.0,10.1
73614.9,9.7,10.2,-999.0,10.1
73624.9,9.7,10.1,-999.0,10.1
73634.9,9.7,10.1,-999.0,10.1
73644.9,9.7,10.1,-999.0,10.2
73654.9,9.7,10.1,-999.0,10.1
73664.9,9.6,10.2,-999.0,10.2
73674.9,9.6,10.2,-999.0,10.3
73684.9,9.7,10.1,-999.0,10.1
73694.9,9.7,10.2,-999.0,10.2
73705.0,9.6,10.2,-999.0,10.2
73715.0,9.7,10.1,-999.0,10.1
73725.0,9.7,10.1,-999.0,10.1
73735.0,9.7,10.1,-999.0,10.1
73745.0,9.6,10.2,-999.0,10.2
73755.1,9.7,10.1,-999.0,10.1
73765.1,9.6,10.1,-999.0,10.1
73775.1,9.7,10.1,-999.0,10.1
73785.1,9.7,10.1,-999.0,10.1
73795.1,9.6,10.1,-999.0,10.1
73805.1,9.7,10.2,-999.0,10.3
73815.2,9.7,10.1,-999.0,10.1
73825.2,9.7,10.1,-999.0,10.1
73835.2,9.7,10.2,-999.0,10.1
73845.2,9.7,10.2,-999.0,10.2
73855.2,9.7,10.2,-999.0,10.1
73865.2,9.6,10.2,-999.0,10.1
73875.3,9.7,10.1,-999.0,10.1
73885.3,9.7,10.2,-999.0,10.2
73895.3,9.6,10.1,-999.0,10.1
73905.3,9.7,10.1,-999.0,10.2
73915.3,9.6,10.1,-999.0,10.1
73925.3,9.7,10.2,-999.0,10.2
73935.4,9.7,10.2,-999.0,10.2
73945.4,9.7,10.1,-999.0,10.1
73955.4,9.7,10.2,-999.0,10.1
73965.4,9.6,10.2,-999.0,10.1
73975.4,9.7,10.1,-999.0,10.1
73985.4,9.7,10.1,-999.0,10.3
73995.4,9.7,10.1,-999.0,10.2
74005.5,9.6,10.2,-999.0,10.3
74015.5,9.7,10.1,-999.0,10.2
74025.5,9.7,10.2,-999.0,10.2
74035.5,9.7,10.2,-999.0,10.1
74045.5,9.7,10.2,-999.0,10.2
74055.5,9.7,10.1,-999.0,10.1
74065.5,9.8,10.2,-999.0,10.1
74075.5,9.7,10.2,-999.0,10.1
74085.6,9.7,10.2,-999.0,10.1
74095.6,9.8,10.2,-999.0,10.1
74105.6,9.7,10.1,-999.0,10.1
74115.6,9.7,10.2,-999.0,10.2
74125.6,9.6,10.2,-999.0,10.3
74135.6,9.7,10.2,-999.0,10.2
74145.7,9.7,10.2,-999.0,10.1
74155.7,9.7,10.2,-999.0,10.1
74165.7,9.7,10.2,-999.0,10.2
74175.7,9.7,10.1,-999.0,10.2
74185.7,9.7,10.2,-999.0,10.2
74195.7,9.6,10.2,-999.0,10.1
74205.8,9.7,10.1,-999.0,10.3
74215.8,9.7,10.2,-999.0,10.2
74225.8,9.7,10.2,-999.0,10.2
74235.8,9.7,10.2,-999.0,10.2
74245.8,9.7,10.2,-999.0,10.2
74255.8,9.7,10.2,-999.0,10.2
74265.9,9.7,10.2,-999.0,10.2
74275.9,9.7,10.2,-999.0,10.3
74285.9,9.7,10.2,-999.0,10.1
74295.9,9.7,10.2,-999.0,10.2
74305.9,9.7,10.1,-999.0,10.2
74316.0,9.7,10.2,-999.0,10.1
74326.0,9.7,10.2,-999.0,10.3
74336.0,9.7,10.2,-999.0,10.2
74346.0,9.7,10.2,-999.0,10.1
74356.0,9.7,10.2,-999.0,10.2
74366.0,9.6,10.2,-999.0,10.2
74376.0,9.7,10.2,-999.0,10.1
74386.1,9.7,10.2,-999.0,10.2
74396.1,9.7,10.2,-999.0,10.2
74406.1,9.7,10.2,-999.0,10.2
74416.1,9.7,10.2,-999.0,10.2
74426.1,9.7,10.2,-999.0,10.2
74436.1,9.7,10.2,-999.0,10.1
74446.1,9.7,10.3,-999.0,10.3
74456.1,9.7,10.2,-999.0,10.2
74466.2,9.7,10.3,-999.0,10.3
74476.2,9.7,10.3,-999.0,10.2
74486.2,9.7,10.1,-999.0,10.2
74496.3,9.7,10.2,-999.0,10.3
74506.3,9.7,10.2,-999.0,10.1
74516.3,9.6,10.2,-999.0,10.1
74526.3,9.7,10.2,-999.0,10.2
74536.3,9.7,10.2,-999.0,10.2
74546.4,9.7,10.2,-999.0,10.3
74556.4,9.7,10.2,-999.0,10.2
74566.4,9.7,10.1,-999.0,10.1
74576.4,9.7,10.1,-999.0,10.2
74586.4,9.7,10.2,-999.0,10.1
74596.4,9.8,10.2,-999.0,10.1
74606.5,9.7,10.2,-999.0,10.1
74616.5,9.8,10.2,-999.0,10.3
74626.5,9.7,10.2,-999.0,10.2
74636.5,9.7,10.2,-999.0,10.3
74646.6,9.8,10.2,-999.0,10.2
74656.6,9.7,10.2,-999.0,10.1
74666.6,9.7,10.2,-999.0,10.2
74676.6,9.7,10.2,-999.0,10.3
74686.6,9.8,10.2,-999.0,10.2
74696.6,9.7,10.2,-999.0,10.2
74706.7,9.7,10.3,-999.0,10.3
74716.7,9.7,10.2,-999.0,10.2
74726.7,9.7,10.2,-999.0,10.2
74736.8,9.8,10.2,-999.0,10.2
74746.8,9.7,10.2,-999.0,10.2
74756.8,9.7,10.2,-999.0,10.1
74766.8,9.7,10.2,-999.0,10.2
74776.8,9.7,10.2,-999.0,10.2
74786.8,9.7,10.2,-999.0,10.3
74796.9,9.8,10.2,-999.0,10.2
74806.9,9.7,10.2,-999.0,10.2
74816.9,9.8,10.2,-999.0,10.2
74826.9,9.7,10.2,-999.0,10.2
74836.9,9.7,10.3,-999.0,10.3
74846.9,9.8,10.2,-999.0,10.2
74856.9,9.8,10.2,-999.0,10.2
74866.9,9.6,10.3,-999.0,10.3
74877.0,9.7,10.2,-999.0,10.2
74887.0,9.8,10.2,-999.0,10.2
74897.0,9.7,10.2,-999.0,10.1
74907.0,9.7,10.2,-999.0,10.1
74917.0,9.7,10.2,-999.0,10.2
74927.1,9.7,10.2,-999.0,10.2
74937.1,9.8,10.2,-999.0,10.2
74947.1,9.7,10.2,-999.0,10.3
74957.1,9.7,10.2,-999.0,10.2
74967.1,9.7,10.2,-999.0,10.2
74977.1,9.7,10.2,-999.0,10.2
74987.1,9.7,10.2,-999.0,10.2
74997.2,9.8,10.2,-999.0,10.2
75007.2,9.7,10.2,-999.0,10.2
75017.2,9.7,10.2,-999.0,10.3
75027.2,9.7,10.2,-999.0,10.2
75037.2,9.7,10.2,-999.0,10.2
75047.2,9.8,10.2,-999.0,10.3
75057.2,9.8,10.2,-999.0,10.2
75067.3,9.7,10.2,-999.0,10.3
75077.3,9.7,10.2,-999.0,10.2
75087.3,9.7,10.3,-999.0,10.3
75097.3,9.8,10.3,-999.0,10.2
75107.3,9.8,10.1,-999.0,10.2
75117.3,9.8,10.2,-999.0,10.2
75127.4,9.8,10.1,-999.0,10.2
75137.4,9.7,10.2,-999.0,10.2
75147.4,9.7,10.2,-999.0,10.2
75157.4,9.7,10.2,-999.0,10.2
75167.4,9.8,10.2,-999.0,10.2
75177.4,9.7,10.2,-999.0,10.2
75187.4,9.7,10.2,-999.0,10.3
75197.5,9.8,10.2,-999.0,10.2
75207.5,9.7,10.2,-999.0,10.2
75217.5,9.8,10.2,-999.0,10.2
75227.5,9.7,10.2,-999.0,10.1
75237.5,9.7,10.2,-999.0,10.1
75247.5,9.7,10.3,-999.0,10.3
75257.5,9.8,10.2,-999.0,10.2
75267.5,9.8,10.2,-999.0,10.2
75277.6,9.8,10.2,-999.0,10.2
75287.6,9.8,10.2,-999.0,10.2
75297.6,9.8,10.2,-999.0,10.2
75307.6,9.7,10.2,-999.0,10.2
75317.6,9.7,10.3,-999.0,10.3
75327.6,9.8,10.2,-999.0,10.2
75337.7,9.7,10.2,-999.0,10.2
75347.7,9.8,10.2,-999.0,10.2
75357.7,9.8,10.2,-999.0,10.2
75367.7,9.7,10.3,-999.0,10.4
75377.7,9.8,10.2,-999.0,10.2
75387.8,9.8,10.2,-999.0,10.2
75397.8,9.8,10.2,-999.0,10.2
75407.8,9.8,10.3,-999.0,10.3
75417.8,9.8,10.2,-999.0,10.2
75427.8,9.8,10.2,-999.0,10.3
75437.9,9.8,10.2,-999.0,10.2
75447.9,9.8,10.2,-999.0,10.2
75457.9,9.8,10.2,-999.0,10.2
75467.9,9.7,10.3,-999.0,10.3
75477.9,9.8,10.3,-999.0,10.2
75487.9,9.8,10.2,-999.0,10.2
75498.0,9.8,10.2,-999.0,10.2
75508.0,9.8,10.3,-999.0,10.2
75518.0,9.8,10.2,-999.0,10.2
75528.0,9.8,10.2,-999.0,10.3
75538.0,9.8,10.2,-999.0,10.2
75548.0,9.7,10.2,-999.0,10.3
75558.1,9.8,10.2,-999.0,10.2
75568.1,9.8,10.3,-999.0,10.2
75578.1,9.7,10.2,-999.0,10.3
75588.1,9.8,10.2,-999.0,10.2
75598.1,9.7,10.2,-999.0,10.2
75608.1,9.8,10.2,-999.0,10.2
75618.1,9.7,10.2,-999.0,10.3
75628.2,9.7,10.2,-999.0,10.2
75638.2,9.7,10.2,-999.0,10.2
75648.2,9.8,10.2,-999.0,10.2
75658.2,9.8,10.2,-999.0,10.2
75668.3,9.7,10.2,-999.0,10.2
75678.3,9.8,10.2,-999.0,10.2
75688.3,9.8,10.2,-999.0,10.3
75698.3,9.7,10.2,-999.0,10.2
75708.3,9.7,10.2,-999.0,10.4
75718.3,9.8,10.2,-999.0,10.2
75728.3,9.8,10.3,-999.0,10.2
75738.4,9.8,10.2,-999.0,10.2
75748.4,9.8,10.2,-999.0,10.2
75758.4,9.7,10.3,-999.0,10.3
75768.4,9.8,10.3,-999.0,10.2
75778.4,9.8,10.3,-999.0,10.2
75788.4,9.7,10.3,-999.0,10.3
75798.5,9.8,10.2,-999.0,10.2
75808.5,9.8,10.2,-999.0,10.2
75818.5,9.7,10.2,-999.0,10.2
75828.5,9.8,10.2,-999.0,10.2
75838.5,9.8,10.3,-999.0,10.2
75848.5,9.8,10.2,-999.0,10.2
75858.6,9.8,10.2,-999.0,10.2
75868.6,9.7,10.3,-999.0,10.3
75878.6,9.8,10.2,-999.0,10.2
75888.6,9.8,10.3,-999.0,10.2
75898.6,9.8,10.2,-999.0,10.3
75908.6,9.7,10.2,-999.0,10.2
75918.6,9.8,10.2,-999.0,10.2
75928.7,9.8,10.2,-999.0,10.2
75938.7,9.8,10.3,-999.0,10.3
75948.7,9.8,10.2,-999.0,10.2
75958.7,9.7,10.3,-999.0,10.4
75968.7,9.8,10.2,-999.0,10.2
75978.8,9.8,10.2,-999.0,10.2
75988.8,9.8,10.3,-999.0,10.2
75998.8,9.8,10.2,-999.0,10.2
76008.8,9.7,10.2,-999.0,10.2
76018.8,9.7,10.3,-999.0,10.3
76028.9,9.8,10.3,-999.0,10.2
76038.9,9.8,10.2,-999.0,10.2
76048.9,9.8,10.2,-999.0,10.2
76058.9,9.8,10.2,-999.0,10.2
76068.9,9.8,10.2,-999.0,10.2
76078.9,9.7,10.3,-999.0,10.3
76088.9,9.7,10.2,-999.0,10.3
76098.9,9.8,10.3,-999.0,10.2
76109.0,9.8,10.3,-999.0,10.2
76119.0,9.7,10.2,-999.0,10.2
76129.0,9.8,10.2,-999.0,10.2
76139.0,9.8,10.2,-999.0,10.2
76149.1,9.7,10.3,-999.0,10.3
76159.1,9.7,10.2,-999.0,10.2
76169.1,9.7,10.2,-999.0,10.2
76179.1,9.8,10.2,-999.0,10.2
76189.1,9.8,10.2,-999.0,10.2
76199.1,9.8,10.2,-999.0,10.2
76209.2,9.8,10.2,-999.0,10.2
76219.2,9.8,10.2,-999.0,10.2
76229.2,9.8,10.3,-999.0,10.2
76239.2,9.8,10.2,-999.0,10.2
76249.2,9.8,10.2,-999.0,10.2
76259.2,9.7,10.2,-999.0,10.2
76269.2,9.8,10.3,-999.0,10.2
76279.2,9.8,10.2,-999.0,10.2
76289.3,9.7,10.3,-999.0,10.2
76299.3,9.8,10.2,-999.0,10.2
76309.3,9.8,10.2,-999.0,10.2
76319.3,9.8,10.3,-999.0,10.2
76329.4,9.8,10.2,-999.0,10.3
76339.4,9.8,10.2,-999.0,10.2
76349.4,9.8,10.3,-999.0,10.2
76359.4,9.7,10.2,-999.0,10.3
76369.4,9.8,10.2,-999.0,10.2
76379.4,9.8,10.2,-999.0,10.2
76389.4,9.8,10.3,-999.0,10.2
76399.4,9.8,10.2,-999.0,10.2
76409.5,9.8,10.3,-999.0,10.4
76419.5,9.8,10.2,-999.0,10.2
76429.5,9.8,10.3,-999.0,10.3
76439.5,9.8,10.3,-999.0,10.2
76449.5,9.8,10.2,-999.0,10.2
76459.5,9.8,10.2,-999.0,10.2
76469.6,9.8,10.2,-999.0,10.2
76479.6,9.8,10.2,-999.0,10.2
76489.6,9.8,10.2,-999.0,10.2
76499.6,9.8,10.2,-999.0,10.2
76509.6,9.7,10.3,-999.0,10.4
76519.6,9.8,10.2,-999.0,10.2
76529.6,9.8,10.2,-999.0,10.2
76539.7,9.8,10.2,-999.0,10.2
76549.7,9.8,10.2,-999.0,10.2
76559.7,9.8,10.3,-999.0,10.2
76569.7,9.7,10.3,-999.0,10.4
76579.7,9.8,10.3,-999.0,10.2
76589.7,9.8,10.2,-999.0,10.2
76599.7,9.8,10.3,-999.0,10.2
76609.8,9.8,10.3,-999.0,10.2
76619.8,9.8,10.3,-999.0,10.2
76629.8,9.8,10.2,-999.0,10.2
76639.8,9.8,10.3,-999.0,10.4
76649.9,9.7,10.2,-999.0,10.2
76659.9,9.8,10.2,-999.0,10.2
76669.9,9.8,10.3,-999.0,10.2
76679.9,9.8,10.3,-999.0,10.2
76689.9,9.8,10.2,-999.0,10.2
76699.9,9.8,10.3,-999.0,10.2
76710.0,9.8,10.2,-999.0,10.2
76720.0,9.8,10.3,-999.0,10.3
76730.0,9.8,10.2,-999.0,10.2
76740.0,9.8,10.3,-999.0,10.2
76750.0,9.8,10.2,-999.0,10.2
76760.0,9.8,10.2,-999.0,10.2
76770.0,9.8,10.3,-999.0,10.2
76780.1,9.8,10.3,-999.0,10.3
76790.1,9.8,10.3,-999.0,10.2
76800.1,9.8,10.3,-999.0,10.2
76810.1,9.8,10.2,-999.0,10.2
76820.1,9.8,10.3,-999.0,10.4
76830.1,9.8,10.2,-999.0,10.2
76840.2,9.7,10.3,-999.0,10.4
76850.2,9.8,10.3,-999.0,10.2
76860.2,9.8,10.2,-999.0,10.2
76870.2,9.8,10.3,-999.0,10.2
76880.2,9.8,10.3,-999.0,10.2
76890.2,9.8,10.2,-999.0,10.2
76900.2,9.8,10.2,-999.0,10.2
76910.2,9.8,10.3,-999.0,10.2
76920.2,9.8,10.3,-999.0,10.4
76930.3,9.8,10.3,-999.0,10.3
76940.3,9.9,10.3,-999.0,10.2
76950.3,9.8,10.3,-999.0,10.2
76960.3,9.8,10.3,-999.0,10.2
76970.3,9.8,10.3,-999.0,10.2
76980.4,9.8,10.2,-999.0,10.2
76990.4,9.7,10.3,-999.0,10.4
77000.4,9.8,10.3,-999.0,10.2
77010.4,9.8,10.3,-999.0,10.2
77020.4,9.8,10.3,-999.0,10.2
77030.4,9.8,10.2,-999.0,10.2
77040.4,9.8,10.3,-999.0,10.2
77050.5,9.8,10.3,-999.0,10.3
77060.5,9.9,10.3,-999.0,10.3
77070.5,9.8,10.2,-999.0,10.2
77080.5,9.8,10.3,-999.0,10.2
77090.5,9.8,10.3,-999.0,10.2
77100.6,9.9,10.2,-999.0,10.2
77110.6,9.8,10.3,-999.0,10.2
77120.6,9.8,10.3,-999.0,10.2
77130.6,9.7,10.3,-999.0,10.4
77140.6,9.8,10.2,-999.0,10.2
77150.6,9.8,10.3,-999.0,10.2
77160.7,9.8,10.2,-999.0,10.2
77170.7,9.9,10.3,-999.0,10.2
77180.7,9.8,10.3,-999.0,10.2
77190.7,9.8,10.3,-999.0,10.4
77200.7,9.8,10.3,-999.0,10.2
77210.7,9.8,10.3,-999.0,10.2
77220.8,9.7,10.3,-999.0,10.4
77230.8,9.8,10.3,-999.0,10.2
77240.8,9.8,10.3,-999.0,10.2
77250.8,9.8,10.3,-999.0,10.2
77260.8,9.8,10.2,-999.0,10.2
77270.9,9.9,10.3,-999.0,10.2
77280.9,9.8,10.3,-999.0,10.4
77290.9,9.9,10.3,-999.0,10.2
77300.9,9.9,10.3,-999.0,10.2
77310.9,9.8,10.2,-999.0,10.2
77321.0,9.8,10.3,-999.0,10.3
77331.0,9.8,10.2,-999.0,10.2
77341.0,9.7,10.3,-999.0,10.4
77351.0,9.8,10.2,-999.0,10.2
77361.0,9.9,10.3,-999.0,10.2
77371.0,9.9,10.2,-999.0,10.2
77381.1,9.8,10.3,-999.0,10.2
77391.1,9.9,10.3,-999.0,10.2
77401.1,9.8,10.3,-999.0,10.4
77411.1,9.9,10.3,-999.0,10.3
77421.1,9.8,10.3,-999.0,10.2
77431.1,9.8,10.3,-999.0,10.3
77441.1,9.8,10.3,-999.0,10.3
77451.2,9.8,10.3,-999.0,10.2
77461.2,9.8,10.3,-999.0,10.3
77471.2,9.8,10.3,-999.0,10.2
77481.2,9.8,10.3,-999.0,10.4
77491.2,9.9,10.3,-999.0,10.2
77501.2,9.9,10.2,-999.0,10.2
77511.2,9.8,10.3,-999.0,10.2
77521.3,9.8,10.3,-999.0,10.2
77531.3,9.8,10.3,-999.0,10.2
77541.3,9.8,10.3,-999.0,10.2
77551.3,9.8,10.2,-999.0,10.2
77561.3,9.8,10.2,-999.0,10.3
77571.3,9.8,10.3,-999.0,10.4
77581.4,9.9,10.3,-999.0,10.2
77591.4,9.9,10.3,-999.0,10.2
77601.4,9.9,10.3,-999.0,10.2
77611.4,9.8,10.3,-999.0,10.2
77621.4,9.8,10.3,-999.0,10.2
77631.5,9.9,10.3,-999.0,10.2
77641.5,9.8,10.2,-999.0,10.2
77651.5,9.9,10.3,-999.0,10.2
77661.5,9.8,10.3,-999.0,10.4
77671.5,9.9,10.2,-999.0,10.2
77681.5,9.9,10.3,-999.0,10.2
77691.6,9.8,10.3,-999.0,10.3
77701.6,9.8,10.3,-999.0,10.2
77711.6,9.8,10.3,-999.0,10.3
77721.6,9.8,10.3,-999.0,10.3
77731.6,9.8,10.3,-999.0,10.2
77741.6,9.8,10.3,-999.0,10.2
77751.6,9.9,10.3,-999.0,10.3
77761.7,9.9,10.3,-999.0,10.2
77771.7,9.8,10.3,-999.0,10.2
77781.7,9.9,10.3,-999.0,10.3
77791.7,9.9,10.3,-999.0,10.3
77801.7,9.8,10.2,-999.0,10.2
77811.7,9.9,10.3,-999.0,10.3
77821.7,9.8,10.2,-999.0,10.2
77831.7,9.9,10.3,-999.0,10.2
77841.8,9.8,10.3,-999.0,10.2
77851.8,9.9,10.3,-999.0,10.2
77861.8,9.8,10.3,-999.0,10.2
77871.8,9.9,10.3,-999.0,10.2
77881.8,9.9,10.3,-999.0,10.3
77891.8,9.8,10.3,-999.0,10.2
77901.9,9.8,10.3,-999.0,10.4
77911.9,9.9,10.3,-999.0,10.3
77921.9,9.9,10.3,-999.0,10.2
77931.9,9.8,10.3,-999.0,10.4
77942.0,9.9,10.3,-999.0,10.3
77952.0,9.8,10.3,-999.0,10.2
77962.0,9.9,10.3,-999.0,10.2
77972.0,9.8,10.3,-999.0,10.4
77982.0,9.8,10.2,-999.0,10.2
77992.0,9.9,10.3,-999.0,10.2
78002.1,9.8,10.3,-999.0,10.2
78012.1,9.9,10.3,-999.0,10.2
78022.1,9.8,10.3,-999.0,10.4
78032.1,9.8,10.3,-999.0,10.2
78042.1,9.8,10.3,-999.0,10.2
78052.1,9.8,10.3,-999.0,10.4
78062.1,9.8,10.3,-999.0,10.3
78072.2,9.9,10.3,-999.0,10.2
78082.2,9.8,10.3,-999.0,10.2
78092.2,9.8,10.3,-999.0,10.4
78102.2,9.8,10.3,-999.0,10.2
78112.2,9.8,10.3,-999.0,10.4
78122.2,9.8,10.3,-999.0,10.4
78132.2,9.9,10.3,-999.0,10.3
78142.3,9.9,10.3,-999.0,10.2
78152.3,9.9,10.3,-999.0,10.2
78162.3,9.8,10.3,-999.0,10.4
78172.3,9.9,10.3,-999.0,10.2
78182.3,9.9,10.3,-999.0,10.2
78192.3,9.8,10.3,-999.0,10.4
78202.4,9.8,10.3,-999.0,10.2
78212.4,9.8,10.3,-999.0,10.2
78222.4,9.9,10.3,-999.0,10.4
78232.4,9.9,10.3,-999.0,10.2
78242.4,9.9,10.3,-999.0,10.3
78252.4,9.9,10.3,-999.0,10.2
78262.4,9.8,10.3,-999.0,10.2
78272.5,9.8,10.3,-999.0,10.3
78282.5,9.9,10.3,-999.0,10.3
78292.5,9.8,10.3,-999.0,10.3
78302.5,9.8,10.3,-999.0,10.2
78312.5,9.8,10.3,-999.0,10.4
78322.6,9.9,10.3,-999.0,10.2
78332.6,9.9,10.3,-999.0,10.3
78342.6,9.8,10.3,-999.0,10.4
78352.6,9.9,10.3,-999.0,10.3
78362.6,9.8,10.3,-999.0,10.2
78372.6,9.9,10.3,-999.0,10.2
78382.6,9.8,10.3,-999.0,10.2
78392.6,9.8,10.3,-999.0,10.2
78402.7,9.9,10.3,-999.0,10.4
78412.7,9.8,10.3,-999.0,10.3
78422.7,9.8,10.2,-999.0,10.4
78432.7,9.8,10.3,-999.0,10.2
78442.7,9.8,10.3,-999.0,10.3
78452.7,9.9,10.3,-999.0,10.2
78462.8,9.9,10.3,-999.0,10.3
78472.8,9.9,10.3,-999.0,10.2
78482.8,9.8,10.3,-999.0,10.3
78492.8,9.9,10.3,-999.0,10.2
78502.8,9.9,10.3,-999.0,10.2
78512.8,9.8,10.3,-999.0,10.4
78522.8,9.9,10.3,-999.0,10.2
78532.9,9.8,10.3,-999.0,10.4
78542.9,9.9,10.2,-999.0,10.2
78552.9,9.8,10.3,-999.0,10.4
78562.9,9.9,10.3,-999.0,10.2
78572.9,9.9,10.3,-999.0,10.3
78583.0,9.8,10.3,-999.0,10.2
78593.0,9.9,10.3,-999.0,10.3
78603.0,9.9,10.2,-999.0,10.3
78613.0,9.8,10.3,-999.0,10.3
78623.0,9.9,10.3,-999.0,10.3
78633.0,9.9,10.3,-999.0,10.3
78643.0,9.8,10.3,-999.0,10.3
78653.0,9.8,10.3,-999.0,10.3
78663.0,9.9,10.3,-999.0,10.4
78673.1,9.9,10.3,-999.0,10.3
78683.1,9.9,10.3,-999.0,10.3
78693.1,9.8,10.3,-999.0,10.4
78703.1,9.9,10.3,-999.0,10.2
78713.1,9.9,10.3,-999.0,10.3
78723.1,9.8,10.3,-999.0,10.2
78733.1,9.9,10.3,-999.0,10.2
78743.2,9.9,10.3,-999.0,10.3
78753.2,9.9,10.3,-999.0,10.2
78763.2,9.9,10.3,-999.0,10.4
78773.2,9.8,10.3,-999.0,10.3
78783.2,9.8,10.3,-999.0,10.4
78793.2,9.9,10.3,-999.0,10.3
78803.2,9.8,10.3,-999.0,10.2
78813.3,9.8,10.3,-999.0,10.3
78823.3,9.9,10.3,-999.0,10.2
78833.3,9.9,10.3,-999.0,10.3
78843.3,9.9,10.3,-999.0,10.3
78853.3,9.8,10.3,-999.0,10.4
78863.4,9.8,10.3,-999.0,10.2
78873.4,9.9,10.3,-999.0,10.3
78883.4,9.9,10.3,-999.0,10.3
78893.4,9.8,10.3,-999.0,10.2
78903.4,9.8,10.3,-999.0,10.4
78913.4,9.9,10.3,-999.0,10.2
78923.4,9.9,10.3,-999.0,10.3
78933.5,9.8,10.3,-999.0,10.3
78943.5,9.9,10.3,-999.0,10.3
78953.5,9.9,10.3,-999.0,10.2
78963.5,9.9,10.3,-999.0,10.2
78973.5,9.9,10.3,-999.0,10.3
78983.5,9.8,10.3,-999.0,10.3
78993.6,9.9,10.3,-999.0,10.3
79003.6,9.8,10.3,-999.0,10.4
79013.6,9.9,10.3,-999.0,10.3
79023.6,9.8,10.3,-999.0,10.3
79033.6,9.9,10.3,-999.0,10.3
79043.6,9.8,10.3,-999.0,10.3
79053.6,9.8,10.3,-999.0,10.3
79063.7,9.8,10.3,-999.0,10.3
79073.7,9.9,10.3,-999.0,10.2
79083.7,9.9,10.3,-999.0,10.3
79093.7,9.9,10.3,-999.0,10.3
79103.7,9.8,10.3,-999.0,10.4
79113.7,9.8,10.3,-999.0,10.4
79123.7,9.9,10.3,-999.0,10.2
79133.8,9.9,10.3,-999.0,10.3
79143.8,9.9,10.3,-999.0,10.3
79153.8,9.8,10.3,-999.0,10.3
79163.8,9.8,10.3,-999.0,10.4
79173.8,9.9,10.3,-999.0,10.3
79183.8,9.9,10.3,-999.0,10.2
79193.8,9.8,10.3,-999.0,10.3
79203.9,9.9,10.3,-999.0,10.3
79213.9,9.9,10.3,-999.0,10.3
79223.9,9.8,10.3,-999.0,10.2
79233.9,9.9,10.3,-999.0,10.3
79243.9,9.8,10.3,-999.0,10.4
79254.0,9.9,10.3,-999.0,10.3
79264.0,9.9,10.3,-999.0,10.3
79274.0,9.8,10.3,-999.0,10.4
79284.0,9.9,10.3,-999.0,10.3
79294.0,9.9,10.3,-999.0,10.4
79304.1,9.9,10.3,-999.0,10.2
79314.1,9.9,10.3,-999.0,10.3
79324.1,9.9,10.3,-999.0,10.3
79334.1,9.9,10.3,-999.0,10.3
79344.1,9.8,10.3,-999.0,10.4
79354.2,9.9,10.3,-999.0,10.3
79364.2,9.8,10.3,-999.0,10.3
79374.2,9.9,10.3,-999.0,10.2
79384.2,9.9,10.3,-999.0,10.3
79394.2,9.9,10.3,-999.0,10.3
79404.2,9.9,10.3,-999.0,10.3
79414.2,9.9,10.3,-999.0,10.2
79424.3,9.9,10.3,-999.0,10.3
79434.3,9.8,10.3,-999.0,10.4
79444.3,9.9,10.3,-999.0,10.3
79454.3,9.9,10.3,-999.0,10.3
79464.3,9.9,10.3,-999.0,10.3
79474.4,9.9,10.3,-999.0,10.3
79484.4,9.9,10.3,-999.0,10.3
79494.4,9.9,10.3,-999.0,10.3
79504.4,9.9,10.3,-999.0,10.3
79514.4,9.9,10.3,-999.0,10.2
79524.4,9.8,10.3,-999.0,10.4
79534.5,9.8,10.3,-999.0,10.3
79544.5,9.9,10.3,-999.0,10.3
79554.5,9.9,10.3,-999.0,10.3
79564.5,9.9,10.3,-999.0,10.3
79574.5,9.9,10.3,-999.0,10.2
79584.6,9.9,10.3,-999.0,10.2
79594.6,9.9,10.3,-999.0,10.3
79604.6,9.9,10.3,-999.0,10.3
79614.6,9.9,10.3,-999.0,10.3
79624.7,9.9,10.3,-999.0,10.3
79634.7,9.8,10.3,-999.0,10.3
79644.7,9.9,10.3,-999.0,10.4
79654.7,9.9,10.3,-999.0,10.2
79664.7,9.9,10.3,-999.0,10.3
79674.8,9.9,10.3,-999.0,10.4
79684.8,9.9,10.3,-999.0,10.3
79694.8,9.9,10.3,-999.0,10.3
79704.8,9.9,10.3,-999.0,10.2
79714.8,9.9,10.3,-999.0,10.2
79724.9,9.9,10.3,-999.0,10.4
79734.9,9.9,10.3,-999.0,10.3
79744.9,9.8,10.3,-999.0,10.4
79755.0,9.9,10.3,-999.0,10.3
79765.0,9.9,10.3,-999.0,10.3
79775.0,9.9,10.2,-999.0,10.3
79785.0,9.9,10.3,-999.0,10.3
79795.0,9.9,10.3,-999.0,10.3
79805.0,9.9,10.3,-999.0,10.4
79815.0,9.9,10.3,-999.0,10.3
79825.1,9.9,10.3,-999.0,10.2
79835.1,9.9,10.3,-999.0,10.2
79845.1,9.9,10.3,-999.0,10.3
79855.1,9.9,10.3,-999.0,10.4
79865.1,9.9,10.3,-999.0,10.3
79875.1,9.9,10.3,-999.0,10.4
79885.1,9.9,10.3,-999.0,10.3
79895.2,9.9,10.3,-999.0,10.3
79905.2,9.9,10.3,-999.0,10.3
79915.2,9.9,10.3,-999.0,10.2
79925.2,9.9,10.3,-999.0,10.3
79935.2,9.9,10.4,-999.0,10.4
79945.2,9.9,10.3,-999.0,10.3
79955.3,9.9,10.3,-999.0,10.3
79965.3,9.8,10.3,-999.0,10.4
79975.3,9.9,10.3,-999.0,10.3
79985.3,9.9,10.3,-999.0,10.3
79995.3,9.8,10.3,-999.0,10.3
80005.4,9.8,10.3,-999.0,10.3
80015.4,9.9,10.3,-999.0,10.3
80025.4,9.9,10.3,-999.0,10.3
80035.4,9.9,10.3,-999.0,10.3
80045.4,9.9,10.3,-999.0,10.2
80055.4,9.9,10.3,-999.0,10.3
80065.4,9.9,10.3,-999.0,10.3
80075.5,9.9,10.3,-999.0,10.2
80085.5,9.9,10.3,-999.0,10.2
80095.5,9.9,10.3,-999.0,10.3
80105.5,9.9,10.3,-999.0,10.2
80115.5,9.8,10.3,-999.0,10.3
80125.6,9.9,10.3,-999.0,10.3
80135.6,9.9,10.3,-999.0,10.3
80145.6,9.9,10.3,-999.0,10.3
80155.6,9.9,10.3,-999.0,10.3
80165.6,9.9,10.3,-999.0,10.3
80175.6,9.9,10.3,-999.0,10.3
80185.6,9.9,10.3,-999.0,10.3
80195.6,9.9,10.3,-999.0,10.3
80205.7,9.9,10.3,-999.0,10.3
80215.7,9.9,10.3,-999.0,10.3
80225.7,9.9,10.3,-999.0,10.2
80235.7,9.9,10.3,-999.0,10.3
80245.7,9.9,10.3,-999.0,10.2
80255.7,9.9,10.3,-999.0,10.4
80265.7,9.9,10.3,-999.0,10.2
80275.7,9.9,10.4,-999.0,10.3
80285.8,9.9,10.3,-999.0,10.3
80295.8,9.9,10.3,-999.0,10.3
80305.8,9.9,10.3,-999.0,10.2
80315.8,9.9,10.3,-999.0,10.3
80325.9,9.9,10.3,-999.0,10.3
80335.9,9.9,10.3,-999.0,10.3
80345.9,9.9,10.3,-999.0,10.4
80355.9,9.9,10.3,-999.0,10.3
80366.0,9.9,10.3,-999.0,10.3
80376.0,9.9,10.3,-999.0,10.3
80386.0,9.9,10.3,-999.0,10.3
80396.0,9.9,10.3,-999.0,10.3
80406.0,9.9,10.3,-999.0,10.4
80416.0,9.9,10.3,-999.0,10.3
80426.0,9.9,10.3,-999.0,10.4
80436.1,9.9,10.3,-999.0,10.3
80446.1,9.9,10.3,-999.0,10.3
80456.1,9.9,10.3,-999.0,10.2
80466.1,9.9,10.3,-999.0,10.3
80476.1,9.9,10.3,-999.0,10.3
80486.2,9.9,10.3,-999.0,10.3
80496.2,9.9,10.3,-999.0,10.3
80506.2,9.9,10.3,-999.0,10.4
80516.2,9.9,10.3,-999.0,10.3
80526.2,9.9,10.3,-999.0,10.3
80536.3,9.9,10.3,-999.0,10.3
80546.3,9.9,10.3,-999.0,10.3
80556.3,9.9,10.3,-999.0,10.3
80566.3,9.8,10.3,-999.0,10.2
80576.3,9.9,10.3,-999.0,10.2
80586.3,9.9,10.3,-999.0,10.3
80596.4,9.9,10.3,-999.0,10.3
80606.4,9.9,10.3,-999.0,10.4
80616.4,9.8,10.3,-999.0,10.3
80626.4,9.9,10.3,-999.0,10.2
80636.4,9.9,10.3,-999.0,10.3
80646.4,9.9,10.3,-999.0,10.3
80656.4,9.9,10.3,-999.0,10.4
80666.5,9.9,10.3,-999.0,10.3
80676.5,9.9,10.3,-999.0,10.3
80686.5,9.8,10.3,-999.0,10.3
80696.5,9.9,10.3,-999.0,10.3
80706.5,9.9,10.3,-999.0,10.3
80716.6,9.9,10.3,-999.0,10.3
80726.6,9.9,10.3,-999.0,10.3
80736.6,9.9,10.3,-999.0,10.3
80746.6,9.9,10.3,-999.0,10.3
80756.6,9.9,10.3,-999.0,10.4
80766.6,9.9,10.3,-999.0,10.3
80776.7,9.9,10.3,-999.0,10.3
80786.7,9.9,10.3,-999.0,10.4
80796.7,9.9,10.3,-999.0,10.3
80806.7,9.9,10.3,-999.0,10.3
80816.7,9.9,10.3,-999.0,10.3
80826.7,9.9,10.3,-999.0,10.3
80836.7,9.9,10.3,-999.0,10.3
80846.8,9.9,10.3,-999.0,10.3
80856.8,9.9,10.3,-999.0,10.3
80866.8,9.9,10.3,-999.0,10.3
80876.8,9.9,10.3,-999.0,10.3
80886.8,9.9,10.3,-999.0,10.3
80896.8,9.9,10.3,-999.0,10.3
80906.9,9.9,10.3,-999.0,10.3
80916.9,9.9,10.3,-999.0,10.3
80926.9,9.8,10.3,-999.0,10.4
80936.9,9.9,10.3,-999.0,10.3
80947.0,9.9,10.3,-999.0,10.3
80957.0,9.9,10.3,-999.0,10.4
80967.0,9.9,10.3,-999.0,10.4
80977.0,9.9,10.3,-999.0,10.3
80987.0,9.9,10.3,-999.0,10.3
80997.0,9.9,10.3,-999.0,10.3
81007.0,9.9,10.3,-999.0,10.3
81017.0,9.9,10.3,-999.0,10.4
81027.1,9.9,10.3,-999.0,10.3
81037.1,9.9,10.3,-999.0,10.3
81047.1,9.9,10.3,-999.0,10.3
81057.1,9.9,10.3,-999.0,10.3
81067.1,9.9,10.2,-999.0,10.3
81077.1,9.9,10.3,-999.0,10.3
81087.2,9.9,10.3,-999.0,10.3
81097.2,9.9,10.3,-999.0,10.3
81107.2,9.9,10.4,-999.0,10.4
81117.2,9.9,10.3,-999.0,10.3
81127.2,9.9,10.3,-999.0,10.3
81137.3,9.9,10.3,-999.0,10.3
81147.3,9.9,10.3,-999.0,10.4
81157.3,9.9,10.3,-999.0,10.3
81167.3,9.9,10.3,-999.0,10.4
81177.3,9.9,10.3,-999.0,10.3
81187.3,9.9,10.3,-999.0,10.3
81197.4,9.9,10.3,-999.0,10.3
81207.4,9.9,10.3,-999.0,10.3
81217.4,9.9,10.3,-999.0,10.4
81227.4,9.9,10.3,-999.0,10.3
81237.4,9.9,10.3,-999.0,10.3
81247.4,9.9,10.3,-999.0,10.4
81257.5,9.9,10.4,-999.0,10.3
81267.5,9.9,10.3,-999.0,10.3
81277.5,9.9,10.3,-999.0,10.3
81287.5,9.9,10.3,-999.0,10.3
81297.5,9.9,10.3,-999.0,10.3
81307.5,9.9,10.3,-999.0,10.3
81317.6,9.9,10.3,-999.0,10.4
81327.6,9.9,10.3,-999.0,10.3
81337.6,9.9,10.3,-999.0,10.3
81347.6,9.9,10.3,-999.0,10.3
81357.6,9.9,10.3,-999.0,10.3
81367.6,9.9,10.3,-999.0,10.3
81377.7,9.9,10.3,-999.0,10.3
81387.7,9.9,10.4,-999.0,10.3
81397.7,9.9,10.3,-999.0,10.3
81407.7,9.9,10.3,-999.0,10.4
81417.7,9.9,10.3,-999.0,10.3
81427.7,9.9,10.3,-999.0,10.3
81437.7,9.9,10.3,-999.0,10.3
81447.7,9.9,10.3,-999.0,10.3
81457.8,9.9,10.3,-999.0,10.3
81467.8,9.9,10.3,-999.0,10.4
81477.8,9.9,10.4,-999.0,10.3
81487.8,9.9,10.3,-999.0,10.3
81497.9,9.9,10.3,-999.0,10.3
81507.9,9.9,10.3,-999.0,10.3
81517.9,9.9,10.3,-999.0,10.3
81527.9,9.9,10.3,-999.0,10.3
81537.9,9.9,10.3,-999.0,10.3
81547.9,9.9,10.3,-999.0,10.3
81557.9,9.9,10.3,-999.0,10.3
81568.0,9.9,10.3,-999.0,10.3
81578.0,9.9,10.3,-999.0,10.4
81588.0,9.9,10.3,-999.0,10.3
81598.0,9.9,10.3,-999.0,10.3
81608.0,9.9,10.3,-999.0,10.3
81618.0,9.9,10.4,-999.0,10.3
81628.0,9.9,10.3,-999.0,10.3
81638.1,9.9,10.3,-999.0,10.3
81648.1,9.9,10.3,-999.0,10.3
81658.1,9.9,10.3,-999.0,10.3
81668.1,9.9,10.3,-999.0,10.3
81678.1,9.9,10.3,-999.0,10.3
81688.1,9.9,10.3,-999.0,10.4
81698.1,9.9,10.3,-999.0,10.3
81708.2,9.9,10.3,-999.0,10.3
81718.2,9.9,10.3,-999.0,10.4
81728.2,9.9,10.3,-999.0,10.3
81738.2,9.9,10.3,-999.0,10.5
81748.2,9.9,10.3,-999.0,10.3
81758.2,9.9,10.3,-999.0,10.3
81768.3,9.9,10.3,-999.0,10.3
81778.3,9.9,10.4,-999.0,10.4
81788.3,9.9,10.3,-999.0,10.3
81798.3,9.9,10.3,-999.0,10.4
81808.3,9.9,10.3,-999.0,10.3
81818.3,9.9,10.3,-999.0,10.3
81828.4,9.9,10.3,-999.0,10.3
81838.4,9.9,10.3,-999.0,10.3
81848.4,9.9,10.3,-999.0,10.3
81858.4,9.9,10.3,-999.0,10.4
81868.4,9.9,10.3,-999.0,10.4
81878.4,9.9,10.3,-999.0,10.3
81888.5,9.9,10.3,-999.0,10.3
81898.5,9.9,10.3,-999.0,10.3
81908.5,9.9,10.3,-999.0,10.3
81918.5,9.9,10.3,-999.0,10.3
81928.5,9.9,10.3,-999.0,10.3
81938.5,9.9,10.3,-999.0,10.3
81948.5,9.9,10.3,-999.0,10.3
81958.6,9.9,10.3,-999.0,10.3
81968.6,9.9,10.3,-999.0,10.3
81978.6,9.9,10.4,-999.0,10.4
81988.6,9.9,10.3,-999.0,10.3
81998.6,9.9,10.3,-999.0,10.3
82008.6,9.9,10.3,-999.0,10.5
82018.6,9.9,10.3,-999.0,10.3
82028.7,9.9,10.3,-999.0,10.3
82038.7,9.9,10.3,-999.0,10.5
82048.7,9.9,10.3,-999.0,10.3
82058.7,9.9,10.3,-999.0,10.4
82068.7,9.9,10.3,-999.0,10.3
82078.9,9.9,10.3,-999.0,10.3
82088.9,9.9,10.3,-999.0,10.4
82098.9,9.9,10.3,-999.0,10.3
82108.9,9.9,10.3,-999.0,10.4
82118.9,9.9,10.3,-999.0,10.3
82129.0,9.9,10.3,-999.0,10.3
82139.0,9.9,10.3,-999.0,10.4
82149.0,9.9,10.3,-999.0,10.3
82159.0,9.9,10.3,-999.0,10.3
82169.0,9.9,10.3,-999.0,10.3
82179.0,9.9,10.3,-999.0,10.3
82189.0,9.9,10.3,-999.0,10.3
82199.1,9.9,10.3,-999.0,10.3
82209.1,9.9,10.3,-999.0,10.4
82219.1,9.9,10.3,-999.0,10.3
82229.1,9.9,10.3,-999.0,10.4
82239.1,9.9,10.3,-999.0,10.3
82249.2,9.9,10.3,-999.0,10.3
82259.2,9.9,10.4,-999.0,10.4
82269.2,9.9,10.3,-999.0,10.3
82279.2,9.9,10.3,-999.0,10.3
82289.2,9.9,10.3,-999.0,10.3
82299.3,9.9,10.4,-999.0,10.3
82309.3,9.9,10.3,-999.0,10.3
82319.3,9.9,10.3,-999.0,10.3
82329.3,9.9,10.3,-999.0,10.3
82339.3,9.9,10.3,-999.0,10.5
82349.4,9.9,10.3,-999.0,10.4
82359.4,9.9,10.3,-999.0,10.4
82369.4,9.9,10.3,-999.0,10.3
82379.4,9.9,10.3,-999.0,10.3
82389.4,9.9,10.3,-999.0,10.3
82399.4,9.9,10.3,-999.0,10.3
82409.5,9.9,10.3,-999.0,10.4
82419.5,9.9,10.3,-999.0,10.3
82429.5,9.9,10.3,-999.0,10.4
82439.5,9.9,10.3,-999.0,10.3
82449.5,9.9,10.3,-999.0,10.4
82459.6,9.9,10.3,-999.0,10.4
82469.6,9.9,10.3,-999.0,10.3
82479.6,9.9,10.3,-999.0,10.3
82489.6,9.9,10.3,-999.0,10.3
82499.7,9.9,10.3,-999.0,10.3
82509.7,9.9,10.4,-999.0,10.4
82519.7,9.9,10.3,-999.0,10.3
82529.7,9.9,10.3,-999.0,10.3
82539.7,9.9,10.4,-999.0,10.3
82549.8,9.9,10.3,-999.0,10.3
82559.8,9.9,10.3,-999.0,10.3
82569.8,9.9,10.3,-999.0,10.3
82579.8,9.9,10.3,-999.0,10.3
82589.9,9.9,10.3,-999.0,10.3
82599.9,9.9,10.4,-999.0,10.3
82609.9,9.9,10.3,-999.0,10.4
82619.9,9.9,10.4,-999.0,10.3
82629.9,9.9,10.3,-999.0,10.3
82640.0,9.9,10.4,-999.0,10.5
82650.0,9.9,10.3,-999.0,10.3
82660.0,9.9,10.3,-999.0,10.3
82670.0,9.9,10.4,-999.0,10.3
82680.0,9.9,10.3,-999.0,10.3
82690.1,9.9,10.3,-999.0,10.3
82700.1,9.9,10.3,-999.0,10.3
82710.1,9.9,10.3,-999.0,10.3
82720.1,9.9,10.4,-999.0,10.5
82730.2,9.9,10.4,-999.0,10.3
82740.2,9.9,10.3,-999.0,10.3
82750.2,9.9,10.3,-999.0,10.3
82760.2,9.9,10.3,-999.0,10.3
82770.2,9.9,10.3,-999.0,10.3
82780.2,9.9,10.3,-999.0,10.4
82790.2,9.9,10.3,-999.0,10.3
82800.3,9.9,10.3,-999.0,10.3
82810.3,9.9,10.3,-999.0,10.3
82820.3,9.9,10.3,-999.0,10.5
82830.3,9.9,10.3,-999.0,10.3
82840.3,9.9,10.4,-999.0,10.4
82850.3,9.9,10.4,-999.0,10.4
82860.3,9.9,10.3,-999.0,10.3
82870.4,9.9,10.3,-999.0,10.5
82880.4,10.0,10.3,-999.0,10.3
82890.4,9.9,10.3,-999.0,10.4
82900.4,9.9,10.3,-999.0,10.3
82910.4,9.9,10.4,-999.0,10.3
82920.4,9.9,10.3,-999.0,10.3
82930.4,9.9,10.3,-999.0,10.3
82940.5,9.9,10.4,-999.0,10.3
82950.5,9.9,10.3,-999.0,10.3
82960.5,9.9,10.4,-999.0,10.4
82970.5,9.9,10.3,-999.0,10.3
82980.5,9.9,10.3,-999.0,10.3
82990.6,9.9,10.3,-999.0,10.3
83000.6,9.9,10.3,-999.0,10.5
83010.6,9.9,10.3,-999.0,10.3
83020.7,9.9,10.3,-999.0,10.3
83030.7,9.9,10.4,-999.0,10.3
83040.7,9.9,10.3,-999.0,10.3
83050.7,9.9,10.3,-999.0,10.3
83060.7,9.9,10.3,-999.0,10.3
83070.7,9.9,10.3,-999.0,10.4
83080.7,9.9,10.3,-999.0,10.3
83090.8,9.9,10.3,-999.0,10.3
83100.8,9.9,10.3,-999.0,10.3
83110.8,9.9,10.3,-999.0,10.3
83120.8,9.9,10.3,-999.0,10.5
83130.8,9.9,10.3,-999.0,10.3
83140.8,9.9,10.3,-999.0,10.3
83150.9,9.9,10.3,-999.0,10.3
83160.9,9.9,10.3,-999.0,10.3
83170.9,9.9,10.3,-999.0,10.3
83180.9,9.9,10.4,-999.0,10.4
83190.9,9.9,10.3,-999.0,10.3
83201.0,9.9,10.3,-999.0,10.3
83211.0,9.9,10.3,-999.0,10.3
83221.0,9.9,10.3,-999.0,10.3
83231.0,9.9,10.3,-999.0,10.3
83241.0,9.9,10.3,-999.0,10.3
83251.1,9.9,10.4,-999.0,10.3
83261.1,9.9,10.3,-999.0,10.3
83271.1,9.9,10.3,-999.0,10.3
83281.1,9.9,10.3,-999.0,10.5
83291.1,9.9,10.3,-999.0,10.3
83301.1,9.9,10.3,-999.0,10.5
83311.2,9.9,10.3,-999.0,10.3
83321.2,9.9,10.3,-999.0,10.3
83331.2,9.9,10.3,-999.0,10.3
83341.2,9.9,10.3,-999.0,10.4
83351.2,9.9,10.4,-999.0,10.3
83361.2,9.9,10.3,-999.0,10.4
83371.2,9.9,10.3,-999.0,10.5
83381.3,9.9,10.3,-999.0,10.3
83391.3,9.9,10.4,-999.0,10.5
83401.3,9.9,10.3,-999.0,10.3
83411.3,9.9,10.3,-999.0,10.3
83421.4,9.9,10.3,-999.0,10.3
83431.4,9.9,10.3,-999.0,10.3
83441.4,9.9,10.3,-999.0,10.4
83451.4,9.9,10.3,-999.0,10.5
83461.5,9.9,10.3,-999.0,10.3
83471.5,9.9,10.3,-999.0,10.4
83481.5,9.9,10.3,-999.0,10.4
83491.5,9.9,10.3,-999.0,10.3
83501.5,9.9,10.3,-999.0,10.3
83511.6,9.9,10.3,-999.0,10.4
83521.6,9.9,10.3,-999.0,10.3
83531.6,9.9,10.4,-999.0,10.5
83541.6,9.9,10.3,-999.0,10.4
83551.7,9.9,10.3,-999.0,10.4
83561.7,9.9,10.4,-999.0,10.3
83571.7,9.9,10.3,-999.0,10.3
83581.7,9.9,10.3,-999.0,10.3
83591.7,9.9,10.3,-999.0,10.3
83601.8,9.9,10.3,-999.0,10.3
83611.8,9.9,10.4,-999.0,10.3
83621.8,9.9,10.3,-999.0,10.4
83631.8,9.9,10.4,-999.0,10.3
83641.8,9.9,10.3,-999.0,10.4
83651.8,9.9,10.3,-999.0,10.3
83661.9,9.9,10.3,-999.0,10.3
83671.9,9.9,10.3,-999.0,10.3
83681.9,9.9,10.3,-999.0,10.4
83691.9,9.9,10.3,-999.0,10.3
83701.9,9.9,10.3,-999.0,10.3
83711.9,9.9,10.3,-999.0,10.3
83721.9,9.9,10.3,-999.0,10.4
83732.0,9.9,10.3,-999.0,10.3
83742.0,9.9,10.3,-999.0,10.3
83752.0,9.9,10.3,-999.0,10.3
83762.0,9.9,10.3,-999.0,10.3
83772.0,9.9,10.3,-999.0,10.3
83782.0,9.9,10.3,-999.0,10.4
83792.0,9.9,10.3,-999.0,10.4
83802.1,9.9,10.3,-999.0,10.5
83812.1,9.9,10.3,-999.0,10.3
83822.1,9.9,10.3,-999.0,10.3
83832.1,9.9,10.3,-999.0,10.5
83842.1,9.9,10.3,-999.0,10.4
83852.1,9.9,10.3,-999.0,10.3
83862.1,9.9,10.3,-999.0,10.3
83872.2,9.9,10.3,-999.0,10.3
83882.2,9.9,10.3,-999.0,10.4
83892.2,9.9,10.3,-999.0,10.3
83902.2,9.9,10.3,-999.0,10.3
83912.2,9.9,10.4,-999.0,10.5
83922.2,9.9,10.3,-999.0,10.3
83932.3,9.9,10.3,-999.0,10.3
83942.3,9.9,10.3,-999.0,10.3
83952.3,9.9,10.3,-999.0,10.3
83962.3,9.9,10.3,-999.0,10.3
83972.3,9.9,10.3,-999.0,10.4
83982.3,9.9,10.3,-999.0,10.3
83992.3,9.9,10.3,-999.0,10.3
84002.4,9.9,10.4,-999.0,10.4
84012.4,9.9,10.3,-999.0,10.3
84022.4,9.9,10.3,-999.0,10.4
84032.4,9.9,10.3,-999.0,10.4
84042.4,9.9,10.3,-999.0,10.3
84052.4,9.9,10.4,-999.0,10.3
84062.4,9.9,10.3,-999.0,10.3
84072.4,9.9,10.3,-999.0,10.3
84082.5,9.9,10.3,-999.0,10.4
84092.5,9.9,10.3,-999.0,10.3
84102.5,9.9,10.3,-999.0,10.3
84112.5,9.9,10.3,-999.0,10.3
84122.5,9.9,10.4,-999.0,10.3
84132.5,9.9,10.3,-999.0,10.3
84142.5,9.9,10.4,-999.0,10.3
84152.6,9.9,10.3,-999.0,10.3
84162.6,9.9,10.3,-999.0,10.5
84172.6,9.9,10.3,-999.0,10.3
84182.6,9.9,10.4,-999.0,10.5
84192.6,9.9,10.3,-999.0,10.3
84202.6,9.9,10.3,-999.0,10.3
84212.6,9.9,10.3,-999.0,10.4
84222.7,9.9,10.4,-999.0,10.5
84232.7,9.9,10.3,-999.0,10.3
84242.7,9.9,10.3,-999.0,10.3
84252.7,9.9,10.3,-999.0,10.4
84262.7,9.9,10.3,-999.0,10.3
84272.7,9.9,10.3,-999.0,10.5
84282.7,9.9,10.4,-999.0,10.3
84292.8,9.9,10.3,-999.0,10.3
84302.8,9.9,10.4,-999.0,10.5
84312.8,9.9,10.3,-999.0,10.4
84322.8,9.9,10.4,-999.0,10.5
84332.8,9.9,10.4,-999.0,10.3
84342.9,9.9,10.4,-999.0,10.3
84352.9,10.0,10.3,-999.0,10.4
84362.9,9.9,10.4,-999.0,10.4
84372.9,9.9,10.3,-999.0,10.3
84382.9,9.9,10.3,-999.0,10.4
84392.9,9.9,10.3,-999.0,10.4
84403.0,9.9,10.3,-999.0,10.4
84413.0,9.9,10.3,-999.0,10.4
84423.0,9.9,10.3,-999.0,10.3
84433.0,9.9,10.3,-999.0,10.3
84443.0,9.9,10.4,-999.0,10.3
84453.0,9.9,10.3,-999.0,10.4
84463.1,9.9,10.3,-999.0,10.3
84473.1,9.9,10.3,-999.0,10.4
84483.1,9.9,10.3,-999.0,10.4
84493.1,9.9,10.3,-999.0,10.3
84503.1,9.9,10.3,-999.0,10.3
84513.1,9.9,10.3,-999.0,10.3
84523.1,9.9,10.3,-999.0,10.3
84533.2,9.9,10.3,-999.0,10.4
84543.2,9.9,10.4,-999.0,10.3
84553.2,9.9,10.4,-999.0,10.3
84563.2,9.9,10.3,-999.0,10.4
84573.2,9.9,10.3,-999.0,10.4
84583.2,9.9,10.4,-999.0,10.5
84593.3,9.9,10.3,-999.0,10.3
84603.3,9.9,10.3,-999.0,10.3
84613.3,9.9,10.4,-999.0,10.4
84623.3,9.9,10.3,-999.0,10.4
84633.3,9.9,10.4,-999.0,10.4
84643.3,9.9,10.3,-999.0,10.4
84653.4,9.9,10.3,-999.0,10.3
84663.4,9.9,10.2,-999.0,10.3
84673.4,9.9,10.3,-999.0,10.5
84683.4,9.9,10.3,-999.0,10.3
84693.4,9.9,10.3,-999.0,10.5
84703.4,10.0,10.3,-999.0,10.3
84713.4,9.9,10.3,-999.0,10.4
84723.4,9.9,10.3,-999.0,10.3
84733.5,10.0,10.4,-999.0,10.5
84743.5,9.9,10.3,-999.0,10.3
84753.5,9.9,10.4,-999.0,10.4
84763.5,9.9,10.3,-999.0,10.3
84773.6,9.9,10.4,-999.0,10.4
84783.6,10.0,10.4,-999.0,10.4
84793.6,10.0,10.4,-999.0,10.6
84803.6,10.0,10.5,-999.0,10.4
84813.6,10.1,10.5,-999.0,10.6
84823.6,10.1,10.5,-999.0,10.5
84833.7,10.1,10.6,-999.0,10.5
84843.7,10.1,10.7,-999.0,10.6
84853.7,10.2,10.6,-999.0,10.6
84863.7,10.3,10.7,-999.0,10.6
84873.7,10.3,10.7,-999.0,10.7
84883.7,10.4,10.8,-999.0,10.9
84893.7,10.4,10.8,-999.0,11.0
84903.8,10.6,10.9,-999.0,10.9
84913.8,10.6,11.0,-999.0,10.9
84923.8,10.7,11.1,-999.0,11.0
84933.8,10.7,11.2,-999.0,11.2
84943.8,11.0,11.2,-999.0,11.1
84953.8,10.9,11.3,-999.0,11.2
84963.8,11.2,11.3,-999.0,11.2
84973.9,11.2,11.4,-999.0,11.3
84983.9,11.3,11.4,-999.0,11.4
84993.9,11.5,11.5,-999.0,11.5
85003.9,11.5,11.7,-999.0,12.0
85013.9,11.6,11.7,-999.0,11.7
85023.9,11.7,11.9,-999.0,11.8
85033.9,11.8,11.9,-999.0,11.8
85044.0,11.9,12.0,-999.0,12.2
85054.0,12.0,12.1,-999.0,12.2
85064.0,12.1,12.2,-999.0,12.4
85074.0,12.2,12.3,-999.0,12.3
85084.0,12.3,12.3,-999.0,12.5
85094.0,12.4,12.5,-999.0,12.6
85104.1,12.5,12.6,-999.0,12.6
85114.1,12.6,12.6,-999.0,12.8
85124.1,12.6,12.7,-999.0,12.8
85134.1,12.7,13.0,-999.0,13.1
85144.1,12.8,13.1,-999.0,13.0
85154.1,12.8,13.2,-999.0,13.0
85164.1,12.9,13.2,-999.0,13.3
85174.1,13.1,13.3,-999.0,13.2
85184.1,13.1,13.4,-999.0,13.3
85194.2,13.1,13.5,-999.0,13.5
85204.2,13.3,13.5,-999.0,13.5
85214.2,13.3,13.6,-999.0,13.5
85224.2,13.3,13.7,-999.0,13.6
85234.2,13.4,13.7,-999.0,13.7
85244.2,13.5,13.7,-999.0,13.7
85254.3,13.5,13.8,-999.0,13.7
85264.3,13.5,13.9,-999.0,14.0
85274.3,13.7,13.9,-999.0,13.9
85284.3,13.7,13.9,-999.0,13.9
85294.3,13.8,14.1,-999.0,14.0
85304.3,13.9,14.1,-999.0,14.0
85314.4,13.9,14.1,-999.0,14.1
85324.4,13.9,14.1,-999.0,14.1
85334.4,14.0,14.2,-999.0,14.2
85344.4,14.0,14.3,-999.0,14.1
85354.4,14.1,14.3,-999.0,14.2
85364.4,14.0,14.4,-999.0,14.3
85374.4,14.1,14.4,-999.0,14.4
85384.5,14.2,14.4,-999.0,14.4
85394.5,14.2,14.5,-999.0,14.4
85404.5,14.2,14.6,-999.0,14.6
85414.5,14.3,14.6,-999.0,14.4
85424.5,14.3,14.7,-999.0,14.4
85434.6,14.3,14.7,-999.0,14.5
85444.6,14.4,14.7,-999.0,14.6
85454.6,14.4,14.8,-999.0,14.6
85464.6,14.4,14.8,-999.0,14.8
85474.6,14.4,14.8,-999.0,14.6
85484.7,14.4,14.9,-999.0,14.8
85494.7,14.5,14.9,-999.0,14.8
85504.7,14.5,14.9,-999.0,14.8
85514.7,14.6,15.0,-999.0,14.7
85524.7,14.6,15.0,-999.0,14.8
85534.8,14.6,15.0,-999.0,14.8
85544.8,14.6,15.0,-999.0,14.9
85554.8,14.7,15.1,-999.0,14.9
85564.8,14.7,15.2,-999.0,15.1
85574.8,14.7,15.2,-999.0,14.9
85584.9,14.8,15.2,-999.0,14.9
85594.9,14.8,15.3,-999.0,15.1
85604.9,14.8,15.2,-999.0,15.0
85614.9,14.8,15.3,-999.0,15.0
85624.9,14.9,15.3,-999.0,15.0
85634.9,14.9,15.3,-999.0,15.1
85644.9,15.1,15.3,-999.0,15.1
85655.0,15.1,15.4,-999.0,15.1
85665.0,14.9,15.4,-999.0,15.3
85675.0,14.9,15.4,-999.0,15.1
85685.1,15.0,15.5,-999.0,15.3
85695.1,15.0,15.5,-999.0,15.2
85705.1,15.2,15.5,-999.0,15.2
85715.1,15.0,15.5,-999.0,15.2
85725.1,15.0,15.5,-999.0,15.2
85735.1,15.3,15.5,-999.0,15.3
85745.1,15.2,15.5,-999.0,15.5
85755.2,15.1,15.6,-999.0,15.3
85765.2,15.3,15.6,-999.0,15.3
85775.2,15.4,15.7,-999.0,15.5
85785.2,15.4,15.7,-999.0,15.4
85795.3,15.4,15.7,-999.0,15.4
85805.3,15.3,15.7,-999.0,15.4
85815.3,15.4,15.7,-999.0,15.4
85825.3,15.4,15.7,-999.0,15.5
85835.3,15.4,15.7,-999.0,15.5
85845.3,15.5,15.7,-999.0,15.5
85855.3,15.5,15.9,-999.0,15.6
85865.3,15.5,15.8,-999.0,15.5
85875.4,15.6,15.9,-999.0,15.6
85885.4,15.5,15.9,-999.0,15.7
85895.4,15.5,15.9,-999.0,15.5
85905.4,15.6,15.9,-999.0,15.6
85915.4,15.6,15.9,-999.0,15.7
85925.5,15.6,15.9,-999.0,15.6
85935.5,15.6,15.9,-999.0,15.6
85945.5,15.6,16.1,-999.0,16.0
85955.5,15.6,16.0,-999.0,16.0
85965.5,15.6,16.0,-999.0,15.7
85975.5,15.6,16.1,-999.0,15.8
85985.5,15.6,16.1,-999.0,15.7
85995.6,15.6,16.1,-999.0,15.9
86005.6,15.7,16.1,-999.0,15.8
86015.6,15.7,16.2,-999.0,15.8
86025.6,15.7,16.1,-999.0,15.8
86035.6,15.7,16.2,-999.0,15.9
86045.6,15.7,16.2,-999.0,15.8
86055.7,15.7,16.2,-999.0,16.0
86065.7,15.7,16.2,-999.0,16.0
86075.7,15.7,16.2,-999.0,15.8
86085.7,15.7,16.4,-999.0,16.1
86095.7,15.8,16.3,-999.0,15.8
86105.7,15.8,16.2,-999.0,15.8
86115.8,15.8,16.3,-999.0,15.9
86125.8,15.8,16.3,-999.0,15.9
86135.8,15.8,16.3,-999.0,15.9
86145.8,15.9,16.3,-999.0,15.9
86155.8,15.8,16.4,-999.0,16.0
86165.9,15.8,16.3,-999.0,16.2
86175.9,15.9,16.4,-999.0,16.0
86185.9,15.9,16.4,-999.0,16.0
86195.9,15.9,16.4,-999.0,16.0
86206.0,15.9,16.4,-999.0,16.3
86216.0,15.9,16.4,-999.0,16.1
86226.0,15.9,16.4,-999.0,16.3
86236.0,15.9,16.4,-999.0,16.2
86246.1,16.0,16.4,-999.0,16.2
86256.1,15.9,16.4,-999.0,16.2
86266.1,16.0,16.5,-999.0,16.3
86276.1,16.0,16.5,-999.0,16.4
86286.1,16.0,16.6,-999.0,16.4
86296.1,16.0,16.6,-999.0,16.0
86306.2,16.0,16.6,-999.0,16.3
86316.2,16.0,16.6,-999.0,16.3
86326.2,16.0,16.6,-999.0,16.1
86336.2,16.0,16.6,-999.0,16.5
86346.2,16.0,16.6,-999.0,16.3
86356.2,16.0,16.6,-999.0,16.1
86366.2,16.0,16.7,-999.0,16.5
86376.3,16.0,16.6,-999.0,16.3
86386.3,16.1,16.6,-999.0,16.3
86396.3,16.0,16.9,-999.0,16.5
86406.3,16.1,16.6,-999.0,16.4
86416.3,16.1,16.7,-999.0,16.4
86426.4,16.1,16.8,-999.0,16.4
86436.4,16.1,16.6,-999.0,16.4
86446.4,16.1,16.7,-999.0,16.5
86456.4,16.1,16.7,-999.0,16.4
86466.4,16.2,16.7,-999.0,16.5
86476.4,16.2,16.8,-999.0,16.4
86486.4,16.2,16.8,-999.0,16.4
86496.5,16.2,16.8,-999.0,16.4
86506.5,16.2,16.8,-999.0,16.4
86516.5,16.2,17.0,-999.0,16.5
86526.5,16.2,17.0,-999.0,16.5
86536.5,16.3,16.8,-999.0,16.5
86546.5,16.2,16.8,-999.0,16.7
86556.5,16.2,17.0,-999.0,16.5
86566.6,16.3,17.1,-999.0,16.6
86576.6,16.2,16.8,-999.0,16.5
86586.6,16.3,17.0,-999.0,16.5
86596.6,16.3,16.9,-999.0,16.5
86606.6,16.3,17.1,-999.0,16.6
86616.6,16.3,17.1,-999.0,16.5
86626.7,16.3,17.2,-999.0,16.7
86636.7,16.3,17.1,-999.0,16.5
86646.7,16.3,17.2,-999.0,16.6
86656.7,16.3,17.2,-999.0,16.8
86666.7,16.3,17.0,-999.0,16.5
86676.7,16.3,17.1,-999.0,16.6
86686.8,16.3,17.1,-999.0,16.6
86696.8,16.3,17.2,-999.0,16.6
86706.8,16.4,17.2,-999.0,16.8
86716.8,16.3,17.0,-999.0,16.6
86726.8,16.4,17.2,-999.0,16.6
86736.8,16.3,17.2,-999.0,16.6
86746.9,16.4,17.3,-999.0,16.7
86756.9,16.4,17.2,-999.0,16.7
86766.9,16.4,17.2,-999.0,16.7
86776.9,16.3,17.3,-999.0,16.7
86787.0,16.4,17.3,-999.0,16.6
86797.0,16.4,17.3,-999.0,16.7
86807.0,16.4,17.1,-999.0,16.7
86817.0,16.4,17.3,-999.0,16.7
86827.0,16.4,17.3,-999.0,16.7
86837.0,16.4,17.3,-999.0,16.7
86847.1,16.4,17.3,-999.0,16.8
86857.1,16.4,17.3,-999.0,16.8
86867.1,16.4,17.3,-999.0,16.8
86877.1,16.4,17.3,-999.0,16.8
86887.1,16.4,17.3,-999.0,16.9
86897.1,16.5,17.3,-999.0,16.8
86907.2,16.5,17.3,-999.0,16.8
86917.2,16.5,17.4,-999.0,16.8
86927.2,16.5,17.4,-999.0,16.8
86937.2,16.5,17.4,-999.0,16.8
86947.2,16.5,17.3,-999.0,16.8
86957.2,16.5,17.4,-999.0,16.8
86967.3,16.5,17.4,-999.0,17.0
86977.3,16.5,17.4,-999.0,16.8
86987.3,16.5,17.4,-999.0,16.8
86997.3,16.5,17.5,-999.0,17.0
87007.3,16.5,17.5,-999.0,16.8
87017.3,16.5,17.5,-999.0,16.8
87027.4,16.5,17.5,-999.0,16.9
87037.4,16.5,17.5,-999.0,16.9
87047.4,16.5,17.5,-999.0,16.8
87057.4,16.6,17.5,-999.0,16.9
87067.4,16.6,17.5,-999.0,16.9
87077.4,16.5,17.5,-999.0,16.8
87087.5,16.6,17.5,-999.0,16.8
87097.5,16.6,17.6,-999.0,17.0
87107.5,16.6,17.5,-999.0,16.9
87117.5,16.6,17.5,-999.0,16.9
87127.5,16.6,17.6,-999.0,16.9
87137.5,16.6,17.5,-999.0,16.9
87147.6,16.6,17.6,-999.0,16.9
87157.6,16.7,17.6,-999.0,16.9
87167.6,16.6,17.5,-999.0,16.9
87177.6,16.6,17.6,-999.0,17.0
87187.6,16.7,17.6,-999.0,16.9
87197.6,16.6,17.6,-999.0,16.9
87207.6,16.6,17.6,-999.0,17.0
87217.6,16.7,17.6,-999.0,17.0
87227.7,16.6,17.6,-999.0,16.9
87237.7,16.7,17.7,-999.0,17.0
87247.7,16.7,17.6,-999.0,17.0
87257.7,16.7,17.7,-999.0,17.1
87267.7,16.7,17.6,-999.0,17.0
87277.7,16.7,17.7,-999.0,17.0
87287.7,16.7,17.7,-999.0,17.2
87297.8,16.7,17.7,-999.0,17.0
87307.8,16.7,17.7,-999.0,17.0
87317.8,16.7,17.7,-999.0,17.0
87327.8,16.7,17.7,-999.0,17.2
87337.8,16.7,17.7,-999.0,17.0
87347.8,16.7,17.7,-999.0,17.0
87357.9,16.7,17.7,-999.0,17.2
87367.9,16.7,17.7,-999.0,17.0
87377.9,16.7,17.7,-999.0,17.1
87387.9,16.7,17.7,-999.0,17.0
87397.9,16.8,17.7,-999.0,17.0
87407.9,16.7,17.7,-999.0,17.1
87418.0,16.7,17.7,-999.0,17.1
87428.0,16.8,17.7,-999.0,17.1
87438.0,16.7,17.7,-999.0,17.0
87448.0,16.8,17.7,-999.0,17.1
87458.0,16.8,17.8,-999.0,17.2
87468.0,16.8,17.8,-999.0,17.0
87478.1,16.8,17.7,-999.0,17.1
87488.1,16.9,17.8,-999.0,17.1
87498.1,16.8,17.7,-999.0,17.1
87508.1,16.8,17.7,-999.0,17.1
87518.1,16.8,17.8,-999.0,17.1
87528.1,16.8,17.7,-999.0,17.1
87538.2,16.8,17.8,-999.0,17.2
87548.2,16.8,17.8,-999.0,17.2
87558.2,16.9,17.8,-999.0,17.1
87568.2,16.9,17.9,-999.0,17.2
87578.2,16.8,17.9,-999.0,17.2
87588.2,16.9,17.8,-999.0,17.2
87598.2,16.8,17.9,-999.0,17.3
87608.3,16.9,17.8,-999.0,17.2
87618.3,16.9,17.8,-999.0,17.1
87628.3,16.9,17.9,-999.0,17.2
87638.3,16.9,17.9,-999.0,17.2
87648.3,16.9,17.8,-999.0,17.2
87658.3,16.9,17.9,-999.0,17.2
87668.4,16.9,17.9,-999.0,17.2
87678.4,16.9,18.0,-999.0,17.3
87688.4,17.0,17.9,-999.0,17.2
87698.4,16.9,18.0,-999.0,17.2
87708.4,16.9,17.9,-999.0,17.2
87718.4,16.9,17.9,-999.0,17.2
87728.4,16.9,18.0,-999.0,17.2
87738.4,16.9,18.0,-999.0,17.3
87748.5,17.0,18.0,-999.0,17.2
87758.5,16.9,18.0,-999.0,17.2
87768.5,17.0,17.9,-999.0,17.2
87778.5,17.0,17.9,-999.0,17.2
87788.5,16.9,18.0,-999.0,17.2
87798.5,16.9,18.0,-999.0,17.4
87808.6,17.0,18.0,-999.0,17.3
87818.6,17.0,18.0,-999.0,17.2
87828.6,17.0,17.9,-999.0,17.3
87838.6,17.0,18.0,-999.0,17.2
87848.6,17.0,18.0,-999.0,17.3
87858.6,17.0,18.0,-999.0,17.2
87868.6,17.0,18.0,-999.0,17.3
87878.7,17.0,18.0,-999.0,17.3
87888.7,17.0,18.0,-999.0,17.5
87898.7,17.0,18.0,-999.0,17.3
87908.7,17.0,18.0,-999.0,17.2
87918.7,17.0,18.0,-999.0,17.2
87928.7,17.0,18.0,-999.0,17.3
87938.7,17.0,18.0,-999.0,17.3
87948.8,17.0,18.1,-999.0,17.3
87958.8,17.0,18.1,-999.0,17.3
87968.8,17.0,18.0,-999.0,17.3
87978.8,17.0,18.0,-999.0,17.5
87988.8,17.0,18.1,-999.0,17.5
87998.8,17.0,18.0,-999.0,17.4
88008.9,17.0,18.1,-999.0,17.4
88018.9,17.0,18.0,-999.0,17.4
88028.9,17.0,18.1,-999.0,17.3
88038.9,17.0,18.1,-999.0,17.3
88048.9,17.0,18.1,-999.0,17.5
88058.9,17.1,18.1,-999.0,17.3
88069.0,17.0,18.1,-999.0,17.3
88079.0,17.0,18.1,-999.0,17.4
88089.0,17.0,18.1,-999.0,17.5
88099.0,17.0,18.2,-999.0,17.5
88109.0,17.1,18.2,-999.0,17.4
88119.0,17.1,18.0,-999.0,17.4
88129.1,17.1,18.1,-999.0,17.4
88139.1,17.0,18.1,-999.0,17.4
88149.1,17.1,18.1,-999.0,17.4
88159.1,17.1,18.1,-999.0,17.4
88169.1,17.1,18.2,-999.0,17.4
88179.1,17.1,18.1,-999.0,17.4
88189.2,17.1,18.2,-999.0,17.4
88199.2,17.1,18.2,-999.0,17.5
88209.2,17.1,18.2,-999.0,17.5
88219.2,17.1,18.1,-999.0,17.4
88229.3,17.1,18.2,-999.0,17.5
88239.3,17.1,18.2,-999.0,17.5
88249.3,17.1,18.2,-999.0,17.4
88259.3,17.1,18.2,-999.0,17.5
88269.3,17.2,18.2,-999.0,17.4
88279.4,17.1,18.1,-999.0,17.4
88289.4,17.2,18.2,-999.0,17.5
88299.4,17.2,18.2,-999.0,17.5
88309.4,17.2,18.2,-999.0,17.4
88319.5,17.2,18.2,-999.0,17.5
88329.5,17.2,18.2,-999.0,17.6
88339.5,17.1,18.2,-999.0,17.5
88349.6,17.1,18.2,-999.0,17.5
88359.6,17.2,18.2,-999.0,17.5
88369.6,17.2,18.2,-999.0,17.5
88379.6,17.2,18.2,-999.0,17.5
88389.6,17.2,18.2,-999.0,17.5
88399.7,17.2,18.2,-999.0,17.6
88409.7,17.1,18.2,-999.0,17.5
88419.7,17.2,18.2,-999.0,17.5
88429.7,17.2,18.2,-999.0,17.5
88439.7,17.2,18.2,-999.0,17.5
88449.8,17.2,18.3,-999.0,17.7
88459.8,17.2,18.2,-999.0,17.5
88469.8,17.2,18.2,-999.0,17.5
88479.8,17.2,18.3,-999.0,17.7
88489.8,17.2,18.2,-999.0,17.6
88499.8,17.2,18.2,-999.0,17.5
88509.9,17.2,18.4,-999.0,17.5
88519.9,17.2,18.3,-999.0,17.5
88529.9,17.2,18.3,-999.0,17.5
88539.9,17.2,18.3,-999.0,17.5
88549.9,17.3,18.3,-999.0,17.6
88559.9,17.2,18.3,-999.0,17.5
88570.0,17.2,18.3,-999.0,17.5
88580.0,17.2,18.4,-999.0,17.7
88590.0,17.2,18.3,-999.0,17.5
88600.0,17.2,18.2,-999.0,17.5
88610.0,17.2,18.3,-999.0,17.5
88620.1,17.2,18.3,-999.0,17.6
88630.1,17.2,18.3,-999.0,17.6
88640.1,17.2,18.3,-999.0,17.6
88650.1,17.2,18.3,-999.0,17.6
88660.1,17.2,18.4,-999.0,17.7
88670.1,17.2,18.3,-999.0,17.6
88680.1,17.2,18.4,-999.0,17.7
88690.1,17.3,18.3,-999.0,17.6
88700.2,17.2,18.3,-999.0,17.6
88710.2,17.3,18.3,-999.0,17.6
88720.2,17.3,18.4,-999.0,17.6
88730.2,17.2,18.4,-999.0,17.7
88740.2,17.3,18.4,-999.0,17.6
88750.2,17.2,18.3,-999.0,17.6
88760.2,17.3,18.3,-999.0,17.6
88770.3,17.4,18.3,-999.0,17.6
88780.3,17.3,18.4,-999.0,17.6
88790.4,17.2,18.4,-999.0,17.7
88800.4,17.3,18.4,-999.0,17.6
88810.4,17.3,18.4,-999.0,17.7
88820.4,17.2,18.4,-999.0,17.7
88830.4,17.3,18.4,-999.0,17.7
88840.4,17.3,18.4,-999.0,17.8
88850.5,17.3,18.4,-999.0,17.6
88860.5,17.4,18.4,-999.0,17.7
88870.5,17.4,18.3,-999.0,17.7
88880.5,17.4,18.4,-999.0,17.6
88890.5,17.4,18.4,-999.0,17.7
88900.5,17.3,18.4,-999.0,17.6
88910.6,17.4,18.4,-999.0,17.7
88920.6,17.4,18.4,-999.0,17.7
88930.6,17.3,18.4,-999.0,17.7
88940.6,17.3,18.4,-999.0,17.7
88950.6,17.4,18.4,-999.0,17.7
88960.6,17.3,18.4,-999.0,17.7
88970.7,17.4,18.5,-999.0,17.9
88980.7,17.4,18.4,-999.0,17.7
88990.7,17.4,18.4,-999.0,17.7
89000.7,17.4,18.4,-999.0,17.7
89010.7,17.4,18.4,-999.0,17.7
89020.7,17.4,18.4,-999.0,17.8
89030.8,17.4,18.4,-999.0,17.7
89040.8,17.3,18.4,-999.0,17.8
89050.8,17.4,18.4,-999.0,17.7
89060.8,17.4,18.5,-999.0,17.7
89070.8,17.4,18.4,-999.0,17.7
89080.9,17.4,18.4,-999.0,17.7
89090.9,17.4,18.4,-999.0,17.7
89100.9,17.4,18.5,-999.0,17.9
89110.9,17.4,18.4,-999.0,17.7
89120.9,17.4,18.4,-999.0,17.7
89130.9,17.4,18.5,-999.0,17.8
89141.0,17.4,18.5,-999.0,17.7
89151.0,17.4,18.4,-999.0,17.7
89161.0,17.4,18.4,-999.0,17.7
89171.0,17.4,18.5,-999.0,17.9
89181.0,17.4,18.5,-999.0,17.9
89191.1,17.4,18.5,-999.0,17.7
89201.1,17.4,18.4,-999.0,17.7
89211.1,17.4,18.5,-999.0,17.7
89221.2,17.4,18.4,-999.0,17.7
89231.2,17.4,18.5,-999.0,17.7
89241.2,17.5,18.5,-999.0,17.7
89251.2,17.4,18.5,-999.0,17.7
89261.2,17.4,18.4,-999.0,17.8
89271.3,17.5,18.5,-999.0,17.8
89281.3,17.4,18.6,-999.0,17.8
89291.3,17.5,18.5,-999.0,17.7
89301.3,17.4,18.5,-999.0,17.8
89311.3,17.5,18.5,-999.0,18.0
89321.3,17.5,18.5,-999.0,17.8
89331.4,17.5,18.5,-999.0,17.7
89341.4,17.5,18.5,-999.0,17.9
89351.4,17.4,18.5,-999.0,17.8
89361.4,17.5,18.5,-999.0,17.8
89371.5,17.4,18.5,-999.0,17.7
89381.5,17.5,18.5,-999.0,17.8
89391.5,17.5,18.5,-999.0,17.8
89401.5,17.5,18.5,-999.0,17.8
89411.5,17.5,18.6,-999.0,18.0
89421.6,17.4,18.5,-999.0,17.8
89431.6,17.5,18.5,-999.0,17.9
89441.6,17.5,18.5,-999.0,17.8
89451.6,17.5,18.5,-999.0,17.8
89461.6,17.5,18.5,-999.0,17.8
89471.6,17.5,18.6,-999.0,18.0
89481.7,17.5,18.6,-999.0,17.8
89491.7,17.5,18.5,-999.0,17.8
89501.7,17.5,18.6,-999.0,17.8
89511.7,17.6,18.5,-999.0,17.8
89521.7,17.5,18.6,-999.0,17.8
89531.8,17.5,18.5,-999.0,17.9
89541.8,17.5,18.6,-999.0,17.9
89551.8,17.5,18.5,-999.0,17.8
89561.8,17.5,18.5,-999.0,17.9
89571.8,17.5,18.6,-999.0,17.8
89581.9,17.5,18.6,-999.0,17.9
89591.9,17.5,18.6,-999.0,17.9
89601.9,17.6,18.6,-999.0,17.8
89611.9,17.5,18.6,-999.0,17.9
89621.9,17.5,18.6,-999.0,18.0
89632.0,17.5,18.5,-999.0,17.9
89642.0,17.5,18.6,-999.0,17.9
89652.0,17.5,18.5,-999.0,17.8
89662.0,17.6,18.6,-999.0,17.9
89672.0,17.5,18.6,-999.0,17.8
89682.0,17.5,18.6,-999.0,17.9
89692.0,17.6,18.6,-999.0,17.9
89702.1,17.5,18.6,-999.0,17.8
89712.1,17.6,18.6,-999.0,17.9
89722.1,17.6,18.6,-999.0,17.9
89732.1,17.6,18.6,-999.0,17.9
89742.1,17.6,18.6,-999.0,17.9
89752.2,17.6,18.6,-999.0,17.9
89762.2,17.5,18.6,-999.0,17.9
89772.2,17.6,18.6,-999.0,17.9
89782.2,17.6,18.6,-999.0,17.9
89792.2,17.6,18.6,-999.0,17.9
89802.3,17.6,18.6,-999.0,17.9
89812.3,17.6,18.6,-999.0,18.1
89822.3,17.6,18.6,-999.0,18.0
89832.3,17.6,18.6,-999.0,17.9
89842.3,17.6,18.6,-999.0,17.9
89852.3,17.6,18.6,-999.0,17.9
89862.3,17.6,18.6,-999.0,17.9
89872.3,17.6,18.6,-999.0,17.9
89882.4,17.6,18.6,-999.0,17.9
89892.4,17.6,18.6,-999.0,18.1
89902.4,17.6,18.6,-999.0,17.9
89912.4,17.6,18.6,-999.0,18.1
89922.4,17.6,18.6,-999.0,17.9
89932.4,17.6,18.6,-999.0,17.9
89942.4,17.6,18.7,-999.0,18.0
89952.5,17.6,18.7,-999.0,18.1
89962.5,17.6,18.6,-999.0,17.9
89972.5,17.6,18.6,-999.0,17.9
89982.5,17.6,18.6,-999.0,18.0
89992.5,17.6,18.7,-999.0,18.0
90002.5,17.6,18.6,-999.0,17.9
90012.5,17.6,18.6,-999.0,18.1
90022.6,17.6,18.7,-999.0,18.0
90032.6,17.7,18.7,-999.0,18.1
90042.6,17.6,18.6,-999.0,18.0
90052.6,17.6,18.6,-999.0,18.0
90062.7,17.6,18.7,-999.0,17.9
90072.7,17.6,18.7,-999.0,17.9
90082.7,17.6,18.7,-999.0,18.0
90092.8,17.6,18.7,-999.0,18.0
90102.8,17.6,18.7,-999.0,18.0
90112.8,17.6,18.7,-999.0,18.1
90122.8,17.6,18.6,-999.0,17.9
90132.8,17.6,18.6,-999.0,18.0
90142.8,17.6,18.7,-999.0,18.0
90152.8,17.6,18.7,-999.0,18.1
90162.8,17.6,18.7,-999.0,18.0
90172.9,17.6,18.7,-999.0,18.0
90182.9,17.7,18.7,-999.0,17.9
90192.9,17.7,18.7,-999.0,18.1
90202.9,17.6,18.8,-999.0,17.9
90212.9,17.6,18.8,-999.0,18.2
90222.9,17.7,18.7,-999.0,18.0
90232.9,17.6,18.7,-999.0,18.0
90243.0,17.7,18.8,-999.0,18.0
90253.0,17.7,18.7,-999.0,18.0
90263.0,17.7,18.7,-999.0,18.0
90273.0,17.6,18.8,-999.0,18.0
90283.0,17.6,18.7,-999.0,17.9
90293.0,17.6,18.7,-999.0,18.0
90303.1,17.7,18.7,-999.0,18.1
90313.1,17.7,18.7,-999.0,18.0
90323.1,17.6,18.7,-999.0,18.0
90333.1,17.6,18.8,-999.0,18.2
90343.1,17.6,18.8,-999.0,18.0
90353.1,17.7,18.7,-999.0,18.1
90363.1,17.7,18.8,-999.0,18.1
90373.2,17.7,18.7,-999.0,18.0
90383.2,17.6,18.8,-999.0,18.2
90393.2,17.7,18.7,-999.0,18.0
90403.2,17.7,18.7,-999.0,18.0
90413.2,17.7,18.9,-999.0,18.1
90423.2,17.7,18.7,-999.0,18.0
90433.3,17.7,18.8,-999.0,18.2
90443.3,17.7,18.8,-999.0,18.1
90453.3,17.7,18.7,-999.0,18.0
90463.3,17.7,18.8,-999.0,18.2
90473.3,17.7,18.7,-999.0,18.0
90483.3,17.7,18.7,-999.0,18.0
90493.3,17.7,18.8,-999.0,18.0
90503.4,17.7,18.8,-999.0,18.1
90513.4,17.7,18.8,-999.0,18.1
90523.4,17.7,18.8,-999.0,18.0
90533.4,17.7,18.9,-999.0,18.2
90543.4,17.8,18.8,-999.0,18.1
90553.4,17.7,18.7,-999.0,18.1
90563.5,17.7,18.8,-999.0,18.1
90573.5,17.7,18.8,-999.0,18.1
90583.5,17.8,18.8,-999.0,18.2
90593.5,17.8,18.8,-999.0,18.1
90603.5,17.7,18.8,-999.0,18.1
90613.5,17.8,18.8,-999.0,18.0
90623.5,17.7,18.8,-999.0,18.1
90633.6,17.8,18.8,-999.0,18.1
90643.6,17.8,18.8,-999.0,18.1
90653.6,17.8,18.8,-999.0,18.1
90663.6,17.8,18.8,-999.0,18.1
90673.6,17.8,18.9,-999.0,18.1
90683.7,17.8,18.9,-999.0,18.1
90693.7,17.8,18.8,-999.0,18.1
90703.7,17.8,18.8,-999.0,18.1
90713.7,17.8,18.7,-999.0,18.2
90723.7,17.8,18.8,-999.0,18.1
90733.7,17.8,18.8,-999.0,18.1
90743.7,17.8,18.9,-999.0,18.3
90753.8,17.8,18.9,-999.0,18.1
90763.8,17.8,18.8,-999.0,18.1
90773.8,17.8,18.8,-999.0,18.1
90783.8,17.8,18.8,-999.0,18.2
90793.8,17.8,18.8,-999.0,18.2
90803.8,17.8,18.8,-999.0,18.1
90813.8,17.9,18.9,-999.0,18.2
90823.9,17.8,18.9,-999.0,18.2
90833.9,17.8,18.9,-999.0,18.3
90843.9,17.8,18.8,-999.0,18.1
90853.9,17.8,18.9,-999.0,18.2
90863.9,17.8,18.8,-999.0,18.2
90873.9,17.8,18.8,-999.0,18.2
90883.9,17.8,18.8,-999.0,18.2
90894.0,17.8,18.9,-999.0,18.3
90904.0,17.9,18.9,-999.0,18.2
90914.0,17.9,18.8,-999.0,18.2
90924.0,17.8,18.9,-999.0,18.2
90934.0,17.9,18.9,-999.0,18.2
90944.0,17.8,18.9,-999.0,18.2
90954.1,17.9,18.9,-999.0,18.2
90964.1,17.8,18.9,-999.0,18.3
90974.1,17.8,18.8,-999.0,18.2
90984.1,17.9,18.9,-999.0,18.2
90994.1,17.8,19.0,-999.0,18.2
91004.1,17.9,18.9,-999.0,18.2
91014.1,17.8,18.9,-999.0,18.2
91024.2,17.8,18.9,-999.0,18.2
91034.2,17.9,18.8,-999.0,18.2
91044.2,17.9,18.9,-999.0,18.2
91054.2,17.9,19.0,-999.0,18.3
91064.2,17.9,18.9,-999.0,18.2
91074.3,17.9,18.9,-999.0,18.2
91084.3,17.8,18.9,-999.0,18.2
91094.3,17.9,18.9,-999.0,18.2
91104.3,17.9,18.9,-999.0,18.2
91114.3,17.9,18.9,-999.0,18.2
91124.3,17.9,18.9,-999.0,18.2
91134.3,17.9,18.9,-999.0,18.2
91144.4,17.9,18.9,-999.0,18.4
91154.4,17.9,18.9,-999.0,18.2
91164.4,17.9,18.9,-999.0,18.2
91174.4,17.9,18.8,-999.0,18.2
91184.4,17.9,18.9,-999.0,18.2
91194.4,17.9,18.9,-999.0,18.2
91204.4,17.9,18.9,-999.0,18.3
91214.5,17.9,18.9,-999.0,18.2
91224.5,17.9,18.9,-999.0,18.4
91234.5,17.9,18.9,-999.0,18.2
91244.5,17.9,18.9,-999.0,18.4
91254.5,17.9,18.9,-999.0,18.2
91264.6,17.9,18.9,-999.0,18.3
91274.6,17.9,19.0,-999.0,18.2
91284.6,17.9,18.9,-999.0,18.2
91294.6,17.9,18.9,-999.0,18.2
91304.6,17.9,18.9,-999.0,18.2
91314.7,17.9,18.9,-999.0,18.4
91324.7,17.9,18.9,-999.0,18.2
91334.7,17.9,18.9,-999.0,18.4
91344.7,17.9,18.9,-999.0,18.3
91354.7,17.9,18.9,-999.0,18.4
91364.8,17.9,19.0,-999.0,18.2
91374.8,17.9,19.0,-999.0,18.4
91384.8,18.0,19.0,-999.0,18.3
91394.8,17.9,19.0,-999.0,18.4
91404.8,17.9,18.9,-999.0,18.2
91414.9,17.9,18.9,-999.0,18.3
91424.9,17.9,18.9,-999.0,18.3
91434.9,18.0,18.9,-999.0,18.3
91444.9,17.9,19.0,-999.0,18.3
91454.9,17.9,18.9,-999.0,18.3
91464.9,17.9,18.9,-999.0,18.3
91474.9,18.0,18.9,-999.0,18.3
91485.0,17.9,19.0,-999.0,18.3
91495.0,18.0,18.9,-999.0,18.3
91505.0,17.9,18.9,-999.0,18.3
91515.0,17.9,18.9,-999.0,18.4
91525.0,17.9,19.0,-999.0,18.4
91535.1,17.9,18.9,-999.0,18.4
91545.1,17.9,19.0,-999.0,18.2
91555.1,18.0,18.9,-999.0,18.3
91565.2,17.9,19.0,-999.0,18.3
91575.2,18.0,19.0,-999.0,18.3
91585.2,18.0,19.0,-999.0,18.3
91595.2,18.0,18.9,-999.0,18.2
91605.2,17.9,19.0,-999.0,18.4
91615.3,17.9,19.0,-999.0,18.3
91625.3,18.0,19.0,-999.0,18.3
91635.3,18.0,19.0,-999.0,18.3
91645.3,18.0,19.0,-999.0,18.3
91655.3,18.0,18.9,-999.0,18.3
91665.3,17.9,19.0,-999.0,18.3
91675.4,18.0,19.0,-999.0,18.3
91685.4,18.0,18.9,-999.0,18.3
91695.4,17.9,19.0,-999.0,18.3
91705.4,18.0,19.0,-999.0,18.4
91715.4,18.0,18.9,-999.0,18.3
91725.4,18.0,19.0,-999.0,18.3
91735.5,18.0,19.0,-999.0,18.3
91745.5,18.0,19.0,-999.0,18.3
91755.5,18.0,19.0,-999.0,18.4
91765.5,18.0,19.0,-999.0,18.5
91775.5,18.0,19.0,-999.0,18.3
91785.6,18.0,19.0,-999.0,18.3
91795.6,18.0,18.9,-999.0,18.3
91805.6,18.0,18.9,-999.0,18.3
91815.6,18.0,19.0,-999.0,18.3
91825.7,18.0,19.0,-999.0,18.4
91835.7,18.0,18.9,-999.0,18.4
91845.7,18.0,19.0,-999.0,18.3
91855.7,18.0,19.0,-999.0,18.3
91865.7,18.0,18.9,-999.0,18.4
91875.7,18.0,19.0,-999.0,18.4
91885.7,18.0,19.0,-999.0,18.3
91895.8,18.0,19.0,-999.0,18.3
91905.8,18.0,19.0,-999.0,18.4
91915.8,18.0,18.9,-999.0,18.3
91925.8,18.0,18.9,-999.0,18.4
91935.9,18.1,19.0,-999.0,18.4
91945.9,18.0,19.0,-999.0,18.4
91955.9,18.0,19.0,-999.0,18.3
91965.9,18.0,19.0,-999.0,18.4
91975.9,18.0,19.0,-999.0,18.4
91985.9,18.0,18.9,-999.0,18.4
91995.9,18.0,19.0,-999.0,18.4
92005.9,18.1,19.0,-999.0,18.4
92016.0,18.1,19.0,-999.0,18.4
92026.0,18.0,19.0,-999.0,18.4
92036.0,18.0,19.0,-999.0,18.4
92046.0,18.0,19.0,-999.0,18.4
92056.0,18.1,19.0,-999.0,18.4
92066.0,18.0,19.0,-999.0,18.4
92076.1,18.0,19.0,-999.0,18.5
92086.1,18.0,19.0,-999.0,18.5
92096.1,18.0,19.0,-999.0,18.4
92106.1,18.0,19.0,-999.0,18.4
92116.1,18.0,19.0,-999.0,18.4
92126.1,18.1,19.0,-999.0,18.4
92136.2,18.1,19.0,-999.0,18.4
92146.2,18.0,19.0,-999.0,18.4
92156.2,18.0,18.9,-999.0,18.3
92166.2,18.0,19.0,-999.0,18.4
92176.2,18.0,19.0,-999.0,18.4
92186.2,18.0,19.0,-999.0,18.4
92196.3,18.1,19.0,-999.0,18.4
92206.3,18.0,19.0,-999.0,18.3
92216.3,18.0,19.0,-999.0,18.4
92226.3,18.1,19.0,-999.0,18.4
92236.4,18.0,19.0,-999.0,18.4
92246.4,18.1,19.1,-999.0,18.5
92256.4,18.1,19.0,-999.0,18.4
92266.4,18.0,19.1,-999.0,18.4
92276.4,18.1,19.0,-999.0,18.4
92286.5,18.1,19.0,-999.0,18.4
92296.5,18.1,19.0,-999.0,18.4
92306.5,18.1,19.0,-999.0,18.4
92316.5,18.1,19.1,-999.0,18.5
92326.5,18.1,19.1,-999.0,18.4
92336.6,18.1,19.1,-999.0,18.5
92346.6,18.1,19.1,-999.0,18.4
92356.6,18.1,19.0,-999.0,18.4
92366.6,18.1,19.1,-999.0,18.4
92376.6,18.1,19.1,-999.0,18.4
92386.6,18.1,19.0,-999.0,18.4
92396.6,18.1,19.0,-999.0,18.4
92406.7,18.1,19.1,-999.0,18.5
92416.7,18.1,19.1,-999.0,18.4
92426.7,18.1,19.1,-999.0,18.4
92436.7,18.1,19.1,-999.0,18.5
92446.7,18.1,19.0,-999.0,18.4
92456.7,18.1,19.0,-999.0,18.4
92466.7,18.1,19.0,-999.0,18.4
92476.8,18.1,19.1,-999.0,18.4
92486.8,18.1,19.1,-999.0,18.6
92496.8,18.1,19.1,-999.0,18.4
92506.8,18.1,19.0,-999.0,18.4
92516.8,18.1,19.1,-999.0,18.4
92526.9,18.1,19.1,-999.0,18.6
92536.9,18.1,19.0,-999.0,18.4
92546.9,18.1,19.1,-999.0,18.4
92556.9,18.1,19.1,-999.0,18.4
92566.9,18.1,19.1,-999.0,18.6
92576.9,18.1,19.1,-999.0,18.4
92586.9,18.1,19.1,-999.0,18.6
92597.0,18.1,19.1,-999.0,18.6
92607.0,18.1,19.1,-999.0,18.4
92617.0,18.1,19.1,-999.0,18.6
92627.0,18.1,19.1,-999.0,18.4
92637.0,18.1,19.1,-999.0,18.5
92647.0,18.1,19.1,-999.0,18.4
92657.1,18.1,19.0,-999.0,18.4
92667.1,18.1,19.1,-999.0,18.4
92677.1,18.1,19.0,-999.0,18.4
92687.1,18.1,19.1,-999.0,18.4
92697.1,18.2,19.1,-999.0,18.4
92707.2,18.1,19.1,-999.0,18.4
92717.2,18.1,19.0,-999.0,18.4
92727.2,18.1,19.0,-999.0,18.4
92737.2,18.1,19.1,-999.0,18.4
92747.2,18.1,19.1,-999.0,18.5
92757.2,18.1,19.1,-999.0,18.6
92767.3,18.1,19.1,-999.0,18.6
92777.3,18.1,19.1,-999.0,18.5
92787.3,18.1,19.1,-999.0,18.6
92797.3,18.1,19.1,-999.0,18.5
92807.3,18.1,19.1,-999.0,18.6
92817.3,18.1,19.1,-999.0,18.5
92827.3,18.1,19.1,-999.0,18.4
92837.3,18.1,19.1,-999.0,18.5
92847.3,18.1,19.1,-999.0,18.5
92857.4,18.2,19.1,-999.0,18.6
92867.4,18.1,19.1,-999.0,18.4
92877.4,18.1,19.1,-999.0,18.4
92887.4,18.1,19.1,-999.0,18.5
92897.4,18.2,19.1,-999.0,18.5
92907.5,18.1,19.1,-999.0,18.5
92917.5,18.1,19.1,-999.0,18.6
92927.5,18.1,19.1,-999.0,18.5
92937.5,18.1,19.2,-999.0,18.6
92947.6,18.1,19.1,-999.0,18.5
92957.6,18.1,19.1,-999.0,18.5
92967.6,18.2,19.1,-999.0,18.6
92977.6,18.1,19.1,-999.0,18.5
92987.6,18.1,19.1,-999.0,18.5
92997.6,18.1,19.1,-999.0,18.5
93007.6,18.2,19.1,-999.0,18.5
93017.6,18.1,19.1,-999.0,18.5
93027.7,18.1,19.1,-999.0,18.5
93037.7,18.1,19.1,-999.0,18.6
93047.7,18.2,19.1,-999.0,18.5
93057.8,18.2,19.1,-999.0,18.5
93067.8,18.2,19.2,-999.0,18.6
93077.8,18.2,19.1,-999.0,18.5
93087.8,18.2,19.1,-999.0,18.5
93097.8,18.2,19.1,-999.0,18.5
93107.9,18.2,19.1,-999.0,18.7
93117.9,18.2,19.1,-999.0,18.5
93127.9,18.2,19.1,-999.0,18.5
93137.9,18.3,19.1,-999.0,18.5
93147.9,18.1,19.2,-999.0,18.7
93157.9,18.3,19.1,-999.0,18.5
93168.0,18.2,19.1,-999.0,18.5
93178.0,18.2,19.2,-999.0,18.6
93188.0,18.2,19.2,-999.0,18.6
93198.0,18.3,19.1,-999.0,18.5
93208.0,18.1,19.1,-999.0,18.7
93218.0,18.2,19.1,-999.0,18.5
93228.1,18.2,19.1,-999.0,18.6
93238.1,18.2,19.1,-999.0,18.5
93248.1,18.2,19.1,-999.0,18.5
93258.1,18.2,19.1,-999.0,18.6
93268.1,18.2,19.1,-999.0,18.7
93278.1,18.2,19.1,-999.0,18.5
93288.1,18.2,19.2,-999.0,18.7
93298.1,18.1,19.1,-999.0,18.5
93308.2,18.2,19.1,-999.0,18.6
93318.2,18.2,19.2,-999.0,18.6
93328.2,18.2,19.2,-999.0,18.5
93338.2,18.2,19.2,-999.0,18.6
93348.2,18.3,19.2,-999.0,18.5
93358.3,18.2,19.2,-999.0,18.5
93368.3,18.3,19.1,-999.0,18.6
93378.3,18.3,19.1,-999.0,18.5
93388.3,18.2,19.2,-999.0,18.5
93398.3,18.2,19.2,-999.0,18.8
93408.3,18.2,19.1,-999.0,18.5
93418.3,18.2,19.1,-999.0,18.7
93428.4,18.3,19.2,-999.0,18.6
93438.4,18.2,19.2,-999.0,18.7
93448.4,18.3,19.1,-999.0,18.6
93458.5,18.2,19.2,-999.0,18.6
93468.5,18.3,19.1,-999.0,18.5
93478.5,18.2,19.1,-999.0,18.6
93488.5,18.2,19.1,-999.0,18.5
93498.5,18.2,19.1,-999.0,18.7
93508.5,18.2,19.2,-999.0,18.6
93518.6,18.2,19.2,-999.0,18.6
93528.6,18.2,19.2,-999.0,18.7
93538.6,18.2,19.2,-999.0,18.6
93548.7,18.3,19.2,-999.0,18.6
93558.7,18.2,19.2,-999.0,18.6
93568.7,18.2,19.1,-999.0,18.6
93578.7,18.2,19.2,-999.0,18.6
93588.7,18.2,19.2,-999.0,18.6
93598.7,18.2,19.2,-999.0,18.6
93608.8,18.2,19.2,-999.0,18.6
93618.8,18.3,19.2,-999.0,18.6
93628.8,18.3,19.2,-999.0,18.6
93638.8,18.2,19.2,-999.0,18.6
93648.8,18.3,19.2,-999.0,18.6
93658.9,18.2,19.1,-999.0,18.6
93668.9,18.3,19.2,-999.0,18.6
93678.9,18.3,19.2,-999.0,18.6
93688.9,18.3,19.1,-999.0,18.6
93698.9,18.3,19.2,-999.0,18.6
93708.9,18.3,19.2,-999.0,18.6
93718.9,18.3,19.2,-999.0,18.6
93729.0,18.2,19.1,-999.0,18.6
93739.0,18.3,19.2,-999.0,18.6
93749.0,18.3,19.1,-999.0,18.8
93759.1,18.3,19.2,-999.0,18.6
93769.1,18.3,19.2,-999.0,18.6
93779.1,18.3,19.2,-999.0,18.6
93789.1,18.3,19.3,-999.0,18.7
93799.1,18.3,19.2,-999.0,18.6
93809.1,18.2,19.1,-999.0,18.6
93819.1,18.3,19.2,-999.0,18.6
93829.1,18.3,19.1,-999.0,18.6
93839.1,18.3,19.3,-999.0,18.7
93849.2,18.3,19.2,-999.0,18.6
93859.2,18.2,19.2,-999.0,18.6
93869.2,18.3,19.3,-999.0,18.6
93879.2,18.3,19.2,-999.0,18.6
93889.2,18.3,19.2,-999.0,18.6
93899.2,18.3,19.3,-999.0,18.6
93909.2,18.3,19.2,-999.0,18.6
93919.3,18.3,19.2,-999.0,18.6
93929.3,18.3,19.2,-999.0,18.7
93939.3,18.3,19.2,-999.0,18.6
93949.3,18.3,19.2,-999.0,18.6
93959.4,18.3,19.2,-999.0,18.8
93969.4,18.3,19.2,-999.0,18.6
93979.4,18.3,19.2,-999.0,18.8
93989.4,18.3,19.2,-999.0,18.6
93999.4,18.3,19.3,-999.0,18.6
94009.4,18.3,19.3,-999.0,18.8
94019.4,18.3,19.2,-999.0,18.6
94029.5,18.3,19.2,-999.0,18.7
94039.5,18.3,19.3,-999.0,18.6
94049.5,18.3,19.2,-999.0,18.6
94059.5,18.3,19.3,-999.0,18.6
94069.5,18.3,19.2,-999.0,18.6
94079.6,18.3,19.2,-999.0,18.6
94089.6,18.3,19.2,-999.0,18.6
94099.6,18.3,19.3,-999.0,18.8
94109.6,18.3,19.2,-999.0,18.6
94119.7,18.3,19.3,-999.0,18.8
94129.7,18.3,19.2,-999.0,18.6
94139.7,18.3,19.2,-999.0,18.6
94149.7,18.3,19.2,-999.0,18.6
94159.7,18.3,19.3,-999.0,18.8
94169.7,18.3,19.2,-999.0,18.7
94179.7,18.3,19.3,-999.0,18.6
94189.7,18.3,19.2,-999.0,18.6
94199.8,18.3,19.3,-999.0,18.7
94209.8,18.3,19.3,-999.0,18.7
94219.8,18.3,19.2,-999.0,18.6
94229.8,18.3,19.3,-999.0,18.8
94239.8,18.3,19.3,-999.0,18.6
94249.8,18.3,19.3,-999.0,18.9
94259.8,18.3,19.3,-999.0,18.6
94269.9,18.3,19.3,-999.0,18.8
94279.9,18.3,19.3,-999.0,18.6
94289.9,18.3,19.3,-999.0,18.6
94299.9,18.3,19.3,-999.0,18.7
94310.0,18.3,19.2,-999.0,18.7
94320.0,18.3,19.3,-999.0,18.6
94330.0,18.3,19.3,-999.0,18.6
94340.0,18.3,19.3,-999.0,18.7
94350.0,18.3,19.2,-999.0,18.6
94360.0,18.3,19.3,-999.0,18.8
94370.1,18.3,19.3,-999.0,18.6
94380.1,18.4,19.3,-999.0,18.9
94390.1,18.4,19.3,-999.0,18.8
94400.1,18.3,19.3,-999.0,18.6
94410.1,18.4,19.2,-999.0,18.7
94420.1,18.4,19.3,-999.0,18.7
94430.1,18.3,19.3,-999.0,18.7
94440.2,18.4,19.2,-999.0,18.6
94450.2,18.3,19.3,-999.0,18.8
94460.2,18.3,19.2,-999.0,18.7
94470.2,18.4,19.3,-999.0,18.7
94480.2,18.4,19.3,-999.0,18.6
94490.2,18.3,19.3,-999.0,18.7
94500.2,18.3,19.2,-999.0,18.7
94510.2,18.3,19.3,-999.0,18.6
94520.2,18.3,19.3,-999.0,18.7
94530.3,18.3,19.3,-999.0,18.6
94540.3,18.3,19.3,-999.0,18.9
94550.3,18.3,19.3,-999.0,18.7
94560.3,18.4,19.2,-999.0,18.7
94570.3,18.3,19.3,-999.0,18.7
94580.4,18.4,19.3,-999.0,18.7
94590.4,18.4,19.3,-999.0,18.6
94600.4,18.3,19.3,-999.0,18.7
94610.4,18.4,19.3,-999.0,18.6
94620.5,18.4,19.3,-999.0,18.7
94630.5,18.3,19.3,-999.0,18.6
94640.5,18.3,19.3,-999.0,18.7
94650.5,18.4,19.3,-999.0,18.8
94660.5,18.4,19.3,-999.0,18.7
94670.5,18.4,19.3,-999.0,18.7
94680.6,18.3,19.3,-999.0,18.8
94690.6,18.4,19.3,-999.0,18.9
94700.6,18.4,19.3,-999.0,18.6
94710.6,18.4,19.3,-999.0,18.7
94720.6,18.3,19.3,-999.0,18.7
94730.6,18.4,19.3,-999.0,18.7
94740.6,18.3,19.3,-999.0,18.8
94750.7,18.3,19.3,-999.0,18.8
94760.7,18.3,19.3,-999.0,18.8
94770.7,18.4,19.2,-999.0,18.7
94780.7,18.4,19.3,-999.0,18.7
94790.7,18.3,19.3,-999.0,18.9
94800.7,18.4,19.3,-999.0,18.7
94810.7,18.3,19.3,-999.0,18.8
94820.8,18.4,19.3,-999.0,18.9
94830.8,18.4,19.3,-999.0,18.7
94840.8,18.3,19.3,-999.0,18.7
94850.8,18.4,19.3,-999.0,18.8
94860.8,18.4,19.3,-999.0,18.7
94870.8,18.4,19.3,-999.0,18.7
94880.9,18.4,19.3,-999.0,18.7
94890.9,18.4,19.3,-999.0,18.9
94900.9,18.4,19.3,-999.0,18.7
94910.9,18.4,19.3,-999.0,18.7
94920.9,18.3,19.3,-999.0,18.7
94931.0,18.4,19.3,-999.0,18.8
94941.0,18.3,19.3,-999.0,18.8
94951.0,18.4,19.3,-999.0,18.9
94961.0,18.4,19.3,-999.0,18.9
94971.0,18.4,19.3,-999.0,18.7
94981.0,18.4,19.3,-999.0,18.7
94991.1,18.4,19.3,-999.0,18.7
95001.1,18.4,19.3,-999.0,18.7
95011.1,18.4,19.3,-999.0,18.8
95021.1,18.4,19.3,-999.0,18.7
95031.1,18.4,19.3,-999.0,18.9
95041.1,18.4,19.3,-999.0,18.7
95051.2,18.3,19.3,-999.0,18.9
95061.2,18.4,19.3,-999.0,18.7
95071.2,18.4,19.3,-999.0,18.9
95081.2,18.4,19.3,-999.0,18.8
95091.2,18.4,19.3,-999.0,18.9
95101.3,18.4,19.3,-999.0,18.7
95111.3,18.4,19.3,-999.0,18.7
95121.3,18.4,19.3,-999.0,18.7
95131.3,18.4,19.3,-999.0,18.7
95141.3,18.4,19.3,-999.0,18.7
95151.3,18.4,19.3,-999.0,18.7
95161.3,18.4,19.3,-999.0,18.7
95171.3,18.4,19.3,-999.0,18.7
95181.3,18.4,19.3,-999.0,18.9
95191.4,18.4,19.3,-999.0,18.8
95201.4,18.4,19.3,-999.0,18.7
95211.4,18.4,19.4,-999.0,18.7
95221.4,18.4,19.3,-999.0,18.7
95231.4,18.4,19.3,-999.0,18.7
95241.5,18.4,19.3,-999.0,18.7
95251.5,18.4,19.3,-999.0,18.7
95261.5,18.4,19.3,-999.0,18.9
95271.5,18.4,19.3,-999.0,18.8
95281.5,18.4,19.4,-999.0,18.9
95291.6,18.4,19.3,-999.0,18.8
95301.6,18.4,19.4,-999.0,18.9
95311.6,18.4,19.3,-999.0,18.7
95321.6,18.4,19.3,-999.0,18.8
95331.6,18.5,19.3,-999.0,18.7
95341.6,18.4,19.3,-999.0,18.8
95351.6,18.4,19.3,-999.0,18.7
95361.7,18.4,19.3,-999.0,18.8
95371.7,18.4,19.3,-999.0,18.7
95381.7,18.5,19.3,-999.0,18.9
95391.7,18.4,19.3,-999.0,18.7
95401.7,18.4,19.3,-999.0,18.7
95411.8,18.4,19.3,-999.0,18.9
95421.8,18.5,19.4,-999.0,18.9
95431.8,18.4,19.3,-999.0,18.8
95441.8,18.5,19.3,-999.0,18.8
95451.9,18.4,19.3,-999.0,18.8
95461.9,18.4,19.3,-999.0,18.7
95471.9,18.4,19.3,-999.0,18.7
95481.9,18.4,19.3,-999.0,18.8
95492.0,18.4,19.3,-999.0,18.8
95502.0,18.5,19.3,-999.0,18.8
95512.0,18.4,19.3,-999.0,18.8
95522.0,18.5,19.3,-999.0,18.8
95532.1,18.4,19.4,-999.0,18.9
95542.1,18.4,19.3,-999.0,18.8
95552.1,18.5,19.3,-999.0,18.8
95562.1,18.4,19.3,-999.0,18.9
95572.1,18.4,19.3,-999.0,18.7
95582.1,18.4,19.3,-999.0,18.7
95592.2,18.6,19.4,-999.0,18.9
95602.2,18.5,19.3,-999.0,18.7
95612.2,18.5,19.3,-999.0,18.8
95622.2,18.4,19.4,-999.0,19.0
95632.2,18.4,19.3,-999.0,18.8
95642.2,18.4,19.3,-999.0,18.7
95652.2,18.5,19.3,-999.0,18.7
95662.2,18.4,19.3,-999.0,18.8
95672.3,18.4,19.4,-999.0,19.0
95682.3,18.5,19.3,-999.0,18.8
95692.3,18.4,19.3,-999.0,18.8
95702.3,18.5,19.3,-999.0,18.8
95712.3,18.5,19.3,-999.0,18.8
95722.3,18.5,19.3,-999.0,18.7
95732.3,18.5,19.3,-999.0,18.9
95742.4,18.5,19.3,-999.0,18.8
95752.4,18.5,19.4,-999.0,19.0
95762.4,18.4,19.3,-999.0,18.8
95772.4,18.4,19.3,-999.0,18.8
95782.4,18.4,19.3,-999.0,18.8
95792.4,18.4,19.4,-999.0,18.8
95802.4,18.5,19.3,-999.0,18.8
95812.5,18.5,19.3,-999.0,18.8
95822.5,18.5,19.3,-999.0,18.9
95832.5,18.4,19.4,-999.0,18.8
95842.5,18.5,19.4,-999.0,18.8
95852.5,18.5,19.3,-999.0,18.8
95862.6,18.5,19.3,-999.0,18.8
95872.6,18.5,19.3,-999.0,18.8
95882.6,18.5,19.3,-999.0,18.8
95892.6,18.5,19.3,-999.0,18.8
95902.6,18.5,19.3,-999.0,18.9
95912.6,18.5,19.3,-999.0,18.8
95922.6,18.6,19.4,-999.0,18.8
95932.6,18.5,19.3,-999.0,18.8
95942.7,18.5,19.3,-999.0,18.8
95952.7,18.5,19.4,-999.0,19.0
95962.7,18.5,19.3,-999.0,18.8
95972.7,18.5,19.3,-999.0,18.8
95982.8,18.5,19.3,-999.0,18.8
95992.8,18.5,19.3,-999.0,18.8
96002.8,18.5,19.3,-999.0,18.8
96012.8,18.5,19.4,-999.0,18.9
96022.9,18.5,19.4,-999.0,18.8
96032.9,18.5,19.3,-999.0,18.8
96042.9,18.5,19.4,-999.0,18.8
96052.9,18.5,19.3,-999.0,18.8
96062.9,18.5,19.4,-999.0,18.9
96072.9,18.5,19.3,-999.0,18.9
96083.0,18.5,19.3,-999.0,18.8
96093.0,18.5,19.4,-999.0,18.8
96103.0,18.5,19.3,-999.0,18.8
96113.0,18.5,19.4,-999.0,18.9
96123.0,18.5,19.4,-999.0,19.0
96133.1,18.5,19.3,-999.0,18.9
96143.1,18.5,19.3,-999.0,18.9
96153.1,18.5,19.4,-999.0,18.8
96163.1,18.5,19.3,-999.0,18.8
96173.1,18.6,19.3,-999.0,18.9
96183.1,18.5,19.3,-999.0,18.8
96193.2,18.6,19.4,-999.0,19.0
96203.2,18.5,19.3,-999.0,18.8
96213.2,18.6,19.3,-999.0,18.8
96223.2,18.5,19.4,-999.0,19.0
96233.2,18.5,19.4,-999.0,18.8
96243.2,18.5,19.4,-999.0,18.9
96253.3,18.5,19.4,-999.0,18.9
96263.3,18.6,19.4,-999.0,18.9
96273.3,18.6,19.4,-999.0,18.8
96283.3,18.5,19.3,-999.0,18.9
96293.3,18.6,19.3,-999.0,18.9
96303.4,18.6,19.4,-999.0,18.9
96313.4,18.6,19.4,-999.0,18.9
96323.4,18.5,19.4,-999.0,19.0
96333.4,18.6,19.4,-999.0,18.9
96343.4,18.5,19.3,-999.0,18.8
96353.5,18.6,19.4,-999.0,18.9
96363.5,18.5,19.3,-999.0,18.8
96373.5,18.6,19.4,-999.0,18.8
96383.5,18.5,19.4,-999.0,19.0
96393.5,18.6,19.3,-999.0,18.9
96403.5,18.6,19.3,-999.0,18.9
96413.5,18.5,19.4,-999.0,18.9
96423.6,18.5,19.4,-999.0,18.9
96433.6,18.6,19.4,-999.0,18.8
96443.6,18.5,19.3,-999.0,18.9
96453.6,18.6,19.4,-999.0,18.9
96463.6,18.5,19.3,-999.0,18.9
96473.7,18.6,19.4,-999.0,18.9
96483.7,18.5,19.4,-999.0,18.9
96493.7,18.5,19.3,-999.0,18.9
96503.7,18.5,19.4,-999.0,18.9
96513.7,18.6,19.4,-999.0,18.9
96523.7,18.6,19.4,-999.0,18.8
96533.7,18.6,19.4,-999.0,18.9
96543.8,18.5,19.4,-999.0,18.9
96553.8,18.6,19.4,-999.0,18.9
96563.8,18.6,19.4,-999.0,18.9
96573.8,18.6,19.5,-999.0,18.9
96583.8,18.6,19.3,-999.0,18.9
96593.8,18.5,19.4,-999.0,19.0
96603.8,18.6,19.4,-999.0,18.9
96613.9,18.5,19.3,-999.0,18.9
96623.9,18.6,19.3,-999.0,18.9
96633.9,18.6,19.4,-999.0,18.9
96643.9,18.6,19.3,-999.0,18.8
96653.9,18.6,19.4,-999.0,19.0
96663.9,18.6,19.4,-999.0,18.8
96674.0,18.6,19.3,-999.0,18.9
96684.0,18.5,19.3,-999.0,18.9
96694.0,18.6,19.4,-999.0,18.9
96704.0,18.6,19.4,-999.0,18.8
96714.0,18.5,19.4,-999.0,18.9
96724.0,18.6,19.3,-999.0,18.9
96734.1,18.5,19.5,-999.0,19.0
96744.1,18.6,19.4,-999.0,18.9
96754.1,18.5,19.4,-999.0,18.9
96764.1,18.5,19.4,-999.0,18.9
96774.2,18.6,19.3,-999.0,18.9
96784.2,18.6,19.4,-999.0,18.9
96794.2,18.6,19.4,-999.0,18.9
96804.2,18.5,19.4,-999.0,18.9
96814.2,18.6,19.4,-999.0,19.0
96824.3,18.6,19.3,-999.0,18.9
96834.3,18.5,19.4,-999.0,18.9
96844.3,18.6,19.4,-999.0,19.0
96854.3,18.6,19.4,-999.0,18.9
96864.3,18.6,19.4,-999.0,18.9
96874.3,18.6,19.5,-999.0,18.9
96884.4,18.6,19.3,-999.0,18.9
96894.4,18.6,19.4,-999.0,18.8
96904.4,18.6,19.4,-999.0,18.9
96914.4,18.6,19.4,-999.0,18.9
96924.4,18.6,19.4,-999.0,18.9
96934.4,18.6,19.4,-999.0,18.8
96944.4,18.6,19.4,-999.0,18.9
96954.5,18.6,19.4,-999.0,18.9
96964.5,18.6,19.4,-999.0,19.0
96974.5,18.6,19.4,-999.0,19.0
96984.5,18.6,19.4,-999.0,18.9
96994.5,18.6,19.4,-999.0,18.9
97004.6,18.6,19.4,-999.0,18.9
97014.6,18.6,19.4,-999.0,18.9
97024.6,18.6,19.4,-999.0,18.9
97034.6,18.6,19.4,-999.0,18.9
97044.7,18.6,19.4,-999.0,18.9
97054.7,18.6,19.4,-999.0,18.9
97064.7,18.6,19.4,-999.0,19.0
97074.7,18.6,19.4,-999.0,18.9
97084.7,18.6,19.4,-999.0,18.9
97094.8,18.6,19.4,-999.0,18.9
97104.8,18.6,19.4,-999.0,18.9
97114.8,18.6,19.5,-999.0,19.0
97124.8,18.6,19.5,-999.0,18.9
97134.8,18.6,19.5,-999.0,18.9
97144.8,18.6,19.5,-999.0,18.9
97154.8,18.6,19.4,-999.0,18.9
97164.9,18.6,19.3,-999.0,18.9
97174.9,18.6,19.4,-999.0,18.9
97184.9,18.6,19.5,-999.0,19.0
97194.9,18.6,19.4,-999.0,18.9
97204.9,18.6,19.4,-999.0,18.9
97214.9,18.6,19.4,-999.0,18.9
97225.0,18.6,19.4,-999.0,18.9
97235.0,18.6,19.4,-999.0,19.0
97245.0,18.6,19.4,-999.0,18.9
97255.0,18.6,19.4,-999.0,18.9
97265.0,18.6,19.4,-999.0,18.9
97275.1,18.6,19.4,-999.0,18.9
97285.1,18.6,19.5,-999.0,18.9
97295.1,18.6,19.3,-999.0,18.9
97305.1,18.6,19.4,-999.0,18.9
97315.1,18.6,19.4,-999.0,18.9
97325.1,18.6,19.4,-999.0,18.9
97335.1,18.6,19.4,-999.0,18.9
97345.2,18.6,19.5,-999.0,19.1
97355.2,18.6,19.5,-999.0,19.1
97365.2,18.6,19.3,-999.0,18.9
97375.2,18.6,19.4,-999.0,18.9
97385.3,18.6,19.4,-999.0,18.9
97395.3,18.6,19.4,-999.0,19.0
97405.3,18.6,19.4,-999.0,18.9
97415.3,18.6,19.4,-999.0,18.9
97425.3,18.6,19.5,-999.0,18.9
97435.3,18.6,19.4,-999.0,18.9
97445.3,18.6,19.4,-999.0,18.9
97455.4,18.6,19.5,-999.0,18.9
97465.4,18.6,19.4,-999.0,18.9
97475.4,18.6,19.4,-999.0,19.1
97485.4,18.6,19.4,-999.0,18.9
97495.5,18.6,19.5,-999.0,19.0
97505.5,18.6,19.4,-999.0,18.9
97515.5,18.6,19.4,-999.0,19.0
97525.5,18.6,19.4,-999.0,18.9
97535.5,18.6,19.4,-999.0,18.9
97545.5,18.6,19.5,-999.0,18.9
97555.5,18.6,19.4,-999.0,18.9
97565.6,18.6,19.4,-999.0,18.9
97575.6,18.6,19.4,-999.0,19.1
97585.6,18.6,19.5,-999.0,18.9
97595.6,18.6,19.4,-999.0,18.9
97605.6,18.6,19.5,-999.0,19.1
97615.6,18.7,19.4,-999.0,18.9
97625.7,18.6,19.5,-999.0,18.9
97635.7,18.6,19.4,-999.0,18.9
97645.7,18.6,19.4,-999.0,18.9
97655.7,18.6,19.4,-999.0,18.9
97665.7,18.6,19.5,-999.0,19.1
97675.8,18.6,19.5,-999.0,18.9
97685.8,18.6,19.5,-999.0,18.9
97695.8,18.6,19.4,-999.0,18.9
97705.8,18.6,19.4,-999.0,18.9
97715.8,18.6,19.5,-999.0,18.9
97725.8,18.7,19.4,-999.0,19.0
97735.8,18.6,19.4,-999.0,18.9
97745.9,18.6,19.4,-999.0,18.9
97755.9,18.6,19.4,-999.0,18.9
97765.9,18.6,19.5,-999.0,19.1
97775.9,18.6,19.5,-999.0,18.9
97785.9,18.6,19.5,-999.0,18.9
97795.9,18.6,19.5,-999.0,18.9
97806.0,18.7,19.4,-999.0,18.9
97816.0,18.7,19.4,-999.0,18.9
97826.0,18.6,19.5,-999.0,18.9
97836.0,18.6,19.5,-999.0,18.9
97846.0,18.7,19.4,-999.0,19.0
97856.0,18.6,19.5,-999.0,19.1
97866.0,18.6,19.5,-999.0,18.9
97876.0,18.6,19.5,-999.0,18.9
97886.1,18.6,19.5,-999.0,18.9
97896.1,18.7,19.4,-999.0,18.9
97906.1,18.6,19.5,-999.0,18.9
97916.1,18.6,19.5,-999.0,19.0
97926.1,18.6,19.5,-999.0,18.9
97936.1,18.7,19.5,-999.0,18.9
97946.1,18.7,19.4,-999.0,18.9
97956.2,18.6,19.5,-999.0,18.9
97966.2,18.6,19.5,-999.0,18.9
97976.2,18.6,19.5,-999.0,18.9
97986.2,18.7,19.5,-999.0,18.9
97996.2,18.6,19.4,-999.0,18.9
98006.2,18.6,19.4,-999.0,18.9
98016.3,18.6,19.4,-999.0,18.9
98026.3,18.6,19.4,-999.0,18.9
98036.3,18.6,19.4,-999.0,18.9
98046.3,18.6,19.5,-999.0,19.1
98056.3,18.6,19.5,-999.0,19.0
98066.4,18.6,19.4,-999.0,18.9
98076.4,18.6,19.5,-999.0,19.1
98086.4,18.7,19.5,-999.0,18.9
98096.4,18.6,19.5,-999.0,18.9
98106.4,18.6,19.5,-999.0,19.0
98116.4,18.7,19.4,-999.0,18.9
98126.4,18.6,19.5,-999.0,19.1
98136.5,18.7,19.4,-999.0,18.9
98146.5,18.6,19.5,-999.0,19.0
98156.5,18.6,19.5,-999.0,19.1
98166.5,18.6,19.4,-999.0,19.0
98176.5,18.6,19.5,-999.0,19.0
98186.6,18.6,19.5,-999.0,18.9
98196.6,18.6,19.5,-999.0,19.1
98206.6,18.6,19.5,-999.0,19.0
98216.6,18.6,19.4,-999.0,18.9
98226.6,18.6,19.5,-999.0,19.1
98236.6,18.7,19.5,-999.0,18.9
98246.6,18.6,19.5,-999.0,18.9
98256.6,18.6,19.4,-999.0,18.9
98266.7,18.6,19.5,-999.0,18.9
98276.7,18.6,19.5,-999.0,18.9
98286.7,18.6,19.5,-999.0,18.9
98296.7,18.7,19.5,-999.0,19.0
98306.7,18.6,19.4,-999.0,18.9
98316.8,18.7,19.4,-999.0,19.1
98326.8,18.7,19.5,-999.0,18.9
98336.8,18.6,19.5,-999.0,19.1
98346.8,18.6,19.5,-999.0,19.0
98356.8,18.6,19.5,-999.0,19.1
98366.8,18.7,19.4,-999.0,19.0
98376.8,18.6,19.5,-999.0,19.1
98386.8,18.7,19.4,-999.0,19.0
98396.9,18.7,19.4,-999.0,18.9
98406.9,18.7,19.5,-999.0,19.0
98416.9,18.6,19.5,-999.0,19.0
98426.9,18.6,19.5,-999.0,19.0
98437.0,18.7,19.5,-999.0,19.0
98447.0,18.6,19.5,-999.0,19.0
98457.0,18.6,19.4,-999.0,19.1
98467.0,18.7,19.5,-999.0,19.0
98477.0,18.7,19.5,-999.0,19.1
98487.0,18.7,19.4,-999.0,18.9
98497.1,18.6,19.5,-999.0,18.9
98507.1,18.6,19.5,-999.0,18.9
98517.1,18.6,19.4,-999.0,19.0
98527.1,18.7,19.4,-999.0,19.0
98537.1,18.6,19.5,-999.0,19.0
98547.1,18.7,19.5,-999.0,18.9
98557.1,18.6,19.5,-999.0,19.1
98567.2,18.7,19.4,-999.0,19.0
98577.2,18.6,19.4,-999.0,18.9
98587.2,18.7,19.5,-999.0,18.9
98597.2,18.7,19.5,-999.0,19.0
98607.2,18.7,19.5,-999.0,19.0
98617.2,18.6,19.5,-999.0,18.9
98627.3,18.6,19.5,-999.0,19.0
98637.3,18.7,19.5,-999.0,18.9
98647.3,18.7,19.5,-999.0,19.1
98657.3,18.7,19.5,-999.0,19.0
98667.4,18.6,19.5,-999.0,19.1
98677.4,18.7,19.5,-999.0,18.9
98687.4,18.6,19.5,-999.0,18.9
98697.4,18.7,19.5,-999.0,18.9
98707.4,18.7,19.5,-999.0,19.0
98717.4,18.7,19.5,-999.0,19.1
98727.4,18.6,19.4,-999.0,19.0
98737.5,18.7,19.5,-999.0,19.0
98747.5,18.6,19.5,-999.0,19.0
98757.5,18.7,19.5,-999.0,19.0
98767.5,18.7,19.5,-999.0,19.0
98777.6,18.7,19.5,-999.0,18.9
98787.6,18.7,19.5,-999.0,19.0
98797.6,18.7,19.5,-999.0,19.0
98807.6,18.7,19.5,-999.0,19.0
98817.6,18.7,19.5,-999.0,19.0
98827.6,18.7,19.5,-999.0,19.1
98837.6,18.7,19.5,-999.0,19.0
98847.6,18.6,19.6,-999.0,19.1
98857.6,18.7,19.5,-999.0,19.0
98867.7,18.6,19.5,-999.0,19.0
98877.7,18.6,19.5,-999.0,18.9
98887.7,18.7,19.5,-999.0,19.0
98897.7,18.7,19.5,-999.0,19.0
98907.7,18.7,19.5,-999.0,19.0
98917.8,18.7,19.5,-999.0,19.1
98927.8,18.7,19.5,-999.0,19.0
98937.8,18.6,19.5,-999.0,19.0
98947.8,18.7,19.5,-999.0,19.0
98957.8,18.6,19.5,-999.0,19.0
98967.8,18.7,19.5,-999.0,18.9
98977.9,18.7,19.5,-999.0,18.9
98987.9,18.7,19.5,-999.0,18.9
98997.9,18.7,19.5,-999.0,19.1
99007.9,18.7,19.5,-999.0,19.1
99017.9,18.7,19.5,-999.0,19.1
99027.9,18.7,19.5,-999.0,18.9
99037.9,18.6,19.5,-999.0,18.9
99048.0,18.7,19.5,-999.0,19.0
99058.0,18.7,19.5,-999.0,19.0
99068.0,18.7,19.5,-999.0,19.0
99078.0,18.7,19.5,-999.0,19.0
99088.0,18.6,19.5,-999.0,19.0
99098.1,18.8,19.5,-999.0,19.1
99108.1,18.7,19.5,-999.0,19.0
99118.1,18.7,19.5,-999.0,19.1
99128.1,18.7,19.5,-999.0,19.0
99138.1,18.7,19.5,-999.0,19.0
99148.1,18.7,19.6,-999.0,19.1
99158.2,18.7,19.5,-999.0,19.0
99168.2,18.7,19.5,-999.0,19.0
99178.2,18.7,19.5,-999.0,19.0
99188.2,18.7,19.5,-999.0,19.2
99198.2,18.7,19.5,-999.0,19.0
99208.3,18.7,19.5,-999.0,19.0
99218.3,18.7,19.5,-999.0,19.0
99228.3,18.8,19.5,-999.0,19.1
99238.3,18.7,19.5,-999.0,19.0
99248.3,18.7,19.6,-999.0,19.0
99258.3,18.7,19.5,-999.0,19.0
99268.3,18.7,19.5,-999.0,19.0
99278.4,18.6,19.5,-999.0,19.0
99288.4,18.7,19.5,-999.0,19.0
99298.4,18.6,19.5,-999.0,19.0
99308.4,18.7,19.5,-999.0,19.0
99318.4,18.7,19.5,-999.0,19.1
99328.4,18.7,19.5,-999.0,19.0
99338.4,18.6,19.5,-999.0,19.0
99348.5,18.7,19.5,-999.0,19.0
99358.5,18.7,19.5,-999.0,19.0
99368.5,18.7,19.5,-999.0,19.0
99378.5,18.7,19.5,-999.0,19.2
99388.5,18.7,19.5,-999.0,19.0
99398.6,18.7,19.5,-999.0,18.9
99408.6,18.7,19.6,-999.0,19.2
99418.6,18.7,19.5,-999.0,19.0
99428.6,18.7,19.5,-999.0,19.0
99438.6,18.7,19.5,-999.0,19.0
99448.6,18.7,19.5,-999.0,19.0
99458.7,18.7,19.5,-999.0,19.0
99468.7,18.7,19.5,-999.0,19.0
99478.7,18.7,19.5,-999.0,19.0
99488.7,18.7,19.5,-999.0,19.0
99498.7,18.7,19.5,-999.0,19.0
99508.7,18.8,19.5,-999.0,19.0
99518.8,18.7,19.5,-999.0,19.0
99528.8,18.7,19.5,-999.0,19.0
99538.8,18.7,19.5,-999.0,18.9
99548.8,18.7,19.5,-999.0,19.0
99558.9,18.7,19.5,-999.0,19.2
99568.9,18.7,19.5,-999.0,19.0
99578.9,18.8,19.5,-999.0,19.0
99588.9,18.7,19.5,-999.0,19.0
99598.9,18.7,19.5,-999.0,19.0
99609.0,18.7,19.5,-999.0,19.0
99619.0,18.7,19.5,-999.0,19.0
99629.0,18.7,19.5,-999.0,19.0
99639.0,18.7,19.5,-999.0,19.0
99649.0,18.7,19.5,-999.0,19.2
99659.1,18.8,19.5,-999.0,19.0
99669.1,18.7,19.5,-999.0,19.0
99679.1,18.7,19.6,-999.0,19.1
99689.1,18.8,19.5,-999.0,19.0
99699.1,18.8,19.5,-999.0,19.0
99709.1,18.7,19.5,-999.0,19.0
99719.1,18.7,19.5,-999.0,19.0
99729.2,18.7,19.5,-999.0,19.0
99739.2,18.7,19.5,-999.0,19.1
99749.2,18.7,19.5,-999.0,19.2
99759.2,18.7,19.5,-999.0,19.0
99769.2,18.7,19.5,-999.0,19.2
99779.2,18.7,19.5,-999.0,19.0
99789.3,18.7,19.5,-999.0,19.0
99799.3,18.7,19.5,-999.0,19.1
99809.3,18.7,19.5,-999.0,19.1
99819.3,18.8,19.5,-999.0,19.1
99829.3,18.7,19.5,-999.0,19.0
99839.4,18.7,19.5,-999.0,19.0
99849.4,18.7,19.5,-999.0,19.1
99859.4,18.8,19.5,-999.0,19.0
99869.4,18.7,19.5,-999.0,19.0
99879.4,18.7,19.5,-999.0,19.2
99889.4,18.7,19.5,-999.0,19.1
99899.5,18.7,19.5,-999.0,19.0
99909.5,18.8,19.5,-999.0,19.1
99919.5,18.8,19.5,-999.0,19.1
99929.5,18.8,19.5,-999.0,19.0
99939.5,18.8,19.5,-999.0,19.0
99949.6,18.7,19.5,-999.0,19.0
99959.6,18.7,19.5,-999.0,19.0
99969.6,18.7,19.5,-999.0,19.0
99979.6,18.8,19.5,-999.0,19.1
99989.6,18.8,19.5,-999.0,19.0
99999.7,18.7,19.5,-999.0,19.1
100009.7,18.7,19.5,-999.0,19.1
100019.7,18.8,19.5,-999.0,19.0
100029.7,18.7,19.5,-999.0,19.0
100039.7,18.7,19.5,-999.0,19.0
100049.7,18.8,19.5,-999.0,19.2
100059.8,18.8,19.5,-999.0,19.2
100069.8,18.8,19.5,-999.0,19.0
100079.8,18.7,19.5,-999.0,19.2
100089.8,18.8,19.5,-999.0,19.0
100099.9,18.7,19.5,-999.0,19.0
100109.9,18.8,19.5,-999.0,19.0
100119.9,18.7,19.5,-999.0,19.0
100129.9,18.8,19.6,-999.0,19.1
100139.9,18.7,19.5,-999.0,19.1
100149.9,18.7,19.6,-999.0,19.2
100159.9,18.8,19.6,-999.0,19.1
100170.0,18.8,19.5,-999.0,19.0
100180.0,18.7,19.5,-999.0,19.0
100190.0,18.7,19.5,-999.0,19.1
100200.1,18.8,19.5,-999.0,19.1
100210.1,18.8,19.5,-999.0,19.0
100220.1,18.8,19.5,-999.0,19.1
100230.1,18.7,19.6,-999.0,19.1
100240.1,18.7,19.5,-999.0,19.0
100250.1,18.8,19.5,-999.0,19.0
100260.1,18.7,19.6,-999.0,19.1
100270.2,18.7,19.5,-999.0,19.0
100280.2,18.7,19.5,-999.0,19.1
100290.2,18.8,19.5,-999.0,19.0
100300.2,18.8,19.5,-999.0,19.2
100310.2,18.7,19.5,-999.0,19.1
100320.2,18.7,19.6,-999.0,19.2
100330.2,18.8,19.5,-999.0,19.1
100340.2,18.7,19.5,-999.0,19.0
100350.2,18.8,19.5,-999.0,19.0
100360.3,18.8,19.5,-999.0,19.1
100370.3,18.8,19.5,-999.0,19.0
100380.3,18.8,19.5,-999.0,19.1
100390.3,18.8,19.5,-999.0,19.1
100400.3,18.8,19.5,-999.0,19.0
100410.3,18.8,19.5,-999.0,19.2
100420.3,18.7,19.5,-999.0,19.1
100430.4,18.8,19.5,-999.0,19.1
100440.4,18.8,19.5,-999.0,19.1
100450.4,18.7,19.5,-999.0,19.0
100460.4,18.7,19.5,-999.0,19.1
100470.4,18.8,19.5,-999.0,19.1
100480.5,18.8,19.6,-999.0,19.1
100490.5,18.7,19.5,-999.0,19.0
100500.5,18.7,19.5,-999.0,19.1
100510.5,18.8,19.5,-999.0,19.0
100520.5,18.8,19.5,-999.0,19.1
100530.5,18.8,19.6,-999.0,19.1
100540.5,18.7,19.6,-999.0,19.2
100550.6,18.8,19.5,-999.0,19.1
100560.6,18.8,19.5,-999.0,19.0
100570.6,18.8,19.6,-999.0,19.1
100580.6,18.8,19.5,-999.0,19.1
100590.7,18.7,19.5,-999.0,19.0
100600.7,18.8,19.5,-999.0,19.1
100610.7,18.8,19.5,-999.0,19.1
100620.7,18.8,19.5,-999.0,19.1
100630.7,18.8,19.6,-999.0,19.0
100640.7,18.8,19.5,-999.0,19.2
100650.7,18.8,19.5,-999.0,19.1
100660.7,18.8,19.6,-999.0,19.2
100670.8,18.8,19.5,-999.0,19.1
100680.8,18.8,19.5,-999.0,19.1
100690.8,18.8,19.5,-999.0,19.1
100700.8,18.8,19.5,-999.0,19.1
100710.8,18.8,19.5,-999.0,19.1
100720.9,18.8,19.5,-999.0,19.2
100730.9,18.8,19.5,-999.0,19.1
100740.9,18.8,19.6,-999.0,19.1
100750.9,18.7,19.5,-999.0,19.1
100760.9,18.8,19.5,-999.0,19.2
100771.0,18.8,19.5,-999.0,19.0
100781.0,18.8,19.5,-999.0,19.1
100791.0,18.8,19.5,-999.0,19.1
100801.0,18.8,19.5,-999.0,19.1
100811.0,18.8,19.5,-999.0,19.1
100821.0,18.8,19.5,-999.0,19.1
100831.0,18.8,19.6,-999.0,19.1
100841.0,18.8,19.6,-999.0,19.1
100851.1,18.8,19.6,-999.0,19.1
100861.1,18.8,19.6,-999.0,19.3
100871.1,18.8,19.5,-999.0,19.1
100881.1,18.7,19.6,-999.0,19.1
100891.1,18.8,19.5,-999.0,19.1
100901.1,18.8,19.5,-999.0,19.1
100911.1,18.8,19.5,-999.0,19.1
100921.2,18.8,19.5,-999.0,19.2
100931.2,18.8,19.5,-999.0,19.0
100941.2,18.8,19.6,-999.0,19.1
100951.2,18.8,19.5,-999.0,19.2
100961.3,18.8,19.5,-999.0,19.1
100971.3,18.8,19.5,-999.0,19.1
100981.3,18.7,19.5,-999.0,19.1
100991.3,18.8,19.5,-999.0,19.1
101001.3,18.8,19.5,-999.0,19.1
101011.4,18.8,19.5,-999.0,19.1
101021.4,18.8,19.5,-999.0,19.1
101031.4,18.8,19.5,-999.0,19.1
101041.4,18.7,19.6,-999.0,19.2
101051.4,18.8,19.5,-999.0,19.1
101061.4,18.8,19.5,-999.0,19.1
101071.5,18.8,19.6,-999.0,19.1
101081.5,18.8,19.5,-999.0,19.1
101091.5,18.8,19.5,-999.0,19.1
101101.5,18.8,19.6,-999.0,19.1
101111.6,18.8,19.5,-999.0,19.1
101121.6,18.8,19.5,-999.0,19.1
101131.6,18.8,19.5,-999.0,19.1
101141.6,18.8,19.6,-999.0,19.1
101151.6,18.8,19.5,-999.0,19.2
101161.6,18.8,19.6,-999.0,19.1
101171.6,18.8,19.5,-999.0,19.1
101181.7,18.8,19.5,-999.0,19.1
101191.7,18.8,19.5,-999.0,19.1
101201.7,18.8,19.6,-999.0,19.1
101211.7,18.8,19.5,-999.0,19.1
101221.7,18.8,19.6,-999.0,19.1
101231.7,18.8,19.5,-999.0,19.1
101241.7,18.8,19.6,-999.0,19.2
101251.7,18.8,19.6,-999.0,19.1
101261.8,18.8,19.6,-999.0,19.2
101271.8,18.8,19.5,-999.0,19.1
101281.8,18.8,19.5,-999.0,19.1
101291.8,18.8,19.5,-999.0,19.1
101301.8,18.8,19.5,-999.0,19.1
101311.8,18.8,19.5,-999.0,19.1
101321.9,18.8,19.6,-999.0,19.1
101331.9,18.8,19.5,-999.0,19.1
101341.9,18.8,19.6,-999.0,19.2
101351.9,18.8,19.6,-999.0,19.1
101361.9,18.8,19.5,-999.0,19.1
101371.9,18.8,19.6,-999.0,19.1
101381.9,18.8,19.5,-999.0,19.1
101392.0,18.8,19.6,-999.0,19.3
101402.0,18.8,19.5,-999.0,19.1
101412.0,18.8,19.6,-999.0,19.1
101422.0,18.7,19.6,-999.0,19.2
101432.0,18.8,19.5,-999.0,19.1
101442.0,18.8,19.5,-999.0,19.1
101452.1,18.8,19.6,-999.0,19.3
101462.1,18.8,19.5,-999.0,19.1
101472.1,18.8,19.5,-999.0,19.1
101482.1,18.8,19.5,-999.0,19.1
101492.2,18.8,19.5,-999.0,19.1
101502.2,18.8,19.6,-999.0,19.1
101512.2,18.8,19.5,-999.0,19.1
101522.2,18.8,19.5,-999.0,19.1
101532.2,18.8,19.6,-999.0,19.1
101542.2,18.8,19.5,-999.0,19.1
101552.2,18.8,19.5,-999.0,19.1
101562.3,18.8,19.6,-999.0,19.1
101572.3,18.8,19.5,-999.0,19.1
101582.3,18.8,19.5,-999.0,19.1
101592.3,18.8,19.5,-999.0,19.1
101602.3,18.8,19.5,-999.0,19.1
101612.3,18.8,19.6,-999.0,19.1
101622.3,18.8,19.5,-999.0,19.1
101632.4,18.8,19.5,-999.0,19.1
101642.4,18.8,19.5,-999.0,19.1
101652.4,18.8,19.6,-999.0,19.2
101662.4,18.8,19.6,-999.0,19.3
101672.5,18.8,19.5,-999.0,19.1
101682.5,18.8,19.5,-999.0,19.1
101692.5,18.8,19.5,-999.0,19.1
101702.5,18.8,19.6,-999.0,19.1
101712.5,18.8,19.5,-999.0,19.1
101722.6,18.8,19.5,-999.0,19.3
101732.6,18.8,19.6,-999.0,19.1
101742.6,18.8,19.5,-999.0,19.2
101752.6,18.8,19.5,-999.0,19.1
101762.6,18.8,19.6,-999.0,19.2
101772.7,18.8,19.5,-999.0,19.1
101782.7,18.8,19.5,-999.0,19.1
101792.7,18.8,19.5,-999.0,19.1
101802.7,18.8,19.6,-999.0,19.1
101812.7,18.8,19.5,-999.0,19.1
101822.7,18.8,19.6,-999.0,19.1
101832.8,18.8,19.5,-999.0,19.1
101842.8,18.8,19.6,-999.0,19.2
101852.8,18.8,19.5,-999.0,19.1
101862.8,18.8,19.6,-999.0,19.1
101872.8,18.8,19.6,-999.0,19.1
101882.9,18.8,19.6,-999.0,19.1
101892.9,18.7,19.5,-999.0,19.1
101902.9,18.8,19.5,-999.0,19.1
101912.9,18.8,19.5,-999.0,19.3
101922.9,18.8,19.6,-999.0,19.1
101932.9,18.8,19.6,-999.0,19.1
101942.9,18.8,19.5,-999.0,19.1
101953.0,18.8,19.5,-999.0,19.1
101963.0,18.8,19.6,-999.0,19.0
101973.0,18.8,19.6,-999.0,19.1
101983.1,18.8,19.5,-999.0,19.1
101993.1,18.8,19.6,-999.0,19.2
102003.1,18.8,19.6,-999.0,19.1
102013.1,18.8,19.5,-999.0,19.1
102023.1,18.8,19.6,-999.0,19.1
102033.1,18.8,19.5,-999.0,19.1
102043.1,18.8,19.6,-999.0,19.1
102053.2,18.8,19.6,-999.0,19.1
102063.2,18.8,19.5,-999.0,19.1
102073.2,18.8,19.6,-999.0,19.1
102083.2,18.8,19.5,-999.0,19.2
102093.2,18.8,19.5,-999.0,19.1
102103.2,18.8,19.6,-999.0,19.3
102113.2,18.8,19.5,-999.0,19.1
102123.2,18.8,19.6,-999.0,19.3
102133.2,18.8,19.5,-999.0,19.1
102143.3,18.8,19.5,-999.0,19.1
102153.3,18.8,19.6,-999.0,19.1
102163.3,18.8,19.6,-999.0,19.1
102173.3,18.8,19.5,-999.0,19.3
102183.3,18.8,19.6,-999.0,19.1
102193.4,18.9,19.6,-999.0,19.2
102203.4,18.8,19.5,-999.0,19.1
102213.4,18.8,19.6,-999.0,19.3
102223.4,18.8,19.5,-999.0,19.1
102233.4,18.8,19.5,-999.0,19.1
102243.4,18.8,19.5,-999.0,19.1
102253.4,18.8,19.5,-999.0,19.1
102263.4,18.8,19.6,-999.0,19.3
102273.5,18.8,19.6,-999.0,19.3
102283.5,18.8,19.5,-999.0,19.1
102293.5,18.8,19.5,-999.0,19.1
102303.5,18.8,19.6,-999.0,19.2
102313.5,18.8,19.5,-999.0,19.1
102323.5,18.8,19.6,-999.0,19.1
102333.5,18.8,19.6,-999.0,19.3
102343.6,18.8,19.6,-999.0,19.3
102353.6,18.8,19.5,-999.0,19.1
102363.6,18.8,19.6,-999.0,19.1
102373.6,18.8,19.6,-999.0,19.1
102383.6,18.8,19.5,-999.0,19.1
102393.6,18.8,19.6,-999.0,19.1
102403.6,18.8,19.5,-999.0,19.1
102413.7,18.8,19.5,-999.0,19.1
102423.7,18.8,19.6,-999.0,19.1
102433.7,18.8,19.6,-999.0,19.2
102443.7,18.8,19.5,-999.0,19.1
102453.7,18.8,19.6,-999.0,19.2
102463.7,18.8,19.6,-999.0,19.1
102473.7,18.8,19.5,-999.0,19.2
102483.7,18.8,19.6,-999.0,19.3
102493.8,18.8,19.5,-999.0,19.1
102503.8,18.8,19.6,-999.0,19.1
102513.8,18.8,19.5,-999.0,19.1
102523.8,18.8,19.6,-999.0,19.3
102533.8,18.8,19.5,-999.0,19.1
102543.8,18.8,19.6,-999.0,19.2
102553.9,18.8,19.5,-999.0,19.1
102563.9,18.8,19.6,-999.0,19.1
102573.9,18.8,19.6,-999.0,19.1
102583.9,18.8,19.6,-999.0,19.1
102593.9,18.8,19.6,-999.0,19.1
102603.9,18.8,19.6,-999.0,19.1
102613.9,18.8,19.7,-999.0,19.3
102624.0,18.8,19.6,-999.0,19.1
102634.0,18.8,19.6,-999.0,19.1
102644.0,18.8,19.6,-999.0,19.3
102654.0,18.8,19.5,-999.0,19.1
102664.0,18.8,19.6,-999.0,19.1
102674.1,18.8,19.7,-999.0,19.3
102684.1,18.8,19.6,-999.0,19.1
102694.1,18.8,19.5,-999.0,19.1
102704.2,18.8,19.6,-999.0,19.3
102714.2,18.8,19.6,-999.0,19.1
102724.2,18.8,19.6,-999.0,19.1
102734.2,18.8,19.5,-999.0,19.1
102744.2,18.8,19.5,-999.0,19.2
102754.2,18.8,19.6,-999.0,19.1
102764.3,18.8,19.6,-999.0,19.1
102774.3,18.8,19.5,-999.0,19.2
102784.3,18.9,19.6,-999.0,19.1
102794.3,18.8,19.5,-999.0,19.1
102804.3,18.9,19.5,-999.0,19.2
102814.4,18.8,19.6,-999.0,19.1
102824.4,18.8,19.6,-999.0,19.2
102834.4,18.8,19.5,-999.0,19.1
102844.4,18.8,19.6,-999.0,19.1
102854.4,18.8,19.6,-999.0,19.3
102864.4,18.8,19.6,-999.0,19.1
102874.5,18.8,19.6,-999.0,19.1
102884.5,18.8,19.5,-999.0,19.1
102894.5,18.8,19.5,-999.0,19.1
102904.5,18.8,19.6,-999.0,19.1
102914.5,18.8,19.6,-999.0,19.1
102924.5,18.8,19.6,-999.0,19.1
102934.6,18.9,19.6,-999.0,19.1
102944.6,18.8,19.6,-999.0,19.2
102954.6,18.8,19.6,-999.0,19.1
102964.6,18.9,19.6,-999.0,19.2
102974.6,18.8,19.6,-999.0,19.1
102984.6,18.8,19.5,-999.0,19.1
102994.7,18.8,19.6,-999.0,19.1
103004.7,18.8,19.6,-999.0,19.1
103014.7,18.8,19.5,-999.0,19.1
103024.7,18.8,19.6,-999.0,19.1
103034.8,18.8,19.6,-999.0,19.3
103044.8,18.8,19.6,-999.0,19.1
103054.8,18.8,19.6,-999.0,19.1
103064.8,18.9,19.6,-999.0,19.2
103074.8,18.8,19.6,-999.0,19.2
103084.8,18.8,19.6,-999.0,19.2
103094.8,18.8,19.5,-999.0,19.1
103104.9,18.8,19.6,-999.0,19.1
103114.9,18.8,19.5,-999.0,19.1
103124.9,18.8,19.5,-999.0,19.1
103134.9,18.8,19.6,-999.0,19.1
103144.9,18.8,19.6,-999.0,19.2
103154.9,18.8,19.6,-999.0,19.1
103165.0,18.8,19.7,-999.0,19.1
103175.0,18.8,19.6,-999.0,19.1
103185.0,18.8,19.6,-999.0,19.2
103195.0,18.8,19.6,-999.0,19.2
103205.0,18.8,19.6,-999.0,19.1
103215.0,18.8,19.5,-999.0,19.1
103225.1,18.8,19.6,-999.0,19.1
103235.1,18.9,19.5,-999.0,19.1
103245.1,18.8,19.6,-999.0,19.1
103255.1,18.8,19.7,-999.0,19.3
103265.1,18.8,19.5,-999.0,19.1
103275.1,18.8,19.6,-999.0,19.1
103285.1,18.8,19.6,-999.0,19.1
103295.1,18.8,19.6,-999.0,19.1
103305.2,18.8,19.6,-999.0,19.2
103315.2,18.8,19.6,-999.0,19.2
103325.2,18.8,19.5,-999.0,19.2
103335.2,18.9,19.7,-999.0,19.2
103345.2,18.9,19.6,-999.0,19.1
103355.3,18.8,19.6,-999.0,19.1
103365.3,18.8,19.7,-999.0,19.3
103375.3,18.8,19.6,-999.0,19.1
103385.3,18.8,19.5,-999.0,19.1
103395.3,18.8,19.6,-999.0,19.2
103405.3,18.8,19.6,-999.0,19.1
103415.3,18.8,19.6,-999.0,19.1
103425.3,18.8,19.6,-999.0,19.1
103435.4,18.9,19.6,-999.0,19.2
103445.4,18.8,19.6,-999.0,19.2
103455.4,18.8,19.6,-999.0,19.2
103465.4,18.8,19.6,-999.0,19.3
103475.5,18.8,19.6,-999.0,19.1
103485.5,18.8,19.6,-999.0,19.1
103495.5,18.8,19.6,-999.0,19.3
103505.5,18.8,19.5,-999.0,19.1
103515.5,18.8,19.6,-999.0,19.1
103525.5,18.8,19.6,-999.0,19.1
103535.6,18.8,19.6,-999.0,19.3
103545.6,18.8,19.5,-999.0,19.1
103555.6,18.8,19.7,-999.0,19.3
103565.6,18.8,19.7,-999.0,19.1
103575.6,18.8,19.6,-999.0,19.2
103585.7,18.8,19.6,-999.0,19.1
103595.7,18.8,19.6,-999.0,19.1
103605.7,18.9,19.6,-999.0,19.1
103615.7,18.8,19.6,-999.0,19.1
103625.7,18.8,19.6,-999.0,19.3
103635.8,18.8,19.6,-999.0,19.2
103645.8,18.8,19.6,-999.0,19.2
103655.8,18.8,19.6,-999.0,19.1
103665.8,18.8,19.6,-999.0,19.2
103675.8,18.8,19.6,-999.0,19.1
103685.8,18.8,19.6,-999.0,19.3
103695.8,18.8,19.6,-999.0,19.1
103705.9,18.8,19.6,-999.0,19.1
103715.9,18.9,19.6,-999.0,19.2
103725.9,18.8,19.6,-999.0,19.1
103735.9,18.8,19.5,-999.0,19.2
103745.9,18.8,19.6,-999.0,19.3
103755.9,18.8,19.6,-999.0,19.1
103766.0,18.9,19.6,-999.0,19.2
103776.0,18.8,19.7,-999.0,19.3
103786.0,18.8,19.6,-999.0,19.2
103796.0,18.8,19.6,-999.0,19.2
103806.0,18.8,19.6,-999.0,19.1
103816.0,18.8,19.6,-999.0,19.2
103826.0,18.9,19.6,-999.0,19.1
103836.1,18.8,19.5,-999.0,19.1
103846.1,18.9,19.6,-999.0,19.2
103856.1,18.8,19.7,-999.0,19.3
103866.1,18.8,19.6,-999.0,19.1
103876.1,18.8,19.7,-999.0,19.3
103886.1,18.8,19.6,-999.0,19.2
103896.1,18.8,19.6,-999.0,19.2
103906.2,18.8,19.6,-999.0,19.2
103916.2,18.9,19.6,-999.0,19.2
103926.2,18.9,19.6,-999.0,19.1
103936.2,18.8,19.6,-999.0,19.2
103946.2,18.8,19.6,-999.0,19.1
103956.3,18.8,19.5,-999.0,19.3
103966.3,18.8,19.6,-999.0,19.1
103976.3,18.8,19.6,-999.0,19.3
103986.3,18.8,19.6,-999.0,19.1
103996.4,18.8,19.6,-999.0,19.1
104006.4,18.8,19.5,-999.0,19.1
104016.4,18.8,19.6,-999.0,19.2
104026.4,18.8,19.6,-999.0,19.3
104036.4,18.8,19.7,-999.0,19.3
104046.5,18.8,19.5,-999.0,19.1
104056.5,18.8,19.6,-999.0,19.1
104066.5,18.8,19.7,-999.0,19.4
104076.5,18.8,19.6,-999.0,19.1
104086.5,18.8,19.6,-999.0,19.1
104096.6,18.8,19.6,-999.0,19.1
104106.6,18.8,19.6,-999.0,19.1
104116.6,18.8,19.7,-999.0,19.2
104126.6,18.8,19.7,-999.0,19.2
104136.6,18.8,19.6,-999.0,19.1
104146.6,18.8,19.6,-999.0,19.2
104156.7,18.8,19.6,-999.0,19.1
104166.7,18.8,19.6,-999.0,19.3
104176.7,18.8,19.7,-999.0,19.3
104186.7,18.8,19.6,-999.0,19.1
104196.7,18.8,19.6,-999.0,19.2
104206.8,18.9,19.6,-999.0,19.3
104216.8,18.8,19.6,-999.0,19.1
104226.8,18.9,19.6,-999.0,19.2
104236.8,18.8,19.6,-999.0,19.1
104246.8,18.8,19.6,-999.0,19.3
104256.8,18.8,19.6,-999.0,19.1
104266.8,18.8,19.6,-999.0,19.1
104276.9,18.8,19.6,-999.0,19.1
104286.9,18.9,19.6,-999.0,19.2
104296.9,18.8,19.6,-999.0,19.1
104306.9,18.8,19.7,-999.0,19.3
104316.9,18.8,19.6,-999.0,19.2
104326.9,18.8,19.7,-999.0,19.2
104336.9,18.8,19.5,-999.0,19.1
104347.0,18.9,19.6,-999.0,19.2
104357.0,18.8,19.6,-999.0,19.2
104367.0,18.8,19.6,-999.0,19.1
104377.0,18.9,19.6,-999.0,19.2
104387.0,18.9,19.6,-999.0,19.3
104397.0,18.8,19.7,-999.0,19.2
104407.0,18.9,19.6,-999.0,19.2
104417.1,18.8,19.6,-999.0,19.3
104427.1,18.8,19.6,-999.0,19.3
104437.1,18.8,19.6,-999.0,19.2
104447.1,18.8,19.6,-999.0,19.2
104457.1,18.8,19.6,-999.0,19.1
104467.2,18.8,19.6,-999.0,19.3
104477.2,18.8,19.6,-999.0,19.2
104487.2,18.8,19.7,-999.0,19.3
104497.2,18.8,19.6,-999.0,19.2
104507.2,18.9,19.6,-999.0,19.1
104517.2,18.8,19.6,-999.0,19.2
104527.2,18.8,19.6,-999.0,19.3
104537.3,18.8,19.6,-999.0,19.2
104547.3,18.9,19.7,-999.0,19.2
104557.3,18.8,19.6,-999.0,19.3
104567.3,18.8,19.5,-999.0,19.1
104577.3,18.8,19.6,-999.0,19.3
104587.3,18.8,19.6,-999.0,19.2
104597.4,18.9,19.7,-999.0,19.1
104607.4,18.9,19.6,-999.0,19.2
104617.4,18.8,19.6,-999.0,19.2
104627.4,18.8,19.7,-999.0,19.2
104637.4,18.9,19.6,-999.0,19.2
104647.4,18.9,19.7,-999.0,19.2
104657.4,18.8,19.6,-999.0,19.2
104667.5,18.8,19.7,-999.0,19.3
104677.5,18.8,19.6,-999.0,19.3
104687.5,18.8,19.6,-999.0,19.2
104697.5,18.8,19.6,-999.0,19.2
104707.5,18.8,19.6,-999.0,19.2
104717.5,18.9,19.7,-999.0,19.2
104727.6,18.9,19.7,-999.0,19.1
104737.6,18.9,19.7,-999.0,19.1
104747.6,18.8,19.6,-999.0,19.2
104757.6,18.9,19.6,-999.0,19.2
104767.6,18.8,19.6,-999.0,19.2
104777.7,18.9,19.6,-999.0,19.2
104787.7,18.8,19.6,-999.0,19.2
104797.7,18.9,19.6,-999.0,19.2
104807.7,18.9,19.7,-999.0,19.1
104817.7,18.9,19.6,-999.0,19.2
104827.7,18.9,19.6,-999.0,19.1
104837.8,18.9,19.6,-999.0,19.1
104847.8,18.9,19.7,-999.0,19.3
104857.8,18.8,19.6,-999.0,19.1
104867.8,18.9,19.6,-999.0,19.1
104877.8,18.8,19.6,-999.0,19.2
104887.8,18.9,19.6,-999.0,19.2
104897.8,18.8,19.6,-999.0,19.3
104907.9,18.9,19.6,-999.0,19.1
104917.9,18.9,19.6,-999.0,19.2
104927.9,18.9,19.5,-999.0,19.1
104937.9,18.9,19.6,-999.0,19.3
104947.9,18.9,19.6,-999.0,19.1
104958.0,18.9,19.6,-999.0,19.2
104968.0,18.8,19.7,-999.0,19.3
104978.0,18.9,19.6,-999.0,19.2
104988.0,18.9,19.7,-999.0,19.2
104998.0,18.8,19.6,-999.0,19.2
105008.0,18.8,19.6,-999.0,19.2
105018.0,18.9,19.7,-999.0,19.1
105028.0,18.9,19.6,-999.0,19.2
105038.0,18.9,19.6,-999.0,19.2
105048.1,18.9,19.7,-999.0,19.2
105058.1,18.8,19.6,-999.0,19.2
105068.1,18.9,19.6,-999.0,19.2
105078.1,18.8,19.6,-999.0,19.2
105088.1,18.8,19.7,-999.0,19.3
105098.2,18.9,19.6,-999.0,19.2
105108.2,18.9,19.7,-999.0,19.4
105118.2,18.9,19.5,-999.0,19.2
105128.2,18.9,19.6,-999.0,19.2
105138.2,18.8,19.6,-999.0,19.2
105148.2,18.8,19.6,-999.0,19.2
105158.2,18.9,19.6,-999.0,19.2
105168.3,18.8,19.6,-999.0,19.2
105178.3,18.9,19.7,-999.0,19.3
105188.3,18.9,19.6,-999.0,19.2
105198.3,18.9,19.6,-999.0,19.2
105208.3,18.8,19.6,-999.0,19.2
105218.3,18.9,19.6,-999.0,19.2
105228.4,18.9,19.6,-999.0,19.1
105238.4,18.8,19.6,-999.0,19.1
105248.4,18.9,19.6,-999.0,19.2
105258.4,18.9,19.6,-999.0,19.2
105268.4,18.9,19.7,-999.0,19.3
105278.4,18.8,19.7,-999.0,19.3
105288.4,18.8,19.7,-999.0,19.2
105298.5,18.8,19.7,-999.0,19.3
105308.5,18.8,19.6,-999.0,19.2
105318.5,18.9,19.6,-999.0,19.2
105328.5,18.8,19.6,-999.0,19.1
105338.5,18.9,19.6,-999.0,19.2
105348.5,18.9,19.6,-999.0,19.2
105358.5,18.9,19.6,-999.0,19.2
105368.6,18.8,19.7,-999.0,19.3
105378.6,18.9,19.6,-999.0,19.2
105388.6,18.9,19.6,-999.0,19.2
105398.6,18.8,19.7,-999.0,19.2
105408.6,18.9,19.6,-999.0,19.2
105418.6,18.9,19.5,-999.0,19.2
105428.6,18.9,19.7,-999.0,19.2
105438.7,18.9,19.6,-999.0,19.2
105448.7,18.9,19.5,-999.0,19.3
105458.7,18.9,19.6,-999.0,19.2
105468.7,18.9,19.7,-999.0,19.3
105478.7,18.9,19.6,-999.0,19.2
105488.8,18.9,19.6,-999.0,19.1
105498.8,18.8,19.7,-999.0,19.3
105508.8,18.9,19.6,-999.0,19.2
105518.8,18.9,19.6,-999.0,19.2
105528.8,18.9,19.7,-999.0,19.2
105538.8,18.9,19.7,-999.0,19.2
105548.9,18.9,19.6,-999.0,19.2
105558.9,18.9,19.6,-999.0,19.2
105568.9,18.9,19.6,-999.0,19.2
105578.9,18.8,19.6,-999.0,19.2
105588.9,18.9,19.6,-999.0,19.4
105598.9,18.9,19.7,-999.0,19.3
105609.0,18.9,19.6,-999.0,19.2
105619.0,18.9,19.7,-999.0,19.4
105629.0,18.9,19.6,-999.0,19.2
105639.0,18.9,19.6,-999.0,19.2
105649.0,18.8,19.6,-999.0,19.2
105659.1,18.9,19.6,-999.0,19.2
105669.1,18.9,19.6,-999.0,19.2
105679.1,18.9,19.7,-999.0,19.2
105689.1,18.9,19.6,-999.0,19.2
105699.1,18.9,19.6,-999.0,19.2
105709.1,18.9,19.7,-999.0,19.3
105719.1,18.9,19.7,-999.0,19.2
105729.1,18.9,19.7,-999.0,19.4
105739.2,18.9,19.7,-999.0,19.2
105749.2,18.9,19.6,-999.0,19.2
105759.2,18.9,19.7,-999.0,19.3
105769.2,18.9,19.6,-999.0,19.2
105779.2,18.9,19.7,-999.0,19.2
105789.3,18.9,19.6,-999.0,19.2
105799.3,18.8,19.7,-999.0,19.4
105809.3,18.9,19.7,-999.0,19.2
105819.3,18.9,19.7,-999.0,19.2
105829.3,18.9,19.7,-999.0,19.2
105839.3,18.9,19.6,-999.0,19.2
105849.3,18.9,19.6,-999.0,19.2
105859.4,18.9,19.6,-999.0,19.3
105869.4,18.8,19.7,-999.0,19.3
105879.4,18.9,19.7,-999.0,19.2
105889.4,18.8,19.7,-999.0,19.2
105899.4,18.9,19.6,-999.0,19.1
105909.4,18.9,19.6,-999.0,19.2
105919.5,18.8,19.6,-999.0,19.2
105929.5,18.9,19.6,-999.0,19.2
105939.5,19.1,19.6,-999.0,19.2
105949.5,18.8,19.7,-999.0,19.4
105959.6,18.9,19.6,-999.0,19.2
105969.6,18.9,19.6,-999.0,19.2
105979.6,18.9,19.6,-999.0,19.2
105989.6,18.9,19.6,-999.0,19.2
105999.6,18.9,19.7,-999.0,19.2
106009.6,18.9,19.6,-999.0,19.2
106019.6,18.8,19.6,-999.0,19.2
106029.6,18.9,19.6,-999.0,19.2
106039.7,18.9,19.7,-999.0,19.2
106049.7,18.9,19.6,-999.0,19.2
106059.7,18.9,19.7,-999.0,19.4
106069.7,18.9,19.7,-999.0,19.2
106079.8,18.9,19.6,-999.0,19.2
106089.8,18.9,19.6,-999.0,19.2
106099.8,18.9,19.7,-999.0,19.3
106109.8,18.9,19.6,-999.0,19.2
106119.8,18.9,19.6,-999.0,19.2
106129.8,18.9,19.7,-999.0,19.2
106139.9,18.9,19.7,-999.0,19.3
106149.9,18.9,19.6,-999.0,19.2
106159.9,18.8,19.7,-999.0,19.2
106169.9,18.9,19.7,-999.0,19.2
106180.0,18.9,19.7,-999.0,19.2
106190.0,18.9,19.6,-999.0,19.2
106200.0,18.9,19.6,-999.0,19.2
106210.0,18.8,19.7,-999.0,19.2
106220.0,18.9,19.6,-999.0,19.2
106230.0,18.9,19.6,-999.0,19.2
106240.0,18.9,19.7,-999.0,19.2
106250.0,18.9,19.6,-999.0,19.2
106260.1,18.9,19.6,-999.0,19.2
106270.1,18.9,19.6,-999.0,19.2
106280.1,18.9,19.7,-999.0,19.3
106290.1,18.9,19.6,-999.0,19.2
106300.1,18.9,19.6,-999.0,19.2
106310.1,18.9,19.7,-999.0,19.2
106320.2,18.9,19.7,-999.0,19.3
106330.2,18.9,19.6,-999.0,19.2
106340.2,18.9,19.6,-999.0,19.2
106350.2,18.9,19.7,-999.0,19.2
106360.2,18.9,19.7,-999.0,19.2
106370.3,18.9,19.7,-999.0,19.3
106380.3,18.9,19.7,-999.0,19.4
106390.3,18.9,19.6,-999.0,19.2
106400.3,18.9,19.7,-999.0,19.4
106410.3,18.9,19.6,-999.0,19.2
106420.4,18.9,19.7,-999.0,19.2
106430.4,18.9,19.6,-999.0,19.2
106440.4,18.9,19.6,-999.0,19.2
106450.4,18.9,19.6,-999.0,19.2
106460.4,18.9,19.6,-999.0,19.2
106470.4,18.8,19.7,-999.0,19.4
106480.4,18.9,19.7,-999.0,19.2
106490.5,18.9,19.7,-999.0,19.4
106500.5,18.9,19.6,-999.0,19.2
106510.5,18.9,19.6,-999.0,19.2
106520.5,18.9,19.6,-999.0,19.2
106530.5,18.9,19.7,-999.0,19.2
106540.5,18.9,19.7,-999.0,19.3
106550.5,18.9,19.6,-999.0,19.2
106560.5,18.9,19.6,-999.0,19.2
106570.6,18.9,19.6,-999.0,19.2
106580.6,18.9,19.7,-999.0,19.2
106590.6,18.9,19.6,-999.0,19.2
106600.6,18.9,19.6,-999.0,19.2
106610.6,18.9,19.7,-999.0,19.3
106620.6,18.9,19.6,-999.0,19.2
106630.6,18.9,19.7,-999.0,19.4
106640.7,18.9,19.6,-999.0,19.2
106650.7,18.9,19.6,-999.0,19.2
106660.7,18.9,19.6,-999.0,19.2
106670.7,18.9,19.6,-999.0,19.2
106680.7,18.9,19.6,-999.0,19.2
106690.7,18.9,19.6,-999.0,19.3
106700.7,18.9,19.6,-999.0,19.2
106710.8,18.8,19.7,-999.0,19.2
106720.8,19.0,19.7,-999.0,19.3
106730.8,18.9,19.6,-999.0,19.2
106740.8,18.9,19.6,-999.0,19.2
106750.8,18.9,19.6,-999.0,19.2
106760.8,18.9,19.6,-999.0,19.2
106770.8,18.9,19.7,-999.0,19.2
106780.9,18.9,19.6,-999.0,19.2
106790.9,18.9,19.7,-999.0,19.4
106800.9,18.9,19.6,-999.0,19.2
106810.9,18.9,19.7,-999.0,19.4
106820.9,18.9,19.6,-999.0,19.2
106830.9,18.9,19.7,-999.0,19.4
106841.0,18.9,19.7,-999.0,19.2
106851.0,18.9,19.7,-999.0,19.2
106861.0,19.0,19.7,-999.0,19.3
106871.0,18.9,19.7,-999.0,19.2
106881.0,18.9,19.7,-999.0,19.4
106891.1,18.9,19.6,-999.0,19.2
106901.1,18.9,19.6,-999.0,19.2
106911.1,18.9,19.6,-999.0,19.2
106921.1,18.9,19.7,-999.0,19.2
106931.1,18.9,19.6,-999.0,19.2
106941.1,18.9,19.7,-999.0,19.2
106951.2,18.9,19.6,-999.0,19.2
106961.2,18.9,19.7,-999.0,19.2
106971.2,18.9,19.6,-999.0,19.2
106981.2,18.9,19.6,-999.0,19.2
106991.2,18.9,19.6,-999.0,19.2
107001.2,18.9,19.7,-999.0,19.3
107011.3,18.9,19.6,-999.0,19.2
107021.3,18.9,19.8,-999.0,19.2
107031.3,18.9,19.7,-999.0,19.2
107041.4,18.9,19.6,-999.0,19.2
107051.4,18.9,19.7,-999.0,19.2
107061.4,18.9,19.6,-999.0,19.2
107071.4,18.8,19.7,-999.0,19.4
107081.4,18.9,19.6,-999.0,19.2
107091.4,18.9,19.7,-999.0,19.2
107101.4,18.9,19.7,-999.0,19.3
107111.4,18.9,19.6,-999.0,19.2
107121.5,18.9,19.7,-999.0,19.2
107131.5,18.9,19.7,-999.0,19.2
107141.5,18.9,19.6,-999.0,19.2
107151.5,19.2,19.7,-999.0,19.3
107161.5,18.9,19.7,-999.0,19.2
107171.5,18.9,19.6,-999.0,19.2
107181.6,18.9,19.6,-999.0,19.2
107191.6,18.9,19.6,-999.0,19.2
107201.6,18.9,19.7,-999.0,19.2
107211.6,18.9,19.6,-999.0,19.2
107221.6,18.9,19.7,-999.0,19.4
107231.7,18.9,19.7,-999.0,19.2
107241.7,18.9,19.7,-999.0,19.2
107251.7,18.9,19.7,-999.0,19.2
107261.7,18.9,19.7,-999.0,19.4
107271.7,18.9,19.7,-999.0,19.2
107281.7,18.9,19.7,-999.0,19.2
107291.7,18.9,19.6,-999.0,19.2
107301.8,18.9,19.6,-999.0,19.2
107311.8,18.9,19.6,-999.0,19.2
107321.8,18.9,19.7,-999.0,19.3
107331.8,18.9,19.6,-999.0,19.2
107341.8,18.9,19.6,-999.0,19.2
107351.8,18.9,19.7,-999.0,19.2
107361.8,18.9,19.6,-999.0,19.2
107371.8,18.8,19.7,-999.0,19.5
107381.8,18.9,19.6,-999.0,19.2
107391.9,18.9,19.6,-999.0,19.2
107401.9,18.9,19.6,-999.0,19.2
107411.9,18.9,19.7,-999.0,19.3
107421.9,18.9,19.7,-999.0,19.3
107432.0,18.9,19.7,-999.0,19.2
107442.0,19.0,19.6,-999.0,19.2
107452.0,18.9,19.6,-999.0,19.2
107462.0,18.9,19.7,-999.0,19.2
107472.0,18.9,19.6,-999.0,19.2
107482.0,18.9,19.6,-999.0,19.2
107492.0,18.9,19.7,-999.0,19.3
107502.1,18.9,19.6,-999.0,19.2
107512.1,18.9,19.6,-999.0,19.2
107522.1,18.9,19.7,-999.0,19.2
107532.1,19.0,19.7,-999.0,19.3
107542.1,18.9,19.6,-999.0,19.2
107552.1,18.9,19.6,-999.0,19.2
107562.1,18.9,19.7,-999.0,19.2
107572.2,18.9,19.6,-999.0,19.2
107582.2,18.9,19.7,-999.0,19.2
107592.2,18.9,19.7,-999.0,19.2
107602.2,18.9,19.6,-999.0,19.2
107612.2,18.9,19.7,-999.0,19.4
107622.2,18.9,19.6,-999.0,19.2
107632.3,18.9,19.6,-999.0,19.2
107642.3,18.9,19.7,-999.0,19.2
107652.3,18.9,19.7,-999.0,19.2
107662.3,18.9,19.6,-999.0,19.2
107672.3,18.9,19.6,-999.0,19.2
107682.3,18.9,19.7,-999.0,19.2
107692.4,18.9,19.6,-999.0,19.2
107702.4,18.9,19.7,-999.0,19.2
107712.4,18.9,19.7,-999.0,19.3
107722.4,18.8,19.7,-999.0,19.4
107732.4,18.9,19.7,-999.0,19.2
107742.5,18.9,19.6,-999.0,19.2
107752.5,18.9,19.6,-999.0,19.2
107762.5,18.9,19.7,-999.0,19.2
107772.5,18.9,19.6,-999.0,19.2
107782.5,18.9,19.6,-999.0,19.2
107792.5,18.9,19.6,-999.0,19.2
107802.5,18.9,19.7,-999.0,19.2
107812.5,18.9,19.7,-999.0,19.2
107822.6,18.9,19.6,-999.0,19.2
107832.6,18.9,19.7,-999.0,19.4
107842.6,18.9,19.7,-999.0,19.2
107852.6,18.9,19.7,-999.0,19.4
107862.6,18.9,19.7,-999.0,19.2
107872.7,18.9,19.7,-999.0,19.4
107882.7,18.9,19.7,-999.0,19.2
107892.7,18.9,19.7,-999.0,19.2
107902.7,18.9,19.6,-999.0,19.2
107912.7,18.9,19.6,-999.0,19.2
107922.8,19.0,19.6,-999.0,19.2
107932.8,18.9,19.6,-999.0,19.2
107942.8,18.9,19.7,-999.0,19.3
107952.8,18.9,19.6,-999.0,19.2
107962.8,19.0,19.6,-999.0,19.2
107972.8,18.9,19.7,-999.0,19.2
107982.9,19.2,19.7,-999.0,19.3
107992.9,18.9,19.7,-999.0,19.2
108002.9,18.9,19.6,-999.0,19.3
108012.9,18.9,19.7,-999.0,19.2
108022.9,18.9,19.7,-999.0,19.2
108033.0,18.9,19.7,-999.0,19.3
108043.0,18.9,19.7,-999.0,19.2
108053.0,18.9,19.7,-999.0,19.4
108063.0,18.9,19.6,-999.0,19.2
108073.0,18.9,19.7,-999.0,19.3
108083.0,18.9,19.7,-999.0,19.2
108093.0,18.9,19.7,-999.0,19.2
108103.1,18.9,19.6,-999.0,19.2
108113.1,18.9,19.6,-999.0,19.3
108123.1,18.9,19.7,-999.0,19.2
108133.1,18.9,19.7,-999.0,19.4
108143.2,18.9,19.6,-999.0,19.2
108153.2,18.9,19.7,-999.0,19.3
108163.2,18.9,19.7,-999.0,19.2
108173.2,18.9,19.7,-999.0,19.2
108183.2,18.9,19.7,-999.0,19.2
108193.2,19.0,19.6,-999.0,19.3
108203.2,18.9,19.7,-999.0,19.2
108213.3,18.9,19.7,-999.0,19.2
108223.3,19.0,19.6,-999.0,19.2
108233.3,18.9,19.7,-999.0,19.2
108243.3,18.9,19.7,-999.0,19.4
108253.3,18.9,19.7,-999.0,19.2
108263.3,18.9,19.7,-999.0,19.4
108273.3,18.9,19.7,-999.0,19.2
108283.4,18.9,19.6,-999.0,19.2
108293.4,18.9,19.6,-999.0,19.3
108303.4,18.9,19.6,-999.0,19.3
108313.4,18.9,19.6,-999.0,19.2
108323.4,19.2,19.7,-999.0,19.3
108333.4,18.9,19.7,-999.0,19.2
108343.4,18.9,19.7,-999.0,19.2
108353.4,18.9,19.6,-999.0,19.2
108363.5,18.9,19.6,-999.0,19.2
108373.5,18.9,19.7,-999.0,19.3
108383.5,18.9,19.6,-999.0,19.3
108393.5,19.0,19.6,-999.0,19.2
108403.5,18.9,19.7,-999.0,19.4
108413.6,19.0,19.7,-999.0,19.3
108423.6,19.0,19.7,-999.0,19.2
108433.6,18.9,19.7,-999.0,19.2
108443.6,18.9,19.6,-999.0,19.2
108453.6,18.9,19.6,-999.0,19.2
108463.6,18.9,19.7,-999.0,19.3
108473.6,18.9,19.6,-999.0,19.2
108483.6,19.0,19.6,-999.0,19.2
108493.7,18.9,19.7,-999.0,19.2
108503.7,18.9,19.6,-999.0,19.2
108513.7,18.9,19.7,-999.0,19.2
108523.7,18.9,19.7,-999.0,19.3
108533.7,18.9,19.7,-999.0,19.4
108543.8,18.9,19.7,-999.0,19.4
108553.8,18.9,19.6,-999.0,19.2
108563.8,18.9,19.7,-999.0,19.2
108573.8,19.0,19.7,-999.0,19.3
108583.8,18.9,19.7,-999.0,19.2
108593.8,18.9,19.7,-999.0,19.4
108603.8,18.9,19.7,-999.0,19.2
108613.8,18.9,19.7,-999.0,19.4
108623.9,18.9,19.6,-999.0,19.2
108633.9,18.9,19.7,-999.0,19.4
108643.9,18.9,19.6,-999.0,19.2
108653.9,18.9,19.7,-999.0,19.2
108663.9,18.9,19.8,-999.0,19.2
108673.9,18.9,19.7,-999.0,19.2
108684.0,18.9,19.6,-999.0,19.2
108694.0,19.0,19.6,-999.0,19.2
108704.0,18.9,19.6,-999.0,19.4
108714.0,18.9,19.7,-999.0,19.4
108724.0,18.9,19.7,-999.0,19.3
108734.0,18.9,19.7,-999.0,19.2
108744.1,18.9,19.7,-999.0,19.2
108754.1,19.0,19.7,-999.0,19.2
108764.1,18.9,19.7,-999.0,19.2
108774.1,18.9,19.6,-999.0,19.2
108784.1,18.9,19.7,-999.0,19.2
108794.2,18.9,19.6,-999.0,19.2
108804.2,18.9,19.7,-999.0,19.2
108814.2,18.9,19.7,-999.0,19.3
108824.2,18.9,19.6,-999.0,19.2
108834.2,18.9,19.7,-999.0,19.4
108844.3,18.9,19.7,-999.0,19.3
108854.3,18.9,19.8,-999.0,19.4
108864.3,18.9,19.7,-999.0,19.3
108874.3,18.9,19.6,-999.0,19.2
108884.3,18.9,19.6,-999.0,19.2
108894.3,18.9,19.7,-999.0,19.2
108904.3,18.9,19.6,-999.0,19.2
108914.3,18.9,19.6,-999.0,19.2
108924.4,18.9,19.7,-999.0,19.4
108934.4,18.9,19.7,-999.0,19.4
108944.4,18.9,19.6,-999.0,19.4
108954.4,19.0,19.6,-999.0,19.3
108964.4,18.9,19.7,-999.0,19.4
108974.4,18.9,19.7,-999.0,19.4
108984.4,18.9,19.7,-999.0,19.3
108994.4,18.9,19.6,-999.0,19.3
109004.5,18.9,19.6,-999.0,19.3
109014.5,18.8,19.7,-999.0,19.4
109024.5,19.0,19.6,-999.0,19.2
109034.5,18.9,19.7,-999.0,19.2
109044.5,19.2,19.7,-999.0,19.3
109054.6,18.9,19.6,-999.0,19.2
109064.6,18.9,19.7,-999.0,19.4
109074.6,18.9,19.6,-999.0,19.2
109084.6,18.9,19.8,-999.0,19.4
109094.7,18.9,19.7,-999.0,19.2
109104.7,18.9,19.6,-999.0,19.3
109114.7,18.9,19.6,-999.0,19.3
109124.7,18.9,19.7,-999.0,19.4
109134.7,18.9,19.7,-999.0,19.4
109144.8,18.9,19.7,-999.0,19.2
109154.8,18.9,19.6,-999.0,19.2
109164.8,18.9,19.7,-999.0,19.2
109174.8,19.0,19.7,-999.0,19.2
109184.8,18.9,19.7,-999.0,19.4
109194.8,19.0,19.7,-999.0,19.3
109204.9,18.9,19.7,-999.0,19.2
109214.9,19.0,19.7,-999.0,19.2
109224.9,18.9,19.6,-999.0,19.2
109234.9,19.0,19.7,-999.0,19.3
109244.9,18.9,19.7,-999.0,19.2
109255.0,18.9,19.7,-999.0,19.4
109265.0,19.2,19.7,-999.0,19.3
109275.0,18.9,19.7,-999.0,19.2
109285.0,18.9,19.7,-999.0,19.3
109295.0,18.9,19.7,-999.0,19.2
109305.1,19.0,19.6,-999.0,19.2
109315.1,18.9,19.7,-999.0,19.2
109325.1,18.9,19.7,-999.0,19.4
109335.1,19.0,19.7,-999.0,19.3
109345.1,18.9,19.7,-999.0,19.2
109355.1,18.9,19.6,-999.0,19.2
109365.1,18.9,19.6,-999.0,19.2
109375.2,18.9,19.7,-999.0,19.2
109385.2,18.9,19.7,-999.0,19.4
109395.2,19.0,19.6,-999.0,19.2
109405.2,19.0,19.7,-999.0,19.2
109415.2,18.9,19.7,-999.0,19.4
109425.2,19.0,19.7,-999.0,19.3
109435.3,18.9,19.6,-999.0,19.2
109445.3,19.0,19.6,-999.0,19.2
109455.3,18.9,19.6,-999.0,19.2
109465.3,18.9,19.7,-999.0,19.2
109475.3,18.9,19.7,-999.0,19.2
109485.4,18.9,19.6,-999.0,19.2
109495.4,18.9,19.7,-999.0,19.2
109505.4,18.9,19.6,-999.0,19.2
109515.4,18.9,19.7,-999.0,19.4
109525.5,18.9,19.6,-999.0,19.2
109535.5,18.9,19.7,-999.0,19.4
109545.5,18.9,19.7,-999.0,19.3
109555.5,18.9,19.6,-999.0,19.3
109565.5,18.9,19.7,-999.0,19.2
109575.5,18.9,19.6,-999.0,19.2
109585.5,18.9,19.7,-999.0,19.3
109595.6,18.9,19.7,-999.0,19.3
109605.6,18.9,19.7,-999.0,19.2
109615.6,18.9,19.6,-999.0,19.2
109625.6,18.9,19.7,-999.0,19.4
109635.6,18.9,19.8,-999.0,19.4
109645.6,18.9,19.6,-999.0,19.2
109655.6,18.9,19.7,-999.0,19.2
109665.7,19.0,19.7,-999.0,19.2
109675.7,18.9,19.7,-999.0,19.3
109685.7,18.9,19.7,-999.0,19.2
109695.7,18.9,19.7,-999.0,19.3
109705.7,19.0,19.6,-999.0,19.2
109715.7,18.9,19.6,-999.0,19.4
109725.7,18.9,19.7,-999.0,19.2
109735.7,18.9,19.6,-999.0,19.3
109745.8,18.9,19.7,-999.0,19.2
109755.8,19.0,19.7,-999.0,19.2
109765.8,19.0,19.6,-999.0,19.2
109775.8,18.9,19.7,-999.0,19.3
109785.8,18.9,19.6,-999.0,19.2
109795.8,18.9,19.7,-999.0,19.2
109805.8,19.0,19.7,-999.0,19.3
109815.9,19.0,19.7,-999.0,19.2
109825.9,18.9,19.7,-999.0,19.4
109835.9,18.9,19.7,-999.0,19.4
109845.9,18.9,19.7,-999.0,19.2
109855.9,18.9,19.7,-999.0,19.2
109866.0,19.0,19.7,-999.0,19.3
109876.0,18.9,19.7,-999.0,19.2
109886.0,18.9,19.7,-999.0,19.2
109896.0,18.9,19.7,-999.0,19.2
109906.0,18.9,19.6,-999.0,19.2
109916.1,19.0,19.7,-999.0,19.4
109926.1,19.0,19.6,-999.0,19.3
109936.1,18.9,19.7,-999.0,19.2
109946.1,18.9,19.7,-999.0,19.4
109956.1,19.0,19.7,-999.0,19.2
109966.1,18.9,19.7,-999.0,19.2
109976.1,18.9,19.7,-999.0,19.2
109986.1,19.0,19.7,-999.0,19.3
109996.2,18.9,19.6,-999.0,19.2
110006.2,18.9,19.7,-999.0,19.2
110016.2,18.9,19.7,-999.0,19.3
110026.2,18.9,19.7,-999.0,19.3
110036.2,19.1,19.7,-999.0,19.3
110046.2,18.9,19.7,-999.0,19.4
110056.3,19.1,19.7,-999.0,19.2
110066.3,19.0,19.7,-999.0,19.3
110076.3,18.9,19.7,-999.0,19.4
110086.3,18.9,19.7,-999.0,19.3
110096.3,19.0,19.7,-999.0,19.2
110106.3,18.9,19.6,-999.0,19.2
110116.4,18.9,19.7,-999.0,19.4
110126.4,18.9,19.6,-999.0,19.3
110136.4,18.9,19.7,-999.0,19.2
110146.4,19.0,19.6,-999.0,19.3
110156.4,18.9,19.6,-999.0,19.2
110166.5,18.9,19.7,-999.0,19.2
110176.5,18.9,19.7,-999.0,19.5
110186.5,18.9,19.7,-999.0,19.3
110196.5,19.1,19.7,-999.0,19.3
110206.5,19.0,19.7,-999.0,19.2
110216.5,18.9,19.6,-999.0,19.2
110226.6,19.0,19.7,-999.0,19.2
110236.6,18.9,19.7,-999.0,19.4
110246.6,18.9,19.7,-999.0,19.4
110256.6,19.0,19.7,-999.0,19.2
110266.6,18.9,19.6,-999.0,19.2
110276.6,18.9,19.7,-999.0,19.2
110286.7,18.9,19.6,-999.0,19.2
110296.7,18.9,19.7,-999.0,19.2
110306.7,18.9,19.7,-999.0,19.4
110316.7,19.0,19.7,-999.0,19.3
110326.7,18.9,19.6,-999.0,19.3
110336.7,18.9,19.7,-999.0,19.3
110346.7,18.9,19.7,-999.0,19.2
110356.8,18.9,19.7,-999.0,19.2
110366.8,19.1,19.7,-999.0,19.3
110376.8,18.9,19.7,-999.0,19.3
110386.8,19.0,19.7,-999.0,19.3
110396.8,19.0,19.6,-999.0,19.3
110406.8,18.9,19.7,-999.0,19.4
110416.8,18.9,19.7,-999.0,19.4
110426.9,18.9,19.7,-999.0,19.2
110436.9,19.0,19.6,-999.0,19.3
110446.9,19.0,19.6,-999.0,19.3
110456.9,18.9,19.7,-999.0,19.2
110466.9,18.9,19.7,-999.0,19.3
110476.9,19.0,19.7,-999.0,19.2
110487.0,19.0,19.7,-999.0,19.4
110497.0,18.9,19.6,-999.0,19.3
110507.0,18.9,19.7,-999.0,19.3
110517.0,18.9,19.7,-999.0,19.4
110527.0,18.9,19.7,-999.0,19.2
110537.0,18.9,19.6,-999.0,19.3
110547.1,18.9,19.7,-999.0,19.3
110557.1,18.9,19.7,-999.0,19.3
110567.1,19.0,19.7,-999.0,19.3
110577.1,19.0,19.7,-999.0,19.3
110587.1,18.9,19.7,-999.0,19.4
110597.1,18.9,19.7,-999.0,19.2
110607.2,18.9,19.7,-999.0,19.4
110617.2,18.9,19.6,-999.0,19.3
110627.2,18.9,19.7,-999.0,19.2
110637.2,18.9,19.7,-999.0,19.4
110647.2,19.0,19.7,-999.0,19.3
110657.2,19.2,19.7,-999.0,19.3
110667.3,18.9,19.6,-999.0,19.3
110677.3,18.9,19.6,-999.0,19.3
110687.3,18.9,19.7,-999.0,19.2
110697.3,18.9,19.7,-999.0,19.3
110707.3,19.0,19.6,-999.0,19.3
110717.3,19.0,19.7,-999.0,19.2
110727.4,19.0,19.7,-999.0,19.2
110737.4,18.9,19.7,-999.0,19.3
110747.4,18.9,19.7,-999.0,19.3
110757.4,19.0,19.7,-999.0,19.2
110767.4,19.0,19.7,-999.0,19.3
110777.4,18.9,19.7,-999.0,19.3
110787.4,19.0,19.7,-999.0,19.3
110797.5,18.9,19.6,-999.0,19.2
110807.5,19.0,19.6,-999.0,19.3
110817.5,18.9,19.7,-999.0,19.4
110827.5,18.9,19.7,-999.0,19.4
110837.5,19.0,19.7,-999.0,19.3
110847.5,18.9,19.7,-999.0,19.2
110857.6,18.9,19.7,-999.0,19.2
110867.6,18.9,19.7,-999.0,19.2
110877.6,18.9,19.7,-999.0,19.4
110887.6,18.9,19.7,-999.0,19.2
110897.7,19.0,19.7,-999.0,19.2
110907.7,19.0,19.7,-999.0,19.3
110917.7,19.0,19.7,-999.0,19.3
110927.7,18.9,19.7,-999.0,19.2
110937.7,18.9,19.7,-999.0,19.3
110947.7,19.0,19.6,-999.0,19.3
110957.8,18.9,19.8,-999.0,19.4
110967.8,18.9,19.7,-999.0,19.4
110977.8,19.0,19.7,-999.0,19.3
110987.8,18.9,19.7,-999.0,19.3
110997.8,18.9,19.7,-999.0,19.4
111007.8,19.0,19.7,-999.0,19.2
111017.9,18.9,19.7,-999.0,19.5
111027.9,19.0,19.7,-999.0,19.3
111037.9,18.9,19.6,-999.0,19.3
111047.9,18.9,19.7,-999.0,19.4
111057.9,18.9,19.6,-999.0,19.3
111067.9,18.9,19.7,-999.0,19.4
111078.0,19.0,19.6,-999.0,19.3
111088.0,19.0,19.7,-999.0,19.4
111098.0,19.0,19.7,-999.0,19.3
111108.0,18.9,19.7,-999.0,19.4
111118.0,18.9,19.7,-999.0,19.3
111128.0,19.0,19.7,-999.0,19.2
111138.0,18.9,19.6,-999.0,19.2
111148.0,18.9,19.7,-999.0,19.3
111158.1,18.9,19.7,-999.0,19.2
111168.1,18.9,19.7,-999.0,19.2
111178.1,19.0,19.7,-999.0,19.3
111188.1,18.9,19.7,-999.0,19.2
111198.2,18.9,19.6,-999.0,19.3
111208.2,18.9,19.6,-999.0,19.2
111218.2,19.0,19.7,-999.0,19.4
111228.2,19.0,19.6,-999.0,19.3
111238.2,18.9,19.7,-999.0,19.3
111248.2,19.0,19.7,-999.0,19.3
111258.3,18.9,19.6,-999.0,19.2
111268.3,19.0,19.7,-999.0,19.2
111278.3,19.0,19.7,-999.0,19.3
111288.3,19.0,19.7,-999.0,19.2
111298.3,18.9,19.7,-999.0,19.2
111308.3,18.9,19.7,-999.0,19.3
111318.4,19.0,19.7,-999.0,19.2
111328.4,18.9,19.6,-999.0,19.2
111338.4,18.9,19.6,-999.0,19.2
111348.4,18.9,19.6,-999.0,19.3
111358.4,18.9,19.6,-999.0,19.2
111368.4,19.0,19.7,-999.0,19.3
111378.5,18.9,19.7,-999.0,19.2
111388.5,18.9,19.7,-999.0,19.2
111398.5,18.9,19.6,-999.0,19.3
111408.5,18.9,19.7,-999.0,19.4
111418.5,18.9,19.7,-999.0,19.4
111428.5,18.9,19.6,-999.0,19.3
111438.6,18.9,19.7,-999.0,19.2
111448.6,19.0,19.7,-999.0,19.3
111458.6,18.9,19.7,-999.0,19.4
111468.6,18.9,19.7,-999.0,19.2
111478.6,18.9,19.7,-999.0,19.3
111488.6,18.9,19.7,-999.0,19.5
111498.7,19.0,19.6,-999.0,19.3
111508.7,18.9,19.6,-999.0,19.3
111518.7,19.0,19.8,-999.0,19.4
111528.7,19.0,19.7,-999.0,19.3
111538.8,19.1,19.7,-999.0,19.2
111548.8,18.9,19.7,-999.0,19.3
111558.8,19.2,19.7,-999.0,19.3
111568.8,19.0,19.6,-999.0,19.2
111578.8,19.0,19.6,-999.0,19.3
111588.8,18.9,19.7,-999.0,19.2
111598.9,19.2,19.7,-999.0,19.3
111608.9,18.9,19.7,-999.0,19.5
111618.9,18.9,19.7,-999.0,19.3
111628.9,18.9,19.7,-999.0,19.2
111638.9,18.9,19.7,-999.0,19.2
111648.9,18.9,19.7,-999.0,19.3
111658.9,19.0,19.6,-999.0,19.3
111668.9,18.9,19.7,-999.0,19.3
111679.0,19.0,19.7,-999.0,19.2
111689.0,18.9,19.7,-999.0,19.5
111699.0,19.0,19.7,-999.0,19.3
111709.0,19.0,19.7,-999.0,19.4
111719.0,19.0,19.7,-999.0,19.3
111729.1,18.9,19.7,-999.0,19.2
111739.1,19.0,19.7,-999.0,19.2
111749.1,19.0,19.7,-999.0,19.3
111759.1,18.9,19.7,-999.0,19.2
111769.1,18.9,19.7,-999.0,19.4
111779.2,19.0,19.7,-999.0,19.3
111789.2,19.0,19.6,-999.0,19.2
111799.2,18.9,19.7,-999.0,19.4
111809.2,18.9,19.6,-999.0,19.3
111819.2,18.9,19.7,-999.0,19.5
111829.2,18.9,19.6,-999.0,19.3
111839.2,18.9,19.6,-999.0,19.3
111849.3,18.9,19.7,-999.0,19.3
111859.3,18.9,19.7,-999.0,19.2
111869.3,18.9,19.7,-999.0,19.3
111879.3,18.9,19.7,-999.0,19.3
111889.3,19.0,19.7,-999.0,19.5
111899.4,18.9,19.7,-999.0,19.4
111909.4,18.9,19.7,-999.0,19.4
111919.4,19.0,19.7,-999.0,19.3
111929.4,18.9,19.6,-999.0,19.2
111939.4,19.0,19.7,-999.0,19.2
111949.4,19.0,19.7,-999.0,19.3
111959.4,18.9,19.7,-999.0,19.2
111969.5,18.9,19.6,-999.0,19.3
111979.5,18.9,19.6,-999.0,19.4
111989.5,18.9,19.7,-999.0,19.4
111999.5,19.0,19.7,-999.0,19.3
112009.5,18.9,19.7,-999.0,19.4
112019.6,19.0,19.6,-999.0,19.3
112029.6,18.9,19.7,-999.0,19.3
112039.6,19.1,19.7,-999.0,19.3
112049.6,18.9,19.6,-999.0,19.3
112059.6,19.0,19.7,-999.0,19.2
112069.7,18.9,19.7,-999.0,19.4
112079.7,19.0,19.6,-999.0,19.3
112089.7,18.9,19.7,-999.0,19.5
112099.7,18.9,19.7,-999.0,19.2
112109.7,19.2,19.7,-999.0,19.3
112119.7,18.9,19.6,-999.0,19.3
112129.8,18.9,19.6,-999.0,19.3
112139.8,18.9,19.7,-999.0,19.4
112149.8,18.9,19.6,-999.0,19.3
112159.9,18.9,19.7,-999.0,19.5
112169.9,18.9,19.7,-999.0,19.4
112179.9,19.0,19.7,-999.0,19.3
112189.9,19.0,19.7,-999.0,19.2
112199.9,18.9,19.6,-999.0,19.2
112209.9,19.0,19.7,-999.0,19.4
112220.0,19.0,19.7,-999.0,19.4
112230.0,19.1,19.7,-999.0,19.3
112240.0,18.9,19.6,-999.0,19.3
112250.0,19.0,19.6,-999.0,19.3
112260.0,18.9,19.7,-999.0,19.2
112270.0,19.0,19.8,-999.0,19.4
112280.1,19.0,19.7,-999.0,19.2
112290.1,18.9,19.7,-999.0,19.2
112300.1,19.0,19.7,-999.0,19.3
112310.1,18.9,19.6,-999.0,19.4
112320.1,19.0,19.7,-999.0,19.5
112330.1,19.0,19.7,-999.0,19.3
112340.1,19.0,19.7,-999.0,19.3
112350.1,19.0,19.7,-999.0,19.5
112360.2,19.0,19.7,-999.0,19.3
112370.2,18.9,19.6,-999.0,19.2
112380.2,19.0,19.6,-999.0,19.3
112390.2,19.0,19.6,-999.0,19.3
112400.2,18.9,19.7,-999.0,19.2
112410.2,19.0,19.6,-999.0,19.3
112420.3,18.9,19.7,-999.0,19.4
112430.3,19.0,19.7,-999.0,19.2
112440.3,19.0,19.7,-999.0,19.3
112450.3,19.0,19.7,-999.0,19.2
112460.3,19.0,19.7,-999.0,19.3
112470.3,18.9,19.7,-999.0,19.3
112480.3,19.0,19.6,-999.0,19.2
112490.4,19.1,19.7,-999.0,19.5
112500.4,18.9,19.7,-999.0,19.5
112510.4,18.9,19.7,-999.0,19.3
112520.4,18.9,19.7,-999.0,19.5
112530.5,19.0,19.7,-999.0,19.3
112540.5,18.9,19.7,-999.0,19.5
112550.5,19.0,19.7,-999.0,19.2
112560.5,19.0,19.7,-999.0,19.2
112570.5,18.9,19.7,-999.0,19.2
112580.5,19.1,19.7,-999.0,19.5
112590.6,18.9,19.7,-999.0,19.5
112600.6,19.0,19.7,-999.0,19.2
112610.6,19.0,19.7,-999.0,19.2
112620.6,18.9,19.7,-999.0,19.3
112630.6,19.0,19.6,-999.0,19.3
112640.7,19.0,19.6,-999.0,19.3
112650.7,18.9,19.7,-999.0,19.3
112660.7,19.0,19.6,-999.0,19.3
112670.7,19.0,19.7,-999.0,19.2
112680.7,18.9,19.6,-999.0,19.3
112690.7,18.9,19.7,-999.0,19.4
112700.8,19.0,19.7,-999.0,19.2
112710.8,18.9,19.7,-999.0,19.4
112720.8,19.0,19.7,-999.0,19.3
112730.8,19.0,19.7,-999.0,19.4
112740.8,19.0,19.7,-999.0,19.3
112750.8,18.9,19.7,-999.0,19.5
112760.9,19.0,19.7,-999.0,19.2
112770.9,18.9,19.7,-999.0,19.3
112780.9,18.9,19.7,-999.0,19.2
112790.9,18.9,19.7,-999.0,19.2
112800.9,18.9,19.7,-999.0,19.4
112811.0,19.0,19.7,-999.0,19.3
112821.0,18.9,19.7,-999.0,19.3
112831.0,18.9,19.6,-999.0,19.3
112841.0,19.0,19.6,-999.0,19.3
112851.0,18.9,19.7,-999.0,19.4
112861.0,19.0,19.7,-999.0,19.3
112871.1,19.0,19.7,-999.0,19.4
112881.1,19.0,19.7,-999.0,19.3
112891.1,18.9,19.7,-999.0,19.4
112901.1,19.0,19.7,-999.0,19.3
112911.1,18.9,19.8,-999.0,19.5
112921.2,18.9,19.7,-999.0,19.4
112931.2,18.9,19.6,-999.0,19.2
112941.2,19.0,19.7,-999.0,19.3
112951.2,19.0,19.7,-999.0,19.4
112961.2,18.9,19.7,-999.0,19.4
112971.2,19.2,19.6,-999.0,19.2
112981.3,18.9,19.7,-999.0,19.3
112991.3,19.0,19.7,-999.0,19.3
113001.3,19.0,19.7,-999.0,19.3
113011.3,19.0,19.7,-999.0,19.3
113021.4,18.9,19.7,-999.0,19.4
113031.4,19.0,19.7,-999.0,19.3
113041.4,19.0,19.7,-999.0,19.2
113051.4,18.9,19.7,-999.0,19.3
113061.4,18.9,19.7,-999.0,19.2
113071.4,18.9,19.7,-999.0,19.4
113081.5,18.9,19.7,-999.0,19.4
113091.5,18.9,19.7,-999.0,19.3
113101.5,19.0,19.7,-999.0,19.3
113111.5,19.0,19.7,-999.0,19.3
113121.5,18.9,19.7,-999.0,19.3
113131.6,19.1,19.7,-999.0,19.3
113141.6,19.0,19.6,-999.0,19.2
113151.6,18.9,19.7,-999.0,19.5
113161.6,19.2,19.7,-999.0,19.3
113171.6,18.9,19.7,-999.0,19.4
113181.6,19.0,19.7,-999.0,19.3
113191.7,19.0,19.7,-999.0,19.3
113201.7,18.9,19.7,-999.0,19.4
113211.7,18.9,19.7,-999.0,19.2
113221.7,18.9,19.7,-999.0,19.3
113231.7,19.0,19.7,-999.0,19.3
113241.7,18.9,19.7,-999.0,19.3
113251.8,18.9,19.7,-999.0,19.4
113261.8,18.9,19.7,-999.0,19.3
113271.8,19.0,19.7,-999.0,19.3
113281.8,19.0,19.7,-999.0,19.3
113291.8,19.0,19.6,-999.0,19.3
113301.8,19.0,19.6,-999.0,19.3
113311.8,19.0,19.7,-999.0,19.3
113321.9,18.9,19.6,-999.0,19.4
113331.9,19.0,19.7,-999.0,19.3
113341.9,19.0,19.7,-999.0,19.5
113351.9,18.9,19.7,-999.0,19.4
113361.9,19.0,19.7,-999.0,19.3
113371.9,19.1,19.7,-999.0,19.5
113382.0,19.0,19.7,-999.0,19.3
113392.0,19.0,19.7,-999.0,19.3
113402.0,19.0,19.7,-999.0,19.3
113412.0,19.0,19.7,-999.0,19.3
113422.0,18.9,19.7,-999.0,19.3
113432.0,19.0,19.6,-999.0,19.4
113442.1,19.0,19.7,-999.0,19.3
113452.1,19.2,19.7,-999.0,19.5
113462.1,19.2,19.7,-999.0,19.3
113472.1,18.9,19.7,-999.0,19.5
113482.1,19.0,19.7,-999.0,19.3
113492.1,19.0,19.7,-999.0,19.3
113502.1,19.0,19.6,-999.0,19.3
113512.2,19.0,19.7,-999.0,19.3
113522.2,18.9,19.7,-999.0,19.4
113532.2,19.0,19.7,-999.0,19.3
113542.2,18.9,19.6,-999.0,19.2
113552.2,19.0,19.7,-999.0,19.3
113562.2,18.9,19.7,-999.0,19.4
113572.3,19.0,19.7,-999.0,19.3
113582.3,19.0,19.7,-999.0,19.3
113592.3,19.1,19.7,-999.0,19.4
113602.3,19.0,19.7,-999.0,19.3
113612.3,19.0,19.7,-999.0,19.2
113622.4,19.2,19.7,-999.0,19.3
113632.4,19.0,19.7,-999.0,19.3
113642.4,19.0,19.7,-999.0,19.3
113652.4,19.0,19.6,-999.0,19.3
113662.4,19.0,19.7,-999.0,19.3
113672.5,18.9,19.7,-999.0,19.4
113682.5,18.9,19.7,-999.0,19.5
113692.5,18.9,19.7,-999.0,19.3
113702.5,19.0,19.6,-999.0,19.2
113712.5,19.0,19.7,-999.0,19.3
113722.6,19.0,19.6,-999.0,19.3
113732.6,18.9,19.7,-999.0,19.3
113742.6,19.0,19.7,-999.0,19.3
113752.6,19.0,19.7,-999.0,19.4
113762.6,19.2,19.8,-999.0,19.5
113772.6,18.9,19.7,-999.0,19.3
113782.7,19.0,19.7,-999.0,19.3
113792.7,19.0,19.7,-999.0,19.3
113802.7,19.0,19.7,-999.0,19.3
113812.7,19.0,19.7,-999.0,19.3
113822.7,18.9,19.7,-999.0,19.3
113832.7,18.9,19.8,-999.0,19.4
113842.7,18.9,19.7,-999.0,19.3
113852.7,19.0,19.7,-999.0,19.3
113862.7,19.0,19.7,-999.0,19.5
113872.8,19.0,19.7,-999.0,19.3
113882.8,18.9,19.6,-999.0,19.3
113892.8,19.0,19.7,-999.0,19.3
113902.8,19.0,19.7,-999.0,19.2
113912.8,19.0,19.7,-999.0,19.3
113922.9,19.2,19.7,-999.0,19.5
113932.9,19.0,19.7,-999.0,19.2
113942.9,19.0,19.7,-999.0,19.2
113952.9,19.0,19.7,-999.0,19.4
113962.9,19.0,19.7,-999.0,19.3
113972.9,19.0,19.7,-999.0,19.3
113983.0,19.0,19.7,-999.0,19.2
113993.0,19.0,19.7,-999.0,19.3
114003.0,19.0,19.7,-999.0,19.5
114013.0,19.0,19.7,-999.0,19.4
114023.0,19.0,19.7,-999.0,19.3
114033.1,19.0,19.7,-999.0,19.3
114043.1,19.0,19.7,-999.0,19.3
114053.1,19.2,19.6,-999.0,19.3
114063.1,18.9,19.7,-999.0,19.5
114073.1,19.0,19.7,-999.0,19.3
114083.1,18.9,19.7,-999.0,19.5
114093.2,19.0,19.7,-999.0,19.3
114103.2,18.9,19.7,-999.0,19.3
114113.2,19.0,19.8,-999.0,19.4
114123.2,18.9,19.7,-999.0,19.2
114133.3,19.0,19.6,-999.0,19.3
114143.3,19.0,19.7,-999.0,19.2
114153.3,19.0,19.7,-999.0,19.3
114163.3,19.0,19.7,-999.0,19.3
114173.3,19.0,19.7,-999.0,19.3
114183.3,19.0,19.7,-999.0,19.3
114193.4,19.0,19.7,-999.0,19.3
114203.4,19.0,19.7,-999.0,19.3
114213.4,19.0,19.8,-999.0,19.4
114223.4,19.0,19.7,-999.0,19.3
114233.4,19.0,19.7,-999.0,19.3
114243.4,19.0,19.7,-999.0,19.3
114253.5,19.0,19.7,-999.0,19.3
114263.5,19.0,19.6,-999.0,19.3
114273.5,18.9,19.7,-999.0,19.3
114283.5,19.0,19.6,-999.0,19.3
114293.5,19.0,19.7,-999.0,19.3
114303.5,19.0,19.7,-999.0,19.3
114313.6,19.0,19.7,-999.0,19.3
114323.6,19.0,19.7,-999.0,19.3
114333.6,18.9,19.7,-999.0,19.2
114343.6,19.2,19.7,-999.0,19.3
114353.6,19.0,19.7,-999.0,19.3
114363.6,19.0,19.7,-999.0,19.5
114373.6,18.9,19.7,-999.0,19.3
114383.7,19.0,19.7,-999.0,19.2
114393.7,19.0,19.6,-999.0,19.2
114403.7,19.0,19.7,-999.0,19.4
114413.7,19.2,19.7,-999.0,19.3
114423.8,18.9,19.6,-999.0,19.3
114433.8,19.0,19.7,-999.0,19.5
114443.8,18.9,19.7,-999.0,19.3
114453.8,19.0,19.7,-999.0,19.3
114463.8,19.0,19.7,-999.0,19.3
114473.8,19.2,19.8,-999.0,19.3
114483.8,19.0,19.7,-999.0,19.5
114493.9,19.0,19.7,-999.0,19.3
114503.9,19.2,19.6,-999.0,19.3
114513.9,19.0,19.7,-999.0,19.5
114523.9,19.0,19.7,-999.0,19.3
114533.9,19.2,19.7,-999.0,19.3
114543.9,19.0,19.7,-999.0,19.3
114554.0,19.1,19.7,-999.0,19.3
114564.0,19.0,19.7,-999.0,19.3
114574.0,19.0,19.7,-999.0,19.3
114584.0,19.0,19.7,-999.0,19.3
114594.0,19.0,19.7,-999.0,19.4
114604.0,19.0,19.8,-999.0,19.3
114614.0,19.0,19.7,-999.0,19.3
114624.0,19.0,19.8,-999.0,19.5
114634.1,19.0,19.7,-999.0,19.3
114644.1,19.2,19.7,-999.0,19.2
114654.1,19.0,19.8,-999.0,19.4
114664.1,19.0,19.7,-999.0,19.3
114674.1,18.9,19.8,-999.0,19.5
114684.1,19.0,19.7,-999.0,19.3
114694.1,19.2,19.7,-999.0,19.3
114704.2,19.0,19.8,-999.0,19.5
114714.2,18.9,19.8,-999.0,19.3
114724.2,19.0,19.7,-999.0,19.3
114734.2,19.0,19.8,-999.0,19.4
114744.2,19.0,19.8,-999.0,19.3
114754.3,19.0,19.7,-999.0,19.3
114764.3,19.0,19.7,-999.0,19.3
114774.3,19.0,19.7,-999.0,19.3
114784.3,18.9,19.8,-999.0,19.5
114794.3,19.0,19.7,-999.0,19.3
114804.3,19.0,19.7,-999.0,19.3
114814.4,19.0,19.7,-999.0,19.3
114824.4,19.0,19.7,-999.0,19.3
114834.4,19.0,19.7,-999.0,19.3
114844.4,19.0,19.8,-999.0,19.5
114854.4,19.0,19.7,-999.0,19.3
114864.4,19.0,19.7,-999.0,19.3
114874.5,19.0,19.7,-999.0,19.3
114884.5,19.0,19.8,-999.0,19.3
114894.5,19.0,19.7,-999.0,19.3
114904.5,19.0,19.7,-999.0,19.3
114914.5,19.0,19.7,-999.0,19.3
114924.5,19.0,19.8,-999.0,19.5
114934.6,19.2,19.7,-999.0,19.3
114944.6,18.9,19.8,-999.0,19.4
114954.6,19.0,19.8,-999.0,19.5
114964.6,19.0,19.7,-999.0,19.3
114974.6,18.9,19.7,-999.0,19.3
114984.7,19.0,19.7,-999.0,19.3
114994.7,19.0,19.8,-999.0,19.5
115004.7,19.0,19.7,-999.0,19.3
115014.7,18.9,19.8,-999.0,19.3
115024.7,19.0,19.7,-999.0,19.3
115034.8,19.0,19.7,-999.0,19.3
115044.8,19.0,19.8,-999.0,19.3
115054.8,19.0,19.7,-999.0,19.3
115064.8,18.9,19.8,-999.0,19.4
115074.9,19.0,19.7,-999.0,19.3
115084.9,19.0,19.7,-999.0,19.3
115094.9,19.0,19.7,-999.0,19.3
115104.9,19.0,19.7,-999.0,19.3
115114.9,19.0,19.7,-999.0,19.3
115124.9,19.0,19.7,-999.0,19.3
115135.0,19.0,19.7,-999.0,19.5
115145.0,19.0,19.7,-999.0,19.3
115155.0,19.0,19.7,-999.0,19.3
115165.0,19.0,19.8,-999.0,19.5
115175.0,19.0,19.7,-999.0,19.3
115185.1,19.2,19.7,-999.0,19.3
115195.1,19.0,19.7,-999.0,19.3
115205.1,19.2,19.6,-999.0,19.3
115215.1,19.0,19.8,-999.0,19.5
115225.1,19.0,19.8,-999.0,19.5
115235.2,19.2,19.6,-999.0,19.3
115245.2,19.0,19.7,-999.0,19.4
115255.2,19.0,19.7,-999.0,19.3
115265.3,19.0,19.7,-999.0,19.5
115275.3,19.0,19.8,-999.0,19.5
115285.3,18.9,19.6,-999.0,19.3
115295.3,19.0,19.8,-999.0,19.5
115305.3,19.0,19.7,-999.0,19.3
115315.3,19.0,19.8,-999.0,19.4
115325.4,19.0,19.7,-999.0,19.3
115335.4,19.0,19.6,-999.0,19.3
115345.4,19.0,19.8,-999.0,19.4
115355.4,19.0,19.8,-999.0,19.3
115365.4,19.0,19.7,-999.0,19.3
115375.4,19.0,19.7,-999.0,19.3
115385.4,19.2,19.7,-999.0,19.3
115395.5,19.0,19.7,-999.0,19.3
115405.5,19.0,19.7,-999.0,19.3
115415.5,19.0,19.7,-999.0,19.3
115425.5,19.0,19.8,-999.0,19.3
115435.5,19.2,19.7,-999.0,19.3
115445.5,19.0,19.8,-999.0,19.3
115455.5,19.0,19.7,-999.0,19.5
115465.5,19.0,19.7,-999.0,19.3
115475.6,19.0,19.7,-999.0,19.3
115485.6,19.0,19.8,-999.0,19.5
115495.6,19.2,19.7,-999.0,19.3
115505.6,19.0,19.7,-999.0,19.3
115515.7,19.0,19.6,-999.0,19.3
115525.7,19.0,19.7,-999.0,19.4
115535.7,19.2,19.7,-999.0,19.3
115545.7,19.0,19.7,-999.0,19.3
115555.7,19.0,19.7,-999.0,19.3
115565.7,19.0,19.8,-999.0,19.5
115575.8,19.0,19.7,-999.0,19.3
115585.8,19.0,19.8,-999.0,19.3
115595.8,19.2,19.7,-999.0,19.3
115605.8,19.0,19.7,-999.0,19.3
115615.8,19.0,19.7,-999.0,19.3
115625.8,19.2,19.8,-999.0,19.3
115635.8,19.0,19.8,-999.0,19.5
115645.8,19.0,19.7,-999.0,19.3
115655.9,19.2,19.7,-999.0,19.3
115665.9,19.0,19.8,-999.0,19.3
115675.9,19.2,19.7,-999.0,19.3
115685.9,19.0,19.7,-999.0,19.3
115695.9,19.2,19.7,-999.0,19.3
115705.9,19.0,19.6,-999.0,19.3
115716.0,19.0,19.7,-999.0,19.3
115726.0,19.0,19.7,-999.0,19.3
115736.0,19.0,19.8,-999.0,19.4
115746.0,19.0,19.7,-999.0,19.3
115756.0,19.0,19.7,-999.0,19.3
115766.1,19.0,19.6,-999.0,19.3
115776.1,19.0,19.7,-999.0,19.3
115786.1,19.0,19.7,-999.0,19.3
115796.1,19.0,19.8,-999.0,19.5
115806.1,19.1,19.7,-999.0,19.3
115816.1,19.0,19.7,-999.0,19.3
115826.1,19.0,19.7,-999.0,19.3
115836.2,19.2,19.8,-999.0,19.4
115846.2,19.0,19.7,-999.0,19.3
115856.2,19.0,19.7,-999.0,19.3
115866.2,19.0,19.8,-999.0,19.5
115876.2,19.0,19.7,-999.0,19.3
115886.3,19.0,19.7,-999.0,19.3
115896.3,19.2,19.8,-999.0,19.5
115906.3,18.9,19.7,-999.0,19.3
115916.3,19.0,19.7,-999.0,19.3
115926.3,19.0,19.8,-999.0,19.3
115936.3,19.0,19.7,-999.0,19.3
115946.4,19.0,19.8,-999.0,19.3
115956.4,19.0,19.7,-999.0,19.2
115966.4,19.0,19.7,-999.0,19.3
115976.4,19.0,19.7,-999.0,19.3
115986.5,19.0,19.7,-999.0,19.5
115996.5,19.0,19.7,-999.0,19.3
116006.5,19.0,19.8,-999.0,19.4
116016.5,19.0,19.7,-999.0,19.3
116026.5,19.0,19.7,-999.0,19.3
116036.5,19.0,19.7,-999.0,19.3
116046.6,19.0,19.8,-999.0,19.5
116056.6,19.0,19.7,-999.0,19.5
116066.6,19.0,19.7,-999.0,19.3
116076.7,18.9,19.8,-999.0,19.3
116086.7,19.0,19.6,-999.0,19.3
116096.7,19.0,19.8,-999.0,19.5
116106.7,19.0,19.7,-999.0,19.3
116116.7,19.0,19.8,-999.0,19.3
116126.7,19.0,19.8,-999.0,19.5
116136.8,19.2,19.7,-999.0,19.3
116146.8,19.0,19.8,-999.0,19.5
116156.8,19.0,19.7,-999.0,19.3
116166.8,18.9,19.8,-999.0,19.5
116176.8,19.0,19.7,-999.0,19.3
116186.9,19.0,19.7,-999.0,19.3
116196.9,19.0,19.8,-999.0,19.3
116206.9,19.0,19.8,-999.0,19.3
116216.9,19.0,19.7,-999.0,19.3
116226.9,19.0,19.7,-999.0,19.3
116237.0,19.0,19.8,-999.0,19.3
116247.0,19.0,19.7,-999.0,19.3
116257.0,19.0,19.8,-999.0,19.3
116267.0,19.0,19.7,-999.0,19.6
116277.0,19.2,19.7,-999.0,19.2
116287.0,18.9,19.7,-999.0,19.3
116297.0,19.0,19.7,-999.0,19.3
116307.1,19.0,19.7,-999.0,19.3
116317.1,19.0,19.8,-999.0,19.3
116327.1,19.0,19.8,-999.0,19.3
116337.1,19.0,19.8,-999.0,19.5
116347.1,19.0,19.8,-999.0,19.3
116357.1,19.0,19.7,-999.0,19.3
116367.1,19.0,19.7,-999.0,19.3
116377.2,19.0,19.7,-999.0,19.3
116387.2,19.2,19.7,-999.0,19.3
116397.2,19.0,19.7,-999.0,19.4
116407.2,19.0,19.7,-999.0,19.3
116417.2,19.2,19.7,-999.0,19.4
116427.2,19.0,19.7,-999.0,19.3
116437.3,19.1,19.8,-999.0,19.4
116447.3,19.1,19.7,-999.0,19.3
116457.3,19.0,19.8,-999.0,19.5
116467.3,19.0,19.7,-999.0,19.3
116477.3,19.0,19.7,-999.0,19.3
116487.3,19.0,19.8,-999.0,19.5
116497.3,19.0,19.7,-999.0,19.3
116507.4,19.0,19.7,-999.0,19.3
116517.4,19.0,19.7,-999.0,19.4
116527.4,19.0,19.8,-999.0,19.3
116537.4,19.0,19.7,-999.0,19.3
116547.4,19.0,19.8,-999.0,19.5
116557.4,19.0,19.7,-999.0,19.3
116567.4,19.1,19.7,-999.0,19.3
116577.5,19.0,19.7,-999.0,19.3
116587.5,19.0,19.8,-999.0,19.4
116597.5,18.9,19.7,-999.0,19.3
116607.5,19.0,19.7,-999.0,19.3
116617.5,19.0,19.7,-999.0,19.3
116627.6,19.0,19.7,-999.0,19.3
116637.6,19.0,19.7,-999.0,19.3
116647.6,19.0,19.8,-999.0,19.4
116657.6,19.0,19.8,-999.0,19.5
116667.6,19.2,19.7,-999.0,19.3
116677.6,19.0,19.8,-999.0,19.5
116687.6,19.0,19.7,-999.0,19.3
116697.7,19.0,19.7,-999.0,19.3
116707.7,19.2,19.7,-999.0,19.3
116717.7,19.0,19.7,-999.0,19.4
116727.7,19.0,19.7,-999.0,19.3
116737.7,19.0,19.7,-999.0,19.3
116747.7,19.2,19.7,-999.0,19.3
116757.7,19.0,19.7,-999.0,19.4
116767.7,19.0,19.8,-999.0,19.3
116777.8,19.0,19.8,-999.0,19.5
116787.8,19.0,19.7,-999.0,19.3
116797.8,19.0,19.8,-999.0,19.3
116807.8,19.0,19.8,-999.0,19.3
116817.8,19.0,19.7,-999.0,19.5
116827.9,19.0,19.7,-999.0,19.3
116837.9,19.0,19.8,-999.0,19.3
116847.9,19.0,19.7,-999.0,19.3
116857.9,19.0,19.8,-999.0,19.3
116867.9,19.0,19.7,-999.0,19.3
116877.9,19.0,19.7,-999.0,19.3
116887.9,19.2,19.7,-999.0,19.3
116898.0,19.0,19.7,-999.0,19.3
116908.0,19.0,19.7,-999.0,19.3
116918.0,19.0,19.8,-999.0,19.5
116928.0,19.0,19.7,-999.0,19.3
116938.0,19.0,19.8,-999.0,19.5
116948.0,19.0,19.7,-999.0,19.3
116958.0,19.0,19.8,-999.0,19.3
116968.1,19.2,19.7,-999.0,19.3
116978.1,19.0,19.8,-999.0,19.3
116988.1,19.0,19.7,-999.0,19.3
116998.1,19.0,19.8,-999.0,19.3
117008.1,19.0,19.7,-999.0,19.3
117018.2,19.0,19.6,-999.0,19.3
117028.2,19.2,19.7,-999.0,19.3
117038.2,19.0,19.7,-999.0,19.3
117048.2,19.0,19.6,-999.0,19.3
117058.2,19.0,19.8,-999.0,19.5
117068.2,19.0,19.7,-999.0,19.3
117078.2,18.9,19.7,-999.0,19.5
117088.3,19.0,19.8,-999.0,19.4
117098.3,19.0,19.7,-999.0,19.3
117108.3,19.0,19.7,-999.0,19.3
117118.3,19.0,19.8,-999.0,19.2
117128.3,19.0,19.8,-999.0,19.3
117138.3,19.0,19.7,-999.0,19.3
117148.3,19.0,19.8,-999.0,19.5
117158.3,19.0,19.8,-999.0,19.3
117168.3,19.0,19.7,-999.0,19.3
117178.4,19.0,19.7,-999.0,19.5
117188.4,19.0,19.7,-999.0,19.3
117198.4,19.0,19.8,-999.0,19.3
117208.4,19.0,19.8,-999.0,19.5
117218.4,19.0,19.7,-999.0,19.3
117228.5,19.0,19.8,-999.0,19.5
117238.5,19.0,19.7,-999.0,19.3
117248.5,19.0,19.8,-999.0,19.5
117258.5,19.2,19.7,-999.0,19.3
117268.5,19.0,19.7,-999.0,19.3
117278.5,19.0,19.7,-999.0,19.5
117288.5,19.0,19.7,-999.0,19.5
117298.5,19.0,19.8,-999.0,19.3
117308.6,19.0,19.8,-999.0,19.5
117318.6,19.0,19.7,-999.0,19.3
117328.6,19.0,19.7,-999.0,19.3
117338.6,19.2,19.7,-999.0,19.3
117348.6,19.0,19.7,-999.0,19.3
117358.6,19.0,19.7,-999.0,19.3
117368.6,19.0,19.7,-999.0,19.3
117378.7,19.0,19.7,-999.0,19.3
117388.7,19.0,19.7,-999.0,19.3
117398.7,19.0,19.7,-999.0,19.3
117408.7,19.0,19.8,-999.0,19.5
117418.8,19.0,19.7,-999.0,19.3
117428.8,19.0,19.8,-999.0,19.5
117438.8,19.0,19.7,-999.0,19.3
117448.8,19.2,19.7,-999.0,19.3
117458.8,19.0,19.8,-999.0,19.5
117468.9,19.0,19.7,-999.0,19.3
117478.9,19.0,19.7,-999.0,19.3
117488.9,18.9,19.8,-999.0,19.5
117498.9,19.0,19.7,-999.0,19.3
117508.9,19.0,19.8,-999.0,19.5
117518.9,19.0,19.7,-999.0,19.3
117529.0,19.0,19.7,-999.0,19.3
117539.0,19.0,19.7,-999.0,19.3
117549.0,19.0,19.7,-999.0,19.3
117559.0,19.0,19.7,-999.0,19.3
117569.0,19.2,19.8,-999.0,19.3
117579.0,19.0,19.7,-999.0,19.3
117589.0,19.2,19.7,-999.0,19.3
117599.0,19.0,19.7,-999.0,19.3
117609.0,19.2,19.7,-999.0,19.3
117619.1,19.2,19.7,-999.0,19.3
117629.1,19.0,19.8,-999.0,19.3
117639.1,19.0,19.8,-999.0,19.5
117649.1,19.0,19.7,-999.0,19.3
117659.1,19.0,19.7,-999.0,19.3
117669.1,19.0,19.8,-999.0,19.5
117679.1,19.0,19.7,-999.0,19.3
117689.2,19.0,19.7,-999.0,19.2
117699.2,19.0,19.8,-999.0,19.4
117709.2,19.2,19.7,-999.0,19.3
117719.2,19.0,19.8,-999.0,19.5
117729.3,19.2,19.7,-999.0,19.3
117739.3,19.0,19.7,-999.0,19.3
117749.3,19.0,19.7,-999.0,19.3
117759.3,19.0,19.7,-999.0,19.3
117769.3,19.0,19.7,-999.0,19.3
117779.3,19.0,19.7,-999.0,19.5
117789.4,19.2,19.8,-999.0,19.3
117799.4,19.0,19.7,-999.0,19.5
117809.4,19.0,19.7,-999.0,19.3
117819.4,19.0,19.8,-999.0,19.3
117829.4,19.0,19.7,-999.0,19.3
117839.4,19.0,19.7,-999.0,19.4
117849.5,19.2,19.7,-999.0,19.3
117859.5,19.0,19.8,-999.0,19.3
117869.5,19.2,19.7,-999.0,19.3
117879.5,19.0,19.8,-999.0,19.2
117889.5,19.0,19.7,-999.0,19.5
117899.5,19.0,19.7,-999.0,19.3
117909.5,19.0,19.7,-999.0,19.3
117919.6,19.2,19.8,-999.0,19.4
117929.6,19.0,19.8,-999.0,19.5
117939.6,19.2,19.7,-999.0,19.3
117949.6,19.0,19.7,-999.0,19.3
117959.6,19.0,19.8,-999.0,19.3
117969.7,19.0,19.7,-999.0,19.5
117979.7,19.0,19.7,-999.0,19.3
117989.7,19.0,19.8,-999.0,19.5
117999.7,19.0,19.8,-999.0,19.3
118009.7,19.0,19.7,-999.0,19.3
118019.8,19.0,19.7,-999.0,19.3
118029.8,19.0,19.7,-999.0,19.3
118039.8,19.0,19.7,-999.0,19.3
118049.8,19.0,19.8,-999.0,19.3
118059.8,19.0,19.7,-999.0,19.3
118069.8,19.0,19.7,-999.0,19.3
118079.8,19.0,19.7,-999.0,19.3
118089.9,19.2,19.8,-999.0,19.3
118099.9,19.0,19.8,-999.0,19.4
118109.9,19.0,19.7,-999.0,19.3
118119.9,19.2,19.7,-999.0,19.3
118130.0,19.1,19.7,-999.0,19.3
118140.0,19.0,19.8,-999.0,19.3
118150.0,19.0,19.7,-999.0,19.3
118160.0,19.2,19.7,-999.0,19.4
118170.0,19.2,19.7,-999.0,19.3
118180.0,19.0,19.7,-999.0,19.3
118190.0,19.0,19.7,-999.0,19.3
118200.1,19.0,19.7,-999.0,19.3
118210.1,19.0,19.7,-999.0,19.3
118220.1,19.0,19.7,-999.0,19.3
118230.1,19.0,19.7,-999.0,19.3
118240.1,19.0,19.7,-999.0,19.3
118250.1,19.2,19.7,-999.0,19.3
118260.2,19.0,19.7,-999.0,19.3
118270.2,19.0,19.7,-999.0,19.3
118280.2,19.0,19.7,-999.0,19.3
118290.3,19.0,19.7,-999.0,19.3
118300.3,19.2,19.7,-999.0,19.3
118310.3,19.0,19.7,-999.0,19.3
118320.3,19.0,19.7,-999.0,19.2
118330.3,19.2,19.7,-999.0,19.3
118340.4,19.0,19.7,-999.0,19.5
118350.4,19.0,19.8,-999.0,19.5
118360.4,19.0,19.8,-999.0,19.3
118370.4,19.0,19.7,-999.0,19.3
118380.5,19.0,19.7,-999.0,19.3
118390.5,19.0,19.7,-999.0,19.3
118400.5,19.0,19.7,-999.0,19.3
118410.5,19.0,19.7,-999.0,19.3
118420.5,19.0,19.7,-999.0,19.3
118430.5,19.2,19.7,-999.0,19.4
118440.6,19.0,19.7,-999.0,19.3
118450.6,19.0,19.7,-999.0,19.3
118460.6,19.0,19.7,-999.0,19.3
118470.6,19.0,19.7,-999.0,19.3
118480.6,19.0,19.7,-999.0,19.3
118490.7,19.2,19.7,-999.0,19.3
118500.7,19.0,19.7,-999.0,19.3
118510.7,19.0,19.7,-999.0,19.3
118520.7,19.0,19.7,-999.0,19.3
118530.7,19.2,19.7,-999.0,19.4
118540.7,19.0,19.7,-999.0,19.3
118550.7,19.0,19.7,-999.0,19.3
118560.8,19.0,19.7,-999.0,19.3
118570.8,19.2,19.8,-999.0,19.3
118580.8,19.0,19.7,-999.0,19.3
118590.8,19.2,19.7,-999.0,19.3
118600.8,19.0,19.7,-999.0,19.3
118610.9,19.0,19.7,-999.0,19.3
118620.9,19.2,19.7,-999.0,19.3
118630.9,19.2,19.8,-999.0,19.3
118640.9,19.0,19.7,-999.0,19.3
118650.9,19.0,19.7,-999.0,19.3
118660.9,19.0,19.8,-999.0,19.3
118671.0,19.0,19.7,-999.0,19.3
118681.0,19.2,19.7,-999.0,19.3
118691.0,19.0,19.7,-999.0,19.3
118701.0,19.0,19.7,-999.0,19.3
118711.0,19.0,19.7,-999.0,19.4
118721.0,19.0,19.7,-999.0,19.3
118731.1,19.0,19.7,-999.0,19.3
118741.1,19.0,19.7,-999.0,19.3
118751.1,19.0,19.7,-999.0,19.3
118761.1,19.2,19.7,-999.0,19.3
118771.1,19.0,19.7,-999.0,19.3
118781.1,19.0,19.7,-999.0,19.3
118791.1,19.0,19.8,-999.0,19.5
118801.2,19.0,19.7,-999.0,19.3
118811.2,19.0,19.8,-999.0,19.3
118821.2,19.0,19.8,-999.0,19.3
118831.2,19.0,19.7,-999.0,19.3
118841.2,19.2,19.8,-999.0,19.3
118851.2,19.2,19.7,-999.0,19.3
118861.2,19.0,19.7,-999.0,19.3
118871.2,19.0,19.8,-999.0,19.5
118881.2,19.0,19.7,-999.0,19.3
118891.3,19.0,19.7,-999.0,19.4
118901.3,19.2,19.7,-999.0,19.3
118911.3,19.0,19.7,-999.0,19.3
118921.3,19.0,19.7,-999.0,19.3
118931.3,19.0,19.7,-999.0,19.3
118941.3,19.0,19.7,-999.0,19.3
118951.4,19.0,19.8,-999.0,19.5
118961.4,19.0,19.7,-999.0,19.3
118971.4,19.0,19.7,-999.0,19.3
118981.4,19.0,19.7,-999.0,19.3
118991.4,19.0,19.8,-999.0,19.5
119001.4,19.0,19.7,-999.0,19.3
119011.4,19.0,19.8,-999.0,19.5
119021.5,19.0,19.7,-999.0,19.3
119031.5,19.0,19.8,-999.0,19.5
119041.5,19.2,19.7,-999.0,19.3
119051.5,19.2,19.7,-999.0,19.5
119061.5,19.2,19.7,-999.0,19.3
119071.6,19.2,19.8,-999.0,19.5
119081.6,19.0,19.7,-999.0,19.3
119091.6,19.0,19.7,-999.0,19.3
119101.6,19.0,19.8,-999.0,19.5
119111.6,19.0,19.8,-999.0,19.5
119121.7,19.2,19.7,-999.0,19.3
119131.7,19.0,19.8,-999.0,19.5
119141.7,19.0,19.7,-999.0,19.3
119151.7,19.2,19.8,-999.0,19.3
119161.7,19.0,19.7,-999.0,19.3
119171.8,19.0,19.7,-999.0,19.3
119181.8,19.2,19.7,-999.0,19.3
119191.8,19.0,19.7,-999.0,19.3
119201.8,19.2,19.7,-999.0,19.5
119211.8,19.0,19.7,-999.0,19.3
119221.8,19.0,19.7,-999.0,19.3
119231.9,19.2,19.7,-999.0,19.4
119241.9,19.0,19.7,-999.0,19.3
119251.9,19.0,19.8,-999.0,19.4
119261.9,19.0,19.7,-999.0,19.3
119272.0,19.0,19.7,-999.0,19.3
119282.0,19.0,19.8,-999.0,19.3
119292.0,19.0,19.8,-999.0,19.4
119302.0,19.0,19.7,-999.0,19.3
119312.0,19.0,19.8,-999.0,19.3
119322.1,19.0,19.8,-999.0,19.3
119332.1,19.0,19.7,-999.0,19.3
119342.1,19.0,19.7,-999.0,19.3
119352.1,19.2,19.7,-999.0,19.3
119362.1,19.0,19.7,-999.0,19.3
119372.1,19.0,19.8,-999.0,19.4
119382.2,19.0,19.7,-999.0,19.3
119392.2,19.0,19.8,-999.0,19.5
119402.2,19.0,19.7,-999.0,19.3
119412.2,19.2,19.7,-999.0,19.3
119422.2,19.2,19.7,-999.0,19.3
119432.2,19.0,19.8,-999.0,19.3
119442.3,19.2,19.7,-999.0,19.5
119452.3,18.9,19.8,-999.0,19.5
119462.3,19.0,19.8,-999.0,19.3
119472.3,19.0,19.8,-999.0,19.5
119482.3,19.0,19.7,-999.0,19.3
119492.4,19.2,19.8,-999.0,19.5
119502.4,19.0,19.7,-999.0,19.3
119512.4,19.0,19.7,-999.0,19.3
119522.4,19.0,19.7,-999.0,19.3
119532.4,19.0,19.7,-999.0,19.3
119542.4,19.2,19.7,-999.0,19.3
119552.4,19.0,19.8,-999.0,19.3
119562.5,19.0,19.7,-999.0,19.3
119572.5,19.0,19.8,-999.0,19.4
119582.5,19.0,19.7,-999.0,19.3
119592.5,19.0,19.7,-999.0,19.3
119602.5,19.2,19.8,-999.0,19.5
119612.5,19.2,19.7,-999.0,19.4
119622.5,19.0,19.8,-999.0,19.5
119632.6,19.0,19.8,-999.0,19.3
119642.6,19.0,19.8,-999.0,19.5
119652.6,19.2,19.7,-999.0,19.3
119662.6,19.0,19.7,-999.0,19.3
119672.6,19.0,19.7,-999.0,19.3
119682.6,19.0,19.7,-999.0,19.3
119692.6,19.2,19.8,-999.0,19.3
119702.7,19.0,19.7,-999.0,19.3
119712.7,19.0,19.7,-999.0,19.3
119722.7,19.2,19.8,-999.0,19.5
119732.7,19.0,19.8,-999.0,19.5
119742.7,19.0,19.8,-999.0,19.3
119752.7,19.0,19.7,-999.0,19.3
119762.7,19.0,19.7,-999.0,19.3
119772.7,19.0,19.7,-999.0,19.3
119782.8,19.0,19.7,-999.0,19.5
119792.8,19.0,19.8,-999.0,19.3
119802.8,19.0,19.8,-999.0,19.3
119812.8,19.0,19.8,-999.0,19.5
119822.8,19.0,19.7,-999.0,19.3
119832.8,19.0,19.7,-999.0,19.3
119842.9,19.0,19.8,-999.0,19.5
119852.9,19.0,19.7,-999.0,19.3
119862.9,19.0,19.7,-999.0,19.3
119872.9,19.0,19.7,-999.0,19.3
119882.9,19.1,19.7,-999.0,19.4
119892.9,19.0,19.7,-999.0,19.3
119903.0,19.0,19.8,-999.0,19.3
119913.0,19.0,19.8,-999.0,19.3
119923.0,19.0,19.7,-999.0,19.3
119933.0,19.0,19.7,-999.0,19.5
119943.0,19.0,19.7,-999.0,19.3
119953.0,19.0,19.8,-999.0,19.5
119963.0,19.0,19.8,-999.0,19.5
119973.1,18.9,19.8,-999.0,19.5
119983.1,19.0,19.7,-999.0,19.3
119993.1,19.0,19.8,-999.0,19.5
120003.1,19.0,19.8,-999.0,19.5
120013.1,19.0,19.7,-999.0,19.3
120023.1,19.0,19.7,-999.0,19.5
120033.2,19.2,19.7,-999.0,19.3
120043.2,18.9,19.8,-999.0,19.5
120053.2,19.2,19.7,-999.0,19.3
120063.2,19.0,19.7,-999.0,19.3
120073.2,19.0,19.7,-999.0,19.3
120083.2,19.0,19.7,-999.0,19.3
120093.2,19.0,19.7,-999.0,19.3
120103.3,19.0,19.7,-999.0,19.3
120113.3,19.0,19.7,-999.0,19.3
120123.3,19.0,19.7,-999.0,19.3
120133.3,19.2,19.7,-999.0,19.3
120143.3,19.0,19.6,-999.0,19.3
120153.3,19.0,19.7,-999.0,19.5
120163.3,19.0,19.7,-999.0,19.3
120173.4,19.0,19.8,-999.0,19.5
120183.4,19.0,19.7,-999.0,19.3
120193.4,19.0,19.8,-999.0,19.3
120203.4,19.0,19.7,-999.0,19.3
120213.4,19.0,19.7,-999.0,19.3
120223.4,19.0,19.7,-999.0,19.5
120233.4,19.0,19.8,-999.0,19.5
120243.5,19.0,19.7,-999.0,19.3
120253.5,19.2,19.7,-999.0,19.3
120263.5,19.0,19.8,-999.0,19.5
120273.5,19.0,19.8,-999.0,19.5
120283.5,19.2,19.7,-999.0,19.3
120293.6,19.0,19.7,-999.0,19.3
120303.6,19.2,19.7,-999.0,19.3
120313.6,19.0,19.8,-999.0,19.5
120323.6,19.0,19.7,-999.0,19.3
120333.6,19.0,19.7,-999.0,19.3
120343.6,19.0,19.7,-999.0,19.3
120353.6,19.0,19.8,-999.0,19.5
120363.7,19.0,19.7,-999.0,19.3
120373.7,19.0,19.7,-999.0,19.3
120383.7,19.2,19.8,-999.0,19.4
120393.7,19.0,19.7,-999.0,19.3
120403.7,19.2,19.7,-999.0,19.3
120413.8,19.0,19.8,-999.0,19.3
120423.8,19.0,19.8,-999.0,19.3
120433.8,19.0,19.7,-999.0,19.3
120443.8,19.0,19.8,-999.0,19.5
120453.8,19.0,19.7,-999.0,19.5
120463.8,19.0,19.7,-999.0,19.3
120473.8,19.0,19.7,-999.0,19.3
120483.8,19.0,19.7,-999.0,19.3
120493.9,19.2,19.7,-999.0,19.3
120503.9,19.0,19.8,-999.0,19.5
120513.9,19.0,19.7,-999.0,19.3
120524.0,19.0,19.7,-999.0,19.3
120534.0,19.0,19.8,-999.0,19.3
120544.0,19.0,19.7,-999.0,19.3
120554.0,19.0,19.8,-999.0,19.5
120564.0,19.0,19.7,-999.0,19.3
120574.0,19.0,19.7,-999.0,19.5
120584.0,19.0,19.6,-999.0,19.3
120594.1,19.0,19.8,-999.0,19.3
120604.1,19.2,19.8,-999.0,19.3
120614.1,19.2,19.7,-999.0,19.3
120624.1,19.0,19.7,-999.0,19.3
120634.1,19.0,19.7,-999.0,19.3
120644.2,19.0,19.8,-999.0,19.5
120654.2,19.0,19.8,-999.0,19.3
120664.2,19.0,19.7,-999.0,19.3
120674.2,19.0,19.8,-999.0,19.3
120684.2,19.0,19.7,-999.0,19.3
120694.2,19.0,19.7,-999.0,19.3
120704.2,19.0,19.7,-999.0,19.3
120714.2,19.0,19.7,-999.0,19.3
120724.3,19.0,19.8,-999.0,19.6
120734.3,19.0,19.7,-999.0,19.3
120744.3,19.0,19.7,-999.0,19.3
120754.3,19.0,19.7,-999.0,19.3
120764.3,19.0,19.7,-999.0,19.5
120774.3,19.0,19.7,-999.0,19.3
120784.4,19.0,19.7,-999.0,19.3
120794.4,19.0,19.8,-999.0,19.5
120804.4,19.0,19.7,-999.0,19.3
120814.4,19.0,19.8,-999.0,19.5
120824.4,19.0,19.6,-999.0,19.3
120834.4,19.0,19.7,-999.0,19.3
120844.4,19.0,19.8,-999.0,19.5
120854.5,19.0,19.8,-999.0,19.3
120864.5,19.0,19.7,-999.0,19.3
120874.5,19.0,19.7,-999.0,19.3
120884.5,19.0,19.7,-999.0,19.3
120894.6,19.0,19.7,-999.0,19.3
120904.6,19.0,19.8,-999.0,19.5
120914.6,19.0,19.8,-999.0,19.5
120924.6,19.0,19.7,-999.0,19.3
120934.6,19.0,19.8,-999.0,19.3
120944.6,19.0,19.7,-999.0,19.4
120954.7,19.0,19.7,-999.0,19.3
120964.7,19.2,19.7,-999.0,19.3
120974.7,19.0,19.7,-999.0,19.4
120984.7,19.0,19.8,-999.0,19.5
120994.7,19.0,19.7,-999.0,19.3
121004.7,19.0,19.7,-999.0,19.3
121014.8,19.0,19.7,-999.0,19.3
121024.8,19.2,19.8,-999.0,19.3
121034.8,19.0,19.7,-999.0,19.3
121044.8,19.0,19.7,-999.0,19.3
121054.9,19.2,19.7,-999.0,19.5
121064.9,19.0,19.8,-999.0,19.3
121074.9,19.0,19.8,-999.0,19.3
121084.9,19.0,19.7,-999.0,19.3
121094.9,19.0,19.8,-999.0,19.3
121104.9,19.0,19.7,-999.0,19.3
121114.9,19.0,19.7,-999.0,19.3
121125.0,19.0,19.8,-999.0,19.3
121135.0,19.0,19.7,-999.0,19.3
121145.0,19.3,19.8,-999.0,19.4
121155.0,19.2,19.7,-999.0,19.3
121165.0,19.0,19.7,-999.0,19.4
121175.1,19.0,19.8,-999.0,19.3
121185.1,19.2,19.7,-999.0,19.3
121195.1,19.0,19.7,-999.0,19.3
121205.1,19.0,19.8,-999.0,19.5
121215.2,19.0,19.8,-999.0,19.5
121225.2,19.0,19.8,-999.0,19.3
121235.2,19.0,19.8,-999.0,19.4
121245.2,19.0,19.7,-999.0,19.3
121255.2,19.2,19.7,-999.0,19.3
121265.2,19.0,19.8,-999.0,19.3
121275.3,19.0,19.7,-999.0,19.3
121285.3,19.0,19.7,-999.0,19.3
121295.3,19.0,19.8,-999.0,19.5
121305.3,19.0,19.7,-999.0,19.3
121315.3,19.0,19.7,-999.0,19.3
121325.4,19.0,19.7,-999.0,19.5
121335.4,19.2,19.7,-999.0,19.3
121345.4,19.0,19.7,-999.0,19.6
121355.4,19.2,19.8,-999.0,19.3
121365.4,19.0,19.8,-999.0,19.5
121375.4,19.2,19.7,-999.0,19.3
121385.4,19.0,19.8,-999.0,19.5
121395.5,19.2,19.7,-999.0,19.3
121405.5,19.0,19.8,-999.0,19.3
121415.5,19.0,19.7,-999.0,19.3
121425.6,19.2,19.8,-999.0,19.3
121435.6,19.0,19.7,-999.0,19.3
121445.6,19.2,19.7,-999.0,19.3
121455.6,19.0,19.8,-999.0,19.3
121465.6,19.0,19.7,-999.0,19.5
121475.6,19.0,19.7,-999.0,19.3
121485.7,19.0,19.8,-999.0,19.5
121495.7,19.0,19.8,-999.0,19.3
121505.7,19.0,19.8,-999.0,19.5
121515.7,19.0,19.7,-999.0,19.3
121525.7,19.0,19.8,-999.0,19.6
121535.7,19.0,19.7,-999.0,19.3
121545.8,19.2,19.8,-999.0,19.5
121555.8,19.2,19.7,-999.0,19.3
121565.8,19.0,19.7,-999.0,19.3
121575.8,19.0,19.8,-999.0,19.3
121585.8,19.0,19.8,-999.0,19.5
121595.8,19.0,19.7,-999.0,19.3
121605.9,19.0,19.7,-999.0,19.3
121615.9,19.0,19.7,-999.0,19.3
121625.9,19.0,19.7,-999.0,19.3
121635.9,19.0,19.7,-999.0,19.3
121645.9,19.0,19.7,-999.0,19.3
121655.9,19.0,19.7,-999.0,19.3
121666.0,19.2,19.7,-999.0,19.3
121676.0,19.2,19.7,-999.0,19.3
121686.0,19.0,19.8,-999.0,19.5
121696.0,19.0,19.7,-999.0,19.3
121706.0,19.0,19.7,-999.0,19.4
121716.1,19.0,19.7,-999.0,19.3
121726.1,19.0,19.8,-999.0,19.5
121736.1,19.0,19.7,-999.0,19.3
121746.1,19.0,19.7,-999.0,19.3
121756.1,19.0,19.8,-999.0,19.5
121766.1,19.2,19.8,-999.0,19.5
121776.1,19.2,19.8,-999.0,19.3
121786.2,19.0,19.7,-999.0,19.3
121796.2,19.0,19.8,-999.0,19.5
121806.2,19.2,19.7,-999.0,19.3
121816.2,19.0,19.8,-999.0,19.5
121826.2,19.0,19.7,-999.0,19.3
121836.3,19.2,19.7,-999.0,19.3
121846.3,19.0,19.8,-999.0,19.5
121856.3,19.0,19.7,-999.0,19.3
121866.4,19.0,19.8,-999.0,19.3
121876.4,19.0,19.7,-999.0,19.3
121886.4,19.0,19.8,-999.0,19.3
121896.4,19.0,19.7,-999.0,19.3
121906.4,19.2,19.7,-999.0,19.3
121916.4,19.0,19.7,-999.0,19.3
121926.5,19.0,19.7,-999.0,19.3
121936.5,19.0,19.8,-999.0,19.5
121946.5,19.0,19.7,-999.0,19.3
121956.5,19.0,19.8,-999.0,19.4
121966.5,19.0,19.7,-999.0,19.3
121976.5,19.0,19.7,-999.0,19.3
121986.6,19.0,19.7,-999.0,19.3
121996.6,19.2,19.7,-999.0,19.5
122006.6,19.2,19.8,-999.0,19.5
122016.6,19.0,19.7,-999.0,19.3
122026.6,19.0,19.8,-999.0,19.3
122036.7,19.0,19.7,-999.0,19.3
122046.7,19.0,19.7,-999.0,19.3
122056.7,19.0,19.7,-999.0,19.3
122066.7,19.0,19.8,-999.0,19.3
122076.7,19.1,19.8,-999.0,19.5
122086.7,19.0,19.7,-999.0,19.3
122096.7,19.0,19.7,-999.0,19.3
122106.8,19.0,19.7,-999.0,19.3
122116.8,19.0,19.7,-999.0,19.3
122126.8,19.2,19.7,-999.0,19.3
122136.8,19.0,19.7,-999.0,19.3
122146.9,19.0,19.7,-999.0,19.3
122156.9,19.2,19.7,-999.0,19.3
122166.9,19.0,19.8,-999.0,19.3
122176.9,19.2,19.7,-999.0,19.3
122186.9,19.0,19.8,-999.0,19.5
122196.9,19.0,19.7,-999.0,19.3
122207.0,19.0,19.7,-999.0,19.3
122217.0,19.2,19.8,-999.0,19.6
122227.0,19.0,19.7,-999.0,19.3
122237.0,19.0,19.7,-999.0,19.3
122247.0,19.0,19.7,-999.0,19.5
122257.0,19.0,19.8,-999.0,19.5
122267.0,19.0,19.7,-999.0,19.3
122277.1,18.9,19.7,-999.0,19.3
122287.1,19.2,19.7,-999.0,19.3
122297.1,19.0,19.8,-999.0,19.3
122307.2,19.0,19.7,-999.0,19.3
122317.2,19.2,19.7,-999.0,19.3
122327.2,19.0,19.7,-999.0,19.3
122337.2,19.2,19.7,-999.0,19.4
122347.3,19.0,19.8,-999.0,19.5
122357.3,19.0,19.8,-999.0,19.5
122367.3,19.2,19.7,-999.0,19.3
122377.3,19.0,19.7,-999.0,19.3
122387.3,19.0,19.8,-999.0,19.3
122397.3,19.0,19.7,-999.0,19.3
122407.3,19.2,19.7,-999.0,19.3
122417.3,19.0,19.7,-999.0,19.3
122427.4,19.0,19.8,-999.0,19.3
122437.4,19.0,19.7,-999.0,19.3
122447.4,19.0,19.7,-999.0,19.3
122457.4,19.0,19.7,-999.0,19.3
122467.4,19.0,19.7,-999.0,19.3
122477.5,19.0,19.8,-999.0,19.6
122487.5,19.0,19.7,-999.0,19.3
122497.5,19.0,19.8,-999.0,19.5
122507.5,19.0,19.8,-999.0,19.4
122517.5,19.0,19.7,-999.0,19.3
122527.5,19.0,19.7,-999.0,19.3
122537.5,19.0,19.7,-999.0,19.3
122547.5,19.0,19.7,-999.0,19.3
122557.6,19.1,19.7,-999.0,19.4
122567.6,19.0,19.8,-999.0,19.3
122577.6,19.0,19.8,-999.0,19.3
122587.6,19.0,19.7,-999.0,19.3
122597.6,19.2,19.7,-999.0,19.5
122607.6,19.0,19.7,-999.0,19.3
122617.6,19.0,19.8,-999.0,19.5
122627.7,19.0,19.7,-999.0,19.3
122637.7,19.0,19.7,-999.0,19.3
122647.7,19.0,19.7,-999.0,19.3
122657.7,19.0,19.8,-999.0,19.5
122667.7,19.0,19.7,-999.0,19.3
122677.8,19.0,19.7,-999.0,19.3
122687.8,19.0,19.7,-999.0,19.3
122697.8,19.0,19.7,-999.0,19.3
122707.8,19.0,19.8,-999.0,19.3
122717.8,19.0,19.7,-999.0,19.5
122727.8,19.0,19.7,-999.0,19.4
122737.8,19.0,19.7,-999.0,19.3
122747.9,19.0,19.7,-999.0,19.3
122757.9,19.0,19.7,-999.0,19.3
122767.9,19.0,19.7,-999.0,19.3
122777.9,19.0,19.7,-999.0,19.3
122787.9,19.2,19.8,-999.0,19.3
122798.0,19.0,19.8,-999.0,19.5
122808.0,19.2,19.7,-999.0,19.3
122818.0,19.0,19.8,-999.0,19.5
122828.0,19.0,19.7,-999.0,19.4
122838.0,19.0,19.7,-999.0,19.3
122848.1,19.0,19.7,-999.0,19.3
122858.1,19.0,19.7,-999.0,19.3
122868.1,19.0,19.8,-999.0,19.5
122878.1,19.0,19.7,-999.0,19.3
122888.1,19.0,19.7,-999.0,19.3
122898.1,19.0,19.8,-999.0,19.5
122908.1,19.0,19.8,-999.0,19.3
122918.1,19.0,19.7,-999.0,19.3
122928.2,19.0,19.8,-999.0,19.5
122938.2,19.0,19.7,-999.0,19.3
122948.2,19.0,19.8,-999.0,19.5
122958.2,19.0,19.7,-999.0,19.3
122968.2,19.0,19.7,-999.0,19.3
122978.2,19.0,19.7,-999.0,19.3
122988.2,19.2,19.7,-999.0,19.3
122998.2,19.0,19.7,-999.0,19.3
123008.3,19.0,19.8,-999.0,19.5
123018.3,19.0,19.7,-999.0,19.3
123028.3,19.0,19.7,-999.0,19.3
123038.3,19.2,19.7,-999.0,19.3
123048.3,19.0,19.7,-999.0,19.3
123058.3,19.0,19.8,-999.0,19.3
123068.4,19.0,19.7,-999.0,19.5
123078.4,19.0,19.8,-999.0,19.3
123088.4,19.2,19.7,-999.0,19.5
123098.4,19.0,19.8,-999.0,19.5
123108.4,19.0,19.7,-999.0,19.3
123118.4,19.0,19.8,-999.0,19.5
123128.5,18.9,19.8,-999.0,19.5
123138.5,19.0,19.8,-999.0,19.3
123148.5,19.2,19.7,-999.0,19.3
123158.5,19.0,19.7,-999.0,19.3
123168.5,19.0,19.8,-999.0,19.3
123178.5,19.0,19.7,-999.0,19.3
123188.5,19.0,19.7,-999.0,19.5
123198.6,19.0,19.8,-999.0,19.5
123208.6,19.0,19.7,-999.0,19.4
123218.6,19.0,19.8,-999.0,19.3
123228.6,19.0,19.8,-999.0,19.3
123238.6,19.0,19.8,-999.0,19.5
123248.6,19.0,19.8,-999.0,19.5
123258.7,19.0,19.7,-999.0,19.3
123268.7,19.0,19.7,-999.0,19.3
123278.7,19.0,19.8,-999.0,19.5
123288.7,19.0,19.7,-999.0,19.5
123298.7,19.0,19.7,-999.0,19.4
123308.7,19.0,19.7,-999.0,19.5
123318.7,19.0,19.7,-999.0,19.4
123328.8,19.2,19.7,-999.0,19.3
123338.8,19.0,19.7,-999.0,19.3
123348.8,19.2,19.8,-999.0,19.5
123358.8,19.0,19.7,-999.0,19.3
123368.8,19.0,19.8,-999.0,19.5
123378.9,19.2,19.8,-999.0,19.3
123388.9,19.0,19.8,-999.0,19.3
123398.9,19.0,19.7,-999.0,19.3
123408.9,19.0,19.7,-999.0,19.3
123418.9,19.0,19.8,-999.0,19.3
123429.0,19.0,19.8,-999.0,19.6
123439.0,19.0,19.7,-999.0,19.3
123449.0,19.0,19.8,-999.0,19.5
123459.0,19.2,19.7,-999.0,19.3
123469.0,19.0,19.7,-999.0,19.3
123479.0,19.0,19.8,-999.0,19.3
123489.0,19.0,19.7,-999.0,19.3
123499.1,19.0,19.7,-999.0,19.5
123509.1,19.0,19.8,-999.0,19.3
123519.1,19.0,19.7,-999.0,19.3
123529.1,19.0,19.7,-999.0,19.3
123539.1,19.0,19.7,-999.0,19.3
123549.1,19.0,19.8,-999.0,19.3
123559.2,19.2,19.7,-999.0,19.3
123569.2,19.0,19.7,-999.0,19.3
123579.2,19.0,19.8,-999.0,19.3
123589.2,19.0,19.7,-999.0,19.3
123599.2,19.0,19.8,-999.0,19.3
123609.2,19.0,19.8,-999.0,19.3
123619.3,19.0,19.8,-999.0,19.3
123629.3,19.0,19.8,-999.0,19.5
123639.3,19.0,19.8,-999.0,19.3
123649.4,19.2,19.8,-999.0,19.5
123659.4,19.0,19.7,-999.0,19.3
123669.4,19.0,19.7,-999.0,19.3
123679.4,19.0,19.7,-999.0,19.3
123689.4,19.0,19.7,-999.0,19.5
123699.5,19.0,19.8,-999.0,19.5
123709.5,19.0,19.7,-999.0,19.3
123719.5,19.0,19.7,-999.0,19.3
123729.5,19.0,19.8,-999.0,19.3
123739.5,19.2,19.7,-999.0,19.3
123749.6,19.0,19.7,-999.0,19.3
123759.6,19.0,19.7,-999.0,19.3
123769.6,19.0,19.7,-999.0,19.3
123779.6,19.3,19.7,-999.0,19.3
123789.6,19.2,19.8,-999.0,19.3
123799.7,19.0,19.8,-999.0,19.5
123809.7,19.0,19.7,-999.0,19.3
123819.7,19.0,19.7,-999.0,19.3
123829.7,19.2,19.7,-999.0,19.3
123839.7,19.0,19.7,-999.0,19.3
123849.7,19.0,19.7,-999.0,19.3
123859.8,19.2,19.7,-999.0,19.3
123869.8,19.0,19.7,-999.0,19.4
123879.8,19.0,19.7,-999.0,19.3
123889.8,19.0,19.8,-999.0,19.3
123899.8,19.0,19.7,-999.0,19.5
123909.8,19.2,19.7,-999.0,19.3
123919.9,19.0,19.8,-999.0,19.5
123929.9,19.0,19.8,-999.0,19.5
123939.9,19.0,19.7,-999.0,19.3
123949.9,19.0,19.8,-999.0,19.4
123959.9,19.0,19.8,-999.0,19.3
123970.0,19.0,19.7,-999.0,19.3
123980.0,19.0,19.8,-999.0,19.5
123990.0,19.2,19.7,-999.0,19.3
124000.0,19.0,19.7,-999.0,19.3
124010.0,19.0,19.7,-999.0,19.3
124020.0,19.2,19.7,-999.0,19.5
124030.1,19.0,19.7,-999.0,19.3
124040.1,19.0,19.8,-999.0,19.6
124050.1,19.0,19.6,-999.0,19.3
124060.1,19.0,19.7,-999.0,19.3
124070.1,19.2,19.8,-999.0,19.3
124080.1,19.2,19.7,-999.0,19.3
124090.1,19.0,19.7,-999.0,19.3
124100.2,19.2,19.7,-999.0,19.3
124110.2,19.2,19.7,-999.0,19.3
124120.2,19.0,19.7,-999.0,19.3
124130.2,19.0,19.8,-999.0,19.5
124140.2,19.0,19.7,-999.0,19.4
124150.2,19.2,19.7,-999.0,19.3
124160.2,19.0,19.8,-999.0,19.3
124170.3,19.0,19.8,-999.0,19.3
124180.3,19.0,19.7,-999.0,19.3
124190.3,19.2,19.8,-999.0,19.5
124200.3,19.0,19.8,-999.0,19.3
124210.3,19.0,19.7,-999.0,19.3
124220.3,19.0,19.8,-999.0,19.3
124230.3,19.0,19.7,-999.0,19.3
124240.4,19.0,19.8,-999.0,19.3
124250.4,19.0,19.7,-999.0,19.3
124260.4,19.0,19.8,-999.0,19.5
124270.4,19.0,19.7,-999.0,19.3
124280.4,19.0,19.8,-999.0,19.3
124290.5,19.2,19.7,-999.0,19.3
124300.5,19.0,19.7,-999.0,19.3
124310.5,19.0,19.7,-999.0,19.3
124320.5,19.0,19.7,-999.0,19.3
124330.5,19.0,19.8,-999.0,19.3
124340.6,19.2,19.8,-999.0,19.5
124350.6,19.2,19.8,-999.0,19.5
124360.6,19.2,19.7,-999.0,19.3
124370.6,19.0,19.7,-999.0,19.3
124380.6,19.2,19.8,-999.0,19.3
124390.7,19.2,19.7,-999.0,19.3
124400.7,19.0,19.7,-999.0,19.3
124410.7,19.0,19.8,-999.0,19.3
124420.7,19.0,19.7,-999.0,19.3
124430.7,19.0,19.7,-999.0,19.3
124440.7,19.0,19.8,-999.0,19.3
124450.7,19.0,19.7,-999.0,19.5
124460.8,19.0,19.7,-999.0,19.3
124470.8,19.2,19.7,-999.0,19.3
124480.8,19.1,19.8,-999.0,19.4
124490.8,19.0,19.8,-999.0,19.4
124500.8,19.0,19.7,-999.0,19.3
124510.8,19.0,19.8,-999.0,19.3
124520.8,19.0,19.7,-999.0,19.3
124530.9,19.0,19.7,-999.0,19.3
124540.9,19.0,19.8,-999.0,19.5
124550.9,19.0,19.7,-999.0,19.4
124560.9,19.0,19.7,-999.0,19.3
124570.9,19.2,19.7,-999.0,19.3
124580.9,19.0,19.8,-999.0,19.3
124590.9,19.0,19.7,-999.0,19.4
124600.9,19.0,19.7,-999.0,19.3
124611.0,19.0,19.7,-999.0,19.3
124621.0,19.0,19.7,-999.0,19.3
124631.0,19.2,19.8,-999.0,19.3
124641.0,19.0,19.7,-999.0,19.3
124651.0,19.0,19.7,-999.0,19.3
124661.1,19.0,19.8,-999.0,19.3
124671.1,19.0,19.7,-999.0,19.3
124681.1,19.0,19.7,-999.0,19.3
124691.1,19.0,19.8,-999.0,19.4
124701.1,19.0,19.7,-999.0,19.3
124711.1,19.0,19.7,-999.0,19.3
124721.2,19.1,19.7,-999.0,19.3
124731.2,19.0,19.7,-999.0,19.3
124741.2,19.0,19.8,-999.0,19.6
124751.2,19.0,19.8,-999.0,19.4
124761.2,19.0,19.7,-999.0,19.3
124771.2,19.2,19.7,-999.0,19.3
124781.2,19.0,19.8,-999.0,19.5
124791.3,19.0,19.7,-999.0,19.3
124801.3,19.0,19.8,-999.0,19.5
124811.3,19.0,19.7,-999.0,19.3
124821.3,19.2,19.7,-999.0,19.3
124831.4,19.0,19.7,-999.0,19.4
124841.4,19.0,19.7,-999.0,19.3
124851.4,19.0,19.7,-999.0,19.3
124861.4,19.2,19.7,-999.0,19.3
124871.4,19.2,19.7,-999.0,19.4
124881.5,19.0,19.7,-999.0,19.5
124891.5,19.0,19.8,-999.0,19.3
124901.5,19.0,19.7,-999.0,19.3
124911.5,19.0,19.7,-999.0,19.3
124921.5,19.0,19.7,-999.0,19.3
124931.5,19.0,19.8,-999.0,19.3
124941.6,19.0,19.7,-999.0,19.3
124951.6,19.2,19.7,-999.0,19.3
124961.6,19.0,19.8,-999.0,19.3
124971.6,19.2,19.7,-999.0,19.3
124981.6,19.0,19.7,-999.0,19.3
124991.6,19.1,19.8,-999.0,19.5
125001.7,19.2,19.8,-999.0,19.5
125011.7,19.0,19.7,-999.0,19.3
125021.7,19.0,19.7,-999.0,19.3
125031.7,19.0,19.7,-999.0,19.4
125041.7,19.2,19.7,-999.0,19.3
125051.7,19.0,19.8,-999.0,19.3
125061.7,19.0,19.8,-999.0,19.5
125071.8,19.2,19.8,-999.0,19.5
125081.8,19.0,19.7,-999.0,19.3
125091.8,19.0,19.8,-999.0,19.3
125101.8,19.0,19.8,-999.0,19.5
125111.8,19.2,19.7,-999.0,19.3
125121.9,19.0,19.7,-999.0,19.3
125131.9,19.0,19.7,-999.0,19.3
125141.9,19.0,19.8,-999.0,19.5
125151.9,19.0,19.7,-999.0,19.5
125161.9,19.0,19.7,-999.0,19.4
125171.9,19.0,19.7,-999.0,19.5
125181.9,19.0,19.7,-999.0,19.3
125192.0,19.0,19.7,-999.0,19.3
125202.0,19.0,19.8,-999.0,19.4
125212.0,19.0,19.7,-999.0,19.3
125222.0,19.2,19.8,-999.0,19.3
125232.0,19.0,19.7,-999.0,19.3
125242.0,19.0,19.8,-999.0,19.5
125252.0,19.0,19.7,-999.0,19.3
125262.1,19.0,19.7,-999.0,19.3
125272.1,19.0,19.7,-999.0,19.3
125282.1,19.0,19.8,-999.0,19.3
125292.1,19.0,19.7,-999.0,19.3
125302.1,19.0,19.7,-999.0,19.3
125312.1,19.0,19.7,-999.0,19.3
125322.1,19.0,19.7,-999.0,19.3
125332.2,19.2,19.7,-999.0,19.3
125342.2,19.0,19.8,-999.0,19.5
125352.2,19.0,19.7,-999.0,19.3
125362.2,19.0,19.8,-999.0,19.3
125372.2,19.0,19.8,-999.0,19.3
125382.2,19.0,19.8,-999.0,19.3
125392.2,19.0,19.7,-999.0,19.3
125402.3,19.0,19.8,-999.0,19.5
125412.3,19.0,19.8,-999.0,19.5
125422.3,19.2,19.8,-999.0,19.3
125432.3,19.0,19.8,-999.0,19.3
125442.3,19.0,19.8,-999.0,19.3
125452.3,19.0,19.7,-999.0,19.3
125462.4,19.0,19.7,-999.0,19.4
125472.4,19.0,19.8,-999.0,19.5
125482.4,19.0,19.7,-999.0,19.3
125492.4,19.0,19.7,-999.0,19.3
125502.4,19.0,19.8,-999.0,19.3
125512.4,19.0,19.7,-999.0,19.3
125522.4,19.0,19.8,-999.0,19.3
125532.4,19.0,19.8,-999.0,19.3
125542.4,19.0,19.8,-999.0,19.5
125552.5,19.0,19.8,-999.0,19.6
125562.5,19.0,19.7,-999.0,19.3
125572.5,19.0,19.7,-999.0,19.3
125582.5,19.0,19.8,-999.0,19.3
125592.5,19.0,19.8,-999.0,19.3
125602.5,19.0,19.8,-999.0,19.5
125612.5,19.0,19.7,-999.0,19.3
125622.6,19.0,19.7,-999.0,19.3
125632.6,19.2,19.8,-999.0,19.5
125642.6,19.0,19.7,-999.0,19.3
125652.6,19.0,19.7,-999.0,19.3
125662.6,19.0,19.7,-999.0,19.3
125672.6,19.0,19.8,-999.0,19.5
125682.6,19.2,19.7,-999.0,19.3
125692.7,19.0,19.8,-999.0,19.3
125702.7,19.1,19.8,-999.0,19.5
125712.7,19.2,19.8,-999.0,19.5
125722.7,19.0,19.7,-999.0,19.3
125732.7,19.0,19.8,-999.0,19.5
125742.7,19.2,19.7,-999.0,19.3
125752.8,19.0,19.8,-999.0,19.3
125762.8,19.2,19.7,-999.0,19.3
125772.8,19.0,19.7,-999.0,19.3
125782.8,19.0,19.7,-999.0,19.3
125792.8,19.2,19.7,-999.0,19.3
125802.8,19.0,19.8,-999.0,19.3
125812.9,19.2,19.7,-999.0,19.3
125822.9,19.1,19.8,-999.0,19.3
125832.9,19.0,19.8,-999.0,19.5
125842.9,19.0,19.8,-999.0,19.3
125852.9,19.2,19.8,-999.0,19.5
125862.9,19.2,19.7,-999.0,19.3
125873.0,19.0,19.7,-999.0,19.5
125883.0,19.0,19.8,-999.0,19.5
125893.0,19.2,19.7,-999.0,19.3
125903.0,19.0,19.7,-999.0,19.4
125913.0,19.1,19.8,-999.0,19.3
125923.1,19.0,19.7,-999.0,19.3
125933.1,19.0,19.8,-999.0,19.3
125943.1,19.0,19.8,-999.0,19.3
125953.1,19.2,19.7,-999.0,19.3
125963.1,19.2,19.7,-999.0,19.4
125973.1,19.2,19.7,-999.0,19.3
125983.1,19.0,19.7,-999.0,19.5
125993.2,19.2,19.7,-999.0,19.3
126003.2,19.0,19.7,-999.0,19.4
126013.2,19.0,19.7,-999.0,19.3
126023.2,19.1,19.8,-999.0,19.4
126033.2,19.0,19.8,-999.0,19.3
126043.3,19.0,19.7,-999.0,19.3
126053.3,19.0,19.7,-999.0,19.5
126063.3,19.0,19.7,-999.0,19.4
126073.3,19.0,19.7,-999.0,19.6
126083.3,19.0,19.7,-999.0,19.3
126093.3,19.0,19.7,-999.0,19.3
126103.4,19.3,19.8,-999.0,19.4
126113.4,19.0,19.7,-999.0,19.3
126123.4,19.0,19.7,-999.0,19.3
126133.4,19.0,19.7,-999.0,19.3
126143.4,19.0,19.7,-999.0,19.4
126153.4,19.2,19.7,-999.0,19.4
126163.5,19.0,19.8,-999.0,19.5
126173.5,19.0,19.8,-999.0,19.5
126183.5,19.0,19.8,-999.0,19.3
126193.5,19.0,19.7,-999.0,19.3
126203.5,19.0,19.8,-999.0,19.5
126213.5,19.2,19.7,-999.0,19.3
126223.5,19.0,19.7,-999.0,19.3
126233.6,19.2,19.8,-999.0,19.3
126243.6,19.2,19.8,-999.0,19.3
126253.6,19.2,19.7,-999.0,19.5
126263.6,19.0,19.7,-999.0,19.3
126273.6,19.0,19.7,-999.0,19.5
126283.6,19.0,19.7,-999.0,19.3
126293.7,19.0,19.8,-999.0,19.3
126303.7,19.1,19.8,-999.0,19.4
126313.7,19.2,19.7,-999.0,19.3
126323.8,19.0,19.7,-999.0,19.3
126333.8,19.0,19.8,-999.0,19.3
126343.8,19.2,19.7,-999.0,19.4
126353.8,19.0,19.7,-999.0,19.3
126363.8,19.0,19.7,-999.0,19.6
126373.9,19.0,19.8,-999.0,19.4
126383.9,19.0,19.8,-999.0,19.5
126393.9,19.2,19.8,-999.0,19.4
126403.9,19.0,19.7,-999.0,19.3
126413.9,19.0,19.7,-999.0,19.3
126423.9,19.2,19.8,-999.0,19.3
126434.0,19.0,19.8,-999.0,19.5
126444.0,19.0,19.8,-999.0,19.3
126454.0,19.0,19.8,-999.0,19.5
126464.0,19.0,19.8,-999.0,19.6
126474.0,19.0,19.7,-999.0,19.3
126484.1,19.2,19.8,-999.0,19.3
126494.1,19.0,19.7,-999.0,19.3
126504.1,19.0,19.7,-999.0,19.3
126514.1,19.0,19.8,-999.0,19.5
126524.1,19.0,19.8,-999.0,19.5
126534.1,19.2,19.7,-999.0,19.3
126544.1,19.0,19.8,-999.0,19.5
126554.2,19.0,19.7,-999.0,19.3
126564.2,19.0,19.8,-999.0,19.3
126574.2,19.0,19.7,-999.0,19.3
126584.2,19.0,19.8,-999.0,19.3
126594.3,19.3,19.8,-999.0,19.4
126604.3,19.0,19.7,-999.0,19.3
126614.3,19.0,19.7,-999.0,19.3
126624.3,19.0,19.7,-999.0,19.3
126634.3,19.0,19.8,-999.0,19.5
126644.3,19.0,19.7,-999.0,19.3
126654.4,19.0,19.8,-999.0,19.3
126664.4,19.0,19.7,-999.0,19.3
126674.4,19.2,19.8,-999.0,19.3
126684.4,19.0,19.7,-999.0,19.3
126694.4,19.0,19.7,-999.0,19.3
126704.4,19.2,19.7,-999.0,19.3
126714.5,19.0,19.8,-999.0,19.5
126724.5,19.2,19.7,-999.0,19.3
126734.5,19.0,19.7,-999.0,19.6
126744.5,19.0,19.7,-999.0,19.3
126754.5,19.2,19.7,-999.0,19.3
126764.5,19.0,19.8,-999.0,19.3
126774.6,19.0,19.7,-999.0,19.3
126784.6,19.0,19.8,-999.0,19.4
126794.6,19.2,19.7,-999.0,19.5
126804.6,19.0,19.7,-999.0,19.3
126814.6,19.0,19.7,-999.0,19.3
126824.6,19.0,19.8,-999.0,19.3
126834.7,19.0,19.8,-999.0,19.3
126844.7,19.2,19.8,-999.0,19.3
126854.7,19.0,19.8,-999.0,19.5
126864.7,19.2,19.8,-999.0,19.4
126874.7,19.0,19.7,-999.0,19.3
126884.8,19.0,19.8,-999.0,19.5
126894.8,19.2,19.7,-999.0,19.3
126904.8,19.0,19.7,-999.0,19.3
126914.8,19.0,19.7,-999.0,19.3
126924.9,19.0,19.8,-999.0,19.3
126934.9,19.0,19.7,-999.0,19.3
126944.9,19.1,19.8,-999.0,19.3
126954.9,19.0,19.8,-999.0,19.3
126964.9,19.2,19.8,-999.0,19.5
126974.9,19.0,19.8,-999.0,19.5
126984.9,19.2,19.7,-999.0,19.3
126994.9,19.0,19.7,-999.0,19.3
127005.0,19.2,19.7,-999.0,19.3
127015.0,19.0,19.7,-999.0,19.3
127025.0,19.0,19.7,-999.0,19.3
127035.0,19.0,19.7,-999.0,19.3
127045.0,19.0,19.8,-999.0,19.3
127055.0,19.3,19.8,-999.0,19.4
127065.0,19.0,19.8,-999.0,19.5
127075.1,19.0,19.8,-999.0,19.3
127085.1,19.0,19.8,-999.0,19.5
127095.1,19.2,19.8,-999.0,19.3
127105.1,19.2,19.7,-999.0,19.3
127115.1,19.1,19.8,-999.0,19.4
127125.2,19.0,19.7,-999.0,19.3
127135.2,19.0,19.8,-999.0,19.3
127145.2,19.2,19.7,-999.0,19.3
127155.2,19.0,19.7,-999.0,19.3
127165.2,19.0,19.7,-999.0,19.3
127175.2,19.0,19.7,-999.0,19.5
127185.3,19.0,19.8,-999.0,19.5
127195.3,19.2,19.8,-999.0,19.3
127205.3,19.2,19.8,-999.0,19.3
127215.3,19.0,19.8,-999.0,19.3
127225.3,19.0,19.7,-999.0,19.3
127235.3,19.2,19.7,-999.0,19.3
127245.4,19.0,19.7,-999.0,19.3
127255.4,19.0,19.7,-999.0,19.3
127265.4,19.0,19.7,-999.0,19.3
127275.4,19.0,19.8,-999.0,19.3
127285.4,19.0,19.8,-999.0,19.3
127295.5,19.0,19.8,-999.0,19.5
127305.5,19.1,19.7,-999.0,19.3
127315.5,19.0,19.8,-999.0,19.3
127325.5,19.0,19.7,-999.0,19.5
127335.5,19.2,19.8,-999.0,19.3
127345.5,19.0,19.8,-999.0,19.5
127355.5,19.0,19.7,-999.0,19.3
127365.5,19.0,19.8,-999.0,19.5
127375.6,19.0,19.7,-999.0,19.3
127385.6,19.0,19.8,-999.0,19.3
127395.6,19.1,19.7,-999.0,19.4
127405.6,19.2,19.7,-999.0,19.3
127415.6,19.0,19.7,-999.0,19.5
127425.6,19.2,19.7,-999.0,19.3
127435.7,19.0,19.7,-999.0,19.6
127445.7,19.2,19.8,-999.0,19.3
127455.7,19.0,19.8,-999.0,19.5
127465.7,19.0,19.8,-999.0,19.3
127475.7,19.0,19.7,-999.0,19.3
127485.8,19.0,19.8,-999.0,19.5
127495.8,19.2,19.8,-999.0,19.3
127505.8,19.0,19.8,-999.0,19.4
127515.8,19.2,19.7,-999.0,19.3
127525.8,19.0,19.8,-999.0,19.5
127535.9,19.0,19.8,-999.0,19.3
127545.9,19.0,19.7,-999.0,19.3
127555.9,19.0,19.7,-999.0,19.3
127565.9,19.0,19.7,-999.0,19.3
127575.9,19.2,19.8,-999.0,19.3
127585.9,19.0,19.8,-999.0,19.3
127595.9,19.0,19.8,-999.0,19.5
127606.0,19.0,19.8,-999.0,19.4
127616.0,19.0,19.8,-999.0,19.3
127626.0,19.0,19.8,-999.0,19.4
127636.0,19.0,19.7,-999.0,19.3
127646.0,19.0,19.7,-999.0,19.3
127656.0,19.2,19.7,-999.0,19.3
127666.0,19.0,19.7,-999.0,19.3
127676.1,19.0,19.8,-999.0,19.3
127686.1,19.0,19.8,-999.0,19.6
127696.1,19.0,19.7,-999.0,19.3
127706.1,19.0,19.8,-999.0,19.5
127716.1,19.0,19.8,-999.0,19.4
127726.2,19.2,19.7,-999.0,19.3
127736.2,19.0,19.7,-999.0,19.3
127746.2,19.0,19.8,-999.0,19.3
127756.2,19.0,19.7,-999.0,19.3
127766.2,19.0,19.8,-999.0,19.5
127776.2,19.0,19.7,-999.0,19.3
127786.2,19.0,19.8,-999.0,19.3
127796.2,19.0,19.8,-999.0,19.3
127806.3,19.0,19.8,-999.0,19.6
127816.3,19.0,19.8,-999.0,19.3
127826.3,19.0,19.7,-999.0,19.3
127836.3,19.0,19.8,-999.0,19.5
127846.3,19.0,19.7,-999.0,19.3
127856.3,19.0,19.8,-999.0,19.3
127866.4,19.2,19.7,-999.0,19.3
127876.4,19.0,19.7,-999.0,19.3
127886.4,19.0,19.7,-999.0,19.5
127896.4,19.0,19.8,-999.0,19.5
127906.4,19.0,19.7,-999.0,19.3
127916.5,19.2,19.8,-999.0,19.5
127926.5,19.2,19.7,-999.0,19.3
127936.5,19.0,19.8,-999.0,19.5
127946.5,19.2,19.8,-999.0,19.3
127956.5,19.2,19.8,-999.0,19.3
127966.5,19.0,19.7,-999.0,19.4
127976.6,19.0,19.7,-999.0,19.4
127986.6,19.0,19.7,-999.0,19.3
127996.6,19.0,19.8,-999.0,19.3
128006.6,19.0,19.7,-999.0,19.3
128016.6,19.2,19.8,-999.0,19.5
128026.7,19.2,19.7,-999.0,19.3
128036.7,19.0,19.8,-999.0,19.3
128046.7,19.0,19.7,-999.0,19.5
128056.7,19.0,19.8,-999.0,19.5
128066.7,19.2,19.8,-999.0,19.5
128076.8,19.0,19.7,-999.0,19.3
128086.8,19.0,19.7,-999.0,19.3
128096.8,19.0,19.7,-999.0,19.3
128106.8,19.2,19.8,-999.0,19.3
128116.8,19.2,19.7,-999.0,19.3
128126.8,19.0,19.7,-999.0,19.5
128136.8,19.0,19.7,-999.0,19.4
128146.8,19.2,19.8,-999.0,19.5
128156.8,19.0,19.8,-999.0,19.3
128166.9,19.0,19.7,-999.0,19.3
128176.9,19.0,19.7,-999.0,19.3
128186.9,19.1,19.8,-999.0,19.5
128196.9,19.0,19.7,-999.0,19.3
128206.9,19.0,19.8,-999.0,19.3
128217.0,19.0,19.7,-999.0,19.3
128227.0,19.0,19.7,-999.0,19.3
128237.0,19.2,19.7,-999.0,19.3
128247.0,19.0,19.8,-999.0,19.3
128257.0,19.0,19.8,-999.0,19.5
128267.0,19.0,19.8,-999.0,19.3
128277.0,19.0,19.7,-999.0,19.3
128287.1,19.0,19.7,-999.0,19.3
128297.1,19.0,19.7,-999.0,19.3
128307.1,19.2,19.7,-999.0,19.3
128317.1,19.0,19.8,-999.0,19.5
128327.1,19.0,19.8,-999.0,19.3
128337.2,19.0,19.8,-999.0,19.3
128347.2,19.0,19.8,-999.0,19.5
128357.2,19.0,19.8,-999.0,19.3
128367.2,19.0,19.7,-999.0,19.3
128377.2,19.0,19.7,-999.0,19.3
128387.2,19.2,19.7,-999.0,19.3
128397.2,19.0,19.7,-999.0,19.3
128407.3,19.0,19.8,-999.0,19.5
128417.3,19.0,19.7,-999.0,19.3
128427.3,19.0,19.8,-999.0,19.5
128437.3,19.0,19.8,-999.0,19.3
128447.3,19.0,19.7,-999.0,19.3
128457.3,19.0,19.7,-999.0,19.3
128467.3,19.0,19.7,-999.0,19.3
128477.3,19.0,19.7,-999.0,19.3
128487.4,19.0,19.8,-999.0,19.6
128497.4,19.2,19.7,-999.0,19.4
128507.4,19.0,19.7,-999.0,19.3
128517.4,19.0,19.8,-999.0,19.5
128527.4,19.0,19.8,-999.0,19.6
128537.5,19.2,19.7,-999.0,19.3
128547.5,19.0,19.7,-999.0,19.3
128557.5,19.0,19.8,-999.0,19.5
128567.5,19.0,19.7,-999.0,19.5
128577.5,19.2,19.7,-999.0,19.3
128587.5,19.0,19.7,-999.0,19.3
128597.5,19.2,19.8,-999.0,19.4
128607.6,19.0,19.7,-999.0,19.3
128617.6,19.0,19.8,-999.0,19.5
128627.6,19.0,19.7,-999.0,19.4
128637.6,19.0,19.7,-999.0,19.4
128647.6,19.0,19.8,-999.0,19.3
128657.7,19.0,19.8,-999.0,19.3
128667.7,19.0,19.7,-999.0,19.6
128677.7,19.0,19.8,-999.0,19.5
128687.7,19.2,19.7,-999.0,19.3
128697.7,19.0,19.8,-999.0,19.5
128707.8,19.0,19.7,-999.0,19.3
128717.8,19.0,19.8,-999.0,19.3
128727.8,19.0,19.7,-999.0,19.6
128737.8,19.0,19.8,-999.0,19.5
128747.8,19.0,19.7,-999.0,19.3
128757.8,19.0,19.8,-999.0,19.5
128767.8,19.0,19.8,-999.0,19.3
128777.9,19.2,19.7,-999.0,19.3
128787.9,19.0,19.8,-999.0,19.5
128797.9,19.0,19.7,-999.0,19.3
128807.9,19.0,19.8,-999.0,19.3
128817.9,19.0,19.8,-999.0,19.5
128827.9,19.0,19.8,-999.0,19.3
128837.9,19.0,19.8,-999.0,19.5
128848.0,19.2,19.7,-999.0,19.3
128858.0,19.0,19.8,-999.0,19.3
128868.0,19.0,19.7,-999.0,19.3
128878.0,19.2,19.7,-999.0,19.3
128888.0,19.2,19.8,-999.0,19.5
128898.1,19.2,19.8,-999.0,19.3
128908.1,19.0,19.8,-999.0,19.3
128918.1,19.0,19.8,-999.0,19.5
128928.1,19.0,19.7,-999.0,19.3
128938.1,19.2,19.7,-999.0,19.4
128948.1,19.3,19.7,-999.0,19.4
128958.1,19.2,19.7,-999.0,19.3
128968.2,19.0,19.7,-999.0,19.3
128978.2,19.0,19.8,-999.0,19.3
128988.2,19.0,19.8,-999.0,19.3
128998.2,19.2,19.7,-999.0,19.3
129008.2,19.2,19.7,-999.0,19.4
129018.3,19.0,19.8,-999.0,19.5
129028.3,19.0,19.7,-999.0,19.3
129038.3,19.0,19.8,-999.0,19.5
129048.3,19.0,19.7,-999.0,19.3
129058.3,19.0,19.8,-999.0,19.5
129068.3,19.0,19.7,-999.0,19.3
129078.4,19.0,19.8,-999.0,19.5
129088.4,19.2,19.7,-999.0,19.3
129098.4,19.2,19.7,-999.0,19.3
129108.5,19.0,19.8,-999.0,19.5
129118.5,19.2,19.7,-999.0,19.3
129128.5,19.0,19.8,-999.0,19.5
129138.5,19.2,19.7,-999.0,19.3
129148.5,19.0,19.7,-999.0,19.3
129158.5,19.0,19.7,-999.0,19.3
129168.5,19.0,19.8,-999.0,19.6
129178.6,19.0,19.7,-999.0,19.3
129188.6,19.0,19.8,-999.0,19.5
129198.6,19.0,19.7,-999.0,19.4
129208.6,19.0,19.8,-999.0,19.3
129218.6,19.2,19.8,-999.0,19.3
129228.6,19.0,19.7,-999.0,19.3
129238.7,19.0,19.7,-999.0,19.3
129248.7,19.0,19.7,-999.0,19.3
129258.7,19.0,19.7,-999.0,19.5
129268.7,19.0,19.8,-999.0,19.3
129278.7,19.0,19.7,-999.0,19.3
129288.8,19.0,19.8,-999.0,19.3
129298.8,19.0,19.7,-999.0,19.3
129308.8,19.0,19.7,-999.0,19.3
129318.8,19.0,19.8,-999.0,19.3
129328.8,19.0,19.8,-999.0,19.3
129338.8,19.0,19.8,-999.0,19.6
129348.8,19.0,19.7,-999.0,19.3
129358.8,19.0,19.7,-999.0,19.3
129368.9,19.0,19.8,-999.0,19.3
129378.9,19.0,19.7,-999.0,19.3
129388.9,19.2,19.8,-999.0,19.5
129398.9,19.0,19.7,-999.0,19.3
129408.9,19.0,19.8,-999.0,19.4
129419.0,19.0,19.8,-999.0,19.3
129429.0,19.0,19.8,-999.0,19.3
129439.0,19.2,19.8,-999.0,19.4
129449.0,19.0,19.7,-999.0,19.3
129459.0,19.0,19.8,-999.0,19.5
129469.0,19.0,19.7,-999.0,19.5
129479.1,19.2,19.8,-999.0,19.3
129489.1,19.0,19.7,-999.0,19.3
129499.1,19.0,19.8,-999.0,19.6
129509.1,19.2,19.7,-999.0,19.3
129519.1,19.2,19.8,-999.0,19.6
129529.1,19.0,19.7,-999.0,19.3
129539.2,19.0,19.7,-999.0,19.3
129549.2,19.0,19.8,-999.0,19.5
129559.2,19.0,19.7,-999.0,19.3
129569.2,19.2,19.8,-999.0,19.3
129579.2,19.0,19.7,-999.0,19.3
129589.2,19.2,19.8,-999.0,19.3
129599.2,19.0,19.7,-999.0,19.3
129609.3,19.2,19.8,-999.0,19.6
129619.3,19.2,19.8,-999.0,19.5
129629.3,19.0,19.7,-999.0,19.3
129639.3,19.0,19.7,-999.0,19.3
129649.3,19.0,19.8,-999.0,19.3
129659.3,19.0,19.8,-999.0,19.6
129669.3,19.2,19.7,-999.0,19.3
129679.3,19.2,19.8,-999.0,19.3
129689.4,19.2,19.7,-999.0,19.6
129699.4,19.0,19.8,-999.0,19.3
129709.4,19.0,19.7,-999.0,19.3
129719.4,19.2,19.8,-999.0,19.5
129729.4,19.0,19.7,-999.0,19.3
129739.4,19.0,19.8,-999.0,19.4
129749.5,19.0,19.7,-999.0,19.3
129759.5,19.0,19.7,-999.0,19.4
129769.5,19.2,19.8,-999.0,19.3
129779.5,19.0,19.7,-999.0,19.3
129789.5,19.2,19.7,-999.0,19.3
129799.6,19.0,19.7,-999.0,19.6
129809.6,19.2,19.8,-999.0,19.5
129819.6,19.0,19.7,-999.0,19.3
129829.6,19.0,19.8,-999.0,19.3
129839.6,19.0,19.8,-999.0,19.4
129849.7,19.2,19.7,-999.0,19.3
129859.7,19.0,19.8,-999.0,19.5
129869.7,19.0,19.7,-999.0,19.3
129879.7,19.0,19.8,-999.0,19.3
129889.7,19.0,19.8,-999.0,19.5
129899.8,19.0,19.7,-999.0,19.4
129909.8,19.0,19.8,-999.0,19.3
129919.8,19.0,19.7,-999.0,19.3
129929.8,19.0,19.7,-999.0,19.3
129939.8,19.0,19.7,-999.0,19.3
129949.9,19.0,19.7,-999.0,19.3
129959.9,19.0,19.7,-999.0,19.5
129969.9,19.0,19.7,-999.0,19.3
129979.9,19.0,19.8,-999.0,19.5
129989.9,19.2,19.8,-999.0,19.3
129999.9,19.0,19.7,-999.0,19.3
130010.0,19.0,19.8,-999.0,19.3
130020.0,19.0,19.7,-999.0,19.3
130030.0,19.0,19.7,-999.0,19.3
130040.0,19.0,19.7,-999.0,19.4
130050.0,19.0,19.8,-999.0,19.4
130060.0,19.0,19.7,-999.0,19.3
130070.0,19.0,19.7,-999.0,19.3
130080.0,19.0,19.8,-999.0,19.3
130090.1,19.0,19.8,-999.0,19.3
130100.1,19.0,19.7,-999.0,19.3
130110.1,19.0,19.7,-999.0,19.3
130120.1,19.2,19.7,-999.0,19.3
130130.1,19.3,19.8,-999.0,19.4
130140.2,19.0,19.7,-999.0,19.3
130150.2,19.0,19.7,-999.0,19.3
130160.2,19.0,19.8,-999.0,19.5
130170.2,19.0,19.7,-999.0,19.3
130180.2,19.0,19.7,-999.0,19.3
130190.2,19.0,19.7,-999.0,19.4
130200.3,19.0,19.7,-999.0,19.3
130210.3,19.2,19.7,-999.0,19.3
130220.3,19.2,19.7,-999.0,19.4
130230.3,19.0,19.7,-999.0,19.3
130240.3,19.2,19.7,-999.0,19.4
130250.3,19.2,19.8,-999.0,19.6
130260.3,19.2,19.7,-999.0,19.3
130270.4,19.0,19.8,-999.0,19.3
130280.4,19.0,19.7,-999.0,19.3
130290.4,19.0,19.8,-999.0,19.5
130300.4,19.0,19.7,-999.0,19.3
130310.4,19.0,19.7,-999.0,19.3
130320.4,19.1,19.7,-999.0,19.3
130330.4,19.0,19.7,-999.0,19.4
130340.5,19.0,19.8,-999.0,19.3
130350.5,19.0,19.7,-999.0,19.5
130360.5,19.2,19.7,-999.0,19.4
130370.5,19.2,19.7,-999.0,19.3
130380.5,19.0,19.8,-999.0,19.5
130390.6,19.0,19.7,-999.0,19.3
130400.6,19.0,19.7,-999.0,19.5
130410.6,19.2,19.7,-999.0,19.3
130420.6,19.0,19.7,-999.0,19.3
130430.6,19.0,19.7,-999.0,19.3
130440.7,19.0,19.8,-999.0,19.3
130450.7,19.0,19.8,-999.0,19.5
130460.7,19.0,19.8,-999.0,19.3
130470.7,19.0,19.7,-999.0,19.3
130480.7,19.2,19.7,-999.0,19.3
130490.7,19.0,19.7,-999.0,19.3
130500.7,19.0,19.7,-999.0,19.3
130510.7,19.1,19.7,-999.0,19.3
130520.7,19.0,19.7,-999.0,19.3
130530.8,19.0,19.7,-999.0,19.5
130540.8,19.0,19.7,-999.0,19.3
130550.8,19.0,19.8,-999.0,19.5
130560.9,19.0,19.8,-999.0,19.3
130570.9,19.0,19.7,-999.0,19.4
130580.9,19.2,19.8,-999.0,19.4
130590.9,19.2,19.7,-999.0,19.3
130600.9,19.0,19.7,-999.0,19.3
130610.9,19.0,19.7,-999.0,19.3
130620.9,19.1,19.7,-999.0,19.3
130630.9,19.0,19.7,-999.0,19.4
130641.0,19.0,19.8,-999.0,19.5
130651.0,19.0,19.7,-999.0,19.3
130661.0,19.0,19.7,-999.0,19.4
130671.0,19.0,19.8,-999.0,19.3
130681.0,19.0,19.7,-999.0,19.3
130691.0,19.0,19.7,-999.0,19.3
130701.0,19.0,19.7,-999.0,19.3
130711.1,19.2,19.8,-999.0,19.3
130721.1,19.0,19.7,-999.0,19.5
130731.1,19.2,19.7,-999.0,19.4
130741.1,19.2,19.7,-999.0,19.3
130751.1,19.0,19.8,-999.0,19.4
130761.1,19.0,19.8,-999.0,19.3
130771.2,19.0,19.7,-999.0,19.3
130781.2,19.0,19.7,-999.0,19.3
130791.2,19.0,19.8,-999.0,19.5
130801.2,19.0,19.7,-999.0,19.3
130811.2,19.0,19.7,-999.0,19.3
130821.3,19.0,19.7,-999.0,19.3
130831.3,19.0,19.7,-999.0,19.5
130841.3,19.0,19.8,-999.0,19.5
130851.3,19.0,19.8,-999.0,19.3
130861.4,19.0,19.7,-999.0,19.3
130871.4,19.0,19.7,-999.0,19.3
130881.4,19.0,19.8,-999.0,19.3
130891.4,19.2,19.7,-999.0,19.4
130901.4,19.2,19.7,-999.0,19.5
130911.5,19.2,19.8,-999.0,19.5
130921.5,19.0,19.8,-999.0,19.4
130931.5,19.0,19.7,-999.0,19.3
130941.5,19.0,19.7,-999.0,19.3
130951.5,19.1,19.8,-999.0,19.3
130961.5,19.0,19.8,-999.0,19.4
130971.5,19.2,19.8,-999.0,19.5
130981.6,19.0,19.7,-999.0,19.3
130991.6,19.0,19.8,-999.0,19.3
131001.6,19.0,19.7,-999.0,19.3
131011.6,19.0,19.7,-999.0,19.3
131021.6,19.0,19.8,-999.0,19.5
131031.6,19.0,19.7,-999.0,19.3
131041.6,19.0,19.8,-999.0,19.5
131051.7,19.0,19.7,-999.0,19.3
131061.7,19.0,19.8,-999.0,19.5
131071.7,19.0,19.7,-999.0,19.3
131081.7,19.0,19.8,-999.0,19.5
131091.8,19.0,19.7,-999.0,19.3
131101.8,19.0,19.8,-999.0,19.5
131111.8,19.2,19.7,-999.0,19.3
131121.8,19.0,19.7,-999.0,19.3
131131.8,19.2,19.8,-999.0,19.3
131141.8,19.0,19.7,-999.0,19.3
131151.9,19.0,19.8,-999.0,19.3
131161.9,19.0,19.8,-999.0,19.3
131171.9,19.0,19.7,-999.0,19.4
131181.9,19.0,19.7,-999.0,19.3
131191.9,19.2,19.8,-999.0,19.4
131201.9,19.0,19.8,-999.0,19.5
131211.9,19.2,19.8,-999.0,19.3
131222.0,19.0,19.8,-999.0,19.3
131232.0,19.0,19.8,-999.0,19.5
131242.0,19.0,19.8,-999.0,19.3
131252.0,19.0,19.7,-999.0,19.3
131262.0,19.0,19.8,-999.0,19.3
131272.0,19.0,19.7,-999.0,19.3
131282.0,19.0,19.8,-999.0,19.3
131292.1,19.1,19.7,-999.0,19.3
131302.1,19.0,19.8,-999.0,19.5
131312.1,19.0,19.8,-999.0,19.6
131322.1,19.0,19.8,-999.0,19.4
131332.1,19.0,19.8,-999.0,19.5
131342.1,19.0,19.7,-999.0,19.3
131352.1,19.0,19.7,-999.0,19.5
131362.1,19.0,19.8,-999.0,19.5
131372.2,19.0,19.7,-999.0,19.3
131382.2,19.0,19.7,-999.0,19.3
131392.2,19.0,19.7,-999.0,19.3
131402.2,19.1,19.8,-999.0,19.3
131412.2,19.2,19.7,-999.0,19.3
131422.2,19.0,19.8,-999.0,19.3
131432.2,19.0,19.8,-999.0,19.5
131442.3,19.0,19.8,-999.0,19.5
131452.3,19.0,19.8,-999.0,19.3
131462.3,19.0,19.7,-999.0,19.3
131472.3,19.0,19.8,-999.0,19.3
131482.3,19.0,19.8,-999.0,19.3
131492.4,19.0,19.8,-999.0,19.3
131502.4,19.0,19.8,-999.0,19.6
131512.4,19.2,19.8,-999.0,19.5
131522.4,19.0,19.8,-999.0,19.4
131532.5,19.0,19.8,-999.0,19.3
131542.5,19.0,19.7,-999.0,19.3
131552.5,19.2,19.7,-999.0,19.3
131562.5,19.2,19.8,-999.0,19.3
131572.5,19.0,19.7,-999.0,19.3
131582.6,19.0,19.8,-999.0,19.3
131592.6,19.0,19.8,-999.0,19.5
131602.6,19.0,19.7,-999.0,19.3
131612.6,19.0,19.8,-999.0,19.5
131622.6,19.0,19.7,-999.0,19.3
131632.7,19.0,19.8,-999.0,19.3
131642.7,19.0,19.8,-999.0,19.3
131652.7,19.0,19.8,-999.0,19.3
131662.7,19.2,19.7,-999.0,19.3
131672.7,19.0,19.7,-999.0,19.3
131682.8,19.2,19.8,-999.0,19.6
131692.8,19.0,19.7,-999.0,19.3
131702.8,19.0,19.8,-999.0,19.5
131712.8,19.0,19.7,-999.0,19.5
131722.8,19.0,19.8,-999.0,19.6
131732.9,19.3,19.8,-999.0,19.5
131742.9,19.0,19.7,-999.0,19.4
131752.9,19.0,19.8,-999.0,19.5
131762.9,19.0,19.7,-999.0,19.3
131772.9,19.0,19.7,-999.0,19.3
131783.0,19.0,19.8,-999.0,19.5
131793.0,19.0,19.7,-999.0,19.3
131803.0,19.2,19.8,-999.0,19.5
131813.0,19.0,19.7,-999.0,19.4
131823.0,19.0,19.8,-999.0,19.3
131833.0,19.0,19.8,-999.0,19.3
131843.0,19.1,19.7,-999.0,19.4
131853.1,19.0,19.8,-999.0,19.3
131863.1,19.0,19.7,-999.0,19.5
131873.1,19.0,19.7,-999.0,19.3
131883.1,19.0,19.7,-999.0,19.5
131893.1,19.0,19.7,-999.0,19.3
131903.1,19.2,19.8,-999.0,19.3
131913.2,19.1,19.7,-999.0,19.3
131923.2,19.0,19.7,-999.0,19.3
131933.2,19.2,19.8,-999.0,19.3
131943.2,19.0,19.8,-999.0,19.3
131953.2,19.1,19.7,-999.0,19.3
131963.2,19.0,19.7,-999.0,19.3
131973.2,19.0,19.7,-999.0,19.3
131983.3,19.0,19.7,-999.0,19.3
131993.3,19.2,19.7,-999.0,19.4
132003.3,19.0,19.8,-999.0,19.3
132013.3,19.2,19.8,-999.0,19.4
132023.3,19.0,19.8,-999.0,19.3
132033.4,19.0,19.7,-999.0,19.4
132043.4,19.0,19.7,-999.0,19.3
132053.4,19.0,19.8,-999.0,19.3
132063.4,19.0,19.7,-999.0,19.4
132073.4,19.0,19.7,-999.0,19.3
132083.4,19.0,19.8,-999.0,19.4
132093.4,19.0,19.7,-999.0,19.4
132103.5,19.0,19.7,-999.0,19.5
132113.5,19.2,19.7,-999.0,19.3
132123.5,19.2,19.7,-999.0,19.3
132133.5,19.0,19.9,-999.0,19.3
132143.5,19.0,19.7,-999.0,19.3
132153.5,19.0,19.8,-999.0,19.3
132163.5,19.0,19.7,-999.0,19.3
132173.6,19.0,19.8,-999.0,19.5
132183.6,19.0,19.7,-999.0,19.3
132193.6,19.0,19.7,-999.0,19.3
132203.6,19.0,19.7,-999.0,19.3
132213.6,19.0,19.7,-999.0,19.3
132223.6,19.1,19.7,-999.0,19.3
132233.6,19.0,19.8,-999.0,19.5
132243.7,19.0,19.7,-999.0,19.4
132253.7,19.0,19.8,-999.0,19.3
132263.7,19.0,19.7,-999.0,19.3
132273.8,19.0,19.7,-999.0,19.3
132283.8,19.0,19.8,-999.0,19.3
132293.8,19.2,19.8,-999.0,19.4
132303.8,19.0,19.7,-999.0,19.3
132313.8,19.2,19.7,-999.0,19.3
132323.8,19.1,19.7,-999.0,19.3
132333.8,19.0,19.7,-999.0,19.3
132343.8,19.0,19.8,-999.0,19.3
132353.9,19.2,19.7,-999.0,19.3
132363.9,19.0,19.7,-999.0,19.3
132373.9,19.0,19.8,-999.0,19.5
132383.9,19.2,19.7,-999.0,19.3
132393.9,19.0,19.8,-999.0,19.5
132404.0,19.0,19.7,-999.0,19.3
132414.0,19.0,19.7,-999.0,19.3
132424.0,19.0,19.8,-999.0,19.5
132434.0,19.0,19.8,-999.0,19.5
132444.0,19.0,19.8,-999.0,19.5
132454.0,19.2,19.8,-999.0,19.5
132464.1,19.0,19.8,-999.0,19.3
132474.1,19.0,19.7,-999.0,19.4
132484.1,19.2,19.7,-999.0,19.4
132494.1,19.0,19.8,-999.0,19.3
132504.2,19.0,19.7,-999.0,19.3
132514.2,19.2,19.8,-999.0,19.3
132524.2,19.0,19.8,-999.0,19.5
132534.2,19.2,19.7,-999.0,19.3
132544.2,19.2,19.7,-999.0,19.6
132554.2,19.2,19.7,-999.0,19.3
132564.3,19.0,19.8,-999.0,19.6
132574.3,19.2,19.7,-999.0,19.3
132584.3,19.0,19.8,-999.0,19.5
132594.3,19.2,19.7,-999.0,19.3
132604.3,19.2,19.8,-999.0,19.5
132614.4,19.0,19.7,-999.0,19.3
132624.4,19.1,19.8,-999.0,19.3
132634.4,19.0,19.8,-999.0,19.4
132644.4,19.0,19.8,-999.0,19.5
132654.4,19.2,19.7,-999.0,19.3
132664.5,19.0,19.7,-999.0,19.5
132674.5,19.0,19.8,-999.0,19.4
132684.5,19.0,19.7,-999.0,19.3
132694.6,19.0,19.8,-999.0,19.5
132704.6,19.2,19.7,-999.0,19.3
132714.6,19.1,19.7,-999.0,19.4
132724.6,19.0,19.8,-999.0,19.3
132734.6,19.0,19.8,-999.0,19.4
132744.6,19.0,19.7,-999.0,19.5
132754.7,19.0,19.8,-999.0,19.3
132764.7,19.0,19.7,-999.0,19.3
132774.7,19.2,19.7,-999.0,19.3
132784.7,19.0,19.7,-999.0,19.3
132794.7,19.2,19.7,-999.0,19.4
132804.7,19.0,19.7,-999.0,19.3
132814.8,19.0,19.8,-999.0,19.3
132824.8,19.0,19.8,-999.0,19.5
132834.8,19.0,19.8,-999.0,19.4
132844.8,19.2,19.8,-999.0,19.5
132854.8,19.0,19.7,-999.0,19.3
132864.8,19.0,19.7,-999.0,19.3
132874.9,19.0,19.8,-999.0,19.3
132884.9,19.0,19.7,-999.0,19.3
132894.9,19.0,19.7,-999.0,19.3
132904.9,19.2,19.8,-999.0,19.5
132915.0,19.0,19.7,-999.0,19.3
132925.0,19.0,19.7,-999.0,19.5
132935.0,19.2,19.8,-999.0,19.5
132945.0,19.0,19.8,-999.0,19.5
132955.0,19.2,19.7,-999.0,19.3
132965.1,19.2,19.8,-999.0,19.5
132975.1,19.1,19.7,-999.0,19.3
132985.1,19.0,19.8,-999.0,19.3
132995.1,19.2,19.7,-999.0,19.4
133005.1,19.0,19.8,-999.0,19.6
133015.1,19.0,19.7,-999.0,19.3
133025.2,19.0,19.7,-999.0,19.4
133035.2,19.0,19.8,-999.0,19.3
133045.2,19.2,19.7,-999.0,19.3
133055.2,19.0,19.8,-999.0,19.4
133065.3,19.0,19.8,-999.0,19.3
133075.3,19.2,19.7,-999.0,19.3
133085.3,19.2,19.7,-999.0,19.3
133095.3,19.2,19.8,-999.0,19.3
133105.3,19.0,19.7,-999.0,19.6
133115.3,19.0,19.8,-999.0,19.4
133125.3,19.2,19.8,-999.0,19.3
133135.4,19.0,19.8,-999.0,19.5
133145.4,19.2,19.7,-999.0,19.3
133155.4,19.0,19.8,-999.0,19.5
133165.4,19.2,19.8,-999.0,19.3
133175.4,19.0,19.7,-999.0,19.3
133185.4,19.2,19.7,-999.0,19.3
133195.5,19.0,19.8,-999.0,19.3
133205.5,19.0,19.8,-999.0,19.3
133215.5,19.0,19.8,-999.0,19.3
133225.5,19.0,19.7,-999.0,19.3
133235.6,19.0,19.8,-999.0,19.3
133245.6,19.0,19.8,-999.0,19.4
133255.6,19.2,19.7,-999.0,19.3
133265.6,19.0,19.7,-999.0,19.3
133275.6,19.0,19.7,-999.0,19.3
133285.7,19.0,19.7,-999.0,19.5
133295.7,19.2,19.7,-999.0,19.3
133305.7,19.2,19.7,-999.0,19.3
133315.7,19.0,19.8,-999.0,19.6
133325.7,19.0,19.7,-999.0,19.3
133335.7,19.2,19.7,-999.0,19.3
133345.7,19.0,19.7,-999.0,19.3
133355.8,19.0,19.8,-999.0,19.6
133365.8,19.0,19.7,-999.0,19.3
133375.8,19.0,19.8,-999.0,19.5
133385.8,19.1,19.8,-999.0,19.4
133395.8,19.2,19.7,-999.0,19.3
133405.9,19.0,19.7,-999.0,19.5
133415.9,19.0,19.7,-999.0,19.3
133425.9,19.2,19.8,-999.0,19.3
133435.9,19.1,19.7,-999.0,19.3
133445.9,19.0,19.7,-999.0,19.5
133455.9,19.0,19.7,-999.0,19.3
133465.9,19.0,19.8,-999.0,19.5
133476.0,19.0,19.8,-999.0,19.3
133486.0,19.0,19.7,-999.0,19.3
133496.0,19.0,19.7,-999.0,19.3
133506.0,19.0,19.7,-999.0,19.3
133516.1,19.1,19.8,-999.0,19.3
133526.1,19.0,19.7,-999.0,19.3
133536.1,19.0,19.8,-999.0,19.3
133546.1,19.2,19.7,-999.0,19.5
133556.1,19.2,19.8,-999.0,19.5
133566.1,19.0,19.8,-999.0,19.4
133576.2,19.0,19.7,-999.0,19.3
133586.2,19.0,19.8,-999.0,19.3
133596.2,19.1,19.8,-999.0,19.3
133606.2,19.2,19.8,-999.0,19.4
133616.2,19.2,19.7,-999.0,19.3
133626.2,19.0,19.7,-999.0,19.3
133636.3,19.2,19.8,-999.0,19.6
133646.3,19.2,19.8,-999.0,19.4
133656.3,19.0,19.8,-999.0,19.5
133666.3,19.2,19.8,-999.0,19.5
133676.3,19.0,19.8,-999.0,19.5
133686.4,19.0,19.7,-999.0,19.3
133696.4,19.0,19.8,-999.0,19.3
133706.4,19.2,19.7,-999.0,19.4
133716.4,19.0,19.7,-999.0,19.4
133726.4,19.2,19.8,-999.0,19.3
133736.4,19.1,19.8,-999.0,19.4
133746.5,19.0,19.8,-999.0,19.4
133756.5,19.0,19.8,-999.0,19.3
133766.5,19.0,19.7,-999.0,19.3
133776.5,19.0,19.8,-999.0,19.3
133786.5,19.0,19.7,-999.0,19.3
133796.6,19.0,19.8,-999.0,19.5
133806.6,19.0,19.7,-999.0,19.4
133816.6,19.2,19.8,-999.0,19.3
133826.6,19.2,19.7,-999.0,19.3
133836.6,19.0,19.8,-999.0,19.3
133846.7,19.0,19.8,-999.0,19.3
133856.7,19.2,19.8,-999.0,19.3
133866.7,19.0,19.7,-999.0,19.3
133876.7,19.0,19.7,-999.0,19.3
133886.7,19.0,19.8,-999.0,19.3
133896.7,19.0,19.7,-999.0,19.3
133906.7,19.0,19.8,-999.0,19.3
133916.8,19.2,19.8,-999.0,19.4
133926.8,19.0,19.7,-999.0,19.3
133936.8,19.0,19.7,-999.0,19.5
133946.8,19.2,19.8,-999.0,19.5
133956.9,19.0,19.7,-999.0,19.3
133966.9,19.0,19.8,-999.0,19.3
133976.9,19.1,19.8,-999.0,19.3
133986.9,19.1,19.7,-999.0,19.3
133996.9,19.0,19.8,-999.0,19.5
134006.9,19.0,19.8,-999.0,19.3
134017.0,19.0,19.7,-999.0,19.3
134027.0,19.0,19.8,-999.0,19.5
134037.0,19.1,19.7,-999.0,19.3
134047.0,19.0,19.8,-999.0,19.3
134057.0,19.1,19.7,-999.0,19.3
134067.1,19.2,19.8,-999.0,19.3
134077.1,19.0,19.8,-999.0,19.3
134087.1,19.0,19.7,-999.0,19.3
134097.1,19.0,19.8,-999.0,19.3
134107.1,19.0,19.8,-999.0,19.5
134117.1,19.0,19.7,-999.0,19.3
134127.2,19.0,19.8,-999.0,19.6
134137.2,19.0,19.7,-999.0,19.3
134147.2,19.0,19.7,-999.0,19.3
134157.2,19.1,19.8,-999.0,19.3
134167.2,19.1,19.8,-999.0,19.3
134177.3,19.0,19.7,-999.0,19.3
134187.3,19.0,19.8,-999.0,19.4
134197.3,19.2,19.7,-999.0,19.4
134207.3,19.0,19.8,-999.0,19.3
134217.3,19.0,19.8,-999.0,19.3
134227.3,19.3,19.7,-999.0,19.4
134237.3,19.2,19.8,-999.0,19.3
134247.3,19.0,19.8,-999.0,19.3
134257.4,19.0,19.7,-999.0,19.3
134267.4,19.0,19.7,-999.0,19.3
134277.4,19.0,19.8,-999.0,19.3
134287.4,19.1,19.8,-999.0,19.5
134297.4,19.2,19.8,-999.0,19.5
134307.4,19.2,19.8,-999.0,19.5
134317.4,19.0,19.8,-999.0,19.3
134327.4,19.2,19.7,-999.0,19.4
134337.4,19.0,19.7,-999.0,19.3
134347.5,19.0,19.7,-999.0,19.3
134357.5,19.0,19.8,-999.0,19.5
134367.5,19.2,19.8,-999.0,19.5
134377.5,19.0,19.7,-999.0,19.3
134387.5,19.2,19.8,-999.0,19.5
134397.5,19.0,19.7,-999.0,19.3
134407.5,19.0,19.8,-999.0,19.5
134417.6,19.0,19.8,-999.0,19.4
134427.6,19.0,19.7,-999.0,19.4
134437.6,19.0,19.8,-999.0,19.3
134447.6,19.0,19.7,-999.0,19.5
134457.6,19.0,19.7,-999.0,19.3
134467.7,19.0,19.7,-999.0,19.4
134477.7,19.0,19.7,-999.0,19.3
134487.7,19.0,19.8,-999.0,19.6
134497.7,19.0,19.7,-999.0,19.3
134507.7,19.0,19.7,-999.0,19.5
134517.7,19.2,19.8,-999.0,19.5
134527.8,19.0,19.7,-999.0,19.4
134537.8,19.0,19.8,-999.0,19.5
134547.8,19.0,19.7,-999.0,19.3
134557.8,19.0,19.8,-999.0,19.3
134567.8,19.0,19.8,-999.0,19.3
134577.8,19.0,19.8,-999.0,19.3
134587.9,19.0,19.7,-999.0,19.3
134597.9,19.0,19.7,-999.0,19.3
134607.9,19.0,19.8,-999.0,19.5
134617.9,19.0,19.7,-999.0,19.3
134627.9,19.2,19.8,-999.0,19.5
134638.0,19.0,19.7,-999.0,19.4
134648.0,19.0,19.8,-999.0,19.4
134658.0,19.0,19.7,-999.0,19.3
134668.0,19.0,19.8,-999.0,19.3
134678.0,19.0,19.8,-999.0,19.4
134688.0,19.0,19.7,-999.0,19.3
134698.1,19.0,19.8,-999.0,19.3
134708.1,19.0,19.7,-999.0,19.3
134718.1,19.0,19.8,-999.0,19.5
134728.1,19.0,19.7,-999.0,19.3
134738.1,19.0,19.8,-999.0,19.3
134748.1,19.0,19.8,-999.0,19.3
134758.2,19.0,19.7,-999.0,19.3
134768.2,19.0,19.7,-999.0,19.3
134778.2,19.1,19.8,-999.0,19.3
134788.2,19.0,19.7,-999.0,19.3
134798.2,19.2,19.7,-999.0,19.3
134808.3,19.0,19.8,-999.0,19.5
134818.3,19.0,19.8,-999.0,19.3
134828.3,19.0,19.7,-999.0,19.3
134838.3,19.0,19.8,-999.0,19.3
134848.3,19.0,19.8,-999.0,19.3
134858.3,19.0,19.7,-999.0,19.4
134868.4,19.0,19.7,-999.0,19.4
134878.4,19.0,19.8,-999.0,19.4
134888.4,19.0,19.8,-999.0,19.5
134898.4,19.2,19.7,-999.0,19.3
134908.4,19.2,19.8,-999.0,19.3
134918.4,19.2,19.7,-999.0,19.4
134928.5,19.0,19.8,-999.0,19.3
134938.5,19.0,19.7,-999.0,19.3
134948.5,19.2,19.7,-999.0,19.3
134958.5,19.0,19.7,-999.0,19.3
134968.5,19.2,19.7,-999.0,19.3
134978.5,19.0,19.8,-999.0,19.5
134988.5,19.0,19.8,-999.0,19.3
134998.6,19.0,19.8,-999.0,19.5
135008.6,19.0,19.7,-999.0,19.3
135018.6,19.2,19.7,-999.0,19.4
135028.6,19.0,19.8,-999.0,19.3
135038.6,19.0,19.7,-999.0,19.5
135048.6,19.0,19.7,-999.0,19.4
135058.6,19.0,19.8,-999.0,19.5
135068.7,19.0,19.7,-999.0,19.3
135078.7,19.0,19.8,-999.0,19.5
135088.7,19.2,19.7,-999.0,19.4
135098.7,19.0,19.8,-999.0,19.3
135108.7,19.0,19.8,-999.0,19.3
135118.7,19.0,19.8,-999.0,19.4
135128.8,19.0,19.8,-999.0,19.4
135138.8,19.0,19.7,-999.0,19.3
135148.8,19.0,19.8,-999.0,19.6
135158.8,19.0,19.8,-999.0,19.3
135168.9,19.0,19.8,-999.0,19.5
135178.9,19.0,19.7,-999.0,19.3
135188.9,19.0,19.8,-999.0,19.6
135198.9,19.0,19.8,-999.0,19.3
135208.9,19.0,19.7,-999.0,19.3
135218.9,19.0,19.8,-999.0,19.6
135228.9,19.0,19.7,-999.0,19.3
135238.9,19.0,19.8,-999.0,19.3
135249.0,19.0,19.7,-999.0,19.3
135259.0,19.0,19.7,-999.0,19.3
135269.0,19.0,19.8,-999.0,19.4
135279.0,19.0,19.8,-999.0,19.3
135289.0,19.0,19.8,-999.0,19.4
135299.0,19.0,19.7,-999.0,19.3
135309.0,19.0,19.8,-999.0,19.4
135319.1,19.0,19.7,-999.0,19.3
135329.1,19.0,19.8,-999.0,19.5
135339.1,19.0,19.7,-999.0,19.4
135349.1,19.3,19.8,-999.0,19.3
135359.1,19.2,19.8,-999.0,19.3
135369.1,19.0,19.7,-999.0,19.3
135379.1,19.0,19.8,-999.0,19.3
135389.1,19.2,19.7,-999.0,19.5
135399.1,19.0,19.7,-999.0,19.5
135409.2,19.0,19.8,-999.0,19.3
135419.2,19.0,19.8,-999.0,19.3
135429.2,19.1,19.7,-999.0,19.3
135439.2,19.0,19.8,-999.0,19.4
135449.2,19.1,19.7,-999.0,19.3
135459.3,19.0,19.8,-999.0,19.5
135469.3,19.2,19.7,-999.0,19.3
135479.3,19.2,19.7,-999.0,19.3
135489.3,19.0,19.7,-999.0,19.4
135499.3,19.2,19.7,-999.0,19.3
135509.3,19.0,19.7,-999.0,19.3
135519.4,19.0,19.8,-999.0,19.3
135529.4,19.0,19.7,-999.0,19.4
135539.4,19.0,19.8,-999.0,19.4
135549.4,19.0,19.7,-999.0,19.5
135559.4,19.2,19.7,-999.0,19.3
135569.4,19.0,19.8,-999.0,19.3
135579.5,19.0,19.8,-999.0,19.5
135589.5,19.0,19.8,-999.0,19.4
135599.5,19.0,19.8,-999.0,19.5
135609.5,19.0,19.7,-999.0,19.3
135619.5,19.2,19.8,-999.0,19.3
135629.6,19.0,19.7,-999.0,19.3
135639.6,19.0,19.8,-999.0,19.3
135649.6,19.2,19.8,-999.0,19.3
135659.6,19.0,19.7,-999.0,19.3
135669.6,19.2,19.8,-999.0,19.3
135679.7,19.0,19.7,-999.0,19.3
135689.7,19.0,19.8,-999.0,19.3
135699.7,19.0,19.7,-999.0,19.3
135709.7,19.0,19.7,-999.0,19.3
135719.7,19.0,19.8,-999.0,19.4
135729.7,19.0,19.7,-999.0,19.3
135739.7,19.2,19.8,-999.0,19.3
135749.8,19.0,19.7,-999.0,19.3
135759.8,19.0,19.8,-999.0,19.5
135769.8,19.1,19.7,-999.0,19.3
135779.9,19.2,19.7,-999.0,19.3
135789.9,19.0,19.7,-999.0,19.3
135799.9,19.2,19.7,-999.0,19.3
135809.9,19.0,19.8,-999.0,19.3
135819.9,19.2,19.8,-999.0,19.5
135830.0,19.0,19.8,-999.0,19.3
135840.0,19.0,19.8,-999.0,19.5
135850.0,19.0,19.8,-999.0,19.3
135860.0,19.1,19.8,-999.0,19.3
135870.0,19.0,19.7,-999.0,19.4
135880.0,19.0,19.8,-999.0,19.5
135890.1,19.0,19.8,-999.0,19.4
135900.1,19.0,19.7,-999.0,19.3
135910.1,19.0,19.7,-999.0,19.3
135920.1,19.0,19.7,-999.0,19.3
135930.1,19.0,19.8,-999.0,19.3
135940.1,19.0,19.7,-999.0,19.3
135950.2,19.2,19.8,-999.0,19.5
135960.2,19.2,19.7,-999.0,19.3
135970.2,19.2,19.8,-999.0,19.5
135980.2,19.0,19.7,-999.0,19.3
135990.2,19.1,19.8,-999.0,19.3
136000.3,19.0,19.7,-999.0,19.3
136010.3,19.0,19.8,-999.0,19.3
136020.3,19.0,19.8,-999.0,19.4
136030.3,19.0,19.7,-999.0,19.3
136040.3,19.0,19.7,-999.0,19.4
136050.4,19.0,19.8,-999.0,19.5
136060.4,19.0,19.8,-999.0,19.4
136070.4,19.2,19.8,-999.0,19.5
136080.4,19.0,19.8,-999.0,19.3
136090.4,19.0,19.7,-999.0,19.3
136100.4,19.2,19.8,-999.0,19.3
136110.4,19.0,19.7,-999.0,19.3
136120.5,19.0,19.7,-999.0,19.3
136130.5,19.0,19.7,-999.0,19.3
136140.5,19.0,19.8,-999.0,19.5
136150.5,19.0,19.8,-999.0,19.3
136160.5,19.0,19.8,-999.0,19.3
136170.5,19.2,19.7,-999.0,19.3
136180.6,19.0,19.8,-999.0,19.3
136190.6,19.3,19.8,-999.0,19.3
136200.6,19.0,19.7,-999.0,19.3
136210.6,19.0,19.7,-999.0,19.3
136220.6,19.2,19.7,-999.0,19.3
136230.7,19.0,19.7,-999.0,19.3
136240.7,19.0,19.7,-999.0,19.3
136250.7,19.2,19.8,-999.0,19.3
136260.7,19.1,19.8,-999.0,19.4
136270.7,19.0,19.8,-999.0,19.3
136280.7,19.0,19.7,-999.0,19.3
136290.8,19.0,19.8,-999.0,19.5
136300.8,19.0,19.8,-999.0,19.3
136310.8,19.0,19.8,-999.0,19.3
136320.8,19.0,19.7,-999.0,19.3
136330.8,19.2,19.8,-999.0,19.3
136340.8,19.0,19.8,-999.0,19.5
136350.9,19.0,19.8,-999.0,19.3
136360.9,19.0,19.7,-999.0,19.3
136370.9,19.0,19.8,-999.0,19.5
136380.9,19.1,19.7,-999.0,19.3
136390.9,19.0,19.7,-999.0,19.3
136400.9,19.0,19.7,-999.0,19.3
136410.9,19.2,19.8,-999.0,19.3
136421.0,19.2,19.7,-999.0,19.3
136431.0,19.0,19.8,-999.0,19.3
136441.0,19.2,19.7,-999.0,19.5
136451.0,19.2,19.8,-999.0,19.4
136461.0,19.0,19.8,-999.0,19.5
136471.0,19.0,19.7,-999.0,19.3
136481.0,19.0,19.7,-999.0,19.4
136491.1,19.2,19.8,-999.0,19.3
136501.1,19.0,19.7,-999.0,19.3
136511.1,19.2,19.7,-999.0,19.3
136521.1,19.2,19.7,-999.0,19.3
136531.1,19.0,19.8,-999.0,19.6
136541.1,19.0,19.8,-999.0,19.3
136551.1,19.0,19.7,-999.0,19.3
136561.2,19.0,19.8,-999.0,19.5
136571.2,19.0,19.7,-999.0,19.4
136581.2,19.0,19.8,-999.0,19.5
136591.2,19.3,19.7,-999.0,19.4
136601.2,19.2,19.7,-999.0,19.3
136611.3,19.0,19.8,-999.0,19.5
136621.3,19.0,19.8,-999.0,19.3
136631.3,19.1,19.7,-999.0,19.3
136641.4,19.0,19.7,-999.0,19.3
136651.4,19.0,19.8,-999.0,19.3
136661.4,19.1,19.7,-999.0,19.4
136671.4,19.2,19.8,-999.0,19.3
136681.4,19.0,19.8,-999.0,19.6
136691.5,19.0,19.8,-999.0,19.4
136701.5,19.2,19.8,-999.0,19.3
136711.5,19.0,19.7,-999.0,19.3
136721.5,19.0,19.8,-999.0,19.3
136731.5,19.0,19.8,-999.0,19.3
136741.6,19.0,19.8,-999.0,19.3
136751.6,19.0,19.7,-999.0,19.3
136761.6,19.1,19.8,-999.0,19.5
136771.6,19.0,19.7,-999.0,19.3
136781.6,19.0,19.8,-999.0,19.6
136791.7,19.0,19.8,-999.0,19.3
136801.7,19.1,19.7,-999.0,19.3
136811.7,19.2,19.8,-999.0,19.5
136821.7,19.0,19.8,-999.0,19.3
136831.8,19.0,19.7,-999.0,19.3
136841.8,19.0,19.7,-999.0,19.3
136851.8,19.0,19.8,-999.0,19.3
136861.8,19.0,19.8,-999.0,19.5
136871.8,19.0,19.8,-999.0,19.5
136881.8,19.3,19.8,-999.0,19.3
136891.9,19.2,19.8,-999.0,19.3
136901.9,19.2,19.8,-999.0,19.4
136911.9,19.0,19.8,-999.0,19.5
136921.9,19.2,19.7,-999.0,19.3
136931.9,19.0,19.8,-999.0,19.5
136941.9,19.0,19.8,-999.0,19.3
136951.9,19.1,19.7,-999.0,19.3
136961.9,19.1,19.8,-999.0,19.3
136971.9,19.1,19.8,-999.0,19.4
136982.0,19.0,19.8,-999.0,19.4
136992.0,19.2,19.7,-999.0,19.3
137002.0,19.0,19.8,-999.0,19.3
137012.0,19.0,19.8,-999.0,19.3
137022.0,19.0,19.7,-999.0,19.4
137032.0,19.2,19.8,-999.0,19.4
137042.0,19.1,19.8,-999.0,19.3
137052.0,19.1,19.8,-999.0,19.5
137062.1,19.2,19.8,-999.0,19.3
137072.1,19.1,19.8,-999.0,19.4
137082.1,19.0,19.8,-999.0,19.5
137092.1,19.0,19.8,-999.0,19.3
137102.1,19.1,19.8,-999.0,19.3
137112.2,19.0,19.8,-999.0,19.3
137122.2,19.2,19.8,-999.0,19.5
137132.2,19.1,19.7,-999.0,19.3
137142.2,19.0,19.8,-999.0,19.3
137152.2,19.0,19.8,-999.0,19.5
137162.3,19.2,19.8,-999.0,19.5
137172.3,19.0,19.8,-999.0,19.3
137182.3,19.1,19.8,-999.0,19.3
137192.3,19.0,19.8,-999.0,19.4
137202.3,19.0,19.7,-999.0,19.5
137212.3,19.2,19.8,-999.0,19.6
137222.3,19.2,19.7,-999.0,19.3
137232.4,19.1,19.7,-999.0,19.3
137242.4,19.2,19.7,-999.0,19.4
137252.4,19.2,19.7,-999.0,19.5
137262.4,19.0,19.8,-999.0,19.3
137272.5,19.0,19.7,-999.0,19.4
137282.5,19.1,19.8,-999.0,19.4
137292.5,19.0,19.8,-999.0,19.4
137302.5,19.0,19.8,-999.0,19.5
137312.5,19.0,19.8,-999.0,19.4
137322.6,19.2,19.7,-999.0,19.3
137332.6,19.0,19.8,-999.0,19.3
137342.6,19.0,19.8,-999.0,19.3
137352.6,19.0,19.8,-999.0,19.3
137362.6,19.1,19.8,-999.0,19.3
137372.7,19.0,19.8,-999.0,19.5
137382.7,19.0,19.8,-999.0,19.3
137392.7,19.0,19.7,-999.0,19.3
137402.7,19.3,19.7,-999.0,19.3
137412.7,19.0,19.7,-999.0,19.3
137422.7,19.2,19.8,-999.0,19.3
137432.7,19.2,19.7,-999.0,19.3
137442.8,19.0,19.8,-999.0,19.3
137452.8,19.0,19.8,-999.0,19.3
137462.8,19.0,19.7,-999.0,19.4
137472.8,19.0,19.7,-999.0,19.3
137482.8,19.0,19.8,-999.0,19.5
137492.9,19.0,19.8,-999.0,19.4
137502.9,19.2,19.8,-999.0,19.4
137512.9,19.0,19.7,-999.0,19.3
137522.9,19.2,19.7,-999.0,19.3
137532.9,19.2,19.8,-999.0,19.5
137542.9,19.0,19.7,-999.0,19.3
137553.0,19.0,19.7,-999.0,19.3
137563.0,19.0,19.7,-999.0,19.5
137573.0,19.0,19.8,-999.0,19.3
137583.0,19.0,19.7,-999.0,19.3
137593.0,19.1,19.8,-999.0,19.3
137603.0,19.0,19.8,-999.0,19.3
137613.0,19.0,19.7,-999.0,19.3
137623.1,19.0,19.8,-999.0,19.6
137633.1,19.0,19.8,-999.0,19.3
137643.1,19.0,19.8,-999.0,19.3
137653.1,19.0,19.8,-999.0,19.3
137663.1,19.0,19.8,-999.0,19.3
137673.2,19.2,19.7,-999.0,19.3
137683.2,19.0,19.8,-999.0,19.4
137693.2,19.0,19.8,-999.0,19.3
137703.2,19.0,19.7,-999.0,19.3
137713.2,19.0,19.7,-999.0,19.4
137723.3,19.2,19.8,-999.0,19.4
137733.3,19.0,19.8,-999.0,19.3
137743.3,19.0,19.7,-999.0,19.3
137753.3,19.0,19.8,-999.0,19.3
137763.3,19.0,19.8,-999.0,19.6
137773.3,19.1,19.8,-999.0,19.4
137783.3,19.0,19.8,-999.0,19.3
137793.4,19.0,19.7,-999.0,19.3
137803.4,19.2,19.7,-999.0,19.3
137813.4,19.0,19.8,-999.0,19.5
137823.4,19.0,19.8,-999.0,19.3
137833.4,19.0,19.8,-999.0,19.3
137843.4,19.0,19.8,-999.0,19.5
137853.4,19.0,19.8,-999.0,19.5
137863.5,19.0,19.8,-999.0,19.4
137873.5,19.2,19.7,-999.0,19.3
137883.5,19.2,19.8,-999.0,19.3
137893.5,19.0,19.7,-999.0,19.3
137903.5,19.0,19.8,-999.0,19.5
137913.5,19.0,19.8,-999.0,19.3
137923.5,19.1,19.7,-999.0,19.3
137933.6,19.0,19.8,-999.0,19.5
137943.6,19.0,19.8,-999.0,19.3
137953.6,19.2,19.8,-999.0,19.3
137963.6,19.2,19.7,-999.0,19.3
137973.6,19.0,19.7,-999.0,19.3
137983.6,19.0,19.8,-999.0,19.3
137993.7,19.0,19.7,-999.0,19.5
138003.7,19.0,19.7,-999.0,19.3
138013.7,19.2,19.8,-999.0,19.3
138023.7,19.0,19.8,-999.0,19.5
138033.7,19.0,19.8,-999.0,19.4
138043.7,19.0,19.7,-999.0,19.3
138053.7,19.0,19.7,-999.0,19.3
138063.8,19.1,19.7,-999.0,19.3
138073.8,19.1,19.8,-999.0,19.5
138083.8,19.3,19.7,-999.0,19.3
138093.8,19.2,19.8,-999.0,19.4
138103.8,19.0,19.7,-999.0,19.3
138113.8,19.2,19.8,-999.0,19.5
138123.8,19.0,19.8,-999.0,19.3
138133.8,19.0,19.8,-999.0,19.5
138143.9,19.3,19.7,-999.0,19.3
138153.9,19.0,19.8,-999.0,19.4
138163.9,19.0,19.7,-999.0,19.3
138173.9,19.2,19.7,-999.0,19.3
138184.0,19.0,19.7,-999.0,19.4
138194.0,19.0,19.7,-999.0,19.3
138204.0,19.0,19.8,-999.0,19.3
138214.0,19.0,19.8,-999.0,19.5
138224.0,19.0,19.8,-999.0,19.4
138234.1,19.0,19.7,-999.0,19.3
138244.1,19.1,19.8,-999.0,19.5
138254.1,19.0,19.8,-999.0,19.4
138264.1,19.0,19.8,-999.0,19.4
138274.1,19.0,19.7,-999.0,19.3
138284.1,19.0,19.7,-999.0,19.3
138294.1,19.0,19.8,-999.0,19.4
138304.2,19.2,19.7,-999.0,19.3
138314.2,19.0,19.7,-999.0,19.3
138324.2,19.0,19.8,-999.0,19.5
138334.2,19.0,19.7,-999.0,19.4
138344.2,19.0,19.7,-999.0,19.5
138354.2,19.2,19.7,-999.0,19.3
138364.2,19.0,19.8,-999.0,19.5
138374.2,19.0,19.8,-999.0,19.3
138384.3,19.0,19.8,-999.0,19.3
138394.3,19.0,19.8,-999.0,19.3
138404.3,19.2,19.7,-999.0,19.4
138414.3,19.0,19.8,-999.0,19.3
138424.3,19.2,19.8,-999.0,19.3
138434.3,19.0,19.8,-999.0,19.5
138444.4,19.0,19.7,-999.0,19.3
138454.4,19.0,19.8,-999.0,19.3
138464.4,19.0,19.7,-999.0,19.3
138474.4,19.0,19.8,-999.0,19.4
138484.4,19.0,19.8,-999.0,19.3
138494.5,19.0,19.7,-999.0,19.5
138504.5,19.0,19.7,-999.0,19.3
138514.5,19.3,19.8,-999.0,19.4
138524.5,19.2,19.7,-999.0,19.3
138534.5,19.0,19.8,-999.0,19.3
138544.6,19.0,19.8,-999.0,19.3
138554.6,19.1,19.7,-999.0,19.4
138564.6,19.0,19.8,-999.0,19.5
138574.6,19.2,19.7,-999.0,19.3
138584.6,19.0,19.7,-999.0,19.3
138594.6,19.0,19.8,-999.0,19.3
138604.7,19.0,19.7,-999.0,19.4
138614.7,19.0,19.8,-999.0,19.3
138624.7,19.0,19.8,-999.0,19.5
138634.7,19.1,19.8,-999.0,19.3
138644.8,19.0,19.8,-999.0,19.5
138654.8,19.0,19.8,-999.0,19.3
138664.9,19.0,19.8,-999.0,19.5
138674.9,19.0,19.8,-999.0,19.4
138684.9,19.0,19.8,-999.0,19.3
138694.9,19.0,19.7,-999.0,19.3
138704.9,19.0,19.7,-999.0,19.3
138714.9,19.0,19.7,-999.0,19.3
138725.0,19.2,19.8,-999.0,19.3
138735.0,19.0,19.8,-999.0,19.5
138745.0,19.0,19.8,-999.0,19.5
138755.0,19.0,19.8,-999.0,19.3
138765.0,19.0,19.7,-999.0,19.5
138775.1,19.2,19.7,-999.0,19.3
138785.1,19.0,19.7,-999.0,19.3
138795.1,19.1,19.8,-999.0,19.5
138805.1,19.0,19.7,-999.0,19.3
138815.1,19.0,19.8,-999.0,19.3
138825.2,19.0,19.8,-999.0,19.3
138835.2,19.0,19.8,-999.0,19.5
138845.2,19.2,19.7,-999.0,19.3
138855.2,19.0,19.8,-999.0,19.5
138865.2,19.2,19.8,-999.0,19.3
138875.2,19.2,19.8,-999.0,19.3
138885.2,19.0,19.7,-999.0,19.4
138895.3,19.0,19.7,-999.0,19.3
138905.3,19.0,19.8,-999.0,19.5
138915.3,19.0,19.7,-999.0,19.3
138925.3,19.0,19.8,-999.0,19.5
138935.3,19.0,19.8,-999.0,19.3
138945.3,19.0,19.8,-999.0,19.5
138955.3,19.0,19.8,-999.0,19.3
138965.3,19.0,19.7,-999.0,19.3
138975.4,19.0,19.8,-999.0,19.5
138985.4,19.0,19.8,-999.0,19.3
138995.4,19.0,19.8,-999.0,19.3
139005.4,19.0,19.7,-999.0,19.3
139015.4,19.0,19.8,-999.0,19.3
139025.4,19.0,19.8,-999.0,19.3
139035.5,19.2,19.8,-999.0,19.3
139045.5,19.0,19.8,-999.0,19.5
139055.5,19.2,19.7,-999.0,19.3
139065.6,19.0,19.8,-999.0,19.5
139075.6,19.0,19.8,-999.0,19.3
139085.6,19.1,19.7,-999.0,19.3
139095.6,19.0,19.7,-999.0,19.3
139105.6,19.0,19.7,-999.0,19.3
139115.6,19.0,19.8,-999.0,19.3
139125.6,19.2,19.8,-999.0,19.5
139135.7,19.0,19.8,-999.0,19.5
139145.7,19.2,19.8,-999.0,19.3
139155.7,19.1,19.7,-999.0,19.3
139165.7,19.2,19.7,-999.0,19.3
139175.7,19.2,19.7,-999.0,19.4
139185.7,19.0,19.8,-999.0,19.3
139195.7,19.2,19.8,-999.0,19.3
139205.8,19.0,19.8,-999.0,19.4
139215.8,19.0,19.8,-999.0,19.5
139225.8,19.3,19.8,-999.0,19.3
139235.8,19.0,19.7,-999.0,19.3
139245.8,19.2,19.8,-999.0,19.3
139255.8,19.0,19.7,-999.0,19.4
139265.8,19.2,19.8,-999.0,19.4
139275.9,19.0,19.7,-999.0,19.5
139285.9,19.0,19.7,-999.0,19.3
139295.9,19.0,19.7,-999.0,19.4
139305.9,19.3,19.8,-999.0,19.4
139315.9,19.2,19.8,-999.0,19.3
139325.9,19.0,19.8,-999.0,19.5
139335.9,19.1,19.7,-999.0,19.3
139345.9,19.2,19.7,-999.0,19.3
139356.0,19.0,19.8,-999.0,19.3
139366.0,19.0,19.7,-999.0,19.3
139376.0,19.2,19.8,-999.0,19.3
139386.0,19.0,19.8,-999.0,19.3
139396.0,19.0,19.8,-999.0,19.4
139406.0,19.0,19.8,-999.0,19.5
139416.1,19.0,19.7,-999.0,19.3
139426.1,19.0,19.8,-999.0,19.3
139436.1,19.2,19.8,-999.0,19.3
139446.1,19.1,19.7,-999.0,19.3
139456.1,19.0,19.8,-999.0,19.4
139466.1,19.0,19.8,-999.0,19.3
139476.1,19.0,19.8,-999.0,19.3
139486.1,19.2,19.8,-999.0,19.4
139496.2,19.0,19.8,-999.0,19.3
139506.2,19.0,19.7,-999.0,19.3
139516.2,19.0,19.8,-999.0,19.5
139526.2,19.2,19.8,-999.0,19.3
139536.2,19.0,19.8,-999.0,19.5
139546.3,19.0,19.8,-999.0,19.3
139556.3,19.1,19.8,-999.0,19.3
139566.3,19.0,19.7,-999.0,19.3
139576.3,19.0,19.8,-999.0,19.3
139586.3,19.0,19.8,-999.0,19.3
139596.3,19.0,19.8,-999.0,19.3
139606.4,19.3,19.7,-999.0,19.5
139616.4,19.0,19.7,-999.0,19.3
139626.4,19.0,19.7,-999.0,19.3
139636.4,19.0,19.8,-999.0,19.5
139646.4,19.0,19.8,-999.0,19.3
139656.5,19.2,19.7,-999.0,19.4
139666.5,19.1,19.8,-999.0,19.4
139676.5,19.0,19.7,-999.0,19.4
139686.5,19.0,19.7,-999.0,19.3
139696.5,19.0,19.8,-999.0,19.4
139706.5,19.0,19.8,-999.0,19.3
139716.5,19.0,19.8,-999.0,19.3
139726.6,19.0,19.8,-999.0,19.3
139736.6,19.0,19.7,-999.0,19.3
139746.6,19.0,19.8,-999.0,19.5
139756.6,19.0,19.8,-999.0,19.3
139766.6,19.2,19.8,-999.0,19.5
139776.6,19.0,19.8,-999.0,19.3
139786.6,19.2,19.7,-999.0,19.3
139796.7,19.0,19.8,-999.0,19.4
139806.7,19.0,19.8,-999.0,19.3
139816.7,19.0,19.8,-999.0,19.3
139826.7,19.0,19.8,-999.0,19.5
139836.7,19.0,19.8,-999.0,19.3
139846.7,19.0,19.8,-999.0,19.5
139856.7,19.0,19.7,-999.0,19.4
139866.8,19.2,19.8,-999.0,19.5
139876.8,19.0,19.8,-999.0,19.4
139886.8,19.0,19.8,-999.0,19.4
139896.8,19.0,19.7,-999.0,19.6
139906.8,19.0,19.8,-999.0,19.5
139916.9,19.0,19.8,-999.0,19.3
139926.9,19.0,19.7,-999.0,19.3
139936.9,19.0,19.7,-999.0,19.3
139946.9,19.0,19.8,-999.0,19.3
139956.9,19.2,19.8,-999.0,19.3
139966.9,19.0,19.8,-999.0,19.5
139977.0,19.0,19.7,-999.0,19.3
139987.0,19.0,19.7,-999.0,19.3
139997.0,19.0,19.8,-999.0,19.4
140007.0,19.1,19.8,-999.0,19.4
140017.0,19.0,19.7,-999.0,19.3
140027.0,19.0,19.7,-999.0,19.3
140037.1,19.1,19.8,-999.0,19.5
140047.1,19.0,19.7,-999.0,19.4
140057.1,19.0,19.7,-999.0,19.3
140067.1,19.1,19.8,-999.0,19.4
140077.1,19.0,19.8,-999.0,19.3
140087.1,19.2,19.8,-999.0,19.3
140097.1,19.2,19.7,-999.0,19.3
140107.2,19.0,19.8,-999.0,19.3
140117.2,19.2,19.7,-999.0,19.3
140127.2,19.0,19.8,-999.0,19.3
140137.2,19.0,19.7,-999.0,19.3
140147.2,19.1,19.7,-999.0,19.3
140157.3,19.0,19.7,-999.0,19.3
140167.3,19.0,19.8,-999.0,19.3
140177.3,19.2,19.8,-999.0,19.3
140187.3,19.1,19.8,-999.0,19.4
140197.3,19.0,19.8,-999.0,19.3
140207.3,19.0,19.7,-999.0,19.3
140217.3,19.2,19.8,-999.0,19.3
140227.3,19.0,19.7,-999.0,19.4
140237.4,19.2,19.8,-999.0,19.4
140247.4,19.0,19.8,-999.0,19.5
140257.4,19.0,19.8,-999.0,19.3
140267.4,19.2,19.8,-999.0,19.3
140277.4,19.0,19.8,-999.0,19.3
140287.4,19.0,19.8,-999.0,19.3
140297.4,19.0,19.7,-999.0,19.3
140307.5,19.2,19.8,-999.0,19.3
140317.5,19.0,19.8,-999.0,19.3
140327.5,19.0,19.8,-999.0,19.5
140337.5,19.0,19.8,-999.0,19.3
140347.5,19.0,19.7,-999.0,19.3
140357.5,19.2,19.7,-999.0,19.3
140367.5,19.0,19.8,-999.0,19.3
140377.6,19.2,19.8,-999.0,19.3
140387.6,19.0,19.7,-999.0,19.3
140397.6,19.0,19.8,-999.0,19.5
140407.6,19.0,19.8,-999.0,19.5
140417.6,19.0,19.8,-999.0,19.3
140427.6,19.2,19.8,-999.0,19.5
140437.6,19.2,19.8,-999.0,19.3
140447.7,19.0,19.7,-999.0,19.3
140457.7,19.2,19.7,-999.0,19.3
140467.7,19.0,19.8,-999.0,19.3
140477.7,19.2,19.8,-999.0,19.3
140487.7,19.0,19.8,-999.0,19.5
140497.7,19.0,19.7,-999.0,19.3
140507.8,19.0,19.8,-999.0,19.4
140517.8,19.2,19.7,-999.0,19.3
140527.8,19.0,19.7,-999.0,19.3
140537.8,19.2,19.8,-999.0,19.3
140547.8,19.0,19.7,-999.0,19.3
140557.8,19.0,19.8,-999.0,19.3
140567.8,19.2,19.7,-999.0,19.3
140577.9,19.0,19.8,-999.0,19.5
140587.9,19.0,19.8,-999.0,19.3
140597.9,19.1,19.7,-999.0,19.3
140607.9,19.2,19.7,-999.0,19.4
140617.9,19.0,19.7,-999.0,19.3
140628.0,19.0,19.7,-999.0,19.3
140638.0,19.0,19.7,-999.0,19.3
140648.0,19.1,19.7,-999.0,19.4
140658.0,19.2,19.8,-999.0,19.3
140668.0,19.0,19.8,-999.0,19.3
140678.0,19.2,19.7,-999.0,19.3
140688.1,19.2,19.7,-999.0,19.3
140698.1,19.0,19.7,-999.0,19.4
140708.1,19.0,19.7,-999.0,19.3
140718.1,19.2,19.8,-999.0,19.4
140728.1,19.2,19.7,-999.0,19.5
140738.2,19.0,19.8,-999.0,19.4
140748.2,19.0,19.8,-999.0,19.3
140758.2,19.0,19.8,-999.0,19.4
140768.2,19.2,19.7,-999.0,19.3
140778.3,19.0,19.8,-999.0,19.4
140788.3,19.2,19.7,-999.0,19.3
140798.3,19.3,19.7,-999.0,19.4
140808.3,19.0,19.7,-999.0,19.3
140818.3,19.1,19.7,-999.0,19.4
140828.4,19.0,19.8,-999.0,19.5
140838.4,19.3,19.7,-999.0,19.3
140848.4,19.0,19.7,-999.0,19.3
140858.4,19.0,19.7,-999.0,19.3
140868.4,19.0,19.8,-999.0,19.3
140878.4,19.0,19.8,-999.0,19.3
140888.4,19.0,19.8,-999.0,19.3
140898.5,19.0,19.8,-999.0,19.3
140908.5,19.2,19.7,-999.0,19.3
140918.5,19.2,19.8,-999.0,19.3
140928.5,19.2,19.8,-999.0,19.4
140938.5,19.0,19.7,-999.0,19.4
140948.6,19.1,19.8,-999.0,19.3
140958.6,19.0,19.8,-999.0,19.3
140968.6,19.2,19.7,-999.0,19.3
140978.6,19.2,19.7,-999.0,19.3
140988.6,19.0,19.8,-999.0,19.5
140998.7,19.0,19.7,-999.0,19.3
141008.7,19.2,19.7,-999.0,19.3
141018.7,19.0,19.7,-999.0,19.3
141028.7,19.0,19.8,-999.0,19.3
141038.7,19.0,19.7,-999.0,19.3
141048.7,19.0,19.8,-999.0,19.3
141058.7,19.0,19.8,-999.0,19.3
141068.8,19.0,19.8,-999.0,19.3
141078.8,19.1,19.7,-999.0,19.4
141088.8,19.0,19.8,-999.0,19.4
141098.8,19.0,19.7,-999.0,19.3
141108.8,19.0,19.7,-999.0,19.3
141118.8,19.0,19.8,-999.0,19.3
141128.8,19.0,19.8,-999.0,19.3
141138.9,19.0,19.7,-999.0,19.4
141148.9,19.0,19.7,-999.0,19.4
141158.9,19.0,19.8,-999.0,19.3
141168.9,19.0,19.8,-999.0,19.3
141178.9,19.1,19.8,-999.0,19.4
141189.0,19.0,19.7,-999.0,19.3
141199.0,19.0,19.7,-999.0,19.3
141209.0,19.0,19.7,-999.0,19.3
141219.0,19.3,19.8,-999.0,19.5
141229.0,19.0,19.8,-999.0,19.4
141239.0,19.2,19.7,-999.0,19.4
141249.0,19.0,19.8,-999.0,19.3
141259.1,19.0,19.7,-999.0,19.4
141269.1,19.0,19.8,-999.0,19.3
141279.1,19.0,19.8,-999.0,19.3
141289.1,19.0,19.7,-999.0,19.3
141299.1,19.0,19.8,-999.0,19.3
141309.2,19.2,19.7,-999.0,19.3
141319.2,19.0,19.7,-999.0,19.3
141329.2,19.0,19.8,-999.0,19.4
141339.2,19.2,19.8,-999.0,19.3
141349.2,19.1,19.7,-999.0,19.3
141359.2,19.0,19.7,-999.0,19.3
141369.2,19.1,19.8,-999.0,19.4
141379.3,19.2,19.8,-999.0,19.3
141389.3,19.1,19.7,-999.0,19.3
141399.3,19.0,19.8,-999.0,19.5
141409.3,19.2,19.8,-999.0,19.4
141419.4,19.1,19.7,-999.0,19.3
141429.4,19.2,19.8,-999.0,19.3
141439.4,19.2,19.7,-999.0,19.3
141449.4,19.0,19.7,-999.0,19.3
141459.4,19.1,19.8,-999.0,19.5
141469.4,19.0,19.8,-999.0,19.5
141479.4,19.0,19.8,-999.0,19.3
141489.4,19.0,19.8,-999.0,19.5
141499.5,19.2,19.7,-999.0,19.3
141509.5,19.0,19.8,-999.0,19.3
141519.5,19.0,19.8,-999.0,19.3
141529.5,19.0,19.7,-999.0,19.3
141539.5,19.0,19.7,-999.0,19.3
141549.6,19.0,19.7,-999.0,19.3
141559.6,19.1,19.8,-999.0,19.5
141569.6,19.0,19.8,-999.0,19.3
141579.6,19.0,19.7,-999.0,19.3
141589.6,19.3,19.8,-999.0,19.5
141599.6,19.2,19.8,-999.0,19.3
141609.7,19.0,19.7,-999.0,19.5
141619.7,19.2,19.8,-999.0,19.3
141629.7,19.0,19.7,-999.0,19.4
141639.7,19.0,19.8,-999.0,19.3
141649.7,19.0,19.8,-999.0,19.5
141659.7,19.2,19.8,-999.0,19.3
141669.8,19.0,19.8,-999.0,19.3
141679.8,19.0,19.8,-999.0,19.6
141689.8,19.1,19.8,-999.0,19.3
141699.8,19.0,19.7,-999.0,19.4
141709.8,19.3,19.8,-999.0,19.4
141719.8,19.2,19.8,-999.0,19.3
141729.9,19.0,19.8,-999.0,19.5
141739.9,19.0,19.7,-999.0,19.3
141749.9,19.0,19.8,-999.0,19.5
141759.9,19.0,19.7,-999.0,19.3
141769.9,19.0,19.8,-999.0,19.3
141780.0,19.0,19.8,-999.0,19.3
141790.0,19.2,19.7,-999.0,19.3
141800.0,19.0,19.7,-999.0,19.3
141810.0,19.2,19.7,-999.0,19.3
141820.0,19.1,19.8,-999.0,19.3
141830.0,19.1,19.8,-999.0,19.3
141840.1,19.2,19.7,-999.0,19.3
141850.1,19.0,19.8,-999.0,19.5
141860.1,19.0,19.8,-999.0,19.4
141870.1,19.0,19.8,-999.0,19.5
141880.1,19.0,19.8,-999.0,19.4
141890.1,19.0,19.8,-999.0,19.3
141900.1,19.0,19.8,-999.0,19.3
141910.1,19.2,19.8,-999.0,19.4
141920.2,19.0,19.8,-999.0,19.3
141930.2,19.0,19.8,-999.0,19.3
141940.2,19.0,19.7,-999.0,19.3
141950.2,19.2,19.8,-999.0,19.4
141960.2,19.0,19.8,-999.0,19.4
141970.2,19.0,19.7,-999.0,19.3
141980.3,19.2,19.8,-999.0,19.3
141990.3,19.0,19.7,-999.0,19.4
142000.3,19.3,19.8,-999.0,19.4
142010.3,19.2,19.8,-999.0,19.3
142020.3,19.1,19.7,-999.0,19.3
142030.3,19.1,19.7,-999.0,19.3
142040.3,19.2,19.8,-999.0,19.3
142050.4,19.0,19.7,-999.0,19.5
142060.4,19.0,19.7,-999.0,19.3
142070.4,19.0,19.8,-999.0,19.4
142080.4,19.0,19.7,-999.0,19.4
142090.4,19.3,19.8,-999.0,19.4
142100.4,19.1,19.8,-999.0,19.4
142110.4,19.1,19.8,-999.0,19.3
142120.5,19.0,19.7,-999.0,19.5
142130.5,19.0,19.7,-999.0,19.3
142140.5,19.0,19.8,-999.0,19.5
142150.5,19.0,19.7,-999.0,19.3
142160.5,19.0,19.8,-999.0,19.3
142170.6,19.0,19.8,-999.0,19.4
142180.6,19.0,19.8,-999.0,19.3
142190.6,19.0,19.7,-999.0,19.3
142200.6,19.1,19.8,-999.0,19.4
142210.6,19.3,19.8,-999.0,19.3
142220.6,19.2,19.8,-999.0,19.3
142230.7,19.2,19.7,-999.0,19.3
142240.7,19.1,19.7,-999.0,19.4
142250.7,19.2,19.8,-999.0,19.3
142260.7,19.1,19.7,-999.0,19.3
142270.7,19.0,19.8,-999.0,19.3
142280.8,19.0,19.7,-999.0,19.3
142290.8,19.2,19.8,-999.0,19.3
142300.8,19.0,19.8,-999.0,19.4
142310.8,19.2,19.7,-999.0,19.3
142320.8,19.2,19.8,-999.0,19.3
142330.8,19.0,19.7,-999.0,19.3
142340.9,19.0,19.8,-999.0,19.5
142350.9,19.0,19.7,-999.0,19.3
142360.9,19.0,19.8,-999.0,19.3
142370.9,19.1,19.8,-999.0,19.3
142380.9,19.0,19.7,-999.0,19.3
142390.9,19.0,19.8,-999.0,19.4
142401.0,19.2,19.7,-999.0,19.3
142411.0,19.0,19.7,-999.0,19.3
142421.0,19.3,19.7,-999.0,19.5
142431.0,19.0,19.8,-999.0,19.3
142441.1,19.2,19.7,-999.0,19.3
142451.1,19.0,19.8,-999.0,19.5
142461.1,19.1,19.8,-999.0,19.3
142471.1,19.2,19.8,-999.0,19.4
142481.1,19.1,19.7,-999.0,19.3
142491.1,19.0,19.8,-999.0,19.3
142501.1,19.2,19.8,-999.0,19.3
142511.2,19.0,19.7,-999.0,19.3
142521.2,19.0,19.8,-999.0,19.3
142531.2,19.0,19.8,-999.0,19.5
142541.2,19.0,19.8,-999.0,19.3
142551.2,19.0,19.8,-999.0,19.5
142561.2,19.0,19.8,-999.0,19.3
142571.3,19.1,19.8,-999.0,19.3
142581.3,19.2,19.8,-999.0,19.5
142591.3,19.3,19.7,-999.0,19.3
142601.3,19.2,19.8,-999.0,19.3
142611.4,19.1,19.8,-999.0,19.3
142621.4,19.0,19.8,-999.0,19.3
142631.4,19.0,19.8,-999.0,19.6
142641.4,19.0,19.8,-999.0,19.5
142651.4,19.0,19.8,-999.0,19.4
142661.4,19.2,19.7,-999.0,19.3
142671.5,19.2,19.8,-999.0,19.4
142681.5,19.2,19.8,-999.0,19.5
142691.5,19.0,19.8,-999.0,19.3
142701.5,19.0,19.7,-999.0,19.3
142711.5,19.2,19.7,-999.0,19.3
142721.6,19.0,19.8,-999.0,19.3
142731.6,19.0,19.8,-999.0,19.3
142741.6,19.0,19.8,-999.0,19.3
142751.6,19.0,19.8,-999.0,19.3
142761.7,19.0,19.8,-999.0,19.3
142771.7,19.0,19.7,-999.0,19.3
142781.7,19.1,19.8,-999.0,19.5
142791.7,19.3,19.8,-999.0,19.3
142801.7,19.2,19.8,-999.0,19.3
142811.7,19.2,19.7,-999.0,19.4
142821.7,19.0,19.8,-999.0,19.3
142831.8,19.0,19.8,-999.0,19.3
142841.8,19.1,19.8,-999.0,19.4
142851.8,19.2,19.8,-999.0,19.3
142861.8,19.0,19.7,-999.0,19.5
142871.8,19.0,19.8,-999.0,19.3
142881.9,19.0,19.8,-999.0,19.5
142891.9,19.2,19.8,-999.0,19.3
142901.9,19.0,19.8,-999.0,19.5
142911.9,19.0,19.7,-999.0,19.3
142921.9,19.2,19.8,-999.0,19.3
142931.9,19.3,19.7,-999.0,19.3
142941.9,19.2,19.8,-999.0,19.3
142951.9,19.0,19.8,-999.0,19.5
142961.9,19.0,19.7,-999.0,19.3
142972.0,19.2,19.8,-999.0,19.4
142982.0,19.1,19.8,-999.0,19.3
142992.0,19.0,19.8,-999.0,19.3
143002.0,19.0,19.8,-999.0,19.3
143012.0,19.0,19.7,-999.0,19.3
143022.1,19.0,19.8,-999.0,19.5
143032.1,19.0,19.8,-999.0,19.3
143042.1,19.0,19.8,-999.0,19.3
143052.1,19.2,19.8,-999.0,19.5
143062.1,19.0,19.8,-999.0,19.3
143072.2,19.0,19.8,-999.0,19.4
143082.2,19.0,19.7,-999.0,19.3
143092.2,19.2,19.8,-999.0,19.3
143102.2,19.2,19.8,-999.0,19.3
143112.2,19.0,19.8,-999.0,19.3
143122.2,19.2,19.8,-999.0,19.3
143132.2,19.0,19.8,-999.0,19.3
143142.3,19.0,19.7,-999.0,19.6
143152.3,19.3,19.7,-999.0,19.3
143162.3,19.2,19.8,-999.0,19.4
143172.3,19.0,19.8,-999.0,19.4
143182.3,19.0,19.8,-999.0,19.3
143192.4,19.0,19.7,-999.0,19.3
143202.4,19.2,19.7,-999.0,19.3
143212.4,19.0,19.8,-999.0,19.3
143222.4,19.0,19.7,-999.0,19.3
143232.4,19.1,19.8,-999.0,19.5
143242.4,19.0,19.7,-999.0,19.3
143252.5,19.0,19.8,-999.0,19.6
143262.5,19.0,19.8,-999.0,19.4
143272.5,19.0,19.8,-999.0,19.3
143282.5,19.0,19.8,-999.0,19.3
143292.5,19.2,19.8,-999.0,19.3
143302.5,19.1,19.7,-999.0,19.3
143312.5,19.0,19.8,-999.0,19.3
143322.5,19.0,19.8,-999.0,19.6
143332.5,19.0,19.7,-999.0,19.3
143342.6,19.0,19.7,-999.0,19.3
143352.6,19.0,19.8,-999.0,19.6
143362.6,19.0,19.8,-999.0,19.5
143372.6,19.1,19.7,-999.0,19.3
143382.6,19.0,19.8,-999.0,19.3
143392.7,19.2,19.8,-999.0,19.3
143402.7,19.1,19.8,-999.0,19.3
143412.7,19.2,19.8,-999.0,19.3
143422.7,19.0,19.8,-999.0,19.4
143432.7,19.0,19.8,-999.0,19.5
143442.8,19.1,19.7,-999.0,19.3
143452.8,19.0,19.7,-999.0,19.3
143462.8,19.0,19.8,-999.0,19.5
143472.8,19.0,19.7,-999.0,19.3
143482.8,19.2,19.8,-999.0,19.3
143492.8,19.0,19.7,-999.0,19.5
143502.8,19.0,19.8,-999.0,19.6
143512.9,19.1,19.7,-999.0,19.3
143522.9,19.0,19.8,-999.0,19.4
143532.9,19.0,19.8,-999.0,19.5
143542.9,19.1,19.7,-999.0,19.4
143552.9,19.1,19.8,-999.0,19.3
143563.0,19.2,19.8,-999.0,19.3
143573.0,19.0,19.8,-999.0,19.3
143583.0,19.0,19.7,-999.0,19.3
143593.0,19.0,19.8,-999.0,19.3
143603.0,19.2,19.8,-999.0,19.3
143613.1,19.0,19.7,-999.0,19.3
143623.1,19.2,19.8,-999.0,19.3
143633.1,19.0,19.8,-999.0,19.5
143643.1,19.0,19.8,-999.0,19.4
143653.1,19.0,19.8,-999.0,19.3
143663.1,19.3,19.8,-999.0,19.4
143673.1,19.0,19.8,-999.0,19.3
143683.2,19.0,19.7,-999.0,19.3
143693.2,19.3,19.8,-999.0,19.5
143703.2,19.0,19.8,-999.0,19.3
143713.2,19.0,19.8,-999.0,19.5
143723.3,19.0,19.7,-999.0,19.3
143733.3,19.0,19.8,-999.0,19.4
143743.3,19.0,19.8,-999.0,19.3
143753.3,19.0,19.8,-999.0,19.3
143763.3,19.0,19.7,-999.0,19.3
143773.3,19.0,19.8,-999.0,19.6
143783.4,19.2,19.7,-999.0,19.3
143793.4,19.2,19.8,-999.0,19.3
143803.4,19.1,19.7,-999.0,19.3
143813.4,19.2,19.8,-999.0,19.3
143823.4,19.3,19.8,-999.0,19.3
143833.4,19.0,19.7,-999.0,19.3
143843.5,19.0,19.8,-999.0,19.3
143853.5,19.0,19.7,-999.0,19.3
143863.5,19.1,19.7,-999.0,19.3
143873.5,19.3,19.8,-999.0,19.4
143883.5,19.0,19.8,-999.0,19.6
143893.5,19.0,19.7,-999.0,19.3
143903.5,19.0,19.8,-999.0,19.4
143913.5,19.0,19.8,-999.0,19.3
143923.6,19.2,19.8,-999.0,19.5
143933.6,19.0,19.8,-999.0,19.3
143943.6,19.1,19.7,-999.0,19.4
143953.6,19.2,19.7,-999.0,19.3
143963.6,19.3,19.8,-999.0,19.4
143973.7,19.2,19.8,-999.0,19.3
143983.7,19.0,19.8,-999.0,19.5
143993.7,19.0,19.7,-999.0,19.3
144003.7,19.2,19.8,-999.0,19.4
144013.7,19.1,19.8,-999.0,19.3
144023.7,19.1,19.8,-999.0,19.3
144033.7,19.2,19.7,-999.0,19.3
144043.7,19.0,19.8,-999.0,19.3
144053.8,19.0,19.7,-999.0,19.5
144063.8,19.3,19.7,-999.0,19.3
144073.8,19.2,19.8,-999.0,19.4
144083.8,19.1,19.7,-999.0,19.3
144093.8,19.3,19.8,-999.0,19.4
144103.9,19.0,19.8,-999.0,19.3
144113.9,19.1,19.8,-999.0,19.4
144123.9,19.2,19.8,-999.0,19.3
144134.0,19.0,19.7,-999.0,19.4
144144.0,19.0,19.8,-999.0,19.4
144154.0,19.2,19.7,-999.0,19.3
144164.0,19.0,19.7,-999.0,19.4
144174.0,19.0,19.8,-999.0,19.3
144184.0,19.3,19.8,-999.0,19.4
144194.1,19.0,19.8,-999.0,19.3
144204.1,19.0,19.8,-999.0,19.3
144214.1,19.0,19.8,-999.0,19.3
144224.1,19.0,19.8,-999.0,19.3
144234.1,19.0,19.7,-999.0,19.3
144244.1,19.2,19.8,-999.0,19.4
144254.2,19.0,19.8,-999.0,19.4
144264.2,19.0,19.7,-999.0,19.5
144274.2,19.1,19.8,-999.0,19.3
144284.2,19.0,19.8,-999.0,19.3
144294.2,19.0,19.7,-999.0,19.3
144304.2,19.0,19.7,-999.0,19.3
144314.2,19.0,19.8,-999.0,19.3
144324.3,19.0,19.8,-999.0,19.3
144334.3,19.0,19.8,-999.0,19.4
144344.3,19.0,19.8,-999.0,19.3
144354.3,19.1,19.8,-999.0,19.3
144364.3,19.3,19.8,-999.0,19.5
144374.4,19.0,19.8,-999.0,19.3
144384.4,19.0,19.7,-999.0,19.5
144394.4,19.0,19.7,-999.0,19.3
144404.4,19.2,19.8,-999.0,19.4
144414.4,19.0,19.8,-999.0,19.3
144424.5,19.2,19.7,-999.0,19.3
144434.5,19.0,19.7,-999.0,19.5
144444.5,19.0,19.8,-999.0,19.4
144454.5,19.1,19.8,-999.0,19.3
144464.5,19.0,19.8,-999.0,19.3
144474.6,19.2,19.7,-999.0,19.3
144484.6,19.1,19.8,-999.0,19.3
144494.6,19.0,19.8,-999.0,19.3
144504.6,19.0,19.8,-999.0,19.3
144514.6,19.2,19.8,-999.0,19.5
144524.6,19.0,19.8,-999.0,19.4
144534.7,19.0,19.8,-999.0,19.5
144544.7,19.2,19.8,-999.0,19.3
144554.7,19.1,19.8,-999.0,19.3
144564.7,19.1,19.8,-999.0,19.3
144574.7,19.2,19.7,-999.0,19.3
144584.8,19.3,19.8,-999.0,19.3
144594.8,19.1,19.7,-999.0,19.3
144604.8,19.0,19.7,-999.0,19.6
144614.8,19.2,19.8,-999.0,19.3
144624.8,19.0,19.8,-999.0,19.5
144634.8,19.3,19.7,-999.0,19.3
144644.8,19.0,19.8,-999.0,19.4
144654.8,19.0,19.8,-999.0,19.3
144664.8,19.1,19.8,-999.0,19.3
144674.8,19.1,19.7,-999.0,19.3
144684.9,19.0,19.7,-999.0,19.3
144694.9,19.0,19.8,-999.0,19.3
144704.9,19.2,19.8,-999.0,19.3
144714.9,19.2,19.8,-999.0,19.5
144724.9,19.0,19.7,-999.0,19.3
144735.0,19.1,19.8,-999.0,19.4
144745.0,19.2,19.7,-999.0,19.3
144755.0,19.0,19.7,-999.0,19.3
144765.0,19.2,19.8,-999.0,19.4
144775.0,19.0,19.8,-999.0,19.3
144785.0,19.2,19.8,-999.0,19.3
144795.0,19.0,19.7,-999.0,19.3
144805.1,19.0,19.8,-999.0,19.3
144815.1,19.2,19.7,-999.0,19.3
144825.1,19.1,19.8,-999.0,19.4
144835.1,19.0,19.7,-999.0,19.3
144845.1,19.0,19.8,-999.0,19.5
144855.2,19.0,19.7,-999.0,19.3
144865.2,19.2,19.8,-999.0,19.3
144875.2,19.0,19.8,-999.0,19.3
144885.2,19.0,19.8,-999.0,19.3
144895.2,19.0,19.7,-999.0,19.3
144905.2,19.0,19.8,-999.0,19.3
144915.2,19.0,19.7,-999.0,19.3
144925.3,19.0,19.8,-999.0,19.3
144935.3,19.0,19.7,-999.0,19.3
144945.3,19.0,19.7,-999.0,19.3
144955.3,19.0,19.7,-999.0,19.3
144965.3,19.0,19.8,-999.0,19.5
144975.4,19.0,19.7,-999.0,19.3
144985.4,19.0,19.8,-999.0,19.5
144995.4,19.0,19.7,-999.0,19.3
145005.4,19.1,19.8,-999.0,19.3
145015.4,19.0,19.8,-999.0,19.5
145025.4,19.2,19.8,-999.0,19.3
145035.4,19.0,19.8,-999.0,19.3
145045.4,19.0,19.7,-999.0,19.5
145055.5,19.0,19.8,-999.0,19.3
145065.5,19.0,19.8,-999.0,19.5
145075.5,19.0,19.8,-999.0,19.4
145085.5,19.0,19.7,-999.0,19.3
145095.5,19.0,19.8,-999.0,19.5
145105.5,19.0,19.8,-999.0,19.3
145115.6,19.0,19.8,-999.0,19.4
145125.6,19.0,19.7,-999.0,19.3
145135.6,19.0,19.8,-999.0,19.3
145145.6,19.2,19.7,-999.0,19.3
145155.6,19.3,19.7,-999.0,19.5
145165.7,19.2,19.8,-999.0,19.3
145175.7,19.0,19.7,-999.0,19.5
145185.7,19.0,19.7,-999.0,19.3
145195.7,19.0,19.7,-999.0,19.3
145205.7,19.0,19.8,-999.0,19.5
145215.8,19.2,19.8,-999.0,19.3
145225.8,19.0,19.7,-999.0,19.3
145235.8,19.1,19.8,-999.0,19.4
145245.8,19.2,19.7,-999.0,19.3
145255.8,19.1,19.8,-999.0,19.3
145265.8,19.0,19.8,-999.0,19.3
145275.9,19.0,19.8,-999.0,19.3
145285.9,19.0,19.7,-999.0,19.3
145295.9,19.0,19.8,-999.0,19.3
145305.9,19.0,19.7,-999.0,19.3
145316.0,19.0,19.8,-999.0,19.3
145326.0,19.2,19.8,-999.0,19.5
145336.0,19.0,19.8,-999.0,19.3
145346.0,19.0,19.7,-999.0,19.3
145356.0,19.2,19.8,-999.0,19.3
145366.0,19.2,19.8,-999.0,19.5
145376.1,19.2,19.8,-999.0,19.5
145386.1,19.3,19.8,-999.0,19.3
145396.1,19.2,19.8,-999.0,19.3
145406.1,19.0,19.8,-999.0,19.5
145416.1,19.3,19.7,-999.0,19.3
145426.2,19.0,19.8,-999.0,19.4
145436.2,19.2,19.8,-999.0,19.3
145446.2,19.0,19.7,-999.0,19.4
145456.2,19.0,19.7,-999.0,19.4
145466.2,19.0,19.8,-999.0,19.5
145476.2,19.2,19.8,-999.0,19.4
145486.3,19.0,19.7,-999.0,19.3
145496.3,19.3,19.8,-999.0,19.4
145506.3,19.1,19.7,-999.0,19.3
145516.3,19.0,19.7,-999.0,19.3
145526.3,19.2,19.8,-999.0,19.3
145536.3,19.1,19.8,-999.0,19.3
145546.4,19.0,19.8,-999.0,19.3
145556.4,19.2,19.8,-999.0,19.3
145566.4,19.2,19.7,-999.0,19.4
145576.4,19.0,19.7,-999.0,19.3
145586.4,19.0,19.8,-999.0,19.5
145596.4,19.2,19.8,-999.0,19.4
145606.5,19.0,19.7,-999.0,19.3
145616.5,19.1,19.8,-999.0,19.4
145626.5,19.0,19.8,-999.0,19.3
145636.6,19.1,19.7,-999.0,19.4
145646.6,19.1,19.8,-999.0,19.4
145656.6,19.0,19.8,-999.0,19.3
145666.6,19.0,19.7,-999.0,19.4
145676.6,19.0,19.7,-999.0,19.3
145686.6,19.0,19.7,-999.0,19.5
145696.7,19.0,19.7,-999.0,19.3
145706.7,19.1,19.7,-999.0,19.3
145716.7,19.2,19.7,-999.0,19.3
145726.7,19.2,19.7,-999.0,19.3
145736.7,19.2,19.8,-999.0,19.3
145746.7,19.0,19.8,-999.0,19.3
145756.7,19.2,19.8,-999.0,19.3
145766.8,19.3,19.7,-999.0,19.3
145776.8,19.1,19.7,-999.0,19.3
145786.8,19.0,19.7,-999.0,19.3
145796.8,19.3,19.7,-999.0,19.4
145806.8,19.0,19.8,-999.0,19.3
145816.8,19.0,19.7,-999.0,19.3
145826.8,19.0,19.7,-999.0,19.3
145836.9,19.0,19.7,-999.0,19.3
145846.9,19.0,19.8,-999.0,19.3
145856.9,19.0,19.7,-999.0,19.4
145866.9,19.2,19.8,-999.0,19.3
145876.9,19.0,19.8,-999.0,19.4
145886.9,19.2,19.7,-999.0,19.3
145896.9,19.2,19.7,-999.0,19.3
145906.9,19.1,19.8,-999.0,19.3
145917.0,19.2,19.8,-999.0,19.3
145927.0,19.0,19.8,-999.0,19.4
145937.0,19.0,19.7,-999.0,19.3
145947.0,19.0,19.8,-999.0,19.3
145957.1,19.1,19.8,-999.0,19.3
145967.1,19.1,19.8,-999.0,19.3
145977.1,19.0,19.8,-999.0,19.3
145987.1,19.0,19.7,-999.0,19.3
145997.1,19.2,19.8,-999.0,19.4
146007.2,19.2,19.7,-999.0,19.4
146017.2,19.0,19.7,-999.0,19.4
146027.2,19.0,19.7,-999.0,19.3
146037.2,19.0,19.8,-999.0,19.3
146047.2,19.0,19.8,-999.0,19.5
146057.2,19.0,19.8,-999.0,19.3
146067.3,19.2,19.7,-999.0,19.4
146077.3,19.2,19.8,-999.0,19.3
146087.3,19.0,19.8,-999.0,19.3
146097.3,19.2,19.7,-999.0,19.3
146107.3,19.0,19.8,-999.0,19.3
146117.3,19.2,19.8,-999.0,19.5
146127.3,19.1,19.7,-999.0,19.3
146137.4,19.0,19.8,-999.0,19.3
146147.4,19.0,19.7,-999.0,19.3
146157.4,19.2,19.7,-999.0,19.3
146167.4,19.0,19.7,-999.0,19.3
146177.4,19.0,19.8,-999.0,19.5
146187.4,19.0,19.7,-999.0,19.3
146197.4,19.2,19.8,-999.0,19.3
146207.5,19.0,19.8,-999.0,19.3
146217.5,19.0,19.8,-999.0,19.3
146227.5,19.0,19.8,-999.0,19.3
146237.5,19.2,19.8,-999.0,19.3
146247.5,19.1,19.7,-999.0,19.4
146257.6,19.0,19.7,-999.0,19.3
146267.6,19.3,19.8,-999.0,19.4
146277.6,19.0,19.7,-999.0,19.4
146287.6,19.0,19.7,-999.0,19.4
146297.6,19.2,19.8,-999.0,19.3
146307.6,19.0,19.7,-999.0,19.4
146317.6,19.0,19.8,-999.0,19.3
146327.7,19.0,19.8,-999.0,19.3
146337.7,19.0,19.8,-999.0,19.3
146347.7,19.1,19.8,-999.0,19.3
146357.7,19.0,19.8,-999.0,19.3
146367.7,19.0,19.8,-999.0,19.3
146377.7,19.3,19.7,-999.0,19.4
146387.8,19.0,19.8,-999.0,19.4
146397.8,19.0,19.7,-999.0,19.3
146407.8,19.0,19.8,-999.0,19.3
146417.8,19.2,19.7,-999.0,19.3
146427.9,19.0,19.8,-999.0,19.3
146437.9,19.1,19.8,-999.0,19.3
146447.9,19.0,19.8,-999.0,19.3
146457.9,19.0,19.7,-999.0,19.3
146467.9,19.0,19.8,-999.0,19.5
146477.9,19.2,19.7,-999.0,19.4
146487.9,19.0,19.7,-999.0,19.4
146498.0,19.0,19.8,-999.0,19.4
146508.0,19.0,19.7,-999.0,19.3
146518.0,19.1,19.8,-999.0,19.5
146528.0,19.2,19.8,-999.0,19.3
146538.0,19.0,19.7,-999.0,19.3
146548.1,19.1,19.8,-999.0,19.3
146558.1,19.2,19.7,-999.0,19.3
146568.1,19.0,19.8,-999.0,19.4
146578.1,19.2,19.8,-999.0,19.3
146588.1,19.0,19.7,-999.0,19.3
146598.1,19.0,19.7,-999.0,19.3
146608.1,19.0,19.7,-999.0,19.3
146618.1,19.1,19.8,-999.0,19.4
146628.2,19.0,19.7,-999.0,19.3
146638.2,19.2,19.7,-999.0,19.3
146648.2,19.0,19.8,-999.0,19.3
146658.2,19.2,19.8,-999.0,19.3
146668.2,19.0,19.8,-999.0,19.3
146678.2,19.0,19.8,-999.0,19.5
146688.3,19.0,19.8,-999.0,19.3
146698.3,19.0,19.8,-999.0,19.3
146708.3,19.0,19.8,-999.0,19.3
146718.3,19.2,19.8,-999.0,19.3
146728.3,19.0,19.7,-999.0,19.3
146738.4,19.0,19.7,-999.0,19.3
146748.4,19.0,19.8,-999.0,19.4
146758.4,19.0,19.8,-999.0,19.4
146768.4,19.0,19.8,-999.0,19.3
146778.4,19.2,19.8,-999.0,19.5
146788.4,19.0,19.8,-999.0,19.3
146798.4,19.0,19.8,-999.0,19.3
146808.4,19.1,19.8,-999.0,19.4
146818.5,19.0,19.7,-999.0,19.4
146828.5,19.0,19.7,-999.0,19.3
146838.5,19.2,19.8,-999.0,19.3
146848.5,19.0,19.8,-999.0,19.3
146858.5,19.0,19.8,-999.0,19.3
146868.5,19.2,19.8,-999.0,19.3
146878.5,19.0,19.8,-999.0,19.3
146888.6,19.2,19.7,-999.0,19.3
146898.6,19.0,19.8,-999.0,19.3
146908.6,19.1,19.7,-999.0,19.3
146918.6,19.0,19.8,-999.0,19.3
146928.6,19.0,19.7,-999.0,19.3
146938.6,19.0,19.7,-999.0,19.3
146948.7,19.0,19.8,-999.0,19.3
146958.7,19.1,19.8,-999.0,19.3
146968.7,19.0,19.8,-999.0,19.5
146978.7,19.2,19.7,-999.0,19.3
146988.7,19.2,19.8,-999.0,19.3
146998.7,19.0,19.8,-999.0,19.3
147008.7,19.0,19.8,-999.0,19.3
147018.7,19.0,19.8,-999.0,19.3
147028.8,19.0,19.7,-999.0,19.4
147038.8,19.0,19.8,-999.0,19.5
147048.8,19.2,19.8,-999.0,19.3
147058.8,19.0,19.7,-999.0,19.3
147068.8,19.0,19.8,-999.0,19.3
147078.8,19.0,19.7,-999.0,19.3
147088.8,19.0,19.8,-999.0,19.4
147098.9,19.2,19.7,-999.0,19.4
147108.9,19.0,19.7,-999.0,19.4
147118.9,19.0,19.8,-999.0,19.3
147128.9,19.2,19.7,-999.0,19.3
147138.9,19.1,19.8,-999.0,19.4
147148.9,19.0,19.8,-999.0,19.3
147159.0,19.2,19.8,-999.0,19.5
147169.0,19.2,19.8,-999.0,19.3
147179.0,19.0,19.8,-999.0,19.3
147189.0,19.0,19.8,-999.0,19.4
147199.0,19.0,19.7,-999.0,19.4
147209.0,19.0,19.7,-999.0,19.3
147219.0,19.0,19.8,-999.0,19.4
147229.1,19.0,19.8,-999.0,19.3
147239.1,19.0,19.7,-999.0,19.3
147249.1,19.3,19.8,-999.0,19.4
147259.1,19.0,19.8,-999.0,19.3
147269.1,19.0,19.7,-999.0,19.4
147279.2,19.0,19.7,-999.0,19.3
147289.2,19.0,19.8,-999.0,19.5
147299.2,19.0,19.8,-999.0,19.3
147309.2,19.2,19.8,-999.0,19.4
147319.2,19.0,19.8,-999.0,19.3
147329.2,19.0,19.8,-999.0,19.5
147339.3,19.0,19.8,-999.0,19.3
147349.3,19.0,19.7,-999.0,19.3
147359.3,19.3,19.8,-999.0,19.3
147369.3,19.0,19.8,-999.0,19.3
147379.3,19.0,19.7,-999.0,19.3
147389.3,19.2,19.8,-999.0,19.3
147399.3,19.0,19.7,-999.0,19.3
147409.4,19.0,19.8,-999.0,19.4
147419.4,19.0,19.7,-999.0,19.5
147429.4,19.0,19.7,-999.0,19.3
147439.4,19.0,19.8,-999.0,19.3
147449.4,19.0,19.7,-999.0,19.3
147459.4,19.0,19.7,-999.0,19.3
147469.5,19.0,19.7,-999.0,19.3
147479.5,19.0,19.8,-999.0,19.3
147489.5,19.0,19.7,-999.0,19.3
147499.5,19.0,19.7,-999.0,19.3
147509.5,19.0,19.7,-999.0,19.3
147519.5,19.2,19.8,-999.0,19.3
147529.5,19.0,19.8,-999.0,19.3
147539.6,19.0,19.8,-999.0,19.5
147549.6,19.0,19.7,-999.0,19.3
147559.6,19.0,19.8,-999.0,19.5
147569.6,19.1,19.7,-999.0,19.4
147579.6,19.3,19.8,-999.0,19.3
147589.7,19.2,19.8,-999.0,19.3
147599.7,19.2,19.7,-999.0,19.3
147609.7,19.0,19.8,-999.0,19.5
147619.7,19.0,19.8,-999.0,19.4
147629.7,19.0,19.8,-999.0,19.3
147639.8,19.1,19.7,-999.0,19.4
147649.8,19.0,19.8,-999.0,19.3
147659.8,19.1,19.7,-999.0,19.3
147669.8,19.0,19.8,-999.0,19.3
147679.8,19.1,19.7,-999.0,19.3
147689.8,19.0,19.8,-999.0,19.3
147699.8,19.0,19.8,-999.0,19.4
147709.9,19.0,19.8,-999.0,19.3
147719.9,19.0,19.7,-999.0,19.3
147729.9,19.2,19.8,-999.0,19.3
147739.9,19.0,19.8,-999.0,19.3
147749.9,19.0,19.8,-999.0,19.5
147759.9,19.2,19.8,-999.0,19.4
147770.0,19.1,19.7,-999.0,19.3
147780.0,19.0,19.7,-999.0,19.3
147790.0,19.0,19.7,-999.0,19.3
147800.0,19.0,19.7,-999.0,19.3
147810.0,19.1,19.7,-999.0,19.5
147820.0,19.0,19.8,-999.0,19.5
147830.0,19.0,19.7,-999.0,19.3
147840.1,19.2,19.7,-999.0,19.4
147850.1,19.0,19.7,-999.0,19.3
147860.1,19.3,19.7,-999.0,19.3
147870.1,19.2,19.8,-999.0,19.3
147880.1,19.2,19.7,-999.0,19.6
147890.2,19.0,19.8,-999.0,19.3
147900.2,19.0,19.7,-999.0,19.3
147910.2,19.0,19.8,-999.0,19.5
147920.2,19.2,19.7,-999.0,19.3
147930.2,19.2,19.8,-999.0,19.3
147940.2,19.0,19.8,-999.0,19.3
147950.3,19.0,19.8,-999.0,19.4
147960.3,19.0,19.8,-999.0,19.3
147970.3,19.2,19.8,-999.0,19.3
147980.3,19.0,19.8,-999.0,19.4
147990.4,19.0,19.7,-999.0,19.3
148000.4,19.0,19.8,-999.0,19.5
148010.4,19.1,19.8,-999.0,19.3
148020.4,19.0,19.8,-999.0,19.5
148030.5,19.0,19.8,-999.0,19.5
148040.5,19.0,19.7,-999.0,19.3
148050.5,19.0,19.8,-999.0,19.3
148060.5,19.0,19.8,-999.0,19.3
148070.5,19.2,19.7,-999.0,19.3
148080.6,19.0,19.7,-999.0,19.3
148090.6,19.0,19.8,-999.0,19.6
148100.6,19.0,19.7,-999.0,19.3
148110.6,19.1,19.7,-999.0,19.3
148120.6,19.1,19.7,-999.0,19.3
148130.6,19.2,19.8,-999.0,19.4
148140.7,19.2,19.8,-999.0,19.3
148150.7,19.0,19.7,-999.0,19.3
148160.7,19.2,19.7,-999.0,19.4
148170.7,19.0,19.8,-999.0,19.3
148180.7,19.0,19.8,-999.0,19.3
148190.7,19.0,19.8,-999.0,19.3
148200.8,19.2,19.8,-999.0,19.5
148210.8,19.2,19.7,-999.0,19.3
148220.8,19.0,19.7,-999.0,19.3
148230.8,19.0,19.7,-999.0,19.3
148240.8,19.0,19.7,-999.0,19.3
148250.9,19.0,19.8,-999.0,19.3
148260.9,19.0,19.8,-999.0,19.3
148270.9,19.2,19.7,-999.0,19.4
148280.9,19.1,19.8,-999.0,19.4
148290.9,19.0,19.8,-999.0,19.3
148300.9,19.0,19.8,-999.0,19.5
148311.0,19.0,19.8,-999.0,19.3
148321.0,19.0,19.7,-999.0,19.5
148331.0,19.0,19.8,-999.0,19.3
148341.0,19.2,19.7,-999.0,19.3
148351.0,19.0,19.8,-999.0,19.5
148361.0,19.2,19.8,-999.0,19.3
148371.0,19.2,19.8,-999.0,19.3
148381.1,19.0,19.7,-999.0,19.3
148391.1,19.0,19.7,-999.0,19.5
148401.1,19.0,19.8,-999.0,19.5
148411.1,19.2,19.7,-999.0,19.3
148421.2,19.1,19.8,-999.0,19.3
148431.2,19.2,19.8,-999.0,19.3
148441.2,19.0,19.7,-999.0,19.3
148451.2,19.0,19.8,-999.0,19.5
148461.2,19.0,19.8,-999.0,19.4
148471.2,19.0,19.8,-999.0,19.3
148481.2,19.2,19.7,-999.0,19.3
148491.3,19.0,19.7,-999.0,19.3
148501.3,19.2,19.8,-999.0,19.3
148511.3,19.2,19.7,-999.0,19.3
148521.3,19.2,19.8,-999.0,19.3
148531.3,19.0,19.7,-999.0,19.3
148541.3,19.0,19.7,-999.0,19.3
148551.3,19.0,19.8,-999.0,19.3
148561.4,19.0,19.7,-999.0,19.3
148571.4,19.0,19.8,-999.0,19.5
148581.4,19.0,19.8,-999.0,19.3
148591.4,19.2,19.8,-999.0,19.3
148601.4,19.0,19.8,-999.0,19.3
148611.4,19.2,19.8,-999.0,19.3
148621.5,19.0,19.7,-999.0,19.3
148631.5,19.0,19.8,-999.0,19.3
148641.5,19.0,19.8,-999.0,19.5
148651.5,19.0,19.7,-999.0,19.3
148661.5,19.0,19.8,-999.0,19.3
148671.5,19.2,19.7,-999.0,19.3
148681.5,19.1,19.8,-999.0,19.3
148691.6,19.0,19.8,-999.0,19.3
148701.6,19.2,19.8,-999.0,19.3
148711.6,19.0,19.7,-999.0,19.3
148721.6,19.0,19.8,-999.0,19.3
148731.7,19.2,19.8,-999.0,19.5
148741.7,19.1,19.8,-999.0,19.3
148751.7,19.0,19.8,-999.0,19.3
148761.7,19.1,19.8,-999.0,19.5
148771.7,19.0,19.8,-999.0,19.3
148781.7,19.0,19.7,-999.0,19.4
148791.8,19.0,19.7,-999.0,19.3
148801.8,19.0,19.8,-999.0,19.3
148811.8,19.0,19.8,-999.0,19.5
148821.8,19.0,19.8,-999.0,19.3
148831.8,19.0,19.8,-999.0,19.3
148841.8,19.0,19.8,-999.0,19.4
148851.8,19.1,19.7,-999.0,19.4
148861.8,19.0,19.7,-999.0,19.3
148871.9,19.2,19.8,-999.0,19.3
148881.9,19.2,19.7,-999.0,19.3
148891.9,19.0,19.7,-999.0,19.3
148901.9,19.0,19.8,-999.0,19.4
148911.9,19.2,19.8,-999.0,19.3
148921.9,19.0,19.8,-999.0,19.3
148932.0,19.0,19.8,-999.0,19.3
148942.0,19.0,19.7,-999.0,19.3
148952.0,19.0,19.8,-999.0,19.3
148962.0,19.2,19.7,-999.0,19.3
148972.0,19.0,19.8,-999.0,19.3
148982.0,19.0,19.7,-999.0,19.3
148992.0,19.0,19.8,-999.0,19.5
149002.1,19.0,19.7,-999.0,19.3
149012.1,19.0,19.7,-999.0,19.3
149022.1,19.1,19.8,-999.0,19.4
149032.1,19.0,19.7,-999.0,19.3
149042.1,19.0,19.7,-999.0,19.3
149052.1,19.0,19.8,-999.0,19.3
149062.1,19.1,19.7,-999.0,19.3
149072.1,19.0,19.7,-999.0,19.3
149082.2,19.1,19.7,-999.0,19.3
149092.2,19.0,19.8,-999.0,19.5
149102.2,19.0,19.7,-999.0,19.3
149112.2,19.0,19.7,-999.0,19.3
149122.2,19.1,19.8,-999.0,19.5
149132.2,19.2,19.8,-999.0,19.3
149142.2,19.2,19.7,-999.0,19.6
149152.3,19.0,19.8,-999.0,19.3
149162.3,19.0,19.8,-999.0,19.4
149172.3,19.0,19.7,-999.0,19.3
149182.3,19.0,19.7,-999.0,19.3
149192.3,19.0,19.8,-999.0,19.3
149202.4,19.0,19.7,-999.0,19.3
149212.4,19.1,19.8,-999.0,19.4
149222.4,19.0,19.8,-999.0,19.5
149232.4,19.0,19.8,-999.0,19.3
149242.4,19.0,19.8,-999.0,19.4
149252.4,19.0,19.7,-999.0,19.3
149262.5,19.0,19.7,-999.0,19.4
149272.5,19.0,19.7,-999.0,19.3
149282.5,19.2,19.8,-999.0,19.4
149292.5,19.0,19.8,-999.0,19.5
149302.5,19.0,19.8,-999.0,19.3
149312.5,19.0,19.8,-999.0,19.5
149322.5,19.0,19.7,-999.0,19.3
149332.6,19.0,19.8,-999.0,19.3
149342.6,19.0,19.7,-999.0,19.3
149352.6,19.1,19.7,-999.0,19.3
149362.6,19.0,19.8,-999.0,19.3
149372.6,19.0,19.7,-999.0,19.3
149382.6,19.2,19.8,-999.0,19.5
149392.6,19.0,19.8,-999.0,19.5
149402.6,19.1,19.7,-999.0,19.3
149412.7,19.2,19.8,-999.0,19.3
149422.7,19.0,19.8,-999.0,19.3
149432.7,19.1,19.7,-999.0,19.3
149442.7,19.2,19.8,-999.0,19.3
149452.7,19.0,19.7,-999.0,19.3
149462.7,19.0,19.8,-999.0,19.3
149472.8,19.0,19.7,-999.0,19.3
149482.8,19.1,19.8,-999.0,19.4
149492.8,19.2,19.7,-999.0,19.3
149502.8,19.1,19.8,-999.0,19.3
149512.8,19.0,19.7,-999.0,19.3
149522.8,19.2,19.8,-999.0,19.3
149532.8,19.0,19.7,-999.0,19.3
149542.8,19.1,19.7,-999.0,19.3
149552.9,19.0,19.7,-999.0,19.3
149562.9,19.1,19.7,-999.0,19.3
149572.9,19.0,19.7,-999.0,19.5
149582.9,19.0,19.8,-999.0,19.5
149592.9,19.0,19.7,-999.0,19.3
149603.0,19.0,19.8,-999.0,19.3
149613.0,19.0,19.8,-999.0,19.4
149623.0,19.0,19.8,-999.0,19.3
149633.0,19.0,19.7,-999.0,19.3
149643.0,19.0,19.7,-999.0,19.3
149653.0,19.0,19.7,-999.0,19.5
149663.0,19.0,19.7,-999.0,19.3
149673.0,19.0,19.8,-999.0,19.4
149683.1,19.2,19.7,-999.0,19.3
149693.1,19.1,19.8,-999.0,19.5
149703.1,19.1,19.8,-999.0,19.3
149713.1,19.1,19.7,-999.0,19.3
149723.1,19.2,19.8,-999.0,19.5
149733.1,19.2,19.8,-999.0,19.4
149743.2,19.1,19.7,-999.0,19.3
149753.2,19.0,19.8,-999.0,19.3
149763.2,19.2,19.8,-999.0,19.3
149773.2,19.1,19.7,-999.0,19.3
149783.2,19.0,19.7,-999.0,19.3
149793.2,19.3,19.8,-999.0,19.4
149803.3,19.2,19.8,-999.0,19.3
149813.3,19.1,19.7,-999.0,19.3
149823.3,19.2,19.7,-999.0,19.3
149833.3,19.0,19.7,-999.0,19.3
149843.3,19.0,19.7,-999.0,19.4
149853.3,19.0,19.7,-999.0,19.3
149863.3,19.0,19.8,-999.0,19.4
149873.3,19.0,19.7,-999.0,19.3
149883.4,19.0,19.8,-999.0,19.5
149893.4,19.0,19.7,-999.0,19.3
149903.4,19.1,19.8,-999.0,19.3
149913.4,19.0,19.7,-999.0,19.3
149923.4,19.0,19.8,-999.0,19.3
149933.4,19.0,19.8,-999.0,19.3
149943.4,19.2,19.8,-999.0,19.4
149953.5,19.0,19.8,-999.0,19.5
149963.5,19.0,19.7,-999.0,19.4
149973.5,19.2,19.8,-999.0,19.3
149983.5,19.1,19.7,-999.0,19.3
149993.5,19.0,19.8,-999.0,19.3
150003.5,19.2,19.8,-999.0,19.3
150013.6,19.0,19.7,-999.0,19.4
150023.6,19.1,19.7,-999.0,19.3
150033.6,19.1,19.8,-999.0,19.5
150043.6,19.0,19.8,-999.0,19.4
150053.6,19.0,19.8,-999.0,19.5
150063.6,19.3,19.7,-999.0,19.3
150073.7,19.0,19.8,-999.0,19.5
150083.7,19.1,19.7,-999.0,19.4
150093.7,19.0,19.8,-999.0,19.3
150103.7,19.0,19.8,-999.0,19.3
150113.7,19.1,19.8,-999.0,19.3
150123.7,19.1,19.8,-999.0,19.3
150133.7,19.0,19.8,-999.0,19.4
150143.7,19.2,19.7,-999.0,19.5
150153.8,19.0,19.8,-999.0,19.3
150163.8,19.0,19.7,-999.0,19.3
150173.8,19.0,19.8,-999.0,19.5
150183.8,19.0,19.8,-999.0,19.3
150193.8,19.2,19.8,-999.0,19.5
150203.8,19.2,19.8,-999.0,19.5
150213.9,19.0,19.7,-999.0,19.3
150223.9,19.2,19.8,-999.0,19.3
150233.9,19.0,19.7,-999.0,19.3
150243.9,19.2,19.8,-999.0,19.5
150254.0,19.1,19.7,-999.0,19.3
150264.0,19.2,19.7,-999.0,19.4
150274.0,19.0,19.8,-999.0,19.5
150284.0,19.0,19.7,-999.0,19.3
150294.0,19.2,19.8,-999.0,19.4
150304.0,19.0,19.8,-999.0,19.4
150314.0,19.0,19.7,-999.0,19.3
150324.0,19.0,19.8,-999.0,19.3
150334.0,19.0,19.8,-999.0,19.3
150344.1,19.0,19.8,-999.0,19.4
150354.1,19.2,19.8,-999.0,19.3
150364.1,19.0,19.8,-999.0,19.5
150374.1,19.2,19.8,-999.0,19.4
150384.1,19.0,19.8,-999.0,19.3
150394.1,19.0,19.7,-999.0,19.3
150404.2,19.1,19.8,-999.0,19.3
150414.2,19.2,19.7,-999.0,19.3
150424.2,19.0,19.7,-999.0,19.5
150434.2,19.0,19.8,-999.0,19.4
150444.2,19.0,19.8,-999.0,19.3
150454.2,19.0,19.7,-999.0,19.5
150464.2,19.0,19.7,-999.0,19.3
150474.3,19.0,19.8,-999.0,19.3
150484.3,19.0,19.8,-999.0,19.5
150494.3,19.0,19.8,-999.0,19.3
150504.3,19.2,19.7,-999.0,19.3
150514.3,19.0,19.7,-999.0,19.3
150524.4,19.0,19.8,-999.0,19.5
150534.4,19.1,19.7,-999.0,19.4
150544.4,19.1,19.8,-999.0,19.3
150554.4,19.3,19.7,-999.0,19.3
150564.4,19.0,19.8,-999.0,19.3
150574.5,19.2,19.8,-999.0,19.5
150584.5,19.0,19.7,-999.0,19.4
150594.5,19.0,19.8,-999.0,19.4
150604.5,19.0,19.8,-999.0,19.3
150614.5,19.0,19.7,-999.0,19.3
150624.5,19.0,19.8,-999.0,19.3
150634.6,19.0,19.7,-999.0,19.3
150644.6,19.0,19.7,-999.0,19.3
150654.6,19.0,19.8,-999.0,19.3
150664.6,19.2,19.7,-999.0,19.5
150674.6,19.2,19.7,-999.0,19.3
150684.6,19.0,19.8,-999.0,19.3
150694.6,19.0,19.7,-999.0,19.3
150704.7,19.3,19.8,-999.0,19.4
150714.7,19.2,19.7,-999.0,19.3
150724.7,19.0,19.7,-999.0,19.3
150734.7,19.0,19.8,-999.0,19.4
150744.7,19.0,19.7,-999.0,19.5
150754.7,19.0,19.8,-999.0,19.3
150764.8,19.0,19.7,-999.0,19.4
150774.8,19.0,19.8,-999.0,19.3
150784.8,19.2,19.7,-999.0,19.3
150794.8,19.0,19.7,-999.0,19.3
150804.8,19.2,19.8,-999.0,19.3
150814.8,19.0,19.7,-999.0,19.3
150824.8,19.2,19.7,-999.0,19.3
150834.9,19.0,19.8,-999.0,19.3
150844.9,19.2,19.8,-999.0,19.4
150854.9,19.0,19.8,-999.0,19.4
150864.9,19.0,19.8,-999.0,19.5
150874.9,19.0,19.8,-999.0,19.4
150884.9,19.0,19.8,-999.0,19.3
150894.9,19.0,19.8,-999.0,19.5
150905.0,19.2,19.7,-999.0,19.3
150915.0,19.0,19.7,-999.0,19.3
150925.0,19.0,19.8,-999.0,19.5
150935.0,19.0,19.7,-999.0,19.3
150945.0,19.2,19.7,-999.0,19.3
150955.1,19.2,19.7,-999.0,19.3
150965.1,19.0,19.8,-999.0,19.3
150975.1,19.0,19.7,-999.0,19.3
150985.1,19.2,19.7,-999.0,19.3
150995.1,19.0,19.7,-999.0,19.3
151005.2,19.0,19.8,-999.0,19.3
151015.2,19.2,19.8,-999.0,19.3
151025.2,19.0,19.8,-999.0,19.4
151035.2,19.0,19.8,-999.0,19.4
151045.2,19.0,19.7,-999.0,19.3
151055.3,19.0,19.8,-999.0,19.4
151065.3,19.0,19.7,-999.0,19.3
151075.3,19.1,19.7,-999.0,19.4
151085.3,19.0,19.8,-999.0,19.3
151095.3,19.2,19.8,-999.0,19.3
151105.3,19.1,19.7,-999.0,19.4
151115.4,19.2,19.7,-999.0,19.3
151125.4,19.2,19.7,-999.0,19.3
151135.4,19.2,19.7,-999.0,19.3
151145.4,19.0,19.8,-999.0,19.4
151155.4,19.0,19.8,-999.0,19.3
151165.4,19.0,19.7,-999.0,19.3
151175.5,19.2,19.8,-999.0,19.5
151185.5,19.1,19.7,-999.0,19.3
151195.5,19.0,19.8,-999.0,19.5
151205.5,19.2,19.8,-999.0,19.4
151215.5,19.0,19.8,-999.0,19.3
151225.6,19.0,19.8,-999.0,19.3
151235.6,19.0,19.8,-999.0,19.4
151245.6,19.0,19.7,-999.0,19.3
151255.6,19.0,19.7,-999.0,19.3
151265.6,19.2,19.8,-999.0,19.5
151275.7,19.0,19.8,-999.0,19.3
151285.7,19.0,19.8,-999.0,19.5
151295.7,19.0,19.8,-999.0,19.3
151305.7,19.2,19.7,-999.0,19.3
151315.7,19.0,19.8,-999.0,19.5
151325.8,19.2,19.7,-999.0,19.3
151335.8,19.0,19.7,-999.0,19.3
151345.8,19.0,19.8,-999.0,19.3
151355.8,19.0,19.8,-999.0,19.3
151365.8,19.0,19.8,-999.0,19.4
151375.8,19.1,19.8,-999.0,19.3
151385.8,19.2,19.7,-999.0,19.4
151395.9,19.0,19.7,-999.0,19.3
151405.9,19.0,19.7,-999.0,19.3
151415.9,19.2,19.7,-999.0,19.3
151425.9,19.0,19.7,-999.0,19.3
151435.9,19.2,19.7,-999.0,19.3
151445.9,19.0,19.8,-999.0,19.3
151456.0,19.0,19.8,-999.0,19.4
151466.0,19.0,19.7,-999.0,19.3
151476.0,19.0,19.8,-999.0,19.5
151486.0,19.0,19.8,-999.0,19.3
151496.0,19.1,19.7,-999.0,19.3
151506.0,19.2,19.8,-999.0,19.3
151516.0,19.0,19.7,-999.0,19.3
151526.1,19.0,19.8,-999.0,19.4
151536.1,19.0,19.7,-999.0,19.5
151546.1,19.0,19.8,-999.0,19.5
151556.1,19.2,19.8,-999.0,19.4
151566.1,19.0,19.8,-999.0,19.3
151576.1,19.0,19.7,-999.0,19.3
151586.1,19.0,19.7,-999.0,19.3
151596.2,19.0,19.8,-999.0,19.3
151606.2,19.0,19.8,-999.0,19.3
151616.2,19.2,19.7,-999.0,19.3
151626.2,19.0,19.7,-999.0,19.4
151636.3,19.0,19.7,-999.0,19.3
151646.3,19.0,19.8,-999.0,19.5
151656.3,19.0,19.8,-999.0,19.3
151666.3,19.2,19.7,-999.0,19.3
151676.3,19.0,19.8,-999.0,19.5
151686.4,19.0,19.8,-999.0,19.3
151696.4,19.0,19.8,-999.0,19.5
151706.4,19.2,19.7,-999.0,19.3
151716.4,19.0,19.8,-999.0,19.3
151726.4,19.1,19.8,-999.0,19.4
151736.4,19.2,19.7,-999.0,19.3
151746.5,19.0,19.7,-999.0,19.3
151756.5,19.0,19.8,-999.0,19.3
151766.5,19.0,19.8,-999.0,19.3
151776.5,19.0,19.7,-999.0,19.3
151786.5,19.2,19.7,-999.0,19.3
151796.5,19.3,19.8,-999.0,19.4
151806.5,19.0,19.7,-999.0,19.3
151816.6,19.2,19.8,-999.0,19.3
151826.6,19.0,19.8,-999.0,19.3
151836.6,19.2,19.7,-999.0,19.4
151846.6,19.0,19.8,-999.0,19.3
151856.6,19.2,19.7,-999.0,19.5
151866.7,19.0,19.8,-999.0,19.4
151876.7,19.0,19.8,-999.0,19.3
151886.7,19.2,19.7,-999.0,19.4
151896.8,19.0,19.8,-999.0,19.3
151906.8,19.0,19.8,-999.0,19.3
151916.8,19.2,19.8,-999.0,19.5
151926.8,19.0,19.7,-999.0,19.4
151936.8,19.0,19.8,-999.0,19.3
151946.8,19.2,19.7,-999.0,19.4
151956.8,19.2,19.7,-999.0,19.3
151966.9,19.0,19.8,-999.0,19.4
151976.9,19.0,19.8,-999.0,19.5
151986.9,19.0,19.8,-999.0,19.3
151996.9,19.2,19.8,-999.0,19.3
152006.9,19.0,19.7,-999.0,19.3
152017.0,19.0,19.7,-999.0,19.3
152027.0,19.0,19.7,-999.0,19.3
152037.0,19.2,19.8,-999.0,19.6
152047.0,19.2,19.7,-999.0,19.3
152057.0,19.0,19.8,-999.0,19.3
152067.0,19.1,19.7,-999.0,19.3
152077.1,19.0,19.7,-999.0,19.3
152087.1,19.0,19.8,-999.0,19.3
152097.1,19.1,19.8,-999.0,19.3
152107.1,19.0,19.8,-999.0,19.3
152117.1,19.0,19.8,-999.0,19.5
152127.1,19.0,19.7,-999.0,19.3
152137.2,19.0,19.8,-999.0,19.4
152147.2,19.2,19.8,-999.0,19.3
152157.2,19.3,19.8,-999.0,19.5
152167.2,19.0,19.8,-999.0,19.3
152177.2,19.3,19.8,-999.0,19.5
152187.3,19.0,19.7,-999.0,19.3
152197.3,19.2,19.7,-999.0,19.3
152207.3,19.0,19.8,-999.0,19.3
152217.3,19.0,19.8,-999.0,19.3
152227.3,19.0,19.7,-999.0,19.3
152237.4,19.0,19.7,-999.0,19.3
152247.4,19.0,19.8,-999.0,19.5
152257.4,19.2,19.8,-999.0,19.5
152267.4,19.1,19.7,-999.0,19.3
152277.4,19.0,19.7,-999.0,19.3
152287.4,19.0,19.7,-999.0,19.3
152297.4,19.0,19.8,-999.0,19.3
152307.4,19.0,19.8,-999.0,19.4
152317.4,19.0,19.8,-999.0,19.5
152327.5,19.0,19.8,-999.0,19.5
152337.5,19.0,19.8,-999.0,19.3
152347.5,19.0,19.8,-999.0,19.5
152357.5,19.0,19.8,-999.0,19.3
152367.5,19.0,19.7,-999.0,19.3
152377.5,19.0,19.8,-999.0,19.3
152387.6,19.0,19.8,-999.0,19.5
152397.6,19.0,19.8,-999.0,19.3
152407.6,19.0,19.7,-999.0,19.3
152417.6,19.2,19.7,-999.0,19.3
152427.6,19.0,19.7,-999.0,19.3
152437.6,19.0,19.8,-999.0,19.3
152447.7,19.2,19.8,-999.0,19.3
152457.7,19.2,19.7,-999.0,19.3
152467.7,19.0,19.8,-999.0,19.3
152477.7,19.0,19.8,-999.0,19.3
152487.7,19.0,19.7,-999.0,19.5
152497.8,19.0,19.7,-999.0,19.3
152507.8,19.2,19.8,-999.0,19.4
152517.8,19.0,19.8,-999.0,19.4
152527.8,19.2,19.7,-999.0,19.4
152537.8,19.1,19.7,-999.0,19.4
152547.8,19.0,19.8,-999.0,19.5
152557.8,19.0,19.8,-999.0,19.3
152567.9,19.2,19.7,-999.0,19.3
152577.9,19.0,19.7,-999.0,19.3
152587.9,19.0,19.7,-999.0,19.3
152597.9,19.2,19.8,-999.0,19.3
152607.9,19.0,19.7,-999.0,19.4
152617.9,19.2,19.7,-999.0,19.3
152628.0,19.0,19.7,-999.0,19.3
152638.0,19.0,19.8,-999.0,19.5
152648.0,19.2,19.8,-999.0,19.3
152658.0,19.0,19.8,-999.0,19.4
152668.0,19.0,19.8,-999.0,19.3
152678.0,19.2,19.7,-999.0,19.3
152688.0,19.2,19.8,-999.0,19.3
152698.0,19.0,19.7,-999.0,19.4
152708.0,19.0,19.8,-999.0,19.3
152718.1,19.0,19.8,-999.0,19.5
152728.1,19.0,19.8,-999.0,19.3
152738.1,19.0,19.7,-999.0,19.3
152748.1,19.0,19.8,-999.0,19.3
152758.2,19.2,19.7,-999.0,19.3
152768.2,19.1,19.8,-999.0,19.3
152778.2,19.0,19.8,-999.0,19.4
152788.2,19.0,19.7,-999.0,19.4
152798.2,19.2,19.7,-999.0,19.3
152808.2,19.1,19.7,-999.0,19.3
152818.3,19.0,19.8,-999.0,19.5
152828.3,19.2,19.8,-999.0,19.4
152838.3,19.1,19.7,-999.0,19.3
152848.3,19.0,19.7,-999.0,19.3
152858.3,19.0,19.8,-999.0,19.3
152868.4,19.0,19.8,-999.0,19.4
152878.4,19.2,19.7,-999.0,19.3
152888.4,19.1,19.7,-999.0,19.3
152898.4,19.0,19.8,-999.0,19.6
152908.4,19.0,19.7,-999.0,19.3
152918.5,19.0,19.8,-999.0,19.5
152928.5,19.1,19.7,-999.0,19.3
152938.5,19.0,19.8,-999.0,19.6
152948.5,19.2,19.8,-999.0,19.4
152958.5,19.0,19.8,-999.0,19.3
152968.5,19.0,19.8,-999.0,19.4
152978.5,19.0,19.8,-999.0,19.5
152988.6,19.1,19.7,-999.0,19.3
152998.6,19.0,19.8,-999.0,19.3
153008.6,19.0,19.8,-999.0,19.5
153018.6,19.2,19.8,-999.0,19.3
153028.6,19.0,19.7,-999.0,19.3
153038.7,19.2,19.8,-999.0,19.3
153048.7,19.0,19.8,-999.0,19.3
153058.7,19.2,19.7,-999.0,19.3
153068.7,19.0,19.8,-999.0,19.3
153078.7,19.0,19.8,-999.0,19.3
153088.8,19.1,19.7,-999.0,19.4
153098.8,19.0,19.8,-999.0,19.3
153108.8,19.1,19.7,-999.0,19.4
153118.8,19.2,19.7,-999.0,19.3
153128.8,19.0,19.8,-999.0,19.3
153138.9,19.0,19.8,-999.0,19.5
153148.9,19.0,19.7,-999.0,19.3
153158.9,19.2,19.7,-999.0,19.5
153168.9,19.2,19.7,-999.0,19.3
153178.9,19.0,19.7,-999.0,19.3
153188.9,19.1,19.7,-999.0,19.3
153199.0,19.0,19.8,-999.0,19.3
153209.0,19.0,19.8,-999.0,19.3
153219.0,19.0,19.8,-999.0,19.3
153229.0,19.0,19.8,-999.0,19.3
153239.0,19.0,19.8,-999.0,19.3
153249.0,19.0,19.8,-999.0,19.3
153259.1,19.0,19.8,-999.0,19.5
153269.1,19.3,19.8,-999.0,19.3
153279.1,19.2,19.8,-999.0,19.4
153289.1,19.0,19.7,-999.0,19.3
153299.1,19.0,19.7,-999.0,19.3
153309.1,19.0,19.8,-999.0,19.3
153319.1,19.0,19.7,-999.0,19.3
153329.2,19.2,19.7,-999.0,19.3
153339.2,19.0,19.8,-999.0,19.5
153349.2,19.0,19.8,-999.0,19.4
153359.2,19.0,19.8,-999.0,19.5
153369.2,19.0,19.7,-999.0,19.4
153379.2,19.1,19.8,-999.0,19.5
153389.2,19.0,19.8,-999.0,19.3
153399.3,19.0,19.8,-999.0,19.5
153409.3,19.2,19.7,-999.0,19.3
153419.3,19.0,19.8,-999.0,19.3
153429.3,19.2,19.7,-999.0,19.3
153439.3,19.0,19.8,-999.0,19.4
153449.4,19.0,19.7,-999.0,19.3
153459.4,19.0,19.7,-999.0,19.3
153469.4,19.0,19.7,-999.0,19.3
153479.4,19.0,19.8,-999.0,19.3
153489.5,19.0,19.8,-999.0,19.3
153499.5,19.0,19.7,-999.0,19.4
153509.5,19.0,19.8,-999.0,19.3
153519.5,19.0,19.8,-999.0,19.5
153529.5,19.0,19.8,-999.0,19.3
153539.5,19.0,19.8,-999.0,19.5
153549.6,19.0,19.7,-999.0,19.3
153559.6,19.0,19.8,-999.0,19.5
153569.6,19.2,19.8,-999.0,19.3
153579.6,19.0,19.8,-999.0,19.4
153589.7,19.0,19.8,-999.0,19.3
153599.7,19.0,19.8,-999.0,19.3
153609.7,19.0,19.8,-999.0,19.4
153619.7,19.0,19.7,-999.0,19.3
153629.7,19.0,19.7,-999.0,19.4
153639.7,19.1,19.7,-999.0,19.3
153649.7,19.2,19.8,-999.0,19.3
153659.8,19.3,19.8,-999.0,19.4
153669.8,19.0,19.8,-999.0,19.5
153679.8,19.2,19.8,-999.0,19.3
153689.8,19.0,19.8,-999.0,19.5
153699.8,19.0,19.8,-999.0,19.3
153709.8,19.2,19.8,-999.0,19.3
153719.9,19.0,19.8,-999.0,19.5
153729.9,19.0,19.8,-999.0,19.3
153739.9,19.2,19.7,-999.0,19.3
153749.9,19.0,19.8,-999.0,19.3
153759.9,19.0,19.7,-999.0,19.5
153769.9,19.0,19.7,-999.0,19.4
153780.0,19.2,19.7,-999.0,19.3
153790.0,19.0,19.8,-999.0,19.3
153800.0,19.0,19.7,-999.0,19.3
153810.0,19.1,19.8,-999.0,19.4
153820.0,19.0,19.7,-999.0,19.3
153830.0,19.0,19.7,-999.0,19.3
153840.1,19.0,19.8,-999.0,19.3
153850.1,19.0,19.8,-999.0,19.3
153860.1,19.1,19.7,-999.0,19.3
153870.1,19.0,19.7,-999.0,19.3
153880.1,19.2,19.7,-999.0,19.5
153890.1,19.0,19.8,-999.0,19.3
153900.2,19.2,19.8,-999.0,19.4
153910.2,19.0,19.7,-999.0,19.3
153920.2,19.2,19.7,-999.0,19.4
153930.2,19.1,19.7,-999.0,19.3
153940.2,19.0,19.8,-999.0,19.3
153950.2,19.0,19.8,-999.0,19.4
153960.2,19.0,19.8,-999.0,19.3
153970.3,19.0,19.8,-999.0,19.3
153980.3,19.0,19.8,-999.0,19.3
153990.3,19.0,19.8,-999.0,19.5
154000.3,19.0,19.8,-999.0,19.3
154010.3,19.0,19.8,-999.0,19.3
154020.3,19.0,19.7,-999.0,19.3
154030.3,19.1,19.7,-999.0,19.3
154040.4,19.0,19.7,-999.0,19.3
154050.4,19.0,19.7,-999.0,19.3
154060.4,19.0,19.7,-999.0,19.3
154070.4,19.0,19.7,-999.0,19.3
154080.4,19.0,19.8,-999.0,19.3
154090.5,19.0,19.8,-999.0,19.5
154100.5,19.0,19.7,-999.0,19.3
154110.5,19.0,19.8,-999.0,19.3
154120.5,19.0,19.8,-999.0,19.4
154130.5,19.0,19.7,-999.0,19.3
154140.5,19.0,19.8,-999.0,19.3
154150.6,19.0,19.8,-999.0,19.3
154160.6,19.0,19.8,-999.0,19.3
154170.6,19.0,19.7,-999.0,19.3
154180.6,19.1,19.7,-999.0,19.3
154190.7,19.0,19.8,-999.0,19.5
154200.7,19.0,19.8,-999.0,19.5
154210.7,19.1,19.7,-999.0,19.3
154220.7,19.0,19.7,-999.0,19.3
154230.7,19.0,19.7,-999.0,19.3
154240.7,19.0,19.7,-999.0,19.3
154250.7,19.0,19.7,-999.0,19.3
154260.8,19.1,19.8,-999.0,19.5
154270.8,19.0,19.8,-999.0,19.3
154280.8,19.0,19.8,-999.0,19.3
154290.8,19.0,19.7,-999.0,19.4
154300.9,19.0,19.7,-999.0,19.3
154310.9,19.1,19.7,-999.0,19.3
154320.9,19.0,19.8,-999.0,19.3
154330.9,19.2,19.7,-999.0,19.3
154340.9,19.0,19.8,-999.0,19.5
154350.9,19.0,19.8,-999.0,19.4
154360.9,19.1,19.8,-999.0,19.3
154371.0,19.0,19.8,-999.0,19.5
154381.0,19.0,19.8,-999.0,19.3
154391.0,19.2,19.7,-999.0,19.3
154401.0,19.2,19.8,-999.0,19.3
154411.0,19.0,19.7,-999.0,19.3
154421.0,19.0,19.8,-999.0,19.3
154431.0,19.0,19.7,-999.0,19.5
154441.0,19.0,19.8,-999.0,19.3
154451.1,19.0,19.8,-999.0,19.5
154461.1,19.0,19.8,-999.0,19.3
154471.1,19.2,19.8,-999.0,19.3
154481.1,19.2,19.7,-999.0,19.3
154491.1,19.0,19.8,-999.0,19.3
154501.1,19.0,19.8,-999.0,19.3
154511.2,19.2,19.8,-999.0,19.5
154521.2,19.0,19.7,-999.0,19.3
154531.2,19.0,19.8,-999.0,19.5
154541.2,19.0,19.8,-999.0,19.3
154551.2,19.0,19.7,-999.0,19.3
154561.3,19.0,19.8,-999.0,19.3
154571.3,19.0,19.7,-999.0,19.3
154581.3,19.2,19.7,-999.0,19.4
154591.3,19.0,19.7,-999.0,19.3
154601.3,19.0,19.8,-999.0,19.3
154611.4,19.0,19.8,-999.0,19.3
154621.4,19.0,19.8,-999.0,19.5
154631.4,19.0,19.8,-999.0,19.3
154641.4,19.2,19.7,-999.0,19.3
154651.4,19.0,19.7,-999.0,19.3
154661.5,19.2,19.8,-999.0,19.3
154671.5,19.2,19.8,-999.0,19.6
154681.5,19.0,19.8,-999.0,19.3
154691.5,19.0,19.8,-999.0,19.3
154701.5,19.0,19.7,-999.0,19.4
154711.5,19.0,19.8,-999.0,19.3
154721.6,19.0,19.7,-999.0,19.3
154731.6,19.0,19.7,-999.0,19.3
154741.6,19.2,19.8,-999.0,19.3
154751.6,19.2,19.8,-999.0,19.3
154761.6,19.0,19.7,-999.0,19.3
154771.6,19.2,19.7,-999.0,19.3
154781.7,19.0,19.7,-999.0,19.3
154791.7,19.0,19.8,-999.0,19.5
154801.7,19.0,19.7,-999.0,19.3
154811.7,19.0,19.8,-999.0,19.3
154821.7,19.3,19.7,-999.0,19.3
154831.7,19.0,19.8,-999.0,19.3
154841.7,19.2,19.8,-999.0,19.3
154851.8,19.2,19.7,-999.0,19.3
154861.8,19.2,19.7,-999.0,19.3
154871.8,19.2,19.7,-999.0,19.3
154881.8,19.0,19.7,-999.0,19.5
154891.8,19.3,19.8,-999.0,19.3
154901.8,19.0,19.7,-999.0,19.3
154911.8,19.0,19.8,-999.0,19.3
154921.8,19.1,19.8,-999.0,19.3
154931.8,19.0,19.8,-999.0,19.4
154941.9,19.0,19.7,-999.0,19.3
154951.9,19.0,19.8,-999.0,19.4
154961.9,19.0,19.7,-999.0,19.3
154972.0,19.0,19.8,-999.0,19.5
154982.0,19.2,19.8,-999.0,19.3
154992.0,19.1,19.7,-999.0,19.3
155002.0,19.0,19.8,-999.0,19.5
155012.0,19.0,19.7,-999.0,19.3
155022.0,19.0,19.7,-999.0,19.3
155032.1,19.0,19.8,-999.0,19.3
155042.1,19.0,19.8,-999.0,19.3
155052.1,19.0,19.8,-999.0,19.3
155062.1,19.2,19.8,-999.0,19.6
155072.2,19.0,19.8,-999.0,19.3
155082.2,19.2,19.7,-999.0,19.3
155092.2,19.0,19.7,-999.0,19.3
155102.2,19.2,19.7,-999.0,19.4
155112.2,19.2,19.7,-999.0,19.3
155122.2,19.0,19.8,-999.0,19.3
155132.2,19.0,19.7,-999.0,19.3
155142.3,19.0,19.7,-999.0,19.3
155152.3,19.1,19.7,-999.0,19.4
155162.3,19.2,19.7,-999.0,19.3
155172.4,19.2,19.8,-999.0,19.5
155182.4,19.0,19.7,-999.0,19.3
155192.4,19.0,19.7,-999.0,19.4
155202.4,19.3,19.7,-999.0,19.3
155212.4,19.0,19.7,-999.0,19.5
155222.4,19.1,19.7,-999.0,19.3
155232.5,19.0,19.7,-999.0,19.3
155242.5,19.0,19.8,-999.0,19.5
155252.5,19.0,19.8,-999.0,19.3
155262.5,19.0,19.8,-999.0,19.4
155272.6,19.0,19.7,-999.0,19.3
155282.6,19.0,19.8,-999.0,19.3
155292.6,19.0,19.7,-999.0,19.4
155302.6,19.0,19.7,-999.0,19.6
155312.6,19.2,19.7,-999.0,19.3
155322.6,19.2,19.8,-999.0,19.3
155332.6,19.1,19.8,-999.0,19.3
155342.7,19.0,19.8,-999.0,19.4
155352.7,19.0,19.7,-999.0,19.3
155362.7,19.0,19.7,-999.0,19.3
155372.7,19.1,19.7,-999.0,19.4
155382.7,19.0,19.8,-999.0,19.3
155392.8,19.0,19.8,-999.0,19.5
155402.8,19.1,19.8,-999.0,19.4
155412.8,19.1,19.8,-999.0,19.3
155422.8,19.2,19.8,-999.0,19.3
155432.8,19.2,19.7,-999.0,19.3
155442.9,19.0,19.8,-999.0,19.5
155452.9,19.0,19.8,-999.0,19.6
155462.9,19.0,19.8,-999.0,19.3
155472.9,19.0,19.7,-999.0,19.4
155482.9,19.2,19.8,-999.0,19.3
155492.9,19.0,19.7,-999.0,19.3
155503.0,19.0,19.7,-999.0,19.3
155513.0,19.0,19.8,-999.0,19.3
155523.0,19.0,19.8,-999.0,19.3
155533.0,19.2,19.7,-999.0,19.5
155543.0,19.2,19.8,-999.0,19.3
155553.0,19.2,19.7,-999.0,19.3
155563.0,19.0,19.8,-999.0,19.5
155573.0,19.1,19.7,-999.0,19.3
155583.1,19.0,19.7,-999.0,19.4
155593.1,19.0,19.8,-999.0,19.3
155603.1,19.3,19.7,-999.0,19.3
155613.1,19.1,19.8,-999.0,19.5
155623.1,19.0,19.8,-999.0,19.3
155633.1,19.0,19.7,-999.0,19.3
155643.1,19.1,19.7,-999.0,19.3
155653.2,19.1,19.8,-999.0,19.4
155663.2,19.0,19.7,-999.0,19.3
155673.2,19.1,19.7,-999.0,19.4
155683.2,19.0,19.7,-999.0,19.3
155693.2,19.0,19.8,-999.0,19.3
155703.2,19.0,19.7,-999.0,19.3
155713.3,19.0,19.8,-999.0,19.4
155723.3,19.1,19.8,-999.0,19.3
155733.3,19.0,19.7,-999.0,19.4
155743.3,19.0,19.7,-999.0,19.3
155753.3,19.2,19.7,-999.0,19.3
155763.4,19.0,19.7,-999.0,19.6
155773.4,19.2,19.8,-999.0,19.3
155783.4,19.0,19.8,-999.0,19.6
155793.4,19.0,19.8,-999.0,19.3
155803.4,19.0,19.8,-999.0,19.3
155813.5,19.2,19.7,-999.0,19.3
155823.5,19.0,19.8,-999.0,19.6
155833.5,19.1,19.8,-999.0,19.3
155843.5,19.0,19.8,-999.0,19.4
155853.5,19.0,19.7,-999.0,19.3
155863.5,19.0,19.8,-999.0,19.6
155873.5,19.1,19.7,-999.0,19.4
155883.6,19.1,19.7,-999.0,19.3
155893.6,19.1,19.8,-999.0,19.3
155903.6,19.0,19.7,-999.0,19.3
155913.6,19.1,19.8,-999.0,19.3
155923.6,19.0,19.8,-999.0,19.3
155933.6,19.0,19.8,-999.0,19.5
155943.7,19.0,19.7,-999.0,19.4
155953.7,19.0,19.8,-999.0,19.3
155963.7,19.0,19.7,-999.0,19.3
155973.7,19.0,19.8,-999.0,19.4
155983.7,19.0,19.8,-999.0,19.4
155993.7,19.0,19.8,-999.0,19.3
156003.8,19.0,19.7,-999.0,19.3
156013.8,19.2,19.8,-999.0,19.3
156023.8,19.0,19.7,-999.0,19.6
156033.8,19.0,19.8,-999.0,19.5
156043.8,19.0,19.7,-999.0,19.3
156053.8,19.2,19.7,-999.0,19.3
156063.8,19.1,19.7,-999.0,19.3
156073.9,19.1,19.8,-999.0,19.5
156083.9,19.0,19.7,-999.0,19.3
156093.9,19.1,19.8,-999.0,19.4
156103.9,19.1,19.8,-999.0,19.3
156113.9,19.1,19.7,-999.0,19.3
156123.9,19.0,19.7,-999.0,19.3
156133.9,19.0,19.8,-999.0,19.3
156144.0,19.0,19.7,-999.0,19.3
156154.0,19.0,19.8,-999.0,19.3
156164.0,19.2,19.7,-999.0,19.3
156174.0,19.0,19.8,-999.0,19.3
156184.0,19.0,19.8,-999.0,19.5
156194.1,19.1,19.8,-999.0,19.3
156204.1,19.1,19.8,-999.0,19.3
156214.1,19.0,19.8,-999.0,19.6
156224.1,19.1,19.8,-999.0,19.3
156234.1,19.0,19.8,-999.0,19.3
156244.1,19.1,19.8,-999.0,19.4
156254.1,19.2,19.7,-999.0,19.3
156264.2,19.1,19.8,-999.0,19.3
156274.2,19.1,19.8,-999.0,19.4
156284.2,19.0,19.7,-999.0,19.3
156294.2,19.2,19.8,-999.0,19.3
156304.2,19.1,19.8,-999.0,19.6
156314.2,19.0,19.7,-999.0,19.3
156324.3,19.0,19.8,-999.0,19.5
156334.3,19.0,19.8,-999.0,19.3
156344.3,19.0,19.7,-999.0,19.3
156354.3,19.0,19.8,-999.0,19.6
156364.4,19.0,19.7,-999.0,19.3
156374.4,19.1,19.7,-999.0,19.3
156384.4,19.0,19.8,-999.0,19.3
156394.4,19.0,19.7,-999.0,19.3
156404.4,19.2,19.8,-999.0,19.4
156414.4,19.0,19.7,-999.0,19.3
156424.4,19.0,19.7,-999.0,19.3
156434.5,19.0,19.7,-999.0,19.3
156444.5,19.0,19.8,-999.0,19.5
156454.5,19.0,19.8,-999.0,19.3
156464.5,19.0,19.8,-999.0,19.3
156474.5,19.2,19.7,-999.0,19.4
156484.6,19.0,19.8,-999.0,19.4
156494.6,19.1,19.8,-999.0,19.3
156504.6,19.0,19.7,-999.0,19.3
156514.7,19.0,19.8,-999.0,19.3
156524.7,19.0,19.7,-999.0,19.6
156534.7,19.0,19.8,-999.0,19.5
156544.7,19.1,19.8,-999.0,19.3
156554.7,19.1,19.7,-999.0,19.3
156564.7,19.2,19.8,-999.0,19.3
156574.7,19.0,19.7,-999.0,19.3
156584.8,19.1,19.8,-999.0,19.4
156594.8,19.0,19.8,-999.0,19.4
156604.8,19.0,19.8,-999.0,19.3
156614.9,19.2,19.7,-999.0,19.5
156624.9,19.0,19.8,-999.0,19.3
156634.9,19.2,19.7,-999.0,19.3
156644.9,19.3,19.8,-999.0,19.4
156654.9,19.1,19.7,-999.0,19.3
156664.9,19.1,19.7,-999.0,19.3
156675.0,19.2,19.8,-999.0,19.4
156685.0,19.1,19.8,-999.0,19.3
156695.0,19.0,19.7,-999.0,19.3
156705.0,19.3,19.8,-999.0,19.3
156715.0,19.0,19.8,-999.0,19.3
156725.1,19.0,19.7,-999.0,19.3
156735.1,19.0,19.7,-999.0,19.3
156745.1,19.0,19.8,-999.0,19.3
156755.1,19.2,19.7,-999.0,19.3
156765.2,19.1,19.8,-999.0,19.3
156775.2,19.2,19.8,-999.0,19.3
156785.2,19.0,19.8,-999.0,19.3
156795.2,19.0,19.8,-999.0,19.4
156805.2,19.2,19.7,-999.0,19.3
156815.3,19.0,19.7,-999.0,19.3
156825.3,19.0,19.7,-999.0,19.3
156835.3,19.2,19.7,-999.0,19.3
156845.3,19.0,19.7,-999.0,19.3
156855.3,19.1,19.7,-999.0,19.5
156865.3,19.0,19.7,-999.0,19.3
156875.4,19.2,19.8,-999.0,19.4
156885.4,19.1,19.7,-999.0,19.4
156895.4,19.2,19.7,-999.0,19.3
156905.4,19.0,19.7,-999.0,19.3
156915.4,19.1,19.7,-999.0,19.3
156925.4,19.2,19.8,-999.0,19.3
156935.5,19.0,19.7,-999.0,19.3
156945.5,19.2,19.8,-999.0,19.3
156955.5,19.2,19.7,-999.0,19.3
156965.5,19.0,19.7,-999.0,19.3
156975.5,19.0,19.7,-999.0,19.3
156985.5,19.0,19.7,-999.0,19.3
156995.6,19.0,19.7,-999.0,19.3
157005.6,19.1,19.8,-999.0,19.4
157015.6,19.0,19.7,-999.0,19.3
157025.6,19.0,19.8,-999.0,19.3
157035.6,19.2,19.8,-999.0,19.6
157045.6,19.1,19.7,-999.0,19.4
157055.7,19.1,19.8,-999.0,19.3
157065.7,19.1,19.7,-999.0,19.3
157075.7,19.3,19.8,-999.0,19.5
157085.7,19.0,19.8,-999.0,19.3
157095.7,19.0,19.8,-999.0,19.4
157105.7,19.0,19.8,-999.0,19.4
157115.7,19.0,19.7,-999.0,19.4
157125.7,19.0,19.8,-999.0,19.5
157135.8,19.1,19.7,-999.0,19.3
157145.8,19.0,19.8,-999.0,19.3
157155.8,19.0,19.7,-999.0,19.3
157165.8,19.2,19.8,-999.0,19.5
157175.8,19.0,19.8,-999.0,19.3
157185.8,19.0,19.8,-999.0,19.5
157195.8,19.0,19.7,-999.0,19.3
157205.9,19.0,19.7,-999.0,19.3
157215.9,19.0,19.8,-999.0,19.5
157225.9,19.0,19.7,-999.0,19.3
157235.9,19.0,19.7,-999.0,19.3
157245.9,19.0,19.8,-999.0,19.5
157256.0,19.0,19.7,-999.0,19.3
157266.0,19.0,19.7,-999.0,19.3
157276.0,19.0,19.8,-999.0,19.5
157286.0,19.0,19.8,-999.0,19.3
157296.0,19.0,19.7,-999.0,19.3
157306.0,19.1,19.8,-999.0,19.4
157316.0,19.2,19.7,-999.0,19.4
157326.1,19.1,19.7,-999.0,19.3
157336.1,19.0,19.8,-999.0,19.6
157346.1,19.0,19.8,-999.0,19.3
157356.1,19.0,19.7,-999.0,19.5
157366.1,19.1,19.8,-999.0,19.3
157376.2,19.0,19.7,-999.0,19.3
157386.2,19.1,19.8,-999.0,19.4
157396.2,19.2,19.8,-999.0,19.3
157406.2,19.0,19.7,-999.0,19.3
157416.2,19.0,19.7,-999.0,19.3
157426.2,19.0,19.8,-999.0,19.3
157436.3,19.2,19.7,-999.0,19.3
157446.3,19.0,19.8,-999.0,19.3
157456.3,19.2,19.7,-999.0,19.3
157466.3,19.0,19.7,-999.0,19.4
157476.3,19.0,19.8,-999.0,19.5
157486.3,19.0,19.8,-999.0,19.3
157496.3,19.0,19.7,-999.0,19.4
157506.4,19.0,19.8,-999.0,19.3
157516.4,19.2,19.8,-999.0,19.3
157526.4,19.0,19.7,-999.0,19.5
157536.4,19.0,19.7,-999.0,19.3
157546.5,19.0,19.8,-999.0,19.4
157556.5,19.2,19.7,-999.0,19.5
157566.5,19.0,19.7,-999.0,19.3
157576.5,19.0,19.8,-999.0,19.3
157586.6,19.0,19.8,-999.0,19.5
157596.6,19.0,19.7,-999.0,19.3
157606.6,19.1,19.7,-999.0,19.3
157616.6,19.2,19.7,-999.0,19.3
157626.6,19.0,19.7,-999.0,19.5
157636.6,19.0,19.8,-999.0,19.6
157646.7,19.2,19.7,-999.0,19.3
157656.7,19.2,19.8,-999.0,19.3
157666.7,19.3,19.8,-999.0,19.3
157676.7,19.2,19.8,-999.0,19.3
157686.7,19.1,19.8,-999.0,19.3
157696.7,19.0,19.8,-999.0,19.3
157706.8,19.0,19.8,-999.0,19.6
157716.8,19.2,19.8,-999.0,19.6
157726.8,19.0,19.8,-999.0,19.3
157736.8,19.0,19.8,-999.0,19.3
157746.9,19.1,19.7,-999.0,19.3
157756.9,19.1,19.7,-999.0,19.3
157766.9,19.0,19.8,-999.0,19.3
157776.9,19.0,19.7,-999.0,19.3
157786.9,19.0,19.7,-999.0,19.3
157796.9,19.0,19.8,-999.0,19.3
157807.0,19.0,19.8,-999.0,19.5
157817.0,19.2,19.7,-999.0,19.3
157827.0,19.0,19.8,-999.0,19.3
157837.0,19.3,19.8,-999.0,19.4
157847.0,19.0,19.8,-999.0,19.3
157857.0,19.0,19.8,-999.0,19.3
157867.1,19.0,19.8,-999.0,19.3
157877.1,19.0,19.7,-999.0,19.3
157887.1,19.1,19.8,-999.0,19.3
157897.1,19.0,19.7,-999.0,19.3
157907.1,19.2,19.7,-999.0,19.3
157917.2,19.0,19.8,-999.0,19.5
157927.2,19.2,19.8,-999.0,19.5
157937.2,19.2,19.8,-999.0,19.3
157947.2,19.2,19.7,-999.0,19.3
157957.2,19.2,19.7,-999.0,19.3
157967.2,19.1,19.7,-999.0,19.3
157977.3,19.0,19.8,-999.0,19.4
157987.3,19.2,19.7,-999.0,19.3
157997.3,19.1,19.8,-999.0,19.3
158007.3,19.2,19.8,-999.0,19.3
158017.3,19.1,19.8,-999.0,19.3
158027.3,19.1,19.8,-999.0,19.5
158037.3,19.0,19.7,-999.0,19.3
158047.3,19.1,19.8,-999.0,19.3
158057.4,19.3,19.8,-999.0,19.5
158067.4,19.0,19.7,-999.0,19.3
158077.4,19.0,19.7,-999.0,19.4
158087.4,19.0,19.8,-999.0,19.3
158097.4,19.0,19.7,-999.0,19.3
158107.4,19.0,19.7,-999.0,19.5
158117.4,19.2,19.8,-999.0,19.3
158127.5,19.0,19.8,-999.0,19.4
158137.5,19.2,19.7,-999.0,19.3
158147.5,19.1,19.8,-999.0,19.4
158157.5,19.2,19.7,-999.0,19.3
158167.5,19.1,19.8,-999.0,19.3
158177.5,19.0,19.8,-999.0,19.3
158187.5,19.2,19.7,-999.0,19.3
158197.5,19.0,19.8,-999.0,19.5
158207.6,19.3,19.7,-999.0,19.3
158217.6,19.2,19.8,-999.0,19.3
158227.6,19.1,19.7,-999.0,19.4
158237.6,19.1,19.8,-999.0,19.3
158247.7,19.0,19.7,-999.0,19.3
158257.7,19.0,19.7,-999.0,19.3
158267.7,19.0,19.7,-999.0,19.3
158277.7,19.3,19.8,-999.0,19.4
158287.7,19.2,19.8,-999.0,19.3
158297.7,19.0,19.7,-999.0,19.3
158307.7,19.0,19.8,-999.0,19.5
158317.8,19.0,19.8,-999.0,19.3
158327.8,19.0,19.7,-999.0,19.5
158337.8,19.0,19.8,-999.0,19.3
158347.8,19.0,19.8,-999.0,19.5
158357.8,19.2,19.8,-999.0,19.3
158367.8,19.2,19.8,-999.0,19.4
158377.9,19.0,19.7,-999.0,19.3
158387.9,19.0,19.7,-999.0,19.3
158397.9,19.0,19.8,-999.0,19.3
158407.9,19.1,19.8,-999.0,19.3
158417.9,19.1,19.7,-999.0,19.3
158428.0,19.0,19.8,-999.0,19.5
158438.0,19.0,19.8,-999.0,19.4
158448.0,19.0,19.8,-999.0,19.5
158458.0,19.1,19.7,-999.0,19.3
158468.0,19.0,19.8,-999.0,19.3
158478.0,19.0,19.7,-999.0,19.5
158488.1,19.0,19.8,-999.0,19.3
158498.1,19.0,19.7,-999.0,19.3
158508.1,19.2,19.7,-999.0,19.3
158518.1,19.2,19.7,-999.0,19.3
158528.2,19.0,19.7,-999.0,19.5
158538.2,19.0,19.8,-999.0,19.6
158548.2,19.2,19.7,-999.0,19.4
158558.2,19.0,19.8,-999.0,19.3
158568.2,19.0,19.8,-999.0,19.4
158578.2,19.0,19.8,-999.0,19.3
158588.2,19.0,19.8,-999.0,19.3
158598.2,19.0,19.8,-999.0,19.3
158608.3,19.0,19.7,-999.0,19.3
158618.3,19.0,19.8,-999.0,19.3
158628.3,19.0,19.8,-999.0,19.3
158638.3,19.1,19.7,-999.0,19.3
158648.4,19.1,19.7,-999.0,19.3
158658.4,19.0,19.8,-999.0,19.3
158668.4,19.2,19.7,-999.0,19.5
158678.4,19.0,19.7,-999.0,19.3
158688.4,19.0,19.7,-999.0,19.3
158698.5,19.0,19.7,-999.0,19.3
158708.5,19.0,19.7,-999.0,19.3
158718.5,19.0,19.7,-999.0,19.4
158728.5,19.0,19.8,-999.0,19.3
158738.5,19.0,19.7,-999.0,19.4
158748.5,19.2,19.8,-999.0,19.5
158758.6,19.0,19.8,-999.0,19.3
158768.6,19.0,19.8,-999.0,19.3
158778.6,19.0,19.8,-999.0,19.5
158788.6,19.2,19.7,-999.0,19.3
158798.6,19.2,19.7,-999.0,19.3
158808.6,19.0,19.7,-999.0,19.3
158818.6,19.3,19.8,-999.0,19.4
158828.6,19.0,19.8,-999.0,19.5
158838.7,19.0,19.8,-999.0,19.3
158848.7,19.0,19.7,-999.0,19.3
158858.7,19.0,19.8,-999.0,19.3
158868.7,19.2,19.7,-999.0,19.3
158878.7,19.0,19.7,-999.0,19.3
158888.8,19.0,19.8,-999.0,19.5
158898.8,19.0,19.7,-999.0,19.3
158908.8,19.1,19.7,-999.0,19.3
158918.8,19.2,19.7,-999.0,19.3
158928.8,19.2,19.7,-999.0,19.3
158938.8,19.0,19.7,-999.0,19.3
158948.8,19.0,19.7,-999.0,19.3
158958.8,19.0,19.7,-999.0,19.4
158968.9,19.0,19.7,-999.0,19.5
158978.9,19.0,19.7,-999.0,19.3
158988.9,19.0,19.8,-999.0,19.3
158998.9,19.0,19.7,-999.0,19.3
159008.9,19.0,19.8,-999.0,19.3
159018.9,19.0,19.7,-999.0,19.3
159029.0,19.0,19.7,-999.0,19.3
159039.0,19.2,19.7,-999.0,19.3
159049.0,19.0,19.8,-999.0,19.5
159059.0,19.2,19.7,-999.0,19.3
159069.0,19.0,19.7,-999.0,19.3
159079.1,19.0,19.8,-999.0,19.4
159089.1,19.0,19.7,-999.0,19.3
159099.1,19.0,19.8,-999.0,19.3
159109.1,19.0,19.7,-999.0,19.4
159119.2,19.0,19.7,-999.0,19.3
159129.2,19.2,19.8,-999.0,19.4
159139.2,19.2,19.7,-999.0,19.3
159149.2,19.0,19.8,-999.0,19.5
159159.3,19.0,19.8,-999.0,19.3
159169.3,19.0,19.8,-999.0,19.5
159179.3,19.0,19.7,-999.0,19.3
159189.3,19.2,19.8,-999.0,19.5
159199.3,19.2,19.7,-999.0,19.3
159209.3,19.0,19.7,-999.0,19.3
159219.4,19.0,19.8,-999.0,19.3
159229.4,19.0,19.7,-999.0,19.3
159239.4,19.0,19.7,-999.0,19.5
159249.4,19.2,19.8,-999.0,19.3
159259.4,19.0,19.7,-999.0,19.3
159269.4,19.0,19.7,-999.0,19.3
159279.5,19.0,19.8,-999.0,19.3
159289.5,19.2,19.8,-999.0,19.3
159299.5,19.0,19.7,-999.0,19.3
159309.5,19.0,19.8,-999.0,19.3
159319.6,19.0,19.7,-999.0,19.3
159329.6,19.2,19.8,-999.0,19.5
159339.6,19.0,19.8,-999.0,19.3
159349.6,19.0,19.7,-999.0,19.3
159359.7,19.0,19.7,-999.0,19.3
159369.7,19.0,19.7,-999.0,19.3
159379.7,19.2,19.8,-999.0,19.3
159389.7,19.0,19.7,-999.0,19.4
159399.7,19.0,19.8,-999.0,19.3
159409.7,19.0,19.8,-999.0,19.5
159419.7,19.0,19.7,-999.0,19.3
159429.8,19.0,19.8,-999.0,19.5
159439.8,19.2,19.7,-999.0,19.3
159449.8,19.2,19.7,-999.0,19.3
159459.8,19.0,19.8,-999.0,19.3
159469.8,19.0,19.7,-999.0,19.3
159479.8,19.2,19.7,-999.0,19.3
159489.8,19.0,19.7,-999.0,19.3
159499.8,19.3,19.8,-999.0,19.4
159509.9,19.0,19.8,-999.0,19.3
159519.9,19.2,19.8,-999.0,19.5
159529.9,19.0,19.8,-999.0,19.5
159539.9,19.0,19.8,-999.0,19.4
159549.9,19.0,19.8,-999.0,19.3
159560.0,19.0,19.7,-999.0,19.5
159570.0,19.0,19.8,-999.0,19.3
159580.0,19.0,19.8,-999.0,19.3
159590.0,19.0,19.8,-999.0,19.3
159600.0,19.0,19.7,-999.0,19.3
159610.0,19.0,19.8,-999.0,19.3
159620.1,19.2,19.8,-999.0,19.3
159630.1,19.0,19.8,-999.0,19.3
159640.1,19.0,19.7,-999.0,19.3
159650.2,19.0,19.8,-999.0,19.3
159660.2,19.0,19.7,-999.0,19.3
159670.2,19.0,19.7,-999.0,19.3
159680.2,19.0,19.7,-999.0,19.3
159690.2,19.0,19.8,-999.0,19.5
159700.2,19.2,19.8,-999.0,19.4
159710.2,19.0,19.7,-999.0,19.3
159720.3,19.0,19.8,-999.0,19.5
159730.3,19.0,19.7,-999.0,19.3
159740.3,19.0,19.8,-999.0,19.3
159750.3,19.0,19.8,-999.0,19.5
159760.3,19.0,19.8,-999.0,19.3
159770.3,19.0,19.7,-999.0,19.3
159780.3,19.0,19.7,-999.0,19.3
159790.4,19.2,19.8,-999.0,19.4
159800.4,19.0,19.7,-999.0,19.3
159810.4,19.0,19.8,-999.0,19.3
159820.4,19.3,19.8,-999.0,19.4
159830.4,19.0,19.8,-999.0,19.3
159840.5,19.0,19.7,-999.0,19.3
159850.5,19.0,19.8,-999.0,19.3
159860.5,19.2,19.7,-999.0,19.3
159870.5,19.2,19.7,-999.0,19.3
159880.5,19.0,19.7,-999.0,19.3
159890.6,19.2,19.7,-999.0,19.3
159900.6,19.0,19.7,-999.0,19.3
159910.6,19.0,19.8,-999.0,19.3
159920.6,19.0,19.7,-999.0,19.5
159930.6,19.2,19.7,-999.0,19.3
159940.6,19.0,19.8,-999.0,19.3
159950.6,19.0,19.8,-999.0,19.5
159960.7,19.0,19.7,-999.0,19.3
159970.7,19.0,19.8,-999.0,19.4
159980.7,19.0,19.7,-999.0,19.3
159990.7,19.0,19.8,-999.0,19.3
160000.7,19.0,19.7,-999.0,19.3
160010.7,19.2,19.7,-999.0,19.5
160020.8,19.0,19.7,-999.0,19.3
160030.8,19.0,19.8,-999.0,19.3
160040.8,19.2,19.8,-999.0,19.5
160050.8,19.0,19.7,-999.0,19.3
160060.8,19.0,19.7,-999.0,19.3
160070.8,19.0,19.7,-999.0,19.3
160080.8,19.2,19.8,-999.0,19.3
160090.9,19.0,19.7,-999.0,19.3
160100.9,19.0,19.8,-999.0,19.3
160110.9,19.1,19.7,-999.0,19.3
160120.9,19.0,19.7,-999.0,19.3
160130.9,19.2,19.8,-999.0,19.3
160140.9,19.0,19.8,-999.0,19.3
160150.9,19.0,19.7,-999.0,19.3
160161.0,19.0,19.8,-999.0,19.3
160171.0,19.0,19.7,-999.0,19.3
160181.0,19.0,19.8,-999.0,19.5
160191.0,19.1,19.7,-999.0,19.3
160201.0,19.2,19.7,-999.0,19.3
160211.1,19.3,19.8,-999.0,19.4
160221.1,19.0,19.8,-999.0,19.3
160231.1,19.0,19.7,-999.0,19.3
160241.1,19.2,19.7,-999.0,19.3
160251.1,19.0,19.8,-999.0,19.4
160261.2,19.0,19.8,-999.0,19.3
160271.2,19.0,19.8,-999.0,19.5
160281.2,19.0,19.8,-999.0,19.3
160291.2,19.0,19.7,-999.0,19.3
160301.2,19.1,19.8,-999.0,19.4
160311.2,19.0,19.7,-999.0,19.3
160321.3,19.0,19.8,-999.0,19.3
160331.3,19.0,19.8,-999.0,19.5
160341.3,19.0,19.7,-999.0,19.3
160351.3,19.0,19.8,-999.0,19.3
160361.3,19.2,19.8,-999.0,19.3
160371.3,19.3,19.8,-999.0,19.4
160381.4,19.0,19.7,-999.0,19.3
160391.4,19.0,19.7,-999.0,19.5
160401.4,19.0,19.7,-999.0,19.3
160411.4,19.0,19.8,-999.0,19.3
160421.4,19.0,19.7,-999.0,19.3
160431.4,19.2,19.8,-999.0,19.3
160441.4,19.0,19.8,-999.0,19.3
160451.4,19.0,19.7,-999.0,19.5
160461.5,19.2,19.7,-999.0,19.3
160471.5,19.2,19.8,-999.0,19.5
160481.5,19.0,19.7,-999.0,19.3
160491.5,19.0,19.8,-999.0,19.3
160501.5,19.2,19.8,-999.0,19.3
160511.5,19.0,19.7,-999.0,19.3
160521.6,19.0,19.8,-999.0,19.3
160531.6,19.0,19.7,-999.0,19.3
160541.7,19.0,19.7,-999.0,19.3
160551.7,19.0,19.7,-999.0,19.3
160561.7,19.0,19.8,-999.0,19.3
160571.7,19.2,19.7,-999.0,19.3
160581.7,19.0,19.8,-999.0,19.3
160591.7,19.0,19.8,-999.0,19.3
160601.8,19.0,19.7,-999.0,19.3
160611.8,19.0,19.7,-999.0,19.3
160621.8,19.0,19.8,-999.0,19.3
160631.8,19.2,19.7,-999.0,19.3
160641.8,19.0,19.8,-999.0,19.3
160651.8,19.2,19.7,-999.0,19.5
160661.8,19.0,19.8,-999.0,19.3
160671.8,19.2,19.7,-999.0,19.3
160681.8,19.0,19.7,-999.0,19.3
160691.9,19.0,19.7,-999.0,19.3
160701.9,19.2,19.8,-999.0,19.3
160711.9,19.2,19.7,-999.0,19.3
160721.9,19.1,19.8,-999.0,19.3
160731.9,19.0,19.7,-999.0,19.3
160742.0,19.0,19.8,-999.0,19.3
160752.0,19.0,19.7,-999.0,19.3
160762.0,19.0,19.7,-999.0,19.3
160772.0,19.2,19.8,-999.0,19.5
160782.0,19.2,19.8,-999.0,19.3
160792.0,19.0,19.7,-999.0,19.3
160802.0,19.0,19.8,-999.0,19.4
160812.1,19.0,19.7,-999.0,19.3
160822.1,19.0,19.7,-999.0,19.3
160832.1,19.0,19.7,-999.0,19.3
160842.1,19.0,19.7,-999.0,19.3
160852.1,19.0,19.7,-999.0,19.3
160862.1,19.2,19.8,-999.0,19.5
160872.2,19.0,19.8,-999.0,19.3
160882.2,19.0,19.8,-999.0,19.5
160892.2,19.0,19.8,-999.0,19.3
160902.2,19.0,19.7,-999.0,19.3
160912.2,19.0,19.7,-999.0,19.3
160922.2,19.0,19.7,-999.0,19.3
160932.3,19.0,19.7,-999.0,19.3
160942.3,19.0,19.8,-999.0,19.3
160952.3,19.2,19.8,-999.0,19.3
160962.3,19.0,19.8,-999.0,19.3
160972.3,19.0,19.7,-999.0,19.3
160982.3,19.0,19.7,-999.0,19.3
160992.4,19.0,19.8,-999.0,19.4
161002.4,19.0,19.7,-999.0,19.3
161012.4,19.2,19.8,-999.0,19.4
161022.4,19.2,19.7,-999.0,19.3
161032.4,19.1,19.8,-999.0,19.5
161042.4,19.0,19.7,-999.0,19.3
161052.4,19.0,19.8,-999.0,19.3
161062.5,19.2,19.7,-999.0,19.3
161072.5,19.0,19.7,-999.0,19.3
161082.5,19.0,19.8,-999.0,19.5
161092.5,19.0,19.8,-999.0,19.3
161102.5,19.0,19.8,-999.0,19.5
161112.5,19.0,19.8,-999.0,19.4
161122.6,19.0,19.8,-999.0,19.3
161132.6,19.0,19.8,-999.0,19.4
161142.6,19.0,19.8,-999.0,19.3
161152.6,19.0,19.8,-999.0,19.3
161162.7,19.0,19.7,-999.0,19.3
161172.7,19.0,19.8,-999.0,19.5
161182.7,19.0,19.7,-999.0,19.3
161192.7,19.0,19.7,-999.0,19.3
161202.7,19.2,19.8,-999.0,19.5
161212.8,19.0,19.8,-999.0,19.3
161222.8,19.0,19.7,-999.0,19.3
161232.8,19.0,19.8,-999.0,19.3
161242.8,19.2,19.8,-999.0,19.5
161252.8,19.2,19.7,-999.0,19.4
161262.8,19.0,19.7,-999.0,19.3
161272.8,19.0,19.7,-999.0,19.5
161282.9,19.0,19.7,-999.0,19.4
161292.9,19.0,19.7,-999.0,19.3
161302.9,19.0,19.8,-999.0,19.5
161312.9,19.0,19.8,-999.0,19.3
161322.9,19.2,19.8,-999.0,19.5
161332.9,19.2,19.8,-999.0,19.5
161342.9,19.0,19.8,-999.0,19.4
161353.0,19.2,19.8,-999.0,19.3
161363.0,19.2,19.7,-999.0,19.4
161373.0,19.3,19.8,-999.0,19.3
161383.0,19.0,19.7,-999.0,19.3
161393.0,19.0,19.8,-999.0,19.6
161403.0,19.0,19.7,-999.0,19.3
161413.0,19.0,19.7,-999.0,19.3
161423.0,19.0,19.7,-999.0,19.3
161433.1,19.0,19.8,-999.0,19.3
161443.1,19.0,19.7,-999.0,19.3
161453.1,19.1,19.7,-999.0,19.3
161463.1,19.0,19.7,-999.0,19.3
161473.2,19.0,19.8,-999.0,19.3
161483.2,19.0,19.8,-999.0,19.3
161493.2,19.0,19.8,-999.0,19.4
161503.2,19.0,19.7,-999.0,19.3
161513.2,19.0,19.7,-999.0,19.3
161523.2,19.0,19.6,-999.0,19.3
161533.3,19.2,19.7,-999.0,19.5
161543.3,19.0,19.7,-999.0,19.3
161553.3,19.0,19.7,-999.0,19.3
161563.3,19.2,19.8,-999.0,19.3
161573.3,19.2,19.7,-999.0,19.3
161583.3,19.2,19.8,-999.0,19.3
161593.3,19.0,19.7,-999.0,19.3
161603.4,19.0,19.7,-999.0,19.5
161613.4,19.0,19.7,-999.0,19.3
161623.4,19.0,19.8,-999.0,19.3
161633.4,19.0,19.8,-999.0,19.3
161643.4,19.1,19.7,-999.0,19.3
161653.4,19.0,19.7,-999.0,19.5
161663.4,19.2,19.8,-999.0,19.3
161673.5,19.0,19.7,-999.0,19.5
161683.5,19.0,19.8,-999.0,19.3
161693.5,19.0,19.8,-999.0,19.5
161703.5,19.0,19.7,-999.0,19.3
161713.5,19.0,19.8,-999.0,19.3
161723.6,19.0,19.7,-999.0,19.3
161733.6,19.0,19.7,-999.0,19.3
161743.6,19.0,19.7,-999.0,19.3
161753.6,19.0,19.7,-999.0,19.3
161763.6,19.1,19.8,-999.0,19.4
161773.6,19.0,19.8,-999.0,19.3
161783.6,19.2,19.7,-999.0,19.3
161793.6,19.0,19.8,-999.0,19.5
161803.6,19.0,19.7,-999.0,19.3
161813.7,19.0,19.7,-999.0,19.3
161823.7,19.2,19.8,-999.0,19.3
161833.7,19.0,19.8,-999.0,19.3
161843.7,19.2,19.8,-999.0,19.5
161853.7,19.0,19.7,-999.0,19.3
161863.8,19.3,19.8,-999.0,19.4
161873.8,19.0,19.8,-999.0,19.3
161883.8,19.0,19.8,-999.0,19.5
161893.8,19.0,19.7,-999.0,19.3
161903.9,19.0,19.8,-999.0,19.4
161913.9,19.0,19.7,-999.0,19.3
161923.9,19.0,19.8,-999.0,19.3
161933.9,19.0,19.7,-999.0,19.4
161943.9,19.0,19.7,-999.0,19.3
161953.9,19.0,19.7,-999.0,19.5
161963.9,19.0,19.8,-999.0,19.5
161973.9,19.0,19.7,-999.0,19.3
161984.0,19.0,19.7,-999.0,19.3
161994.0,19.0,19.8,-999.0,19.3
162004.0,19.0,19.8,-999.0,19.3
162014.0,19.0,19.8,-999.0,19.4
162024.0,19.2,19.8,-999.0,19.5
162034.1,19.0,19.7,-999.0,19.4
162044.1,19.0,19.8,-999.0,19.3
162054.1,19.0,19.8,-999.0,19.3
162064.1,19.0,19.8,-999.0,19.3
162074.1,19.0,19.7,-999.0,19.3
162084.1,19.2,19.8,-999.0,19.5
162094.1,19.0,19.8,-999.0,19.3
162104.2,19.0,19.7,-999.0,19.5
162114.2,19.0,19.8,-999.0,19.3
162124.2,19.0,19.7,-999.0,19.3
162134.2,19.0,19.8,-999.0,19.5
162144.2,19.0,19.8,-999.0,19.3
162154.2,19.2,19.7,-999.0,19.3
162164.3,19.0,19.8,-999.0,19.3
162174.3,19.0,19.7,-999.0,19.3
162184.3,19.0,19.7,-999.0,19.4
162194.3,18.9,19.7,-999.0,19.2
162204.3,18.9,19.7,-999.0,19.2
162214.3,18.8,19.7,-999.0,19.3
162224.3,18.8,19.7,-999.0,19.2
162234.4,18.8,19.7,-999.0,19.1
162244.4,18.8,19.6,-999.0,19.1
162254.4,18.8,19.7,-999.0,19.2
162264.4,18.8,19.6,-999.0,19.1
162274.4,18.8,19.7,-999.0,19.3
162284.4,18.8,19.6,-999.0,19.1
162294.5,18.8,19.7,-999.0,19.3
162304.5,18.8,19.7,-999.0,19.2
162314.5,18.8,19.7,-999.0,19.1
162324.5,18.8,19.7,-999.0,19.1
162334.5,18.9,19.7,-999.0,19.2
162344.5,18.8,19.7,-999.0,19.2
162354.5,18.9,19.7,-999.0,19.2
162364.6,18.8,19.7,-999.0,19.2
162374.6,18.9,19.7,-999.0,19.2
162384.6,18.8,19.7,-999.0,19.2
162394.6,18.9,19.7,-999.0,19.3
162404.7,18.9,19.7,-999.0,19.2
162414.7,18.9,19.7,-999.0,19.3
162424.7,18.9,19.8,-999.0,19.3
162434.7,18.9,19.7,-999.0,19.2
162444.8,18.9,19.7,-999.0,19.4
162454.8,18.9,19.8,-999.0,19.2
